venta_id,cliente_id,producto_id,canal,cantidad,precio_unitario,descuento_pct,total_venta,metodo_pago,estado_venta,fecha_venta,zona_tienda
VS-0000001,CLI-02861,PRD-0184,tienda_sur,8,134.46,10,1075.68,efectivo,completada,2026-03-28 21:38:26,zona_a
VS-0000002,CLI-01537,PRD-0146,tienda_sur,7,68.66,20,480.62,tarjeta,completada,2026-03-15 17:19:43,zona_c
VS-0000003,CLI-00363,PRD-0127,tienda_sur,5,38.99,5,194.95,tarjeta,completada,2026-03-11 23:02:40,zona_c
VS-0000004,CLI-02091,PRD-0162,tienda_sur,1,80.44,5,80.44,tarjeta,completada,2026-02-11 17:04:47,zona_c
VS-0000005,CLI-00617,PRD-0162,tienda_sur,6,84.67,0,508.02,transferencia,completada,2026-03-07 19:52:17,zona_c
VS-0000006,CLI-01520,PRD-0002,tienda_sur,6,34.18,5,205.08,yape,completada,2026-02-04 06:58:23,zona_d
VS-0000007,CLI-02401,PRD-0063,tienda_sur,4,215.94,0,863.76,transferencia,completada,2026-03-08 14:34:32,zona_c
VS-0000008,CLI-02184,PRD-0159,tienda_sur,8,903.06,20,7224.48,transferencia,completada,2026-01-04 08:15:14,zona_a
VS-0000009,CLI-00665,PRD-0024,tienda_sur,1,128.93,5,128.93,efectivo,completada,2026-03-13 21:07:37,zona_c
VS-0000010,CLI-00204,PRD-0151,tienda_sur,5,122.91,20,614.55,yape,completada,2026-01-06 21:40:22,zona_a
VS-0000011,CLI-01802,PRD-0100,tienda_sur,2,362.73,0,725.46,tarjeta,completada,2026-03-19 00:10:41,zona_d
VS-0000012,CLI-00139,PRD-0021,tienda_sur,4,16.39,10,65.56,transferencia,completada,2026-01-21 21:52:01,zona_a
VS-0000013,CLI-02055,PRD-0119,tienda_sur,2,153.16,10,306.32,tarjeta,completada,2026-01-27 17:17:28,zona_d
VS-0000014,CLI-02844,PRD-0167,tienda_sur,1,127.22,20,127.22,tarjeta,completada,2026-03-13 19:58:55,zona_d
VS-0000015,CLI-00491,PRD-0105,tienda_sur,1,78.57,0,78.57,efectivo,completada,2026-01-06 12:30:18,zona_d
VS-0000016,CLI-02614,PRD-0012,tienda_sur,3,154.12,0,462.36,efectivo,completada,2026-02-21 08:39:43,zona_a
VS-0000017,CLI-01501,PRD-0089,tienda_sur,5,58.61,15,293.05,transferencia,completada,2026-02-12 04:27:15,zona_c
VS-0000018,CLI-00051,PRD-0118,tienda_sur,7,47.91,10,335.37,transferencia,completada,2026-03-31 09:12:38,zona_b
VS-0000019,CLI-00383,PRD-0186,tienda_sur,3,72.35,5,217.05,yape,completada,2026-02-15 04:52:52,zona_b
VS-0000020,CLI-01295,PRD-0124,tienda_sur,7,163.42,5,1143.94,tarjeta,completada,2026-01-09 13:33:58,zona_d
VS-0000021,CLI-00427,PRD-0117,tienda_sur,7,154.72,0,1083.04,yape,completada,2026-03-18 03:42:50,zona_d
VS-0000022,CLI-00202,PRD-0015,tienda_sur,8,54.47,5,435.76,yape,completada,2026-03-07 01:30:58,zona_c
VS-0000023,CLI-01448,PRD-0192,tienda_sur,3,93.06,0,279.18,yape,completada,2026-01-25 13:43:31,zona_b
VS-0000024,CLI-02936,PRD-0135,tienda_sur,7,111.43,10,780.01,efectivo,completada,2026-01-15 07:02:34,zona_c
VS-0000025,CLI-01897,PRD-0159,tienda_sur,4,1128.82,0,4515.28,transferencia,completada,2026-03-14 17:11:47,zona_b
VS-0000026,CLI-01486,PRD-0013,tienda_sur,8,460.77,0,3686.16,tarjeta,completada,2026-03-24 23:20:56,zona_b
VS-0000027,CLI-01296,PRD-0169,tienda_sur,3,1010.95,5,3032.85,yape,completada,2026-01-12 09:53:50,zona_b
VS-0000028,CLI-01413,PRD-0169,tienda_sur,5,904.54,15,4522.7,transferencia,completada,2026-01-09 00:21:56,zona_b
VS-0000029,CLI-01508,PRD-0076,tienda_sur,4,135.89,0,543.56,transferencia,completada,2026-01-21 11:20:52,zona_a
VS-0000030,CLI-02267,PRD-0147,tienda_sur,8,42.47,15,339.76,tarjeta,completada,2026-03-17 04:11:09,zona_c
VS-0000031,CLI-02660,PRD-0010,tienda_sur,7,140.11,5,980.77,yape,devuelta,2026-01-11 15:46:20,zona_a
VS-0000032,CLI-02999,PRD-0137,tienda_sur,8,131.59,0,1052.72,transferencia,completada,2026-03-16 16:24:37,zona_c
VS-0000033,CLI-01122,PRD-0003,tienda_sur,3,150.03,15,450.09,efectivo,completada,2026-03-21 06:34:43,zona_b
VS-0000034,CLI-02986,PRD-0104,tienda_sur,4,156.74,20,626.96,transferencia,completada,2026-01-25 06:24:08,zona_b
VS-0000035,CLI-02125,PRD-0128,tienda_sur,3,48.08,5,144.24,efectivo,completada,2026-01-22 05:49:08,zona_a
VS-0000036,CLI-01542,PRD-0188,tienda_sur,1,105.38,0,105.38,efectivo,completada,2026-02-18 02:37:55,zona_b
VS-0000037,CLI-02701,PRD-0148,tienda_sur,3,123.23,20,369.69,transferencia,completada,2026-01-15 03:49:03,zona_a
VS-0000038,CLI-01489,PRD-0039,tienda_sur,8,61.08,0,488.64,tarjeta,completada,2026-01-17 15:56:11,zona_c
VS-0000039,CLI-02376,PRD-0022,tienda_sur,2,61.24,5,122.48,efectivo,completada,2026-01-06 07:34:12,zona_d
VS-0000040,CLI-01029,PRD-0101,tienda_sur,4,1072.29,5,4289.16,yape,completada,2026-02-19 15:00:29,zona_b
VS-0000041,CLI-01557,PRD-0085,tienda_sur,6,117.15,0,702.9,yape,completada,2026-02-05 01:35:08,zona_d
VS-0000042,CLI-00731,PRD-0089,tienda_sur,2,68.95,0,137.9,tarjeta,completada,2026-01-09 16:37:43,zona_a
VS-0000043,CLI-02178,PRD-0119,tienda_sur,8,170.18,0,1361.44,yape,completada,2026-01-04 19:26:51,zona_a
VS-0000044,CLI-01732,PRD-0088,tienda_sur,6,59.96,10,359.76,tarjeta,completada,2026-02-28 08:07:07,zona_b
VS-0000045,CLI-02117,PRD-0066,tienda_sur,6,819.09,0,4914.54,efectivo,completada,2026-03-22 23:56:04,zona_c
VS-0000046,CLI-02102,PRD-0109,tienda_sur,8,127.43,0,1019.44,tarjeta,completada,2026-03-28 19:19:38,zona_d
VS-0000047,CLI-02482,PRD-0147,tienda_sur,4,47.46,5,189.84,transferencia,completada,2026-03-12 16:52:50,zona_a
VS-0000048,CLI-01931,PRD-0170,tienda_sur,8,111.76,0,894.08,tarjeta,completada,2026-03-04 17:33:42,zona_b
VS-0000049,CLI-01515,PRD-0058,tienda_sur,6,166.75,5,1000.5,tarjeta,completada,2026-01-22 08:03:52,zona_c
VS-0000050,CLI-00456,PRD-0108,tienda_sur,2,118.43,15,236.86,transferencia,completada,2026-01-25 21:18:37,zona_d
VS-0000051,CLI-01016,PRD-0025,tienda_sur,8,357.96,10,2863.68,efectivo,pendiente,2026-02-17 06:59:53,zona_a
VS-0000052,CLI-01024,PRD-0195,tienda_sur,4,173.27,0,693.08,tarjeta,completada,2026-02-24 17:03:08,zona_d
VS-0000053,CLI-00768,PRD-0049,tienda_sur,7,942.55,10,6597.85,yape,completada,2026-03-24 11:24:32,zona_a
VS-0000054,CLI-02252,PRD-0032,tienda_sur,4,125.82,5,503.28,transferencia,completada,2026-01-11 14:29:18,zona_c
VS-0000055,CLI-02993,PRD-0059,tienda_sur,3,124.05,15,372.15,tarjeta,completada,2026-01-10 14:21:02,zona_c
VS-0000056,CLI-02466,PRD-0168,tienda_sur,6,257.41,15,1544.46,efectivo,completada,2026-02-09 22:23:55,zona_b
VS-0000057,CLI-00502,PRD-0170,tienda_sur,4,111.76,0,447.04,tarjeta,completada,2026-01-23 14:16:48,zona_b
VS-0000058,CLI-00028,PRD-0104,tienda_sur,1,156.74,20,156.74,tarjeta,completada,2026-01-15 09:32:11,zona_a
VS-0000059,CLI-02243,PRD-0024,tienda_sur,1,135.72,0,135.72,yape,devuelta,2026-03-29 13:13:49,zona_c
VS-0000060,CLI-02564,PRD-0132,tienda_sur,4,625.37,5,2501.48,tarjeta,completada,2026-03-29 20:03:37,zona_a
VS-0000061,CLI-01498,PRD-0006,tienda_sur,5,395.52,0,1977.6,tarjeta,completada,2026-03-07 23:26:11,zona_d
VS-0000062,CLI-02843,PRD-0006,tienda_sur,3,336.19,15,1008.57,yape,completada,2026-01-25 10:15:09,zona_b
VS-0000063,CLI-01402,PRD-0081,tienda_sur,8,115.75,0,926.0,efectivo,completada,2026-02-08 07:01:40,zona_b
VS-0000064,CLI-00278,PRD-0089,tienda_sur,8,68.95,0,551.6,efectivo,completada,2026-01-02 10:54:29,zona_d
VS-0000065,CLI-01181,PRD-0056,tienda_sur,1,225.0,5,225.0,efectivo,completada,2026-02-03 22:02:45,zona_d
VS-0000066,CLI-02087,PRD-0013,tienda_sur,2,414.69,10,829.38,tarjeta,devuelta,2026-03-13 09:07:38,zona_c
VS-0000067,CLI-02009,PRD-0194,tienda_sur,6,158.33,10,949.98,transferencia,completada,2026-03-09 08:49:10,zona_d
VS-0000068,CLI-01173,PRD-0185,tienda_sur,7,160.88,10,1126.16,transferencia,completada,2026-03-06 16:01:22,zona_b
VS-0000069,CLI-00439,PRD-0136,tienda_sur,1,93.42,10,93.42,efectivo,completada,2026-03-11 13:45:31,zona_c
VS-0000070,CLI-00817,PRD-0130,tienda_sur,1,355.51,10,355.51,tarjeta,devuelta,2026-01-21 23:04:53,zona_a
VS-0000071,CLI-02498,PRD-0164,tienda_sur,6,339.59,0,2037.54,transferencia,completada,2026-03-22 14:50:19,zona_b
VS-0000072,CLI-02508,PRD-0073,tienda_sur,8,61.22,10,489.76,yape,completada,2026-02-14 03:41:39,zona_a
VS-0000073,CLI-00798,PRD-0119,tienda_sur,2,153.16,10,306.32,tarjeta,completada,2026-01-30 03:02:40,zona_c
VS-0000074,CLI-01910,PRD-0175,tienda_sur,7,74.48,0,521.36,tarjeta,completada,2026-02-02 04:10:48,zona_c
VS-0000075,CLI-02479,PRD-0191,tienda_sur,8,156.18,10,1249.44,yape,completada,2026-03-29 13:50:17,zona_a
VS-0000076,CLI-02580,PRD-0144,tienda_sur,7,66.37,15,464.59,transferencia,completada,2026-01-18 16:27:10,zona_a
VS-0000077,CLI-02925,PRD-0045,tienda_sur,2,37.15,0,74.3,tarjeta,completada,2026-01-05 23:19:12,zona_d
VS-0000078,CLI-01205,PRD-0156,tienda_sur,8,89.98,5,719.84,yape,completada,2026-01-09 14:12:44,zona_c
VS-0000079,CLI-01376,PRD-0136,tienda_sur,8,103.8,0,830.4,transferencia,completada,2026-03-21 08:48:15,zona_c
VS-0000080,CLI-01746,PRD-0102,tienda_sur,5,70.94,5,354.7,efectivo,devuelta,2026-01-02 13:29:00,zona_d
VS-0000081,CLI-01436,PRD-0107,tienda_sur,1,47.57,10,47.57,tarjeta,completada,2026-03-17 16:11:59,zona_c
VS-0000082,CLI-01899,PRD-0071,tienda_sur,7,67.52,5,472.64,yape,completada,2026-02-07 08:47:19,zona_c
VS-0000083,CLI-02390,PRD-0193,tienda_sur,3,46.6,0,139.8,tarjeta,completada,2026-02-24 12:00:37,zona_c
VS-0000084,CLI-01214,PRD-0052,tienda_sur,3,391.33,0,1173.99,tarjeta,completada,2026-01-17 09:41:29,zona_a
VS-0000085,CLI-02551,PRD-0106,tienda_sur,3,221.98,5,665.94,yape,completada,2026-03-03 04:42:21,zona_c
VS-0000086,CLI-01410,PRD-0071,tienda_sur,8,63.96,10,511.68,tarjeta,completada,2026-02-20 21:01:22,zona_c
VS-0000087,CLI-01391,PRD-0014,tienda_sur,2,315.58,0,631.16,tarjeta,completada,2026-01-11 04:55:20,zona_a
VS-0000088,CLI-02026,PRD-0146,tienda_sur,3,77.24,10,231.72,transferencia,completada,2026-02-02 17:17:09,zona_c
VS-0000089,CLI-02793,PRD-0168,tienda_sur,2,287.69,5,575.38,tarjeta,completada,2026-03-19 23:01:50,zona_d
VS-0000090,CLI-00904,PRD-0051,tienda_sur,8,279.19,15,2233.52,yape,completada,2026-03-03 12:22:34,zona_b
VS-0000091,CLI-01895,PRD-0052,tienda_sur,6,391.33,0,2347.98,tarjeta,completada,2026-02-27 04:47:27,zona_b
VS-0000092,CLI-02087,PRD-0077,tienda_sur,1,53.83,10,53.83,tarjeta,devuelta,2026-01-09 00:33:25,zona_b
VS-0000093,CLI-01528,PRD-0028,tienda_sur,3,8.52,0,25.56,tarjeta,completada,2026-03-16 10:51:57,zona_d
VS-0000094,CLI-02070,PRD-0109,tienda_sur,3,127.43,0,382.29,tarjeta,completada,2026-01-09 17:54:45,zona_d
VS-0000095,CLI-00542,PRD-0031,tienda_sur,3,264.18,15,792.54,yape,completada,2026-03-13 13:19:50,zona_d
VS-0000096,CLI-02837,PRD-0059,tienda_sur,8,138.64,5,1109.12,efectivo,devuelta,2026-03-11 06:46:45,zona_b
VS-0000097,CLI-00098,PRD-0113,tienda_sur,4,146.9,10,587.6,transferencia,pendiente,2026-01-01 05:15:38,zona_a
VS-0000098,CLI-01043,PRD-0103,tienda_sur,3,375.62,0,1126.86,efectivo,completada,2026-02-22 22:15:13,zona_d
VS-0000099,CLI-01411,PRD-0194,tienda_sur,8,158.33,10,1266.64,tarjeta,devuelta,2026-03-07 00:57:40,zona_a
VS-0000100,CLI-01717,PRD-0079,tienda_sur,2,262.18,10,524.36,transferencia,completada,2026-02-05 06:07:32,zona_d
VS-0000101,CLI-02329,PRD-0187,tienda_sur,5,26.08,0,130.4,tarjeta,completada,2026-01-21 14:40:25,zona_a
VS-0000102,CLI-01176,PRD-0139,tienda_sur,5,14.93,20,74.65,tarjeta,completada,2026-01-18 17:08:40,zona_a
VS-0000103,CLI-01977,PRD-0003,tienda_sur,4,150.03,15,600.12,tarjeta,completada,2026-02-24 12:13:27,zona_a
VS-0000104,CLI-02411,PRD-0172,tienda_sur,1,136.13,5,136.13,yape,completada,2026-02-19 13:33:08,zona_d
VS-0000105,CLI-01152,PRD-0188,tienda_sur,6,105.38,0,632.28,yape,pendiente,2026-01-24 12:25:30,zona_b
VS-0000106,CLI-02404,PRD-0142,tienda_sur,2,121.27,0,242.54,efectivo,completada,2026-01-02 08:22:15,zona_c
VS-0000107,CLI-02657,PRD-0092,tienda_sur,4,1046.03,10,4184.12,tarjeta,completada,2026-03-04 02:52:40,zona_d
VS-0000108,CLI-02159,PRD-0013,tienda_sur,8,414.69,10,3317.52,yape,completada,2026-02-22 09:46:28,zona_a
VS-0000109,CLI-02455,PRD-0043,tienda_sur,5,24.14,0,120.7,tarjeta,completada,2026-01-28 05:39:41,zona_d
VS-0000110,CLI-00302,PRD-0180,tienda_sur,8,16.31,0,130.48,efectivo,completada,2026-03-19 21:03:48,zona_b
VS-0000111,CLI-02665,PRD-0072,tienda_sur,4,29.39,10,117.56,tarjeta,devuelta,2026-02-05 22:39:23,zona_d
VS-0000112,CLI-01640,PRD-0122,tienda_sur,2,237.03,5,474.06,tarjeta,completada,2026-02-28 06:20:05,zona_b
VS-0000113,CLI-00282,PRD-0139,tienda_sur,3,18.66,0,55.98,efectivo,completada,2026-02-01 22:22:14,zona_c
VS-0000114,CLI-02834,PRD-0059,tienda_sur,8,138.64,5,1109.12,yape,completada,2026-03-20 06:11:42,zona_a
VS-0000115,CLI-00477,PRD-0001,tienda_sur,1,380.31,0,380.31,transferencia,completada,2026-03-27 09:28:39,zona_d
VS-0000116,CLI-01403,PRD-0075,tienda_sur,3,57.92,15,173.76,tarjeta,completada,2026-01-01 06:32:28,zona_b
VS-0000117,CLI-00413,PRD-0032,tienda_sur,4,119.2,10,476.8,tarjeta,completada,2026-01-13 02:10:58,zona_b
VS-0000118,CLI-01253,PRD-0055,tienda_sur,4,20.29,0,81.16,yape,completada,2026-03-08 20:12:16,zona_b
VS-0000119,CLI-02768,PRD-0110,tienda_sur,6,187.94,10,1127.64,tarjeta,completada,2026-02-08 09:27:45,zona_c
VS-0000120,CLI-02950,PRD-0164,tienda_sur,1,339.59,0,339.59,tarjeta,pendiente,2026-01-07 00:20:41,zona_a
VS-0000121,CLI-00777,PRD-0172,tienda_sur,3,136.13,5,408.39,tarjeta,completada,2026-02-06 21:20:32,zona_c
VS-0000122,CLI-00049,PRD-0168,tienda_sur,1,257.41,15,257.41,tarjeta,completada,2026-02-10 04:54:08,zona_d
VS-0000123,CLI-00509,PRD-0199,tienda_sur,2,318.83,15,637.66,tarjeta,completada,2026-03-18 11:08:32,zona_b
VS-0000124,CLI-00539,PRD-0060,tienda_sur,3,118.27,15,354.81,tarjeta,completada,2026-02-10 19:36:49,zona_a
VS-0000125,CLI-00344,PRD-0052,tienda_sur,1,391.33,0,391.33,tarjeta,completada,2026-01-20 21:12:16,zona_d
VS-0000126,CLI-00295,PRD-0060,tienda_sur,2,139.14,0,278.28,efectivo,completada,2026-03-15 21:14:21,zona_d
VS-0000127,CLI-02076,PRD-0067,tienda_sur,8,101.45,0,811.6,yape,completada,2026-03-17 14:15:55,zona_c
VS-0000128,CLI-00646,PRD-0171,tienda_sur,1,30.71,0,30.71,tarjeta,completada,2026-01-05 08:13:10,zona_b
VS-0000129,CLI-00859,PRD-0153,tienda_sur,6,1181.19,0,7087.14,tarjeta,completada,2026-01-23 05:51:00,zona_c
VS-0000130,CLI-01777,PRD-0015,tienda_sur,2,51.61,10,103.22,efectivo,completada,2026-01-13 22:11:39,zona_d
VS-0000131,CLI-01851,PRD-0022,tienda_sur,3,61.24,5,183.72,efectivo,completada,2026-01-27 00:17:43,zona_c
VS-0000132,CLI-00998,PRD-0191,tienda_sur,2,147.5,15,295.0,efectivo,completada,2026-02-09 06:42:41,zona_c
VS-0000133,CLI-00511,PRD-0076,tienda_sur,4,135.89,0,543.56,tarjeta,completada,2026-01-13 18:30:27,zona_b
VS-0000134,CLI-01894,PRD-0072,tienda_sur,5,32.66,0,163.3,efectivo,completada,2026-03-02 13:59:31,zona_c
VS-0000135,CLI-02840,PRD-0001,tienda_sur,3,342.28,10,1026.84,efectivo,completada,2026-01-15 07:45:33,zona_c
VS-0000136,CLI-00205,PRD-0048,tienda_sur,7,291.85,5,2042.95,efectivo,completada,2026-01-09 11:55:29,zona_b
VS-0000137,CLI-00734,PRD-0039,tienda_sur,4,51.92,15,207.68,tarjeta,completada,2026-02-06 06:10:30,zona_a
VS-0000138,CLI-00964,PRD-0162,tienda_sur,2,84.67,0,169.34,tarjeta,completada,2026-02-10 06:24:33,zona_c
VS-0000139,CLI-01795,PRD-0084,tienda_sur,5,100.02,10,500.1,yape,completada,2026-02-07 20:47:05,zona_a
VS-0000140,CLI-00357,PRD-0159,tienda_sur,5,1072.38,5,5361.9,transferencia,completada,2026-03-05 23:25:30,zona_c
VS-0000141,CLI-02886,PRD-0102,tienda_sur,7,59.74,20,418.18,efectivo,pendiente,2026-03-23 06:00:29,zona_d
VS-0000142,CLI-00811,PRD-0157,tienda_sur,1,215.39,20,215.39,tarjeta,completada,2026-03-09 13:45:56,zona_b
VS-0000143,CLI-00663,PRD-0066,tienda_sur,7,655.27,20,4586.89,transferencia,completada,2026-01-31 04:20:16,zona_b
VS-0000144,CLI-00936,PRD-0096,tienda_sur,1,70.28,10,70.28,tarjeta,completada,2026-03-10 20:45:02,zona_c
VS-0000145,CLI-01602,PRD-0084,tienda_sur,7,111.13,0,777.91,yape,completada,2026-02-21 07:53:30,zona_c
VS-0000146,CLI-01391,PRD-0095,tienda_sur,5,47.55,5,237.75,tarjeta,completada,2026-03-11 07:06:07,zona_b
VS-0000147,CLI-02086,PRD-0065,tienda_sur,5,199.53,0,997.65,yape,completada,2026-02-03 17:27:57,zona_d
VS-0000148,CLI-00401,PRD-0174,tienda_sur,3,285.09,10,855.27,tarjeta,completada,2026-02-12 17:12:17,zona_d
VS-0000149,CLI-02561,PRD-0113,tienda_sur,1,155.06,5,155.06,transferencia,completada,2026-02-01 18:59:42,zona_b
VS-0000150,CLI-01226,PRD-0124,tienda_sur,5,146.22,15,731.1,tarjeta,devuelta,2026-03-31 15:29:46,zona_c
VS-0000151,CLI-02721,PRD-0162,tienda_sur,8,76.2,10,609.6,tarjeta,completada,2026-03-11 07:59:34,zona_b
VS-0000152,CLI-02040,PRD-0091,tienda_sur,4,42.34,15,169.36,yape,completada,2026-02-25 02:17:27,zona_b
VS-0000153,CLI-02941,PRD-0072,tienda_sur,5,24.49,25,122.45,tarjeta,completada,2026-02-17 12:24:13,zona_a
VS-0000154,CLI-01501,PRD-0052,tienda_sur,3,391.33,0,1173.99,tarjeta,completada,2026-03-30 00:29:48,zona_c
VS-0000155,CLI-00097,PRD-0160,tienda_sur,7,44.59,5,312.13,efectivo,completada,2026-03-25 14:57:59,zona_b
VS-0000156,CLI-01901,PRD-0003,tienda_sur,7,158.85,10,1111.95,tarjeta,completada,2026-01-24 12:56:02,zona_d
VS-0000157,CLI-00661,PRD-0193,tienda_sur,4,41.94,10,167.76,tarjeta,completada,2026-01-08 08:17:56,zona_d
VS-0000158,CLI-01695,PRD-0088,tienda_sur,5,56.63,15,283.15,yape,completada,2026-03-17 21:21:37,zona_d
VS-0000159,CLI-00696,PRD-0071,tienda_sur,3,60.41,15,181.23,tarjeta,completada,2026-03-03 20:45:52,zona_a
VS-0000160,CLI-01102,PRD-0071,tienda_sur,8,71.07,0,568.56,tarjeta,completada,2026-01-12 08:42:07,zona_a
VS-0000161,CLI-00496,PRD-0185,tienda_sur,1,160.88,10,160.88,tarjeta,pendiente,2026-03-19 07:37:51,zona_d
VS-0000162,CLI-01112,PRD-0125,tienda_sur,2,313.28,0,626.56,tarjeta,completada,2026-03-23 23:25:32,zona_b
VS-0000163,CLI-01957,PRD-0165,tienda_sur,8,913.18,0,7305.44,yape,completada,2026-01-14 22:07:45,zona_c
VS-0000164,CLI-02293,PRD-0033,tienda_sur,6,522.22,25,3133.32,tarjeta,completada,2026-03-05 22:55:02,zona_b
VS-0000165,CLI-00944,PRD-0035,tienda_sur,4,103.23,5,412.92,yape,pendiente,2026-03-12 19:56:37,zona_a
VS-0000166,CLI-02693,PRD-0178,tienda_sur,8,83.22,5,665.76,efectivo,completada,2026-02-25 12:42:47,zona_d
VS-0000167,CLI-02996,PRD-0193,tienda_sur,7,41.94,10,293.58,tarjeta,completada,2026-03-15 14:56:40,zona_c
VS-0000168,CLI-02705,PRD-0085,tienda_sur,1,93.72,20,93.72,tarjeta,devuelta,2026-01-07 16:01:16,zona_a
VS-0000169,CLI-01129,PRD-0104,tienda_sur,7,176.34,10,1234.38,tarjeta,completada,2026-02-21 21:57:06,zona_c
VS-0000170,CLI-00275,PRD-0174,tienda_sur,3,269.25,15,807.75,yape,completada,2026-03-21 20:15:02,zona_a
VS-0000171,CLI-02413,PRD-0001,tienda_sur,1,342.28,10,342.28,efectivo,completada,2026-01-29 04:26:23,zona_a
VS-0000172,CLI-02631,PRD-0042,tienda_sur,6,60.9,20,365.4,efectivo,completada,2026-02-01 18:36:54,zona_a
VS-0000173,CLI-00859,PRD-0001,tienda_sur,4,361.29,5,1445.16,efectivo,completada,2026-01-02 14:47:53,zona_d
VS-0000174,CLI-01709,PRD-0082,tienda_sur,8,303.1,0,2424.8,yape,completada,2026-02-12 10:37:44,zona_b
VS-0000175,CLI-02230,PRD-0190,tienda_sur,1,236.97,0,236.97,yape,completada,2026-03-26 16:38:29,zona_b
VS-0000176,CLI-01117,PRD-0119,tienda_sur,2,153.16,10,306.32,tarjeta,completada,2026-02-24 01:34:00,zona_c
VS-0000177,CLI-00917,PRD-0177,tienda_sur,1,1066.18,0,1066.18,tarjeta,completada,2026-01-13 09:09:41,zona_a
VS-0000178,CLI-02963,PRD-0067,tienda_sur,1,101.45,0,101.45,tarjeta,completada,2026-03-27 01:57:49,zona_a
VS-0000179,CLI-02349,PRD-0037,tienda_sur,2,75.32,0,150.64,tarjeta,completada,2026-02-01 18:54:36,zona_a
VS-0000180,CLI-02941,PRD-0113,tienda_sur,5,146.9,10,734.5,yape,devuelta,2026-01-16 19:24:56,zona_c
VS-0000181,CLI-00320,PRD-0115,tienda_sur,5,1029.74,10,5148.7,tarjeta,completada,2026-01-07 15:28:35,zona_d
VS-0000182,CLI-01106,PRD-0186,tienda_sur,7,60.93,20,426.51,yape,completada,2026-03-23 20:22:26,zona_b
VS-0000183,CLI-00852,PRD-0195,tienda_sur,7,155.94,10,1091.58,tarjeta,completada,2026-01-09 21:47:07,zona_b
VS-0000184,CLI-01705,PRD-0035,tienda_sur,7,103.23,5,722.61,tarjeta,completada,2026-03-24 13:12:33,zona_c
VS-0000185,CLI-02307,PRD-0006,tienda_sur,6,395.52,0,2373.12,efectivo,completada,2026-03-24 05:39:42,zona_c
VS-0000186,CLI-02744,PRD-0129,tienda_sur,7,84.96,15,594.72,yape,completada,2026-01-21 19:39:33,zona_a
VS-0000187,CLI-02966,PRD-0140,tienda_sur,7,117.83,0,824.81,efectivo,completada,2026-01-07 22:00:27,zona_b
VS-0000188,CLI-01484,PRD-0119,tienda_sur,7,161.67,5,1131.69,tarjeta,completada,2026-01-09 20:44:21,zona_b
VS-0000189,CLI-00317,PRD-0100,tienda_sur,7,308.32,15,2158.24,yape,completada,2026-02-26 00:58:03,zona_d
VS-0000190,CLI-01157,PRD-0012,tienda_sur,6,131.0,15,786.0,tarjeta,completada,2026-01-22 03:10:08,zona_d
VS-0000191,CLI-01131,PRD-0166,tienda_sur,6,442.21,10,2653.26,tarjeta,completada,2026-01-11 14:09:04,zona_d
VS-0000192,CLI-00247,PRD-0033,tienda_sur,7,591.85,15,4142.95,tarjeta,completada,2026-03-19 04:27:02,zona_d
VS-0000193,CLI-02926,PRD-0158,tienda_sur,1,218.54,5,218.54,yape,completada,2026-02-04 17:11:05,zona_a
VS-0000194,CLI-01371,PRD-0144,tienda_sur,4,78.08,0,312.32,yape,devuelta,2026-03-09 03:52:14,zona_c
VS-0000195,CLI-02996,PRD-0173,tienda_sur,6,176.53,0,1059.18,efectivo,completada,2026-02-21 10:37:19,zona_a
VS-0000196,CLI-02673,PRD-0122,tienda_sur,7,224.56,10,1571.92,tarjeta,completada,2026-03-23 02:42:26,zona_b
VS-0000197,CLI-02023,PRD-0054,tienda_sur,3,78.92,20,236.76,tarjeta,completada,2026-03-25 03:31:38,zona_b
VS-0000198,CLI-00671,PRD-0042,tienda_sur,3,76.12,0,228.36,efectivo,completada,2026-03-14 11:11:08,zona_b
VS-0000199,CLI-02599,PRD-0082,tienda_sur,1,242.48,20,242.48,tarjeta,completada,2026-03-12 16:53:22,zona_a
VS-0000200,CLI-02013,PRD-0056,tienda_sur,4,201.31,15,805.24,tarjeta,completada,2026-01-21 19:30:08,zona_a
VS-0000201,CLI-02616,PRD-0062,tienda_sur,3,121.18,5,363.54,transferencia,completada,2026-01-13 19:54:04,zona_d
VS-0000202,CLI-01827,PRD-0104,tienda_sur,6,186.13,5,1116.78,tarjeta,completada,2026-03-02 20:32:10,zona_b
VS-0000203,CLI-00642,PRD-0199,tienda_sur,3,375.09,0,1125.27,tarjeta,completada,2026-03-12 16:47:15,zona_a
VS-0000204,CLI-02358,PRD-0002,tienda_sur,8,32.38,10,259.04,efectivo,completada,2026-02-04 00:01:51,zona_b
VS-0000205,CLI-02392,PRD-0155,tienda_sur,1,138.1,0,138.1,tarjeta,completada,2026-03-10 21:42:43,zona_c
VS-0000206,CLI-00823,PRD-0108,tienda_sur,7,104.5,25,731.5,tarjeta,pendiente,2026-03-22 01:54:52,zona_a
VS-0000207,CLI-02583,PRD-0071,tienda_sur,8,71.07,0,568.56,tarjeta,completada,2026-03-13 01:15:01,zona_d
VS-0000208,CLI-01062,PRD-0083,tienda_sur,2,88.08,5,176.16,efectivo,completada,2026-02-23 03:14:11,zona_c
VS-0000209,CLI-02779,PRD-0058,tienda_sur,8,166.75,5,1334.0,efectivo,completada,2026-01-19 21:56:15,zona_d
VS-0000210,CLI-02992,PRD-0115,tienda_sur,4,1029.74,10,4118.96,efectivo,completada,2026-01-11 07:02:44,zona_d
VS-0000211,CLI-02321,PRD-0061,tienda_sur,6,814.44,5,4886.64,tarjeta,completada,2026-03-30 04:03:20,zona_a
VS-0000212,CLI-02421,PRD-0183,tienda_sur,2,45.73,0,91.46,tarjeta,completada,2026-03-10 01:08:33,zona_d
VS-0000213,CLI-02443,PRD-0122,tienda_sur,4,199.61,20,798.44,yape,devuelta,2026-02-20 21:54:28,zona_d
VS-0000214,CLI-01260,PRD-0004,tienda_sur,4,45.81,15,183.24,transferencia,completada,2026-02-03 03:16:29,zona_a
VS-0000215,CLI-02780,PRD-0096,tienda_sur,6,78.09,0,468.54,tarjeta,completada,2026-02-23 16:34:36,zona_c
VS-0000216,CLI-02682,PRD-0147,tienda_sur,4,47.46,5,189.84,tarjeta,completada,2026-02-26 03:45:10,zona_a
VS-0000217,CLI-00427,PRD-0169,tienda_sur,3,904.54,15,2713.62,yape,devuelta,2026-01-15 17:39:11,zona_c
VS-0000218,CLI-02508,PRD-0026,tienda_sur,6,1165.21,0,6991.26,yape,completada,2026-02-21 23:36:12,zona_c
VS-0000219,CLI-00232,PRD-0059,tienda_sur,1,124.05,15,124.05,efectivo,completada,2026-01-19 05:10:25,zona_b
VS-0000220,CLI-01469,PRD-0167,tienda_sur,5,143.12,10,715.6,tarjeta,completada,2026-01-02 01:53:07,zona_d
VS-0000221,CLI-02667,PRD-0197,tienda_sur,5,41.85,10,209.25,transferencia,completada,2026-01-03 12:06:41,zona_a
VS-0000222,CLI-02762,PRD-0156,tienda_sur,2,94.72,0,189.44,efectivo,completada,2026-03-01 14:50:04,zona_d
VS-0000223,CLI-02590,PRD-0044,tienda_sur,1,105.96,0,105.96,transferencia,completada,2026-02-12 17:26:23,zona_c
VS-0000224,CLI-02460,PRD-0039,tienda_sur,8,61.08,0,488.64,yape,completada,2026-03-19 01:15:45,zona_b
VS-0000225,CLI-02070,PRD-0069,tienda_sur,7,55.23,0,386.61,yape,devuelta,2026-02-13 17:50:07,zona_c
VS-0000226,CLI-00054,PRD-0114,tienda_sur,1,254.22,0,254.22,yape,completada,2026-03-19 16:06:13,zona_b
VS-0000227,CLI-00784,PRD-0052,tienda_sur,8,332.63,15,2661.04,tarjeta,completada,2026-03-03 23:40:25,zona_b
VS-0000228,CLI-00755,PRD-0182,tienda_sur,3,116.18,0,348.54,tarjeta,completada,2026-01-11 17:55:43,zona_c
VS-0000229,CLI-02490,PRD-0026,tienda_sur,5,873.91,25,4369.55,tarjeta,completada,2026-01-10 11:13:48,zona_b
VS-0000230,CLI-01077,PRD-0026,tienda_sur,1,1048.69,10,1048.69,yape,completada,2026-03-04 05:00:54,zona_c
VS-0000231,CLI-00341,PRD-0062,tienda_sur,1,127.56,0,127.56,tarjeta,completada,2026-03-24 14:23:57,zona_c
VS-0000232,CLI-01598,PRD-0041,tienda_sur,3,170.99,0,512.97,yape,devuelta,2026-02-08 10:50:27,zona_b
VS-0000233,CLI-00419,PRD-0090,tienda_sur,4,12.01,0,48.04,transferencia,completada,2026-01-15 16:12:15,zona_a
VS-0000234,CLI-00766,PRD-0141,tienda_sur,2,142.42,0,284.84,tarjeta,completada,2026-01-01 20:51:39,zona_c
VS-0000235,CLI-02365,PRD-0019,tienda_sur,2,290.02,0,580.04,yape,completada,2026-03-05 13:07:02,zona_d
VS-0000236,CLI-01645,PRD-0160,tienda_sur,6,39.9,15,239.4,transferencia,devuelta,2026-01-24 17:17:41,zona_b
VS-0000237,CLI-00646,PRD-0200,tienda_sur,6,32.25,5,193.5,yape,completada,2026-02-14 03:52:16,zona_c
VS-0000238,CLI-02098,PRD-0012,tienda_sur,8,138.71,10,1109.68,tarjeta,completada,2026-01-25 17:24:10,zona_a
VS-0000239,CLI-01240,PRD-0078,tienda_sur,5,54.94,0,274.7,tarjeta,completada,2026-01-17 23:26:01,zona_a
VS-0000240,CLI-01560,PRD-0166,tienda_sur,8,417.64,15,3341.12,tarjeta,completada,2026-02-17 11:52:30,zona_b
VS-0000241,CLI-02839,PRD-0199,tienda_sur,6,318.83,15,1912.98,tarjeta,completada,2026-03-16 19:50:41,zona_d
VS-0000242,CLI-02966,PRD-0096,tienda_sur,6,70.28,10,421.68,tarjeta,completada,2026-01-06 05:54:48,zona_a
VS-0000243,CLI-02365,PRD-0077,tienda_sur,7,53.83,10,376.81,tarjeta,completada,2026-01-27 18:20:17,zona_c
VS-0000244,CLI-01012,PRD-0016,tienda_sur,4,160.18,20,640.72,yape,devuelta,2026-03-29 20:26:33,zona_d
VS-0000245,CLI-02346,PRD-0050,tienda_sur,6,11.33,0,67.98,efectivo,completada,2026-01-17 00:50:32,zona_a
VS-0000246,CLI-01323,PRD-0101,tienda_sur,1,1072.29,5,1072.29,tarjeta,devuelta,2026-02-10 09:15:56,zona_a
VS-0000247,CLI-01808,PRD-0131,tienda_sur,4,345.73,0,1382.92,transferencia,completada,2026-03-08 00:44:57,zona_d
VS-0000248,CLI-01589,PRD-0030,tienda_sur,2,222.16,10,444.32,tarjeta,completada,2026-03-18 01:39:51,zona_c
VS-0000249,CLI-02480,PRD-0041,tienda_sur,7,162.44,5,1137.08,efectivo,completada,2026-03-15 17:28:31,zona_c
VS-0000250,CLI-02428,PRD-0057,tienda_sur,8,318.94,20,2551.52,transferencia,completada,2026-03-29 09:07:33,zona_c
VS-0000251,CLI-02698,PRD-0060,tienda_sur,6,139.14,0,834.84,tarjeta,pendiente,2026-03-23 15:17:39,zona_b
VS-0000252,CLI-02842,PRD-0023,tienda_sur,2,58.31,10,116.62,tarjeta,completada,2026-03-24 21:06:05,zona_b
VS-0000253,CLI-02784,PRD-0037,tienda_sur,6,75.32,0,451.92,tarjeta,completada,2026-01-21 01:56:40,zona_d
VS-0000254,CLI-02822,PRD-0195,tienda_sur,4,173.27,0,693.08,transferencia,completada,2026-02-17 12:05:15,zona_c
VS-0000255,CLI-01320,PRD-0094,tienda_sur,2,38.77,0,77.54,efectivo,completada,2026-01-05 06:13:39,zona_b
VS-0000256,CLI-01928,PRD-0047,tienda_sur,3,218.76,10,656.28,tarjeta,completada,2026-01-09 15:39:09,zona_a
VS-0000257,CLI-00121,PRD-0004,tienda_sur,1,45.81,15,45.81,tarjeta,devuelta,2026-01-07 19:30:44,zona_d
VS-0000258,CLI-01454,PRD-0003,tienda_sur,1,150.03,15,150.03,tarjeta,completada,2026-03-19 00:32:39,zona_c
VS-0000259,CLI-00212,PRD-0055,tienda_sur,1,19.28,5,19.28,transferencia,completada,2026-03-08 04:35:03,zona_d
VS-0000260,CLI-00341,PRD-0108,tienda_sur,1,125.4,10,125.4,tarjeta,completada,2026-03-23 09:36:18,zona_d
VS-0000261,CLI-02701,PRD-0099,tienda_sur,1,324.56,10,324.56,tarjeta,completada,2026-03-24 19:01:19,zona_a
VS-0000262,CLI-02557,PRD-0028,tienda_sur,7,6.82,20,47.74,tarjeta,completada,2026-03-10 01:38:07,zona_b
VS-0000263,CLI-02128,PRD-0051,tienda_sur,5,295.61,10,1478.05,tarjeta,completada,2026-02-19 03:19:01,zona_a
VS-0000264,CLI-01848,PRD-0088,tienda_sur,3,63.29,5,189.87,tarjeta,completada,2026-01-15 20:26:27,zona_a
VS-0000265,CLI-02156,PRD-0077,tienda_sur,4,56.82,5,227.28,tarjeta,completada,2026-02-06 04:27:39,zona_c
VS-0000266,CLI-00929,PRD-0155,tienda_sur,2,131.19,5,262.38,efectivo,completada,2026-02-10 03:42:15,zona_a
VS-0000267,CLI-02074,PRD-0028,tienda_sur,2,8.52,0,17.04,transferencia,completada,2026-03-21 12:46:22,zona_c
VS-0000268,CLI-02343,PRD-0002,tienda_sur,7,35.98,0,251.86,tarjeta,completada,2026-02-14 11:07:27,zona_c
VS-0000269,CLI-01525,PRD-0027,tienda_sur,6,27.59,10,165.54,transferencia,completada,2026-02-08 03:45:40,zona_b
VS-0000270,CLI-00386,PRD-0128,tienda_sur,2,48.08,5,96.16,efectivo,completada,2026-01-20 08:18:20,zona_d
VS-0000271,CLI-02111,PRD-0045,tienda_sur,2,33.44,10,66.88,yape,completada,2026-01-18 07:41:36,zona_a
VS-0000272,CLI-02806,PRD-0153,tienda_sur,1,1181.19,0,1181.19,yape,completada,2026-03-06 07:52:47,zona_d
VS-0000273,CLI-02462,PRD-0095,tienda_sur,5,45.05,10,225.25,efectivo,completada,2026-03-27 23:14:44,zona_d
VS-0000274,CLI-02344,PRD-0127,tienda_sur,8,41.04,0,328.32,yape,pendiente,2026-03-10 07:26:39,zona_c
VS-0000275,CLI-00411,PRD-0124,tienda_sur,7,146.22,15,1023.54,tarjeta,completada,2026-01-12 09:44:42,zona_b
VS-0000276,CLI-00152,PRD-0155,tienda_sur,4,138.1,0,552.4,efectivo,completada,2026-02-25 10:53:04,zona_b
VS-0000277,CLI-00302,PRD-0167,tienda_sur,6,151.07,5,906.42,transferencia,completada,2026-01-27 23:39:32,zona_c
VS-0000278,CLI-00967,PRD-0189,tienda_sur,8,169.82,5,1358.56,yape,completada,2026-01-01 22:24:00,zona_d
VS-0000279,CLI-00071,PRD-0156,tienda_sur,5,89.98,5,449.9,yape,completada,2026-03-16 13:48:41,zona_b
VS-0000280,CLI-02419,PRD-0107,tienda_sur,1,52.86,0,52.86,yape,completada,2026-03-24 15:00:19,zona_c
VS-0000281,CLI-01693,PRD-0024,tienda_sur,2,101.79,25,203.58,transferencia,completada,2026-01-10 21:47:14,zona_b
VS-0000282,CLI-02563,PRD-0175,tienda_sur,4,70.76,5,283.04,yape,completada,2026-02-06 11:12:55,zona_a
VS-0000283,CLI-01567,PRD-0036,tienda_sur,8,32.33,25,258.64,tarjeta,completada,2026-02-19 18:21:10,zona_b
VS-0000284,CLI-02737,PRD-0079,tienda_sur,7,276.74,5,1937.18,tarjeta,completada,2026-03-30 14:04:18,zona_d
VS-0000285,CLI-02782,PRD-0059,tienda_sur,6,145.94,0,875.64,tarjeta,completada,2026-02-17 01:06:15,zona_d
VS-0000286,CLI-01048,PRD-0170,tienda_sur,8,106.17,5,849.36,efectivo,completada,2026-03-18 07:40:58,zona_c
VS-0000287,CLI-00267,PRD-0199,tienda_sur,8,337.58,10,2700.64,tarjeta,completada,2026-03-27 20:48:42,zona_c
VS-0000288,CLI-00919,PRD-0118,tienda_sur,7,47.91,10,335.37,tarjeta,completada,2026-02-08 00:53:19,zona_c
VS-0000289,CLI-01627,PRD-0016,tienda_sur,7,150.16,25,1051.12,tarjeta,pendiente,2026-03-28 08:22:12,zona_c
VS-0000290,CLI-00615,PRD-0119,tienda_sur,3,170.18,0,510.54,tarjeta,completada,2026-02-08 10:25:42,zona_d
VS-0000291,CLI-02940,PRD-0002,tienda_sur,6,35.98,0,215.88,tarjeta,completada,2026-02-22 21:24:55,zona_c
VS-0000292,CLI-02844,PRD-0022,tienda_sur,3,61.24,5,183.72,transferencia,completada,2026-02-18 05:13:44,zona_d
VS-0000293,CLI-00152,PRD-0109,tienda_sur,2,121.06,5,242.12,tarjeta,completada,2026-03-16 20:24:48,zona_c
VS-0000294,CLI-00549,PRD-0010,tienda_sur,4,147.48,0,589.92,tarjeta,completada,2026-03-17 12:45:37,zona_c
VS-0000295,CLI-02410,PRD-0078,tienda_sur,6,54.94,0,329.64,yape,completada,2026-02-08 15:13:07,zona_b
VS-0000296,CLI-00622,PRD-0174,tienda_sur,1,285.09,10,285.09,efectivo,completada,2026-02-09 05:44:21,zona_b
VS-0000297,CLI-01743,PRD-0167,tienda_sur,4,151.07,5,604.28,tarjeta,completada,2026-03-27 02:40:10,zona_c
VS-0000298,CLI-02605,PRD-0007,tienda_sur,2,18.87,5,37.74,tarjeta,completada,2026-02-07 14:04:33,zona_b
VS-0000299,CLI-01973,PRD-0017,tienda_sur,6,739.99,0,4439.94,yape,completada,2026-03-18 18:42:53,zona_d
VS-0000300,CLI-02370,PRD-0014,tienda_sur,2,284.02,10,568.04,efectivo,completada,2026-02-09 21:37:50,zona_b
VS-0000301,CLI-00509,PRD-0022,tienda_sur,5,64.46,0,322.3,yape,completada,2026-03-25 23:03:05,zona_a
VS-0000302,CLI-00888,PRD-0042,tienda_sur,2,60.9,20,121.8,tarjeta,completada,2026-02-03 21:39:56,zona_c
VS-0000303,CLI-00477,PRD-0079,tienda_sur,8,291.31,0,2330.48,tarjeta,completada,2026-03-06 19:18:30,zona_c
VS-0000304,CLI-00320,PRD-0084,tienda_sur,5,88.9,20,444.5,tarjeta,completada,2026-02-09 22:36:51,zona_c
VS-0000305,CLI-02930,PRD-0145,tienda_sur,6,340.64,0,2043.84,tarjeta,completada,2026-01-19 14:40:40,zona_a
VS-0000306,CLI-02014,PRD-0090,tienda_sur,2,10.21,15,20.42,tarjeta,devuelta,2026-03-30 02:30:51,zona_b
VS-0000307,CLI-02441,PRD-0197,tienda_sur,6,46.5,0,279.0,efectivo,devuelta,2026-01-06 13:03:45,zona_a
VS-0000308,CLI-01039,PRD-0132,tienda_sur,4,658.28,0,2633.12,yape,completada,2026-02-01 13:36:27,zona_c
VS-0000309,CLI-00254,PRD-0123,tienda_sur,6,40.34,0,242.04,yape,completada,2026-03-28 05:45:26,zona_a
VS-0000310,CLI-00108,PRD-0157,tienda_sur,1,215.39,20,215.39,tarjeta,devuelta,2026-01-14 20:49:59,zona_d
VS-0000311,CLI-02679,PRD-0080,tienda_sur,1,135.57,5,135.57,yape,completada,2026-03-20 02:01:34,zona_b
VS-0000312,CLI-00091,PRD-0061,tienda_sur,7,857.31,0,6001.17,tarjeta,completada,2026-01-26 21:09:52,zona_a
VS-0000313,CLI-00953,PRD-0033,tienda_sur,4,661.48,5,2645.92,yape,completada,2026-01-01 20:50:58,zona_c
VS-0000314,CLI-02770,PRD-0012,tienda_sur,7,138.71,10,970.97,tarjeta,completada,2026-03-31 22:04:03,zona_a
VS-0000315,CLI-02828,PRD-0126,tienda_sur,2,991.07,5,1982.14,efectivo,completada,2026-01-19 09:50:07,zona_a
VS-0000316,CLI-02170,PRD-0076,tienda_sur,7,135.89,0,951.23,efectivo,completada,2026-01-17 17:58:05,zona_a
VS-0000317,CLI-00872,PRD-0018,tienda_sur,7,136.05,5,952.35,efectivo,completada,2026-03-13 12:57:57,zona_d
VS-0000318,CLI-02438,PRD-0119,tienda_sur,3,161.67,5,485.01,tarjeta,completada,2026-01-12 17:25:50,zona_d
VS-0000319,CLI-02818,PRD-0145,tienda_sur,3,340.64,0,1021.92,transferencia,devuelta,2026-01-07 10:06:45,zona_c
VS-0000320,CLI-01367,PRD-0056,tienda_sur,4,236.84,0,947.36,efectivo,completada,2026-03-19 15:16:19,zona_b
VS-0000321,CLI-00285,PRD-0109,tienda_sur,3,127.43,0,382.29,transferencia,completada,2026-01-22 05:24:39,zona_b
VS-0000322,CLI-00347,PRD-0147,tienda_sur,5,49.96,0,249.8,yape,completada,2026-02-17 18:10:36,zona_a
VS-0000323,CLI-02091,PRD-0045,tienda_sur,4,37.15,0,148.6,tarjeta,completada,2026-01-20 07:55:42,zona_b
VS-0000324,CLI-01629,PRD-0060,tienda_sur,3,139.14,0,417.42,tarjeta,devuelta,2026-02-20 08:52:33,zona_d
VS-0000325,CLI-00796,PRD-0009,tienda_sur,4,44.53,5,178.12,efectivo,completada,2026-01-19 06:20:24,zona_d
VS-0000326,CLI-02149,PRD-0090,tienda_sur,2,12.01,0,24.02,yape,completada,2026-03-24 02:55:52,zona_d
VS-0000327,CLI-01559,PRD-0019,tienda_sur,7,290.02,0,2030.14,tarjeta,completada,2026-02-10 04:26:53,zona_a
VS-0000328,CLI-02897,PRD-0050,tienda_sur,7,9.63,15,67.41,transferencia,completada,2026-03-30 11:51:40,zona_a
VS-0000329,CLI-00695,PRD-0072,tienda_sur,4,32.66,0,130.64,tarjeta,completada,2026-02-02 10:21:13,zona_d
VS-0000330,CLI-02955,PRD-0100,tienda_sur,8,344.59,5,2756.72,transferencia,completada,2026-01-23 07:36:43,zona_c
VS-0000331,CLI-00946,PRD-0031,tienda_sur,5,295.26,5,1476.3,yape,devuelta,2026-01-20 04:10:27,zona_d
VS-0000332,CLI-01820,PRD-0157,tienda_sur,2,242.32,10,484.64,tarjeta,pendiente,2026-01-24 02:17:35,zona_d
VS-0000333,CLI-00127,PRD-0046,tienda_sur,6,326.48,10,1958.88,transferencia,completada,2026-03-25 15:43:28,zona_a
VS-0000334,CLI-00127,PRD-0079,tienda_sur,3,262.18,10,786.54,tarjeta,completada,2026-02-10 08:56:38,zona_a
VS-0000335,CLI-02132,PRD-0131,tienda_sur,1,276.58,20,276.58,yape,completada,2026-03-10 14:22:04,zona_a
VS-0000336,CLI-01550,PRD-0160,tienda_sur,4,39.9,15,159.6,tarjeta,pendiente,2026-02-15 14:43:17,zona_d
VS-0000337,CLI-01978,PRD-0053,tienda_sur,6,5.18,0,31.08,yape,completada,2026-01-03 08:20:06,zona_c
VS-0000338,CLI-00684,PRD-0048,tienda_sur,2,245.77,20,491.54,yape,completada,2026-03-12 08:51:56,zona_c
VS-0000339,CLI-01724,PRD-0094,tienda_sur,6,32.95,15,197.7,tarjeta,completada,2026-02-11 23:43:55,zona_c
VS-0000340,CLI-02366,PRD-0177,tienda_sur,5,1066.18,0,5330.9,yape,completada,2026-02-09 00:02:21,zona_b
VS-0000341,CLI-02997,PRD-0089,tienda_sur,3,65.5,5,196.5,transferencia,completada,2026-01-21 14:55:43,zona_b
VS-0000342,CLI-00783,PRD-0191,tienda_sur,1,173.53,0,173.53,yape,completada,2026-02-22 11:50:34,zona_c
VS-0000343,CLI-02741,PRD-0024,tienda_sur,1,115.36,15,115.36,yape,completada,2026-03-04 12:35:13,zona_c
VS-0000344,CLI-00613,PRD-0136,tienda_sur,5,88.23,15,441.15,tarjeta,completada,2026-03-17 17:06:27,zona_a
VS-0000345,CLI-00401,PRD-0003,tienda_sur,7,158.85,10,1111.95,tarjeta,completada,2026-03-02 13:30:33,zona_a
VS-0000346,CLI-01254,PRD-0163,tienda_sur,6,78.75,15,472.5,transferencia,devuelta,2026-02-04 10:08:41,zona_c
VS-0000347,CLI-01520,PRD-0109,tienda_sur,7,127.43,0,892.01,transferencia,completada,2026-03-29 20:40:04,zona_a
VS-0000348,CLI-02584,PRD-0145,tienda_sur,4,340.64,0,1362.56,yape,completada,2026-01-01 02:29:30,zona_a
VS-0000349,CLI-01920,PRD-0113,tienda_sur,4,130.58,20,522.32,yape,completada,2026-02-21 18:27:58,zona_c
VS-0000350,CLI-00473,PRD-0031,tienda_sur,7,279.72,10,1958.04,tarjeta,completada,2026-01-05 10:17:15,zona_c
VS-0000351,CLI-02116,PRD-0118,tienda_sur,3,53.23,0,159.69,yape,completada,2026-01-22 06:52:15,zona_a
VS-0000352,CLI-01369,PRD-0116,tienda_sur,5,7.83,15,39.15,tarjeta,devuelta,2026-03-26 14:55:15,zona_c
VS-0000353,CLI-02771,PRD-0120,tienda_sur,7,276.01,5,1932.07,tarjeta,completada,2026-03-01 07:03:39,zona_c
VS-0000354,CLI-00370,PRD-0161,tienda_sur,4,28.69,15,114.76,yape,pendiente,2026-03-13 19:13:44,zona_c
VS-0000355,CLI-02797,PRD-0187,tienda_sur,8,26.08,0,208.64,yape,completada,2026-01-19 15:00:16,zona_c
VS-0000356,CLI-02593,PRD-0060,tienda_sur,2,125.23,10,250.46,tarjeta,pendiente,2026-03-22 16:41:45,zona_a
VS-0000357,CLI-00849,PRD-0184,tienda_sur,2,141.93,5,283.86,yape,pendiente,2026-02-20 17:32:16,zona_b
VS-0000358,CLI-00969,PRD-0160,tienda_sur,2,46.94,0,93.88,tarjeta,completada,2026-01-26 14:52:01,zona_d
VS-0000359,CLI-01258,PRD-0053,tienda_sur,7,5.18,0,36.26,tarjeta,completada,2026-02-28 19:57:12,zona_a
VS-0000360,CLI-01417,PRD-0048,tienda_sur,2,307.21,0,614.42,efectivo,completada,2026-02-28 22:08:15,zona_d
VS-0000361,CLI-02761,PRD-0004,tienda_sur,1,53.89,0,53.89,transferencia,completada,2026-03-15 10:44:32,zona_d
VS-0000362,CLI-02311,PRD-0106,tienda_sur,3,233.66,0,700.98,transferencia,completada,2026-01-11 17:36:49,zona_c
VS-0000363,CLI-02440,PRD-0054,tienda_sur,3,78.92,20,236.76,tarjeta,completada,2026-03-26 10:13:27,zona_b
VS-0000364,CLI-01099,PRD-0165,tienda_sur,4,867.52,5,3470.08,tarjeta,completada,2026-03-25 19:42:49,zona_a
VS-0000365,CLI-00466,PRD-0029,tienda_sur,8,100.57,0,804.56,yape,devuelta,2026-03-15 04:21:01,zona_d
VS-0000366,CLI-00379,PRD-0175,tienda_sur,1,63.31,15,63.31,efectivo,completada,2026-01-10 00:14:30,zona_b
VS-0000367,CLI-01395,PRD-0139,tienda_sur,5,17.73,5,88.65,yape,completada,2026-02-18 00:57:12,zona_c
VS-0000368,CLI-02490,PRD-0102,tienda_sur,6,70.94,5,425.64,tarjeta,completada,2026-01-26 04:22:40,zona_a
VS-0000369,CLI-01479,PRD-0121,tienda_sur,2,837.65,5,1675.3,efectivo,completada,2026-02-08 00:30:42,zona_d
VS-0000370,CLI-01505,PRD-0179,tienda_sur,4,389.09,0,1556.36,yape,completada,2026-01-10 02:36:33,zona_c
VS-0000371,CLI-02854,PRD-0031,tienda_sur,8,264.18,15,2113.44,tarjeta,completada,2026-02-06 06:30:49,zona_b
VS-0000372,CLI-00626,PRD-0045,tienda_sur,5,33.44,10,167.2,yape,completada,2026-02-13 18:08:44,zona_a
VS-0000373,CLI-01968,PRD-0099,tienda_sur,8,288.5,20,2308.0,yape,completada,2026-01-05 06:22:00,zona_d
VS-0000374,CLI-01661,PRD-0050,tienda_sur,6,9.63,15,57.78,tarjeta,completada,2026-03-15 21:30:56,zona_c
VS-0000375,CLI-01186,PRD-0125,tienda_sur,2,313.28,0,626.56,yape,completada,2026-03-30 22:03:31,zona_a
VS-0000376,CLI-02904,PRD-0169,tienda_sur,7,957.74,10,6704.18,yape,completada,2026-02-13 00:44:02,zona_b
VS-0000377,CLI-00706,PRD-0166,tienda_sur,3,466.77,5,1400.31,transferencia,completada,2026-03-14 07:08:16,zona_d
VS-0000378,CLI-00620,PRD-0034,tienda_sur,1,104.06,0,104.06,efectivo,completada,2026-02-02 05:40:38,zona_a
VS-0000379,CLI-02530,PRD-0164,tienda_sur,1,339.59,0,339.59,efectivo,completada,2026-02-12 15:51:49,zona_a
VS-0000380,CLI-02530,PRD-0116,tienda_sur,6,8.29,10,49.74,yape,completada,2026-02-07 16:46:14,zona_d
VS-0000381,CLI-02422,PRD-0133,tienda_sur,5,87.16,10,435.8,tarjeta,devuelta,2026-03-21 19:35:07,zona_d
VS-0000382,CLI-02757,PRD-0033,tienda_sur,7,626.67,10,4386.69,tarjeta,completada,2026-03-22 10:26:39,zona_b
VS-0000383,CLI-01631,PRD-0098,tienda_sur,6,674.21,15,4045.26,tarjeta,completada,2026-02-24 13:50:35,zona_d
VS-0000384,CLI-01874,PRD-0137,tienda_sur,3,131.59,0,394.77,tarjeta,devuelta,2026-01-03 11:26:38,zona_c
VS-0000385,CLI-00859,PRD-0187,tienda_sur,6,19.56,25,117.36,transferencia,completada,2026-03-13 05:51:30,zona_a
VS-0000386,CLI-01716,PRD-0139,tienda_sur,5,15.86,15,79.3,tarjeta,completada,2026-02-22 18:16:37,zona_d
VS-0000387,CLI-01536,PRD-0024,tienda_sur,2,135.72,0,271.44,tarjeta,completada,2026-01-01 12:47:41,zona_d
VS-0000388,CLI-02900,PRD-0011,tienda_sur,2,75.37,0,150.74,tarjeta,completada,2026-01-24 05:50:40,zona_a
VS-0000389,CLI-00837,PRD-0100,tienda_sur,6,362.73,0,2176.38,tarjeta,completada,2026-03-16 05:15:37,zona_a
VS-0000390,CLI-01788,PRD-0126,tienda_sur,1,991.07,5,991.07,transferencia,devuelta,2026-03-09 20:18:17,zona_d
VS-0000391,CLI-00703,PRD-0058,tienda_sur,4,175.53,0,702.12,yape,completada,2026-01-20 16:31:40,zona_a
VS-0000392,CLI-00210,PRD-0094,tienda_sur,2,32.95,15,65.9,efectivo,completada,2026-01-07 22:39:35,zona_d
VS-0000393,CLI-02811,PRD-0005,tienda_sur,3,212.54,0,637.62,yape,completada,2026-02-14 14:13:52,zona_c
VS-0000394,CLI-02300,PRD-0195,tienda_sur,1,173.27,0,173.27,tarjeta,completada,2026-03-23 02:24:08,zona_d
VS-0000395,CLI-00733,PRD-0104,tienda_sur,2,195.93,0,391.86,yape,completada,2026-03-24 02:30:15,zona_b
VS-0000396,CLI-02897,PRD-0071,tienda_sur,8,60.41,15,483.28,efectivo,completada,2026-02-22 12:19:37,zona_b
VS-0000397,CLI-00837,PRD-0175,tienda_sur,4,74.48,0,297.92,tarjeta,completada,2026-03-10 13:03:37,zona_d
VS-0000398,CLI-02794,PRD-0135,tienda_sur,8,123.81,0,990.48,tarjeta,completada,2026-01-24 03:31:25,zona_b
VS-0000399,CLI-01227,PRD-0016,tienda_sur,2,150.16,25,300.32,yape,completada,2026-02-26 16:45:43,zona_d
VS-0000400,CLI-02096,PRD-0068,tienda_sur,1,158.32,5,158.32,efectivo,completada,2026-01-12 13:47:37,zona_c
VS-0000401,CLI-00895,PRD-0091,tienda_sur,3,49.81,0,149.43,tarjeta,completada,2026-03-01 08:57:37,zona_a
VS-0000402,CLI-01953,PRD-0047,tienda_sur,5,243.07,0,1215.35,yape,completada,2026-01-29 02:20:15,zona_a
VS-0000403,CLI-01070,PRD-0174,tienda_sur,1,285.09,10,285.09,tarjeta,completada,2026-03-26 13:00:05,zona_d
VS-0000404,CLI-01532,PRD-0195,tienda_sur,2,173.27,0,346.54,yape,completada,2026-01-15 12:38:36,zona_a
VS-0000405,CLI-02482,PRD-0011,tienda_sur,1,64.06,15,64.06,tarjeta,devuelta,2026-01-21 03:15:39,zona_c
VS-0000406,CLI-01441,PRD-0181,tienda_sur,8,106.33,0,850.64,transferencia,completada,2026-01-03 02:15:47,zona_b
VS-0000407,CLI-00748,PRD-0190,tienda_sur,3,201.42,15,604.26,tarjeta,completada,2026-02-26 15:18:37,zona_a
VS-0000408,CLI-01636,PRD-0151,tienda_sur,1,122.91,20,122.91,tarjeta,completada,2026-03-29 08:10:04,zona_a
VS-0000409,CLI-02305,PRD-0042,tienda_sur,4,76.12,0,304.48,yape,completada,2026-03-02 02:56:17,zona_b
VS-0000410,CLI-00533,PRD-0170,tienda_sur,2,111.76,0,223.52,tarjeta,completada,2026-03-18 01:37:05,zona_d
VS-0000411,CLI-01000,PRD-0088,tienda_sur,7,53.3,20,373.1,yape,completada,2026-01-16 20:20:21,zona_c
VS-0000412,CLI-02637,PRD-0016,tienda_sur,1,190.21,5,190.21,yape,devuelta,2026-02-09 03:58:45,zona_b
VS-0000413,CLI-02363,PRD-0187,tienda_sur,3,26.08,0,78.24,tarjeta,completada,2026-03-01 06:19:24,zona_c
VS-0000414,CLI-01316,PRD-0135,tienda_sur,3,123.81,0,371.43,efectivo,completada,2026-01-03 22:34:25,zona_b
VS-0000415,CLI-02235,PRD-0045,tienda_sur,8,37.15,0,297.2,tarjeta,completada,2026-01-24 00:18:53,zona_b
VS-0000416,CLI-02330,PRD-0130,tienda_sur,5,375.26,5,1876.3,tarjeta,completada,2026-02-16 07:31:18,zona_b
VS-0000417,CLI-02084,PRD-0172,tienda_sur,8,128.97,10,1031.76,yape,completada,2026-01-20 08:15:08,zona_b
VS-0000418,CLI-00130,PRD-0143,tienda_sur,3,20.15,10,60.45,efectivo,completada,2026-02-04 09:13:49,zona_d
VS-0000419,CLI-02625,PRD-0039,tienda_sur,3,54.97,10,164.91,efectivo,completada,2026-01-20 04:22:31,zona_d
VS-0000420,CLI-02194,PRD-0178,tienda_sur,7,87.6,0,613.2,tarjeta,completada,2026-02-14 14:27:59,zona_b
VS-0000421,CLI-01317,PRD-0056,tienda_sur,6,236.84,0,1421.04,tarjeta,pendiente,2026-01-13 21:16:27,zona_d
VS-0000422,CLI-02228,PRD-0114,tienda_sur,7,254.22,0,1779.54,yape,completada,2026-01-21 22:26:34,zona_c
VS-0000423,CLI-00013,PRD-0196,tienda_sur,8,39.17,5,313.36,transferencia,completada,2026-03-09 17:27:50,zona_a
VS-0000424,CLI-00289,PRD-0019,tienda_sur,6,290.02,0,1740.12,tarjeta,completada,2026-02-01 11:11:03,zona_c
VS-0000425,CLI-00925,PRD-0165,tienda_sur,1,913.18,0,913.18,efectivo,completada,2026-01-09 02:02:47,zona_d
VS-0000426,CLI-02151,PRD-0063,tienda_sur,7,183.55,15,1284.85,yape,completada,2026-01-16 17:28:24,zona_c
VS-0000427,CLI-02979,PRD-0178,tienda_sur,3,87.6,0,262.8,efectivo,completada,2026-01-04 13:41:35,zona_b
VS-0000428,CLI-00415,PRD-0075,tienda_sur,4,64.73,5,258.92,efectivo,completada,2026-01-19 06:17:09,zona_d
VS-0000429,CLI-01282,PRD-0170,tienda_sur,2,106.17,5,212.34,tarjeta,completada,2026-03-31 22:55:16,zona_d
VS-0000430,CLI-00896,PRD-0133,tienda_sur,3,92.0,5,276.0,tarjeta,completada,2026-01-09 15:09:12,zona_c
VS-0000431,CLI-00054,PRD-0064,tienda_sur,1,42.35,25,42.35,transferencia,completada,2026-01-12 01:16:36,zona_d
VS-0000432,CLI-01997,PRD-0197,tienda_sur,3,41.85,10,125.55,yape,completada,2026-02-07 02:47:32,zona_d
VS-0000433,CLI-00437,PRD-0029,tienda_sur,7,95.54,5,668.78,tarjeta,completada,2026-01-26 02:09:48,zona_c
VS-0000434,CLI-00598,PRD-0046,tienda_sur,4,362.76,0,1451.04,efectivo,completada,2026-02-24 23:12:14,zona_b
VS-0000435,CLI-01654,PRD-0152,tienda_sur,4,79.93,20,319.72,yape,completada,2026-03-03 17:47:19,zona_d
VS-0000436,CLI-02432,PRD-0190,tienda_sur,3,213.27,10,639.81,yape,completada,2026-02-07 21:52:46,zona_b
VS-0000437,CLI-01094,PRD-0193,tienda_sur,8,46.6,0,372.8,efectivo,completada,2026-03-07 02:36:35,zona_b
VS-0000438,CLI-01088,PRD-0151,tienda_sur,8,122.91,20,983.28,efectivo,completada,2026-03-05 16:25:50,zona_b
VS-0000439,CLI-00731,PRD-0096,tienda_sur,3,58.57,25,175.71,tarjeta,completada,2026-01-16 16:03:02,zona_b
VS-0000440,CLI-02813,PRD-0104,tienda_sur,6,176.34,10,1058.04,efectivo,completada,2026-03-24 04:17:26,zona_d
VS-0000441,CLI-00249,PRD-0009,tienda_sur,6,44.53,5,267.18,tarjeta,devuelta,2026-01-26 14:48:58,zona_d
VS-0000442,CLI-02210,PRD-0128,tienda_sur,5,45.55,10,227.75,transferencia,completada,2026-03-26 14:30:55,zona_b
VS-0000443,CLI-02841,PRD-0063,tienda_sur,1,172.75,20,172.75,yape,completada,2026-02-18 13:10:59,zona_c
VS-0000444,CLI-02750,PRD-0145,tienda_sur,1,340.64,0,340.64,tarjeta,completada,2026-01-09 00:04:59,zona_a
VS-0000445,CLI-01746,PRD-0139,tienda_sur,5,17.73,5,88.65,tarjeta,completada,2026-03-31 02:41:37,zona_a
VS-0000446,CLI-01407,PRD-0125,tienda_sur,5,281.95,10,1409.75,efectivo,completada,2026-02-25 16:49:17,zona_d
VS-0000447,CLI-01906,PRD-0181,tienda_sur,5,95.7,10,478.5,efectivo,completada,2026-01-13 20:40:42,zona_c
VS-0000448,CLI-02165,PRD-0128,tienda_sur,8,37.96,25,303.68,transferencia,completada,2026-03-03 06:02:27,zona_c
VS-0000449,CLI-00020,PRD-0109,tienda_sur,4,127.43,0,509.72,tarjeta,completada,2026-02-14 17:25:22,zona_d
VS-0000450,CLI-00406,PRD-0174,tienda_sur,8,316.77,0,2534.16,yape,completada,2026-01-15 11:12:36,zona_d
VS-0000451,CLI-02598,PRD-0058,tienda_sur,2,140.42,20,280.84,efectivo,completada,2026-01-09 13:41:30,zona_c
VS-0000452,CLI-02503,PRD-0049,tienda_sur,3,1047.28,0,3141.84,tarjeta,completada,2026-01-27 07:59:08,zona_c
VS-0000453,CLI-00641,PRD-0194,tienda_sur,6,175.92,0,1055.52,tarjeta,completada,2026-02-14 07:26:33,zona_b
VS-0000454,CLI-01404,PRD-0038,tienda_sur,4,37.58,10,150.32,tarjeta,completada,2026-03-02 19:59:32,zona_d
VS-0000455,CLI-01215,PRD-0169,tienda_sur,7,851.33,20,5959.31,efectivo,completada,2026-02-02 20:12:54,zona_c
VS-0000456,CLI-01166,PRD-0158,tienda_sur,4,230.04,0,920.16,tarjeta,completada,2026-01-05 01:35:57,zona_a
VS-0000457,CLI-01816,PRD-0104,tienda_sur,6,176.34,10,1058.04,yape,completada,2026-02-15 22:04:22,zona_a
VS-0000458,CLI-02240,PRD-0004,tienda_sur,4,43.11,20,172.44,transferencia,completada,2026-03-24 10:01:13,zona_b
VS-0000459,CLI-01409,PRD-0179,tienda_sur,3,350.18,10,1050.54,tarjeta,completada,2026-01-30 23:41:16,zona_b
VS-0000460,CLI-00266,PRD-0011,tienda_sur,6,75.37,0,452.22,efectivo,completada,2026-02-15 01:21:45,zona_d
VS-0000461,CLI-00688,PRD-0161,tienda_sur,2,33.75,0,67.5,tarjeta,completada,2026-03-22 21:56:18,zona_c
VS-0000462,CLI-02517,PRD-0137,tienda_sur,7,131.59,0,921.13,tarjeta,completada,2026-02-19 10:39:35,zona_c
VS-0000463,CLI-02077,PRD-0125,tienda_sur,1,297.62,5,297.62,tarjeta,completada,2026-02-26 01:17:49,zona_a
VS-0000464,CLI-00512,PRD-0007,tienda_sur,3,18.87,5,56.61,yape,completada,2026-01-27 16:33:08,zona_a
VS-0000465,CLI-00900,PRD-0093,tienda_sur,2,856.73,5,1713.46,transferencia,devuelta,2026-02-16 01:58:18,zona_c
VS-0000466,CLI-02737,PRD-0133,tienda_sur,1,82.31,15,82.31,transferencia,completada,2026-01-16 05:32:54,zona_c
VS-0000467,CLI-02566,PRD-0066,tienda_sur,5,819.09,0,4095.45,tarjeta,completada,2026-01-25 00:32:54,zona_d
VS-0000468,CLI-02879,PRD-0048,tienda_sur,7,307.21,0,2150.47,yape,completada,2026-01-03 09:56:15,zona_d
VS-0000469,CLI-02414,PRD-0065,tienda_sur,7,179.58,10,1257.06,tarjeta,completada,2026-03-23 02:19:44,zona_b
VS-0000470,CLI-02675,PRD-0046,tienda_sur,7,362.76,0,2539.32,efectivo,completada,2026-01-10 12:42:20,zona_b
VS-0000471,CLI-00831,PRD-0121,tienda_sur,3,749.48,15,2248.44,yape,completada,2026-03-15 23:50:43,zona_b
VS-0000472,CLI-02429,PRD-0046,tienda_sur,2,272.07,25,544.14,tarjeta,completada,2026-01-02 04:38:33,zona_d
VS-0000473,CLI-01053,PRD-0046,tienda_sur,6,362.76,0,2176.56,tarjeta,completada,2026-01-18 20:55:39,zona_b
VS-0000474,CLI-00450,PRD-0182,tienda_sur,7,116.18,0,813.26,yape,completada,2026-03-04 18:37:32,zona_b
VS-0000475,CLI-02508,PRD-0132,tienda_sur,2,625.37,5,1250.74,tarjeta,completada,2026-01-24 16:08:02,zona_b
VS-0000476,CLI-02394,PRD-0028,tienda_sur,7,8.52,0,59.64,yape,completada,2026-01-31 15:54:10,zona_a
VS-0000477,CLI-01696,PRD-0114,tienda_sur,2,228.8,10,457.6,tarjeta,completada,2026-01-22 16:37:09,zona_d
VS-0000478,CLI-01832,PRD-0083,tienda_sur,7,74.18,20,519.26,transferencia,completada,2026-03-03 02:33:06,zona_b
VS-0000479,CLI-00998,PRD-0135,tienda_sur,6,111.43,10,668.58,tarjeta,devuelta,2026-03-11 02:52:41,zona_a
VS-0000480,CLI-02017,PRD-0006,tienda_sur,8,395.52,0,3164.16,transferencia,completada,2026-02-26 17:29:37,zona_b
VS-0000481,CLI-01579,PRD-0032,tienda_sur,2,132.44,0,264.88,yape,completada,2026-01-19 10:08:42,zona_c
VS-0000482,CLI-00807,PRD-0058,tienda_sur,3,157.98,10,473.94,efectivo,completada,2026-03-31 03:55:03,zona_d
VS-0000483,CLI-00850,PRD-0095,tienda_sur,4,50.05,0,200.2,yape,devuelta,2026-03-25 16:58:28,zona_a
VS-0000484,CLI-01181,PRD-0111,tienda_sur,6,66.48,10,398.88,tarjeta,completada,2026-03-04 11:20:26,zona_a
VS-0000485,CLI-01847,PRD-0200,tienda_sur,8,32.25,5,258.0,tarjeta,completada,2026-02-14 00:46:32,zona_d
VS-0000486,CLI-01593,PRD-0199,tienda_sur,2,375.09,0,750.18,efectivo,completada,2026-03-21 04:09:52,zona_c
VS-0000487,CLI-01222,PRD-0029,tienda_sur,5,100.57,0,502.85,tarjeta,completada,2026-01-23 02:34:20,zona_a
VS-0000488,CLI-00277,PRD-0050,tienda_sur,5,10.76,5,53.8,efectivo,completada,2026-03-02 13:05:54,zona_d
VS-0000489,CLI-00710,PRD-0051,tienda_sur,7,279.19,15,1954.33,efectivo,completada,2026-01-02 01:33:48,zona_d
VS-0000490,CLI-02671,PRD-0120,tienda_sur,6,290.54,0,1743.24,yape,completada,2026-03-26 18:35:25,zona_a
VS-0000491,CLI-02888,PRD-0018,tienda_sur,1,107.41,25,107.41,yape,completada,2026-02-07 02:13:19,zona_c
VS-0000492,CLI-02960,PRD-0004,tienda_sur,3,53.89,0,161.67,yape,completada,2026-01-16 00:58:27,zona_c
VS-0000493,CLI-01477,PRD-0171,tienda_sur,3,30.71,0,92.13,tarjeta,completada,2026-01-11 17:49:17,zona_d
VS-0000494,CLI-00981,PRD-0115,tienda_sur,3,1029.74,10,3089.22,efectivo,completada,2026-03-23 02:38:19,zona_a
VS-0000495,CLI-02579,PRD-0006,tienda_sur,8,336.19,15,2689.52,tarjeta,completada,2026-03-31 12:02:26,zona_c
VS-0000496,CLI-01671,PRD-0009,tienda_sur,3,46.87,0,140.61,tarjeta,completada,2026-01-15 13:30:36,zona_a
VS-0000497,CLI-02952,PRD-0064,tienda_sur,2,53.65,5,107.3,tarjeta,completada,2026-01-14 03:52:15,zona_d
VS-0000498,CLI-01210,PRD-0043,tienda_sur,1,24.14,0,24.14,efectivo,completada,2026-03-15 04:00:04,zona_d
VS-0000499,CLI-02571,PRD-0149,tienda_sur,8,273.72,0,2189.76,efectivo,completada,2026-02-01 13:02:31,zona_d
VS-0000500,CLI-01578,PRD-0120,tienda_sur,8,290.54,0,2324.32,efectivo,devuelta,2026-01-23 11:59:56,zona_d
VS-0000501,CLI-02113,PRD-0186,tienda_sur,2,64.74,15,129.48,tarjeta,pendiente,2026-02-20 03:36:13,zona_d
VS-0000502,CLI-02923,PRD-0197,tienda_sur,5,41.85,10,209.25,efectivo,completada,2026-03-20 02:40:13,zona_c
VS-0000503,CLI-02093,PRD-0003,tienda_sur,2,158.85,10,317.7,efectivo,completada,2026-01-06 19:17:20,zona_b
VS-0000504,CLI-02664,PRD-0045,tienda_sur,8,37.15,0,297.2,tarjeta,completada,2026-03-06 14:53:11,zona_a
VS-0000505,CLI-01646,PRD-0054,tienda_sur,5,98.65,0,493.25,tarjeta,completada,2026-01-22 12:07:50,zona_d
VS-0000506,CLI-01409,PRD-0190,tienda_sur,3,236.97,0,710.91,tarjeta,completada,2026-01-11 11:29:09,zona_d
VS-0000507,CLI-00361,PRD-0157,tienda_sur,2,242.32,10,484.64,tarjeta,completada,2026-02-27 23:23:21,zona_c
VS-0000508,CLI-02574,PRD-0092,tienda_sur,2,1162.25,0,2324.5,transferencia,completada,2026-03-30 06:10:42,zona_d
VS-0000509,CLI-00422,PRD-0127,tienda_sur,6,41.04,0,246.24,tarjeta,completada,2026-03-29 01:46:10,zona_a
VS-0000510,CLI-00652,PRD-0020,tienda_sur,8,292.58,10,2340.64,efectivo,completada,2026-03-10 15:19:54,zona_d
VS-0000511,CLI-02229,PRD-0041,tienda_sur,2,170.99,0,341.98,efectivo,completada,2026-03-07 20:44:59,zona_b
VS-0000512,CLI-02919,PRD-0188,tienda_sur,8,105.38,0,843.04,efectivo,completada,2026-01-13 03:02:29,zona_c
VS-0000513,CLI-02403,PRD-0084,tienda_sur,1,105.57,5,105.57,tarjeta,devuelta,2026-03-24 17:51:20,zona_d
VS-0000514,CLI-00786,PRD-0123,tienda_sur,4,40.34,0,161.36,tarjeta,completada,2026-02-08 21:11:25,zona_b
VS-0000515,CLI-00780,PRD-0195,tienda_sur,6,173.27,0,1039.62,efectivo,devuelta,2026-01-26 12:36:09,zona_a
VS-0000516,CLI-01706,PRD-0170,tienda_sur,7,100.58,10,704.06,yape,completada,2026-03-18 02:30:42,zona_d
VS-0000517,CLI-01363,PRD-0092,tienda_sur,1,929.8,20,929.8,tarjeta,completada,2026-03-30 11:06:04,zona_a
VS-0000518,CLI-02159,PRD-0084,tienda_sur,3,100.02,10,300.06,yape,completada,2026-01-26 01:08:03,zona_b
VS-0000519,CLI-02860,PRD-0135,tienda_sur,8,123.81,0,990.48,tarjeta,completada,2026-01-29 08:53:52,zona_d
VS-0000520,CLI-01103,PRD-0150,tienda_sur,7,738.2,10,5167.4,efectivo,completada,2026-03-25 02:34:12,zona_d
VS-0000521,CLI-01869,PRD-0184,tienda_sur,2,141.93,5,283.86,tarjeta,pendiente,2026-02-05 00:44:45,zona_a
VS-0000522,CLI-02419,PRD-0138,tienda_sur,6,124.27,15,745.62,tarjeta,completada,2026-03-13 10:53:18,zona_c
VS-0000523,CLI-01513,PRD-0028,tienda_sur,3,8.52,0,25.56,yape,completada,2026-03-17 03:41:03,zona_d
VS-0000524,CLI-00112,PRD-0139,tienda_sur,6,14.93,20,89.58,tarjeta,completada,2026-02-22 03:54:53,zona_d
VS-0000525,CLI-02742,PRD-0095,tienda_sur,2,45.05,10,90.1,tarjeta,devuelta,2026-01-20 20:55:45,zona_d
VS-0000526,CLI-01365,PRD-0191,tienda_sur,5,173.53,0,867.65,transferencia,completada,2026-03-10 10:22:40,zona_a
VS-0000527,CLI-00568,PRD-0171,tienda_sur,7,27.64,10,193.48,yape,completada,2026-03-13 04:58:20,zona_a
VS-0000528,CLI-00296,PRD-0120,tienda_sur,6,290.54,0,1743.24,yape,devuelta,2026-01-23 05:45:43,zona_d
VS-0000529,CLI-00680,PRD-0179,tienda_sur,3,369.64,5,1108.92,efectivo,completada,2026-03-29 11:59:19,zona_b
VS-0000530,CLI-00888,PRD-0171,tienda_sur,3,30.71,0,92.13,transferencia,pendiente,2026-02-09 08:24:04,zona_a
VS-0000531,CLI-02596,PRD-0128,tienda_sur,4,40.49,20,161.96,efectivo,completada,2026-03-22 00:44:26,zona_b
VS-0000532,CLI-02147,PRD-0047,tienda_sur,6,206.61,15,1239.66,tarjeta,completada,2026-03-26 21:21:58,zona_d
VS-0000533,CLI-02600,PRD-0031,tienda_sur,4,279.72,10,1118.88,tarjeta,completada,2026-02-21 22:56:34,zona_b
VS-0000534,CLI-01190,PRD-0088,tienda_sur,6,63.29,5,379.74,transferencia,completada,2026-02-25 03:07:41,zona_c
VS-0000535,CLI-02129,PRD-0060,tienda_sur,7,132.18,5,925.26,transferencia,completada,2026-01-26 00:44:11,zona_a
VS-0000536,CLI-01383,PRD-0086,tienda_sur,3,14.08,20,42.24,tarjeta,completada,2026-02-20 11:28:30,zona_c
VS-0000537,CLI-02827,PRD-0154,tienda_sur,1,47.82,0,47.82,yape,devuelta,2026-03-23 05:10:59,zona_b
VS-0000538,CLI-02628,PRD-0129,tienda_sur,7,89.95,10,629.65,tarjeta,completada,2026-02-11 17:21:59,zona_c
VS-0000539,CLI-02200,PRD-0116,tienda_sur,8,9.21,0,73.68,transferencia,completada,2026-01-24 04:06:00,zona_b
VS-0000540,CLI-00326,PRD-0089,tienda_sur,2,68.95,0,137.9,transferencia,completada,2026-01-13 01:23:52,zona_a
VS-0000541,CLI-00352,PRD-0080,tienda_sur,8,121.3,15,970.4,yape,completada,2026-03-09 16:55:59,zona_a
VS-0000542,CLI-01937,PRD-0108,tienda_sur,7,132.36,5,926.52,yape,completada,2026-02-28 13:10:57,zona_a
VS-0000543,CLI-00326,PRD-0132,tienda_sur,4,592.45,10,2369.8,yape,completada,2026-02-17 00:39:30,zona_c
VS-0000544,CLI-02014,PRD-0017,tienda_sur,7,739.99,0,5179.93,tarjeta,completada,2026-03-31 03:00:43,zona_a
VS-0000545,CLI-00267,PRD-0194,tienda_sur,5,140.74,20,703.7,tarjeta,completada,2026-02-28 01:02:17,zona_b
VS-0000546,CLI-01798,PRD-0098,tienda_sur,1,713.87,10,713.87,tarjeta,completada,2026-01-21 20:57:10,zona_d
VS-0000547,CLI-01283,PRD-0092,tienda_sur,3,929.8,20,2789.4,yape,completada,2026-03-04 17:53:12,zona_c
VS-0000548,CLI-00017,PRD-0170,tienda_sur,4,111.76,0,447.04,transferencia,completada,2026-03-07 22:54:11,zona_a
VS-0000549,CLI-00179,PRD-0144,tienda_sur,5,78.08,0,390.4,tarjeta,completada,2026-01-05 08:13:15,zona_c
VS-0000550,CLI-02014,PRD-0186,tienda_sur,8,72.35,5,578.8,efectivo,completada,2026-03-13 14:33:06,zona_b
VS-0000551,CLI-00412,PRD-0070,tienda_sur,8,406.66,20,3253.28,yape,completada,2026-02-27 22:18:40,zona_d
VS-0000552,CLI-02073,PRD-0187,tienda_sur,7,26.08,0,182.56,yape,completada,2026-03-18 06:12:04,zona_d
VS-0000553,CLI-00950,PRD-0091,tienda_sur,4,39.85,20,159.4,tarjeta,completada,2026-01-16 13:53:49,zona_b
VS-0000554,CLI-00643,PRD-0040,tienda_sur,2,128.66,25,257.32,tarjeta,completada,2026-01-12 14:11:38,zona_b
VS-0000555,CLI-00905,PRD-0023,tienda_sur,2,61.55,5,123.1,transferencia,devuelta,2026-01-11 20:59:03,zona_b
VS-0000556,CLI-01305,PRD-0152,tienda_sur,5,99.91,0,499.55,tarjeta,completada,2026-02-07 07:20:16,zona_c
VS-0000557,CLI-00070,PRD-0047,tienda_sur,5,243.07,0,1215.35,transferencia,completada,2026-01-18 17:05:49,zona_b
VS-0000558,CLI-02541,PRD-0092,tienda_sur,6,1046.03,10,6276.18,yape,completada,2026-01-19 21:49:48,zona_d
VS-0000559,CLI-00782,PRD-0109,tienda_sur,8,127.43,0,1019.44,transferencia,completada,2026-02-01 12:14:43,zona_c
VS-0000560,CLI-01168,PRD-0100,tienda_sur,1,290.18,20,290.18,yape,completada,2026-02-21 02:22:24,zona_b
VS-0000561,CLI-02038,PRD-0153,tienda_sur,4,1063.07,10,4252.28,tarjeta,completada,2026-02-22 01:25:01,zona_d
VS-0000562,CLI-01731,PRD-0105,tienda_sur,7,78.57,0,549.99,transferencia,completada,2026-03-10 15:43:57,zona_a
VS-0000563,CLI-00451,PRD-0170,tienda_sur,5,111.76,0,558.8,transferencia,completada,2026-01-13 00:56:14,zona_d
VS-0000564,CLI-01335,PRD-0050,tienda_sur,4,11.33,0,45.32,tarjeta,completada,2026-01-02 14:52:22,zona_a
VS-0000565,CLI-01223,PRD-0139,tienda_sur,8,17.73,5,141.84,efectivo,completada,2026-03-10 22:02:03,zona_d
VS-0000566,CLI-02173,PRD-0010,tienda_sur,1,147.48,0,147.48,yape,completada,2026-03-24 05:15:34,zona_c
VS-0000567,CLI-01541,PRD-0146,tienda_sur,6,81.53,5,489.18,yape,completada,2026-03-30 21:17:38,zona_a
VS-0000568,CLI-00070,PRD-0053,tienda_sur,2,4.14,20,8.28,transferencia,completada,2026-02-07 08:37:57,zona_a
VS-0000569,CLI-00910,PRD-0087,tienda_sur,1,39.41,0,39.41,yape,completada,2026-02-13 23:41:43,zona_a
VS-0000570,CLI-00843,PRD-0082,tienda_sur,8,287.94,5,2303.52,tarjeta,completada,2026-01-16 13:53:28,zona_d
VS-0000571,CLI-00579,PRD-0054,tienda_sur,1,98.65,0,98.65,transferencia,completada,2026-03-27 08:58:29,zona_a
VS-0000572,CLI-00341,PRD-0122,tienda_sur,7,237.03,5,1659.21,tarjeta,completada,2026-02-07 12:21:43,zona_a
VS-0000573,CLI-00771,PRD-0162,tienda_sur,6,76.2,10,457.2,tarjeta,completada,2026-02-26 15:27:53,zona_d
VS-0000574,CLI-00277,PRD-0158,tienda_sur,3,230.04,0,690.12,tarjeta,completada,2026-02-17 18:13:22,zona_a
VS-0000575,CLI-02134,PRD-0062,tienda_sur,5,127.56,0,637.8,yape,completada,2026-02-06 04:52:52,zona_c
VS-0000576,CLI-00505,PRD-0018,tienda_sur,3,121.73,15,365.19,tarjeta,completada,2026-03-24 00:27:33,zona_c
VS-0000577,CLI-02473,PRD-0045,tienda_sur,1,35.29,5,35.29,tarjeta,completada,2026-02-23 13:17:24,zona_a
VS-0000578,CLI-00065,PRD-0034,tienda_sur,4,93.65,10,374.6,yape,completada,2026-02-15 00:30:19,zona_b
VS-0000579,CLI-02658,PRD-0144,tienda_sur,2,70.27,10,140.54,yape,completada,2026-02-20 08:53:57,zona_c
VS-0000580,CLI-02532,PRD-0130,tienda_sur,4,375.26,5,1501.04,yape,devuelta,2026-01-24 13:37:30,zona_d
VS-0000581,CLI-01190,PRD-0130,tienda_sur,8,375.26,5,3002.08,tarjeta,completada,2026-01-31 09:20:05,zona_a
VS-0000582,CLI-01134,PRD-0140,tienda_sur,6,100.16,15,600.96,tarjeta,completada,2026-01-19 06:18:54,zona_c
VS-0000583,CLI-01386,PRD-0135,tienda_sur,5,105.24,15,526.2,tarjeta,completada,2026-03-19 15:17:24,zona_d
VS-0000584,CLI-00198,PRD-0002,tienda_sur,6,35.98,0,215.88,efectivo,completada,2026-01-15 11:15:16,zona_b
VS-0000585,CLI-01230,PRD-0147,tienda_sur,7,42.47,15,297.29,efectivo,completada,2026-01-18 12:31:15,zona_c
VS-0000586,CLI-00381,PRD-0112,tienda_sur,3,288.27,0,864.81,tarjeta,completada,2026-02-16 17:49:14,zona_c
VS-0000587,CLI-01670,PRD-0154,tienda_sur,5,43.04,10,215.2,tarjeta,completada,2026-02-24 06:34:06,zona_a
VS-0000588,CLI-02036,PRD-0149,tienda_sur,3,218.98,20,656.94,tarjeta,completada,2026-01-13 08:14:10,zona_a
VS-0000589,CLI-02158,PRD-0164,tienda_sur,8,271.67,20,2173.36,yape,completada,2026-01-22 09:00:52,zona_b
VS-0000590,CLI-02324,PRD-0179,tienda_sur,8,389.09,0,3112.72,tarjeta,completada,2026-02-03 04:33:26,zona_b
VS-0000591,CLI-00327,PRD-0175,tienda_sur,7,67.03,10,469.21,efectivo,completada,2026-03-10 08:18:59,zona_b
VS-0000592,CLI-02741,PRD-0078,tienda_sur,5,52.19,5,260.95,tarjeta,completada,2026-03-05 05:07:18,zona_d
VS-0000593,CLI-02128,PRD-0107,tienda_sur,3,39.64,25,118.92,transferencia,devuelta,2026-02-04 05:42:54,zona_a
VS-0000594,CLI-00626,PRD-0199,tienda_sur,8,375.09,0,3000.72,tarjeta,completada,2026-03-02 02:32:52,zona_a
VS-0000595,CLI-00348,PRD-0069,tienda_sur,4,49.71,10,198.84,yape,completada,2026-02-19 02:02:27,zona_d
VS-0000596,CLI-00026,PRD-0053,tienda_sur,3,4.66,10,13.98,tarjeta,completada,2026-01-03 22:46:12,zona_c
VS-0000597,CLI-02625,PRD-0009,tienda_sur,3,44.53,5,133.59,tarjeta,completada,2026-03-27 12:04:47,zona_a
VS-0000598,CLI-00189,PRD-0194,tienda_sur,8,131.94,25,1055.52,tarjeta,completada,2026-03-18 01:50:56,zona_b
VS-0000599,CLI-02813,PRD-0066,tienda_sur,6,778.14,5,4668.84,efectivo,devuelta,2026-01-23 13:50:09,zona_c
VS-0000600,CLI-02024,PRD-0187,tienda_sur,1,23.47,10,23.47,yape,completada,2026-02-16 14:44:39,zona_d
VS-0000601,CLI-02238,PRD-0149,tienda_sur,2,260.03,5,520.06,tarjeta,completada,2026-03-14 03:00:20,zona_b
VS-0000602,CLI-00107,PRD-0200,tienda_sur,4,28.86,15,115.44,tarjeta,completada,2026-01-19 01:08:56,zona_c
VS-0000603,CLI-01020,PRD-0147,tienda_sur,4,37.47,25,149.88,yape,completada,2026-02-28 10:06:13,zona_a
VS-0000604,CLI-00632,PRD-0023,tienda_sur,2,58.31,10,116.62,transferencia,completada,2026-01-16 08:06:53,zona_d
VS-0000605,CLI-00432,PRD-0125,tienda_sur,8,313.28,0,2506.24,tarjeta,completada,2026-01-25 18:35:06,zona_b
VS-0000606,CLI-00993,PRD-0197,tienda_sur,7,46.5,0,325.5,yape,completada,2026-03-03 07:17:30,zona_c
VS-0000607,CLI-00756,PRD-0061,tienda_sur,5,771.58,10,3857.9,tarjeta,devuelta,2026-02-12 19:33:16,zona_b
VS-0000608,CLI-02395,PRD-0200,tienda_sur,4,32.25,5,129.0,transferencia,completada,2026-02-24 21:57:58,zona_a
VS-0000609,CLI-00686,PRD-0100,tienda_sur,2,344.59,5,689.18,tarjeta,completada,2026-03-17 00:14:08,zona_a
VS-0000610,CLI-01387,PRD-0103,tienda_sur,4,338.06,10,1352.24,tarjeta,completada,2026-01-26 10:57:00,zona_b
VS-0000611,CLI-00982,PRD-0056,tienda_sur,3,213.16,10,639.48,yape,completada,2026-02-14 11:38:54,zona_c
VS-0000612,CLI-01713,PRD-0046,tienda_sur,6,290.21,20,1741.26,transferencia,completada,2026-03-20 03:13:34,zona_b
VS-0000613,CLI-02231,PRD-0134,tienda_sur,3,97.62,0,292.86,efectivo,pendiente,2026-02-18 08:21:05,zona_c
VS-0000614,CLI-00848,PRD-0197,tienda_sur,2,37.2,20,74.4,tarjeta,completada,2026-03-03 15:22:57,zona_b
VS-0000615,CLI-02175,PRD-0134,tienda_sur,3,97.62,0,292.86,tarjeta,completada,2026-01-21 21:05:53,zona_d
VS-0000616,CLI-02466,PRD-0106,tienda_sur,7,233.66,0,1635.62,yape,completada,2026-03-27 07:19:12,zona_b
VS-0000617,CLI-00692,PRD-0150,tienda_sur,5,779.21,5,3896.05,tarjeta,completada,2026-02-16 00:09:25,zona_d
VS-0000618,CLI-01140,PRD-0040,tienda_sur,6,162.96,5,977.76,yape,completada,2026-03-30 22:45:29,zona_a
VS-0000619,CLI-02664,PRD-0025,tienda_sur,8,377.84,5,3022.72,transferencia,completada,2026-02-13 20:56:13,zona_b
VS-0000620,CLI-00164,PRD-0071,tienda_sur,6,63.96,10,383.76,tarjeta,completada,2026-02-28 17:35:19,zona_c
VS-0000621,CLI-00969,PRD-0038,tienda_sur,2,41.76,0,83.52,tarjeta,completada,2026-01-06 17:06:58,zona_d
VS-0000622,CLI-02019,PRD-0107,tienda_sur,6,52.86,0,317.16,efectivo,completada,2026-02-25 04:43:13,zona_b
VS-0000623,CLI-02288,PRD-0118,tienda_sur,2,47.91,10,95.82,yape,completada,2026-01-29 20:29:40,zona_a
VS-0000624,CLI-01119,PRD-0132,tienda_sur,2,526.62,20,1053.24,tarjeta,completada,2026-01-05 12:08:08,zona_c
VS-0000625,CLI-02382,PRD-0103,tienda_sur,4,375.62,0,1502.48,tarjeta,completada,2026-01-30 19:25:32,zona_c
VS-0000626,CLI-00049,PRD-0065,tienda_sur,2,189.55,5,379.1,tarjeta,completada,2026-03-31 21:47:57,zona_d
VS-0000627,CLI-00265,PRD-0073,tienda_sur,6,61.22,10,367.32,tarjeta,completada,2026-01-27 02:24:08,zona_d
VS-0000628,CLI-02811,PRD-0171,tienda_sur,4,29.17,5,116.68,tarjeta,completada,2026-03-23 08:42:05,zona_a
VS-0000629,CLI-01942,PRD-0138,tienda_sur,8,131.58,10,1052.64,tarjeta,devuelta,2026-01-31 08:15:56,zona_b
VS-0000630,CLI-01504,PRD-0011,tienda_sur,5,67.83,10,339.15,efectivo,completada,2026-01-31 08:48:00,zona_a
VS-0000631,CLI-01624,PRD-0051,tienda_sur,8,295.61,10,2364.88,tarjeta,completada,2026-03-19 18:08:34,zona_a
VS-0000632,CLI-02679,PRD-0139,tienda_sur,6,16.79,10,100.74,efectivo,completada,2026-03-11 19:45:05,zona_d
VS-0000633,CLI-02621,PRD-0081,tienda_sur,6,115.75,0,694.5,efectivo,completada,2026-03-14 15:19:12,zona_c
VS-0000634,CLI-01180,PRD-0105,tienda_sur,8,78.57,0,628.56,tarjeta,devuelta,2026-03-04 23:04:10,zona_a
VS-0000635,CLI-00125,PRD-0055,tienda_sur,7,16.23,20,113.61,efectivo,completada,2026-03-04 07:27:32,zona_a
VS-0000636,CLI-00662,PRD-0185,tienda_sur,1,160.88,10,160.88,yape,completada,2026-02-13 03:56:23,zona_b
VS-0000637,CLI-02537,PRD-0178,tienda_sur,7,74.46,15,521.22,tarjeta,completada,2026-01-15 05:46:23,zona_c
VS-0000638,CLI-01905,PRD-0119,tienda_sur,6,136.14,20,816.84,yape,completada,2026-01-10 06:06:04,zona_b
VS-0000639,CLI-01279,PRD-0119,tienda_sur,8,170.18,0,1361.44,tarjeta,completada,2026-02-28 22:30:46,zona_b
VS-0000640,CLI-00283,PRD-0187,tienda_sur,7,19.56,25,136.92,efectivo,completada,2026-02-28 14:02:02,zona_c
VS-0000641,CLI-00399,PRD-0003,tienda_sur,3,132.38,25,397.14,efectivo,completada,2026-01-09 13:25:29,zona_d
VS-0000642,CLI-02048,PRD-0198,tienda_sur,6,305.66,15,1833.96,tarjeta,completada,2026-02-05 16:01:24,zona_c
VS-0000643,CLI-00146,PRD-0038,tienda_sur,7,41.76,0,292.32,yape,completada,2026-01-07 21:38:11,zona_d
VS-0000644,CLI-00271,PRD-0172,tienda_sur,6,136.13,5,816.78,tarjeta,completada,2026-01-02 08:39:22,zona_a
VS-0000645,CLI-01110,PRD-0005,tienda_sur,4,212.54,0,850.16,tarjeta,completada,2026-03-17 14:00:25,zona_c
VS-0000646,CLI-02760,PRD-0104,tienda_sur,7,195.93,0,1371.51,tarjeta,completada,2026-03-15 18:25:31,zona_d
VS-0000647,CLI-02769,PRD-0086,tienda_sur,3,15.84,10,47.52,yape,completada,2026-02-03 04:21:11,zona_a
VS-0000648,CLI-00958,PRD-0002,tienda_sur,6,34.18,5,205.08,tarjeta,completada,2026-03-15 22:03:47,zona_c
VS-0000649,CLI-01796,PRD-0067,tienda_sur,6,101.45,0,608.7,tarjeta,completada,2026-01-22 22:33:52,zona_a
VS-0000650,CLI-00930,PRD-0035,tienda_sur,8,108.66,0,869.28,transferencia,completada,2026-03-30 17:25:34,zona_d
VS-0000651,CLI-00291,PRD-0001,tienda_sur,7,361.29,5,2529.03,transferencia,completada,2026-02-05 17:03:11,zona_b
VS-0000652,CLI-02223,PRD-0008,tienda_sur,4,996.57,10,3986.28,tarjeta,completada,2026-01-23 14:46:17,zona_b
VS-0000653,CLI-00169,PRD-0151,tienda_sur,3,153.64,0,460.92,yape,completada,2026-02-11 18:18:16,zona_b
VS-0000654,CLI-01309,PRD-0026,tienda_sur,8,1106.95,5,8855.6,efectivo,devuelta,2026-03-22 18:31:48,zona_c
VS-0000655,CLI-00019,PRD-0035,tienda_sur,1,108.66,0,108.66,efectivo,completada,2026-01-12 08:01:10,zona_a
VS-0000656,CLI-01586,PRD-0062,tienda_sur,4,127.56,0,510.24,transferencia,completada,2026-01-16 13:51:04,zona_b
VS-0000657,CLI-02511,PRD-0116,tienda_sur,7,6.91,25,48.37,efectivo,completada,2026-03-21 10:53:05,zona_b
VS-0000658,CLI-00321,PRD-0187,tienda_sur,6,26.08,0,156.48,tarjeta,completada,2026-03-12 18:12:02,zona_c
VS-0000659,CLI-00014,PRD-0030,tienda_sur,3,246.84,0,740.52,efectivo,completada,2026-02-06 04:45:58,zona_b
VS-0000660,CLI-00171,PRD-0057,tienda_sur,1,398.67,0,398.67,efectivo,completada,2026-01-14 16:42:15,zona_a
VS-0000661,CLI-00750,PRD-0153,tienda_sur,8,1004.01,15,8032.08,tarjeta,completada,2026-03-17 15:36:48,zona_b
VS-0000662,CLI-01930,PRD-0088,tienda_sur,4,59.96,10,239.84,efectivo,completada,2026-02-06 16:07:03,zona_d
VS-0000663,CLI-01371,PRD-0142,tienda_sur,7,103.08,15,721.56,yape,completada,2026-02-08 02:00:45,zona_c
VS-0000664,CLI-01470,PRD-0004,tienda_sur,2,51.2,5,102.4,yape,completada,2026-02-03 14:16:55,zona_b
VS-0000665,CLI-00204,PRD-0109,tienda_sur,6,127.43,0,764.58,yape,pendiente,2026-02-24 06:47:19,zona_d
VS-0000666,CLI-02358,PRD-0187,tienda_sur,5,26.08,0,130.4,tarjeta,completada,2026-03-19 21:39:04,zona_c
VS-0000667,CLI-00371,PRD-0140,tienda_sur,5,94.26,20,471.3,transferencia,completada,2026-03-15 20:18:05,zona_c
VS-0000668,CLI-00844,PRD-0119,tienda_sur,5,170.18,0,850.9,efectivo,completada,2026-01-01 10:11:15,zona_b
VS-0000669,CLI-02958,PRD-0153,tienda_sur,1,1181.19,0,1181.19,tarjeta,completada,2026-01-19 04:40:54,zona_a
VS-0000670,CLI-00842,PRD-0115,tienda_sur,3,1144.16,0,3432.48,transferencia,completada,2026-03-20 13:46:06,zona_a
VS-0000671,CLI-02032,PRD-0026,tienda_sur,8,1165.21,0,9321.68,tarjeta,completada,2026-02-27 15:18:57,zona_a
VS-0000672,CLI-02223,PRD-0160,tienda_sur,1,42.25,10,42.25,tarjeta,completada,2026-01-08 19:36:36,zona_d
VS-0000673,CLI-02777,PRD-0095,tienda_sur,4,45.05,10,180.2,yape,completada,2026-03-04 03:03:33,zona_b
VS-0000674,CLI-01510,PRD-0032,tienda_sur,7,132.44,0,927.08,efectivo,completada,2026-02-22 06:15:07,zona_a
VS-0000675,CLI-02846,PRD-0036,tienda_sur,8,43.1,0,344.8,tarjeta,completada,2026-02-09 23:37:07,zona_b
VS-0000676,CLI-02494,PRD-0149,tienda_sur,7,273.72,0,1916.04,tarjeta,completada,2026-02-10 14:19:54,zona_c
VS-0000677,CLI-00079,PRD-0012,tienda_sur,4,154.12,0,616.48,transferencia,completada,2026-03-22 21:38:12,zona_c
VS-0000678,CLI-01843,PRD-0019,tienda_sur,4,261.02,10,1044.08,transferencia,completada,2026-03-31 09:20:29,zona_b
VS-0000679,CLI-02345,PRD-0105,tienda_sur,4,62.86,20,251.44,tarjeta,completada,2026-01-28 13:53:54,zona_d
VS-0000680,CLI-01416,PRD-0018,tienda_sur,4,114.57,20,458.28,tarjeta,completada,2026-02-10 05:39:30,zona_c
VS-0000681,CLI-01785,PRD-0146,tienda_sur,6,72.95,15,437.7,tarjeta,completada,2026-01-10 11:49:35,zona_d
VS-0000682,CLI-02008,PRD-0069,tienda_sur,6,52.47,5,314.82,tarjeta,completada,2026-02-03 10:53:54,zona_a
VS-0000683,CLI-01540,PRD-0158,tienda_sur,3,195.53,15,586.59,tarjeta,completada,2026-03-13 06:29:16,zona_b
VS-0000684,CLI-01834,PRD-0022,tienda_sur,3,64.46,0,193.38,efectivo,completada,2026-01-24 06:20:04,zona_d
VS-0000685,CLI-01181,PRD-0002,tienda_sur,7,35.98,0,251.86,tarjeta,completada,2026-01-01 02:31:42,zona_b
VS-0000686,CLI-02469,PRD-0115,tienda_sur,4,915.33,20,3661.32,tarjeta,completada,2026-02-28 02:25:55,zona_b
VS-0000687,CLI-02102,PRD-0191,tienda_sur,1,138.82,20,138.82,tarjeta,completada,2026-01-25 05:51:50,zona_d
VS-0000688,CLI-00824,PRD-0027,tienda_sur,2,29.13,5,58.26,tarjeta,completada,2026-02-12 00:35:27,zona_a
VS-0000689,CLI-00798,PRD-0098,tienda_sur,7,793.19,0,5552.33,efectivo,devuelta,2026-03-24 16:44:01,zona_c
VS-0000690,CLI-00047,PRD-0166,tienda_sur,2,491.34,0,982.68,tarjeta,completada,2026-01-05 18:56:26,zona_d
VS-0000691,CLI-00081,PRD-0038,tienda_sur,7,39.67,5,277.69,yape,completada,2026-02-01 09:31:28,zona_b
VS-0000692,CLI-01899,PRD-0097,tienda_sur,5,168.78,0,843.9,yape,completada,2026-01-07 16:07:36,zona_d
VS-0000693,CLI-01366,PRD-0146,tienda_sur,5,77.24,10,386.2,tarjeta,completada,2026-01-05 08:33:21,zona_d
VS-0000694,CLI-00245,PRD-0030,tienda_sur,7,209.81,15,1468.67,tarjeta,devuelta,2026-03-05 01:08:02,zona_b
VS-0000695,CLI-01006,PRD-0074,tienda_sur,7,100.23,0,701.61,efectivo,completada,2026-02-20 01:22:05,zona_b
VS-0000696,CLI-00231,PRD-0016,tienda_sur,5,200.22,0,1001.1,tarjeta,completada,2026-02-05 21:37:25,zona_a
VS-0000697,CLI-00905,PRD-0186,tienda_sur,2,76.16,0,152.32,tarjeta,completada,2026-03-21 15:03:23,zona_d
VS-0000698,CLI-00558,PRD-0145,tienda_sur,1,340.64,0,340.64,tarjeta,completada,2026-02-08 07:20:32,zona_c
VS-0000699,CLI-02378,PRD-0064,tienda_sur,3,42.35,25,127.05,yape,completada,2026-01-26 04:52:04,zona_c
VS-0000700,CLI-01120,PRD-0115,tienda_sur,6,1144.16,0,6864.96,yape,devuelta,2026-01-13 18:58:48,zona_b
VS-0000701,CLI-02332,PRD-0133,tienda_sur,5,87.16,10,435.8,efectivo,devuelta,2026-01-09 20:04:33,zona_c
VS-0000702,CLI-00804,PRD-0137,tienda_sur,6,118.43,10,710.58,transferencia,devuelta,2026-03-28 10:03:29,zona_b
VS-0000703,CLI-01697,PRD-0054,tienda_sur,7,98.65,0,690.55,tarjeta,completada,2026-01-10 16:48:44,zona_a
VS-0000704,CLI-02722,PRD-0070,tienda_sur,3,508.33,0,1524.99,transferencia,completada,2026-03-31 14:13:20,zona_b
VS-0000705,CLI-01903,PRD-0158,tienda_sur,1,184.03,20,184.03,tarjeta,completada,2026-01-17 10:29:13,zona_c
VS-0000706,CLI-00946,PRD-0063,tienda_sur,7,215.94,0,1511.58,tarjeta,devuelta,2026-03-02 00:22:53,zona_d
VS-0000707,CLI-00372,PRD-0184,tienda_sur,4,126.99,15,507.96,transferencia,completada,2026-01-24 20:09:18,zona_b
VS-0000708,CLI-01353,PRD-0009,tienda_sur,1,44.53,5,44.53,tarjeta,completada,2026-03-04 22:58:24,zona_c
VS-0000709,CLI-01848,PRD-0134,tienda_sur,3,92.74,5,278.22,efectivo,completada,2026-03-28 16:16:11,zona_c
VS-0000710,CLI-01663,PRD-0199,tienda_sur,4,337.58,10,1350.32,tarjeta,completada,2026-01-08 23:07:58,zona_d
VS-0000711,CLI-00603,PRD-0153,tienda_sur,2,1181.19,0,2362.38,efectivo,completada,2026-01-02 23:34:46,zona_b
VS-0000712,CLI-00238,PRD-0119,tienda_sur,4,153.16,10,612.64,yape,completada,2026-01-07 18:26:56,zona_c
VS-0000713,CLI-00053,PRD-0146,tienda_sur,5,81.53,5,407.65,yape,completada,2026-01-07 07:26:26,zona_a
VS-0000714,CLI-00641,PRD-0059,tienda_sur,6,109.45,25,656.7,yape,completada,2026-02-08 07:55:49,zona_c
VS-0000715,CLI-01036,PRD-0079,tienda_sur,6,276.74,5,1660.44,tarjeta,devuelta,2026-03-18 05:13:18,zona_d
VS-0000716,CLI-02784,PRD-0111,tienda_sur,7,70.18,5,491.26,transferencia,completada,2026-02-20 11:22:32,zona_b
VS-0000717,CLI-02546,PRD-0183,tienda_sur,2,45.73,0,91.46,efectivo,completada,2026-01-29 10:45:48,zona_a
VS-0000718,CLI-01890,PRD-0001,tienda_sur,6,380.31,0,2281.86,tarjeta,completada,2026-01-23 16:25:31,zona_d
VS-0000719,CLI-00181,PRD-0162,tienda_sur,3,84.67,0,254.01,tarjeta,completada,2026-02-20 09:30:49,zona_d
VS-0000720,CLI-00335,PRD-0004,tienda_sur,6,48.5,10,291.0,transferencia,completada,2026-01-20 04:15:06,zona_c
VS-0000721,CLI-01353,PRD-0081,tienda_sur,7,115.75,0,810.25,yape,completada,2026-03-12 23:51:56,zona_a
VS-0000722,CLI-01899,PRD-0137,tienda_sur,8,125.01,5,1000.08,tarjeta,completada,2026-01-26 22:31:29,zona_b
VS-0000723,CLI-02527,PRD-0071,tienda_sur,7,56.86,20,398.02,tarjeta,completada,2026-02-25 02:24:54,zona_b
VS-0000724,CLI-01207,PRD-0092,tienda_sur,1,1162.25,0,1162.25,yape,completada,2026-02-08 18:19:28,zona_d
VS-0000725,CLI-02661,PRD-0185,tienda_sur,4,178.75,0,715.0,yape,devuelta,2026-02-11 05:59:10,zona_b
VS-0000726,CLI-00482,PRD-0175,tienda_sur,3,74.48,0,223.44,yape,completada,2026-01-12 08:39:28,zona_c
VS-0000727,CLI-02924,PRD-0056,tienda_sur,1,213.16,10,213.16,yape,completada,2026-02-06 07:30:46,zona_c
VS-0000728,CLI-02166,PRD-0091,tienda_sur,3,49.81,0,149.43,tarjeta,completada,2026-03-31 20:58:48,zona_a
VS-0000729,CLI-01861,PRD-0048,tienda_sur,7,245.77,20,1720.39,transferencia,completada,2026-01-26 05:15:45,zona_c
VS-0000730,CLI-00640,PRD-0155,tienda_sur,4,124.29,10,497.16,transferencia,completada,2026-02-26 19:47:40,zona_a
VS-0000731,CLI-02369,PRD-0137,tienda_sur,5,131.59,0,657.95,tarjeta,completada,2026-02-17 11:10:33,zona_d
VS-0000732,CLI-00573,PRD-0182,tienda_sur,6,116.18,0,697.08,tarjeta,completada,2026-03-11 04:59:19,zona_a
VS-0000733,CLI-02273,PRD-0120,tienda_sur,3,290.54,0,871.62,tarjeta,completada,2026-02-22 05:06:25,zona_a
VS-0000734,CLI-02005,PRD-0004,tienda_sur,2,40.42,25,80.84,efectivo,completada,2026-01-25 11:23:03,zona_b
VS-0000735,CLI-00117,PRD-0178,tienda_sur,4,87.6,0,350.4,efectivo,completada,2026-01-23 11:43:46,zona_b
VS-0000736,CLI-02806,PRD-0078,tienda_sur,4,54.94,0,219.76,tarjeta,completada,2026-03-09 01:09:40,zona_c
VS-0000737,CLI-00900,PRD-0050,tienda_sur,5,10.76,5,53.8,efectivo,completada,2026-02-19 02:44:29,zona_a
VS-0000738,CLI-00449,PRD-0040,tienda_sur,5,162.96,5,814.8,yape,completada,2026-01-17 18:23:06,zona_c
VS-0000739,CLI-01532,PRD-0013,tienda_sur,5,391.65,15,1958.25,efectivo,completada,2026-01-05 00:14:56,zona_a
VS-0000740,CLI-02581,PRD-0114,tienda_sur,7,241.51,5,1690.57,efectivo,completada,2026-01-27 04:23:15,zona_a
VS-0000741,CLI-00168,PRD-0083,tienda_sur,7,88.08,5,616.56,efectivo,completada,2026-03-01 18:49:20,zona_d
VS-0000742,CLI-00858,PRD-0179,tienda_sur,2,311.27,20,622.54,transferencia,completada,2026-03-18 02:22:47,zona_b
VS-0000743,CLI-01572,PRD-0177,tienda_sur,7,1066.18,0,7463.26,tarjeta,devuelta,2026-02-28 19:20:17,zona_b
VS-0000744,CLI-01360,PRD-0052,tienda_sur,6,391.33,0,2347.98,transferencia,completada,2026-01-30 12:07:03,zona_c
VS-0000745,CLI-01228,PRD-0134,tienda_sur,4,92.74,5,370.96,tarjeta,completada,2026-03-09 02:38:53,zona_a
VS-0000746,CLI-00114,PRD-0018,tienda_sur,6,143.21,0,859.26,yape,completada,2026-03-09 07:35:02,zona_b
VS-0000747,CLI-01337,PRD-0004,tienda_sur,3,48.5,10,145.5,efectivo,completada,2026-02-08 02:35:41,zona_c
VS-0000748,CLI-00878,PRD-0023,tienda_sur,4,61.55,5,246.2,tarjeta,completada,2026-01-18 13:22:23,zona_a
VS-0000749,CLI-01932,PRD-0032,tienda_sur,6,132.44,0,794.64,efectivo,completada,2026-01-18 16:22:34,zona_a
VS-0000750,CLI-01504,PRD-0050,tienda_sur,6,9.63,15,57.78,tarjeta,completada,2026-02-02 01:05:25,zona_b
VS-0000751,CLI-00965,PRD-0029,tienda_sur,7,100.57,0,703.99,transferencia,devuelta,2026-03-13 20:54:51,zona_d
VS-0000752,CLI-02674,PRD-0173,tienda_sur,6,176.53,0,1059.18,tarjeta,completada,2026-01-10 17:20:37,zona_a
VS-0000753,CLI-01798,PRD-0043,tienda_sur,3,22.93,5,68.79,yape,completada,2026-02-15 16:32:41,zona_b
VS-0000754,CLI-02255,PRD-0070,tienda_sur,3,508.33,0,1524.99,transferencia,completada,2026-03-23 14:38:18,zona_b
VS-0000755,CLI-00221,PRD-0174,tienda_sur,3,316.77,0,950.31,tarjeta,completada,2026-01-17 01:55:59,zona_d
VS-0000756,CLI-00780,PRD-0054,tienda_sur,1,98.65,0,98.65,transferencia,completada,2026-01-28 16:30:51,zona_c
VS-0000757,CLI-01256,PRD-0041,tienda_sur,7,153.89,10,1077.23,efectivo,completada,2026-03-09 17:12:29,zona_d
VS-0000758,CLI-02997,PRD-0078,tienda_sur,5,52.19,5,260.95,transferencia,completada,2026-01-24 10:10:22,zona_a
VS-0000759,CLI-02416,PRD-0057,tienda_sur,5,358.8,10,1794.0,yape,completada,2026-03-20 11:19:05,zona_c
VS-0000760,CLI-02193,PRD-0162,tienda_sur,8,67.74,20,541.92,tarjeta,completada,2026-02-06 21:09:51,zona_b
VS-0000761,CLI-01934,PRD-0045,tienda_sur,2,35.29,5,70.58,yape,completada,2026-02-18 05:48:05,zona_a
VS-0000762,CLI-01434,PRD-0142,tienda_sur,1,121.27,0,121.27,efectivo,pendiente,2026-03-20 22:22:07,zona_d
VS-0000763,CLI-02419,PRD-0182,tienda_sur,7,110.37,5,772.59,tarjeta,completada,2026-01-10 02:05:22,zona_b
VS-0000764,CLI-00853,PRD-0175,tienda_sur,8,70.76,5,566.08,yape,completada,2026-01-16 18:03:29,zona_b
VS-0000765,CLI-00984,PRD-0102,tienda_sur,3,70.94,5,212.82,efectivo,completada,2026-01-28 23:18:20,zona_b
VS-0000766,CLI-00227,PRD-0004,tienda_sur,7,43.11,20,301.77,transferencia,pendiente,2026-03-17 05:42:21,zona_d
VS-0000767,CLI-02647,PRD-0141,tienda_sur,4,128.18,10,512.72,efectivo,completada,2026-01-04 06:54:47,zona_b
VS-0000768,CLI-00827,PRD-0007,tienda_sur,5,17.87,10,89.35,tarjeta,completada,2026-03-22 09:12:31,zona_b
VS-0000769,CLI-01077,PRD-0079,tienda_sur,1,247.61,15,247.61,efectivo,completada,2026-01-20 16:01:44,zona_d
VS-0000770,CLI-01590,PRD-0141,tienda_sur,2,128.18,10,256.36,efectivo,completada,2026-01-10 18:49:05,zona_d
VS-0000771,CLI-02437,PRD-0020,tienda_sur,7,276.33,15,1934.31,yape,devuelta,2026-03-25 16:36:46,zona_b
VS-0000772,CLI-00806,PRD-0182,tienda_sur,6,104.56,10,627.36,yape,completada,2026-01-17 04:17:52,zona_a
VS-0000773,CLI-00137,PRD-0102,tienda_sur,5,67.2,10,336.0,tarjeta,completada,2026-03-24 01:23:29,zona_c
VS-0000774,CLI-01833,PRD-0001,tienda_sur,6,380.31,0,2281.86,yape,completada,2026-03-04 05:45:34,zona_c
VS-0000775,CLI-02580,PRD-0048,tienda_sur,3,307.21,0,921.63,yape,completada,2026-02-17 17:55:48,zona_a
VS-0000776,CLI-02176,PRD-0176,tienda_sur,2,53.31,25,106.62,tarjeta,completada,2026-03-22 19:59:51,zona_a
VS-0000777,CLI-01916,PRD-0152,tienda_sur,2,84.92,15,169.84,yape,completada,2026-02-16 03:33:31,zona_b
VS-0000778,CLI-02631,PRD-0021,tienda_sur,6,15.48,15,92.88,transferencia,completada,2026-03-10 10:39:49,zona_a
VS-0000779,CLI-01595,PRD-0154,tienda_sur,1,43.04,10,43.04,yape,completada,2026-01-31 11:53:10,zona_c
VS-0000780,CLI-01595,PRD-0055,tienda_sur,8,18.26,10,146.08,yape,completada,2026-03-21 06:52:53,zona_a
VS-0000781,CLI-01011,PRD-0047,tienda_sur,2,230.92,5,461.84,efectivo,devuelta,2026-02-07 21:24:38,zona_b
VS-0000782,CLI-00547,PRD-0087,tienda_sur,6,39.41,0,236.46,transferencia,completada,2026-01-28 10:14:38,zona_a
VS-0000783,CLI-02205,PRD-0113,tienda_sur,8,163.22,0,1305.76,efectivo,completada,2026-01-19 12:51:20,zona_a
VS-0000784,CLI-02578,PRD-0135,tienda_sur,8,111.43,10,891.44,tarjeta,completada,2026-03-25 23:16:22,zona_b
VS-0000785,CLI-02698,PRD-0005,tienda_sur,8,201.91,5,1615.28,tarjeta,completada,2026-03-20 17:59:14,zona_d
VS-0000786,CLI-00035,PRD-0040,tienda_sur,5,162.96,5,814.8,transferencia,completada,2026-02-13 10:03:11,zona_b
VS-0000787,CLI-02480,PRD-0008,tienda_sur,6,1107.3,0,6643.8,efectivo,completada,2026-03-24 20:47:18,zona_c
VS-0000788,CLI-00304,PRD-0091,tienda_sur,8,49.81,0,398.48,efectivo,completada,2026-01-23 08:54:31,zona_a
VS-0000789,CLI-01529,PRD-0186,tienda_sur,8,76.16,0,609.28,efectivo,completada,2026-02-22 06:12:27,zona_c
VS-0000790,CLI-01140,PRD-0109,tienda_sur,1,121.06,5,121.06,efectivo,completada,2026-02-21 08:32:21,zona_b
VS-0000791,CLI-01319,PRD-0133,tienda_sur,5,82.31,15,411.55,tarjeta,completada,2026-03-09 08:38:47,zona_a
VS-0000792,CLI-00039,PRD-0162,tienda_sur,8,84.67,0,677.36,yape,completada,2026-02-11 14:34:50,zona_a
VS-0000793,CLI-01174,PRD-0017,tienda_sur,7,591.99,20,4143.93,tarjeta,completada,2026-01-19 08:59:55,zona_b
VS-0000794,CLI-01464,PRD-0094,tienda_sur,5,38.77,0,193.85,yape,completada,2026-03-18 12:33:15,zona_d
VS-0000795,CLI-00370,PRD-0178,tienda_sur,8,83.22,5,665.76,yape,completada,2026-03-03 20:46:09,zona_c
VS-0000796,CLI-02603,PRD-0014,tienda_sur,4,315.58,0,1262.32,yape,completada,2026-01-27 03:36:46,zona_c
VS-0000797,CLI-01960,PRD-0006,tienda_sur,1,336.19,15,336.19,yape,completada,2026-02-08 15:04:26,zona_b
VS-0000798,CLI-02314,PRD-0044,tienda_sur,2,105.96,0,211.92,transferencia,completada,2026-03-20 14:24:49,zona_a
VS-0000799,CLI-00039,PRD-0171,tienda_sur,5,23.03,25,115.15,tarjeta,completada,2026-01-18 00:22:42,zona_c
VS-0000800,CLI-00262,PRD-0069,tienda_sur,6,49.71,10,298.26,tarjeta,completada,2026-02-07 15:49:36,zona_a
VS-0000801,CLI-00763,PRD-0029,tienda_sur,3,100.57,0,301.71,yape,completada,2026-01-23 23:11:12,zona_a
VS-0000802,CLI-00503,PRD-0123,tienda_sur,7,36.31,10,254.17,transferencia,completada,2026-03-27 21:50:58,zona_b
VS-0000803,CLI-02840,PRD-0023,tienda_sur,8,61.55,5,492.4,yape,completada,2026-01-01 11:47:47,zona_a
VS-0000804,CLI-01150,PRD-0016,tienda_sur,5,190.21,5,951.05,transferencia,completada,2026-02-15 15:51:17,zona_c
VS-0000805,CLI-00867,PRD-0091,tienda_sur,8,49.81,0,398.48,tarjeta,completada,2026-01-27 18:29:33,zona_b
VS-0000806,CLI-02821,PRD-0039,tienda_sur,4,61.08,0,244.32,yape,completada,2026-02-14 12:55:37,zona_a
VS-0000807,CLI-01289,PRD-0178,tienda_sur,8,87.6,0,700.8,yape,completada,2026-02-10 18:25:24,zona_c
VS-0000808,CLI-00169,PRD-0044,tienda_sur,3,95.36,10,286.08,tarjeta,completada,2026-02-17 01:35:27,zona_c
VS-0000809,CLI-02811,PRD-0070,tienda_sur,3,482.91,5,1448.73,tarjeta,completada,2026-01-16 12:34:22,zona_a
VS-0000810,CLI-01371,PRD-0142,tienda_sur,6,121.27,0,727.62,efectivo,completada,2026-01-14 18:21:58,zona_d
VS-0000811,CLI-01647,PRD-0198,tienda_sur,3,305.66,15,916.98,tarjeta,completada,2026-01-15 00:39:32,zona_d
VS-0000812,CLI-00472,PRD-0157,tienda_sur,7,269.24,0,1884.68,efectivo,completada,2026-02-09 00:15:12,zona_d
VS-0000813,CLI-00964,PRD-0199,tienda_sur,8,318.83,15,2550.64,transferencia,completada,2026-01-30 10:43:31,zona_b
VS-0000814,CLI-01305,PRD-0154,tienda_sur,5,47.82,0,239.1,transferencia,completada,2026-03-19 15:44:07,zona_d
VS-0000815,CLI-00794,PRD-0035,tienda_sur,6,108.66,0,651.96,tarjeta,completada,2026-01-03 21:04:43,zona_b
VS-0000816,CLI-02863,PRD-0126,tienda_sur,5,1043.23,0,5216.15,tarjeta,completada,2026-02-18 01:48:52,zona_b
VS-0000817,CLI-02193,PRD-0111,tienda_sur,5,66.48,10,332.4,efectivo,completada,2026-01-21 09:53:26,zona_a
VS-0000818,CLI-01282,PRD-0015,tienda_sur,3,57.34,0,172.02,yape,devuelta,2026-02-20 04:38:24,zona_d
VS-0000819,CLI-00167,PRD-0056,tienda_sur,1,213.16,10,213.16,yape,completada,2026-01-04 15:46:43,zona_c
VS-0000820,CLI-02205,PRD-0026,tienda_sur,6,932.17,20,5593.02,tarjeta,devuelta,2026-03-01 16:27:27,zona_a
VS-0000821,CLI-02594,PRD-0116,tienda_sur,6,8.29,10,49.74,tarjeta,completada,2026-01-01 16:07:55,zona_a
VS-0000822,CLI-02619,PRD-0185,tienda_sur,8,160.88,10,1287.04,yape,completada,2026-01-28 13:30:20,zona_d
VS-0000823,CLI-01028,PRD-0033,tienda_sur,2,557.04,20,1114.08,yape,completada,2026-03-01 07:00:33,zona_d
VS-0000824,CLI-01700,PRD-0030,tienda_sur,8,234.5,5,1876.0,yape,completada,2026-03-19 20:51:49,zona_d
VS-0000825,CLI-01974,PRD-0011,tienda_sur,8,75.37,0,602.96,efectivo,completada,2026-03-05 05:09:12,zona_d
VS-0000826,CLI-02592,PRD-0123,tienda_sur,8,32.27,20,258.16,tarjeta,completada,2026-02-07 14:41:34,zona_b
VS-0000827,CLI-02301,PRD-0061,tienda_sur,4,857.31,0,3429.24,efectivo,completada,2026-03-22 21:45:08,zona_a
VS-0000828,CLI-00377,PRD-0055,tienda_sur,7,20.29,0,142.03,tarjeta,completada,2026-01-23 11:58:49,zona_a
VS-0000829,CLI-01379,PRD-0182,tienda_sur,6,98.75,15,592.5,tarjeta,completada,2026-03-10 02:06:09,zona_a
VS-0000830,CLI-00186,PRD-0113,tienda_sur,4,163.22,0,652.88,tarjeta,completada,2026-03-07 00:03:36,zona_c
VS-0000831,CLI-02185,PRD-0133,tienda_sur,6,87.16,10,522.96,tarjeta,completada,2026-01-23 01:53:33,zona_a
VS-0000832,CLI-00457,PRD-0188,tienda_sur,3,105.38,0,316.14,transferencia,completada,2026-03-23 20:52:42,zona_d
VS-0000833,CLI-00432,PRD-0002,tienda_sur,5,30.58,15,152.9,yape,completada,2026-01-14 13:25:33,zona_a
VS-0000834,CLI-01982,PRD-0038,tienda_sur,7,41.76,0,292.32,transferencia,completada,2026-02-21 16:35:43,zona_d
VS-0000835,CLI-02233,PRD-0099,tienda_sur,6,360.62,0,2163.72,transferencia,completada,2026-02-13 14:22:48,zona_c
VS-0000836,CLI-00847,PRD-0004,tienda_sur,2,53.89,0,107.78,tarjeta,devuelta,2026-03-09 00:21:37,zona_b
VS-0000837,CLI-01710,PRD-0176,tienda_sur,8,67.53,5,540.24,yape,completada,2026-03-16 23:53:01,zona_c
VS-0000838,CLI-01654,PRD-0110,tienda_sur,4,208.82,0,835.28,tarjeta,completada,2026-02-15 07:09:43,zona_b
VS-0000839,CLI-01344,PRD-0126,tienda_sur,6,1043.23,0,6259.38,efectivo,completada,2026-02-14 03:12:42,zona_d
VS-0000840,CLI-02207,PRD-0020,tienda_sur,8,325.09,0,2600.72,yape,completada,2026-03-29 02:52:11,zona_d
VS-0000841,CLI-01568,PRD-0150,tienda_sur,6,697.19,15,4183.14,tarjeta,devuelta,2026-03-06 14:17:06,zona_c
VS-0000842,CLI-02334,PRD-0098,tienda_sur,8,713.87,10,5710.96,tarjeta,completada,2026-01-30 17:40:41,zona_b
VS-0000843,CLI-01179,PRD-0161,tienda_sur,1,32.06,5,32.06,tarjeta,completada,2026-02-28 14:53:52,zona_d
VS-0000844,CLI-01494,PRD-0125,tienda_sur,6,313.28,0,1879.68,efectivo,completada,2026-02-26 01:56:18,zona_a
VS-0000845,CLI-00867,PRD-0035,tienda_sur,2,108.66,0,217.32,tarjeta,completada,2026-02-28 08:09:01,zona_c
VS-0000846,CLI-01140,PRD-0183,tienda_sur,1,45.73,0,45.73,tarjeta,completada,2026-02-05 20:28:34,zona_b
VS-0000847,CLI-00514,PRD-0142,tienda_sur,3,109.14,10,327.42,yape,completada,2026-02-10 20:41:09,zona_b
VS-0000848,CLI-00985,PRD-0184,tienda_sur,2,141.93,5,283.86,transferencia,devuelta,2026-03-21 02:22:46,zona_b
VS-0000849,CLI-00298,PRD-0189,tienda_sur,4,160.88,10,643.52,yape,devuelta,2026-01-16 07:35:55,zona_d
VS-0000850,CLI-00502,PRD-0062,tienda_sur,4,114.8,10,459.2,efectivo,completada,2026-01-25 04:16:11,zona_d
VS-0000851,CLI-01517,PRD-0096,tienda_sur,7,78.09,0,546.63,efectivo,completada,2026-01-17 03:58:23,zona_a
VS-0000852,CLI-01149,PRD-0160,tienda_sur,6,46.94,0,281.64,transferencia,completada,2026-01-28 17:39:13,zona_d
VS-0000853,CLI-00909,PRD-0009,tienda_sur,7,46.87,0,328.09,yape,completada,2026-01-26 23:20:32,zona_a
VS-0000854,CLI-00225,PRD-0109,tienda_sur,8,108.32,15,866.56,yape,completada,2026-02-20 14:26:46,zona_d
VS-0000855,CLI-01216,PRD-0185,tienda_sur,1,178.75,0,178.75,yape,completada,2026-03-06 07:32:04,zona_a
VS-0000856,CLI-02093,PRD-0077,tienda_sur,1,59.81,0,59.81,efectivo,completada,2026-02-23 05:59:30,zona_a
VS-0000857,CLI-02951,PRD-0014,tienda_sur,4,252.46,20,1009.84,transferencia,completada,2026-02-28 13:35:13,zona_a
VS-0000858,CLI-00577,PRD-0180,tienda_sur,4,12.23,25,48.92,tarjeta,pendiente,2026-02-02 20:54:54,zona_d
VS-0000859,CLI-00203,PRD-0169,tienda_sur,1,1064.16,0,1064.16,tarjeta,completada,2026-02-13 04:40:12,zona_b
VS-0000860,CLI-01697,PRD-0146,tienda_sur,7,68.66,20,480.62,tarjeta,completada,2026-02-07 02:34:54,zona_a
VS-0000861,CLI-01224,PRD-0011,tienda_sur,8,71.6,5,572.8,yape,completada,2026-03-16 07:32:15,zona_d
VS-0000862,CLI-00232,PRD-0081,tienda_sur,7,115.75,0,810.25,tarjeta,completada,2026-01-29 11:07:04,zona_a
VS-0000863,CLI-02637,PRD-0052,tienda_sur,8,391.33,0,3130.64,tarjeta,completada,2026-02-08 08:24:57,zona_b
VS-0000864,CLI-01123,PRD-0089,tienda_sur,1,58.61,15,58.61,tarjeta,devuelta,2026-02-12 07:38:41,zona_d
VS-0000865,CLI-01007,PRD-0002,tienda_sur,5,35.98,0,179.9,tarjeta,completada,2026-02-18 07:36:15,zona_c
VS-0000866,CLI-02693,PRD-0155,tienda_sur,5,138.1,0,690.5,yape,completada,2026-02-12 13:00:57,zona_b
VS-0000867,CLI-00970,PRD-0082,tienda_sur,6,303.1,0,1818.6,transferencia,completada,2026-03-07 16:12:15,zona_a
VS-0000868,CLI-02388,PRD-0189,tienda_sur,6,178.76,0,1072.56,efectivo,completada,2026-03-10 07:45:28,zona_a
VS-0000869,CLI-02750,PRD-0051,tienda_sur,7,328.46,0,2299.22,tarjeta,completada,2026-02-20 12:39:26,zona_c
VS-0000870,CLI-01832,PRD-0180,tienda_sur,3,16.31,0,48.93,yape,completada,2026-01-25 11:50:50,zona_a
VS-0000871,CLI-01009,PRD-0145,tienda_sur,2,306.58,10,613.16,transferencia,completada,2026-02-08 08:48:50,zona_d
VS-0000872,CLI-00383,PRD-0189,tienda_sur,1,143.01,20,143.01,yape,completada,2026-01-26 09:28:22,zona_b
VS-0000873,CLI-02843,PRD-0038,tienda_sur,4,41.76,0,167.04,tarjeta,completada,2026-02-23 18:43:47,zona_a
VS-0000874,CLI-00340,PRD-0034,tienda_sur,5,98.86,5,494.3,tarjeta,completada,2026-03-29 20:41:35,zona_a
VS-0000875,CLI-02832,PRD-0163,tienda_sur,2,92.65,0,185.3,transferencia,completada,2026-02-19 22:05:37,zona_b
VS-0000876,CLI-02153,PRD-0010,tienda_sur,4,132.73,10,530.92,tarjeta,completada,2026-03-14 13:26:29,zona_c
VS-0000877,CLI-00683,PRD-0153,tienda_sur,2,1122.13,5,2244.26,tarjeta,completada,2026-03-05 03:25:23,zona_c
VS-0000878,CLI-02033,PRD-0152,tienda_sur,4,84.92,15,339.68,tarjeta,completada,2026-03-01 13:59:42,zona_c
VS-0000879,CLI-01445,PRD-0119,tienda_sur,1,153.16,10,153.16,tarjeta,completada,2026-02-16 16:25:24,zona_a
VS-0000880,CLI-00368,PRD-0092,tienda_sur,7,1162.25,0,8135.75,yape,completada,2026-03-30 09:04:42,zona_a
VS-0000881,CLI-00204,PRD-0096,tienda_sur,7,66.38,15,464.66,yape,devuelta,2026-03-15 02:28:34,zona_a
VS-0000882,CLI-01070,PRD-0073,tienda_sur,1,68.02,0,68.02,tarjeta,completada,2026-02-04 15:32:10,zona_c
VS-0000883,CLI-00831,PRD-0015,tienda_sur,8,51.61,10,412.88,transferencia,completada,2026-03-04 02:45:44,zona_c
VS-0000884,CLI-01736,PRD-0054,tienda_sur,7,93.72,5,656.04,tarjeta,completada,2026-01-30 23:17:05,zona_c
VS-0000885,CLI-02243,PRD-0070,tienda_sur,7,406.66,20,2846.62,yape,devuelta,2026-02-13 11:53:55,zona_c
VS-0000886,CLI-00826,PRD-0170,tienda_sur,2,106.17,5,212.34,tarjeta,completada,2026-01-07 01:59:52,zona_b
VS-0000887,CLI-01685,PRD-0117,tienda_sur,7,154.72,0,1083.04,efectivo,pendiente,2026-02-07 02:32:00,zona_a
VS-0000888,CLI-00474,PRD-0103,tienda_sur,3,338.06,10,1014.18,yape,completada,2026-02-07 23:49:12,zona_d
VS-0000889,CLI-01115,PRD-0120,tienda_sur,3,217.91,25,653.73,yape,completada,2026-01-15 05:30:13,zona_b
VS-0000890,CLI-01121,PRD-0066,tienda_sur,5,737.18,10,3685.9,tarjeta,devuelta,2026-01-31 06:35:35,zona_c
VS-0000891,CLI-02528,PRD-0106,tienda_sur,4,233.66,0,934.64,yape,completada,2026-02-27 06:27:19,zona_d
VS-0000892,CLI-02738,PRD-0031,tienda_sur,8,295.26,5,2362.08,tarjeta,completada,2026-03-13 14:09:33,zona_a
VS-0000893,CLI-01046,PRD-0047,tienda_sur,6,206.61,15,1239.66,tarjeta,completada,2026-01-27 17:26:38,zona_b
VS-0000894,CLI-02265,PRD-0113,tienda_sur,3,130.58,20,391.74,yape,completada,2026-02-25 12:03:23,zona_b
VS-0000895,CLI-00535,PRD-0196,tienda_sur,3,41.23,0,123.69,tarjeta,completada,2026-01-13 19:09:46,zona_c
VS-0000896,CLI-02610,PRD-0135,tienda_sur,7,123.81,0,866.67,yape,pendiente,2026-01-09 19:25:43,zona_b
VS-0000897,CLI-00142,PRD-0084,tienda_sur,5,111.13,0,555.65,tarjeta,completada,2026-01-16 18:39:23,zona_d
VS-0000898,CLI-00312,PRD-0043,tienda_sur,5,18.11,25,90.55,tarjeta,completada,2026-03-22 10:43:35,zona_a
VS-0000899,CLI-02113,PRD-0101,tienda_sur,6,1072.29,5,6433.74,efectivo,completada,2026-01-01 05:26:56,zona_a
VS-0000900,CLI-02707,PRD-0033,tienda_sur,6,557.04,20,3342.24,tarjeta,completada,2026-03-25 17:42:40,zona_d
VS-0000901,CLI-02698,PRD-0009,tienda_sur,6,46.87,0,281.22,efectivo,completada,2026-01-06 04:53:59,zona_b
VS-0000902,CLI-02061,PRD-0152,tienda_sur,6,94.91,5,569.46,tarjeta,completada,2026-02-24 19:32:10,zona_d
VS-0000903,CLI-02278,PRD-0113,tienda_sur,2,163.22,0,326.44,tarjeta,completada,2026-01-27 14:55:08,zona_a
VS-0000904,CLI-01343,PRD-0151,tienda_sur,5,115.23,25,576.15,efectivo,completada,2026-01-06 08:24:08,zona_d
VS-0000905,CLI-01483,PRD-0105,tienda_sur,2,78.57,0,157.14,tarjeta,devuelta,2026-02-05 11:40:59,zona_b
VS-0000906,CLI-01778,PRD-0113,tienda_sur,8,155.06,5,1240.48,yape,completada,2026-03-24 16:39:53,zona_a
VS-0000907,CLI-01315,PRD-0097,tienda_sur,7,168.78,0,1181.46,efectivo,completada,2026-02-20 01:58:39,zona_c
VS-0000908,CLI-01847,PRD-0048,tienda_sur,3,261.13,15,783.39,efectivo,completada,2026-01-29 10:55:05,zona_b
VS-0000909,CLI-00499,PRD-0136,tienda_sur,1,103.8,0,103.8,tarjeta,completada,2026-01-30 19:19:47,zona_c
VS-0000910,CLI-02850,PRD-0034,tienda_sur,2,93.65,10,187.3,yape,completada,2026-03-31 14:14:57,zona_d
VS-0000911,CLI-02493,PRD-0188,tienda_sur,8,89.57,15,716.56,tarjeta,completada,2026-03-13 13:22:40,zona_c
VS-0000912,CLI-02722,PRD-0052,tienda_sur,5,371.76,5,1858.8,tarjeta,completada,2026-03-07 23:45:48,zona_b
VS-0000913,CLI-02647,PRD-0036,tienda_sur,6,40.95,5,245.7,yape,completada,2026-01-13 04:58:29,zona_a
VS-0000914,CLI-00719,PRD-0054,tienda_sur,1,98.65,0,98.65,transferencia,completada,2026-03-11 19:38:00,zona_a
VS-0000915,CLI-01842,PRD-0148,tienda_sur,6,123.23,20,739.38,tarjeta,completada,2026-02-18 03:44:33,zona_a
VS-0000916,CLI-00931,PRD-0120,tienda_sur,3,276.01,5,828.03,tarjeta,pendiente,2026-01-13 13:17:01,zona_a
VS-0000917,CLI-00024,PRD-0011,tienda_sur,5,75.37,0,376.85,tarjeta,completada,2026-03-21 20:22:12,zona_c
VS-0000918,CLI-02006,PRD-0006,tienda_sur,2,395.52,0,791.04,tarjeta,completada,2026-03-05 07:18:28,zona_d
VS-0000919,CLI-02655,PRD-0144,tienda_sur,7,66.37,15,464.59,transferencia,completada,2026-01-25 05:45:40,zona_d
VS-0000920,CLI-00392,PRD-0038,tienda_sur,3,39.67,5,119.01,tarjeta,completada,2026-01-23 09:12:17,zona_c
VS-0000921,CLI-00379,PRD-0021,tienda_sur,5,18.21,0,91.05,tarjeta,devuelta,2026-03-08 07:34:16,zona_b
VS-0000922,CLI-00628,PRD-0133,tienda_sur,2,77.47,20,154.94,transferencia,completada,2026-02-12 22:03:53,zona_b
VS-0000923,CLI-01044,PRD-0007,tienda_sur,5,19.86,0,99.3,efectivo,completada,2026-03-22 11:28:15,zona_c
VS-0000924,CLI-01717,PRD-0135,tienda_sur,4,117.62,5,470.48,tarjeta,completada,2026-02-27 01:53:59,zona_a
VS-0000925,CLI-02369,PRD-0077,tienda_sur,4,53.83,10,215.32,yape,completada,2026-02-15 18:33:09,zona_c
VS-0000926,CLI-00180,PRD-0161,tienda_sur,1,28.69,15,28.69,tarjeta,devuelta,2026-03-03 07:15:20,zona_c
VS-0000927,CLI-02113,PRD-0061,tienda_sur,5,728.71,15,3643.55,tarjeta,completada,2026-02-26 14:39:45,zona_d
VS-0000928,CLI-01632,PRD-0191,tienda_sur,7,173.53,0,1214.71,yape,pendiente,2026-03-27 15:38:36,zona_b
VS-0000929,CLI-02137,PRD-0083,tienda_sur,7,83.45,10,584.15,tarjeta,completada,2026-01-08 19:27:51,zona_c
VS-0000930,CLI-01307,PRD-0151,tienda_sur,1,153.64,0,153.64,tarjeta,completada,2026-02-03 08:32:46,zona_c
VS-0000931,CLI-02684,PRD-0028,tienda_sur,1,8.52,0,8.52,yape,completada,2026-01-28 13:43:43,zona_a
VS-0000932,CLI-00361,PRD-0098,tienda_sur,8,634.55,20,5076.4,tarjeta,completada,2026-02-26 09:51:26,zona_c
VS-0000933,CLI-01237,PRD-0035,tienda_sur,4,108.66,0,434.64,yape,completada,2026-01-28 05:14:09,zona_b
VS-0000934,CLI-00624,PRD-0085,tienda_sur,1,111.29,5,111.29,efectivo,completada,2026-01-22 18:43:24,zona_d
VS-0000935,CLI-02024,PRD-0137,tienda_sur,1,125.01,5,125.01,efectivo,completada,2026-03-14 05:15:12,zona_b
VS-0000936,CLI-00186,PRD-0066,tienda_sur,3,737.18,10,2211.54,yape,completada,2026-02-06 03:19:45,zona_d
VS-0000937,CLI-01931,PRD-0056,tienda_sur,6,236.84,0,1421.04,transferencia,completada,2026-03-13 08:06:49,zona_d
VS-0000938,CLI-01241,PRD-0056,tienda_sur,2,225.0,5,450.0,efectivo,completada,2026-03-10 15:44:07,zona_b
VS-0000939,CLI-00564,PRD-0055,tienda_sur,1,18.26,10,18.26,tarjeta,completada,2026-03-31 07:23:03,zona_d
VS-0000940,CLI-02975,PRD-0029,tienda_sur,3,75.43,25,226.29,efectivo,completada,2026-01-09 12:01:02,zona_c
VS-0000941,CLI-01464,PRD-0117,tienda_sur,2,154.72,0,309.44,tarjeta,devuelta,2026-03-03 03:31:08,zona_d
VS-0000942,CLI-01928,PRD-0087,tienda_sur,3,31.53,20,94.59,tarjeta,completada,2026-03-18 06:13:19,zona_b
VS-0000943,CLI-02480,PRD-0174,tienda_sur,7,316.77,0,2217.39,efectivo,devuelta,2026-01-04 23:27:09,zona_b
VS-0000944,CLI-02569,PRD-0185,tienda_sur,6,178.75,0,1072.5,efectivo,completada,2026-02-09 01:02:44,zona_d
VS-0000945,CLI-02432,PRD-0140,tienda_sur,8,117.83,0,942.64,yape,devuelta,2026-02-09 13:07:31,zona_b
VS-0000946,CLI-02918,PRD-0025,tienda_sur,6,397.73,0,2386.38,tarjeta,devuelta,2026-02-27 10:26:07,zona_d
VS-0000947,CLI-01949,PRD-0066,tienda_sur,7,655.27,20,4586.89,tarjeta,completada,2026-02-15 23:26:06,zona_a
VS-0000948,CLI-00235,PRD-0188,tienda_sur,1,100.11,5,100.11,efectivo,completada,2026-03-29 11:07:23,zona_a
VS-0000949,CLI-00058,PRD-0056,tienda_sur,7,189.47,20,1326.29,yape,devuelta,2026-01-08 15:20:51,zona_a
VS-0000950,CLI-01024,PRD-0111,tienda_sur,4,66.48,10,265.92,efectivo,completada,2026-03-27 09:51:15,zona_a
VS-0000951,CLI-01902,PRD-0170,tienda_sur,3,100.58,10,301.74,tarjeta,completada,2026-01-30 20:52:37,zona_a
VS-0000952,CLI-01637,PRD-0184,tienda_sur,8,149.4,0,1195.2,tarjeta,devuelta,2026-02-18 04:11:27,zona_c
VS-0000953,CLI-02144,PRD-0107,tienda_sur,3,39.64,25,118.92,tarjeta,completada,2026-02-13 02:23:56,zona_c
VS-0000954,CLI-02785,PRD-0062,tienda_sur,4,127.56,0,510.24,yape,completada,2026-03-22 07:06:20,zona_b
VS-0000955,CLI-01667,PRD-0182,tienda_sur,6,116.18,0,697.08,yape,completada,2026-02-20 21:04:24,zona_b
VS-0000956,CLI-01454,PRD-0089,tienda_sur,3,65.5,5,196.5,tarjeta,completada,2026-02-17 16:45:05,zona_b
VS-0000957,CLI-01777,PRD-0139,tienda_sur,8,18.66,0,149.28,transferencia,completada,2026-02-14 03:27:28,zona_b
VS-0000958,CLI-02132,PRD-0079,tienda_sur,5,291.31,0,1456.55,yape,completada,2026-03-09 07:35:31,zona_c
VS-0000959,CLI-01954,PRD-0052,tienda_sur,8,391.33,0,3130.64,tarjeta,completada,2026-01-22 19:58:30,zona_a
VS-0000960,CLI-01160,PRD-0072,tienda_sur,2,31.03,5,62.06,transferencia,completada,2026-02-28 21:26:59,zona_a
VS-0000961,CLI-01130,PRD-0135,tienda_sur,8,111.43,10,891.44,tarjeta,completada,2026-02-26 16:48:40,zona_d
VS-0000962,CLI-00378,PRD-0072,tienda_sur,3,26.13,20,78.39,tarjeta,devuelta,2026-03-06 06:13:29,zona_b
VS-0000963,CLI-02714,PRD-0060,tienda_sur,1,125.23,10,125.23,yape,completada,2026-01-02 05:20:06,zona_b
VS-0000964,CLI-00827,PRD-0068,tienda_sur,5,158.32,5,791.6,transferencia,completada,2026-03-13 20:36:34,zona_b
VS-0000965,CLI-00765,PRD-0015,tienda_sur,6,57.34,0,344.04,efectivo,completada,2026-03-27 12:41:12,zona_d
VS-0000966,CLI-00719,PRD-0154,tienda_sur,6,43.04,10,258.24,transferencia,completada,2026-01-16 16:54:43,zona_d
VS-0000967,CLI-00260,PRD-0112,tienda_sur,6,230.62,20,1383.72,tarjeta,devuelta,2026-02-01 03:19:50,zona_b
VS-0000968,CLI-02682,PRD-0071,tienda_sur,2,53.3,25,106.6,tarjeta,devuelta,2026-02-10 21:03:06,zona_b
VS-0000969,CLI-02651,PRD-0022,tienda_sur,1,64.46,0,64.46,tarjeta,completada,2026-01-01 20:22:31,zona_d
VS-0000970,CLI-02003,PRD-0070,tienda_sur,4,381.25,25,1525.0,efectivo,completada,2026-01-06 00:25:37,zona_d
VS-0000971,CLI-02680,PRD-0174,tienda_sur,2,316.77,0,633.54,efectivo,completada,2026-01-24 12:12:45,zona_a
VS-0000972,CLI-02531,PRD-0125,tienda_sur,3,250.62,20,751.86,yape,devuelta,2026-02-27 04:04:47,zona_b
VS-0000973,CLI-00521,PRD-0046,tienda_sur,3,290.21,20,870.63,yape,completada,2026-02-13 10:08:10,zona_d
VS-0000974,CLI-00204,PRD-0147,tienda_sur,7,49.96,0,349.72,yape,completada,2026-01-24 22:22:04,zona_c
VS-0000975,CLI-02405,PRD-0029,tienda_sur,4,100.57,0,402.28,transferencia,completada,2026-01-20 19:26:48,zona_d
VS-0000976,CLI-00677,PRD-0139,tienda_sur,2,18.66,0,37.32,tarjeta,completada,2026-02-14 06:04:08,zona_b
VS-0000977,CLI-02494,PRD-0191,tienda_sur,5,130.15,25,650.75,yape,completada,2026-02-25 21:30:43,zona_b
VS-0000978,CLI-01504,PRD-0142,tienda_sur,1,121.27,0,121.27,tarjeta,completada,2026-02-25 04:57:48,zona_a
VS-0000979,CLI-02293,PRD-0135,tienda_sur,5,123.81,0,619.05,yape,completada,2026-02-22 05:55:51,zona_c
VS-0000980,CLI-01149,PRD-0084,tienda_sur,6,111.13,0,666.78,yape,completada,2026-03-02 20:07:17,zona_a
VS-0000981,CLI-00397,PRD-0034,tienda_sur,8,104.06,0,832.48,yape,completada,2026-01-01 22:48:45,zona_d
VS-0000982,CLI-00162,PRD-0004,tienda_sur,1,48.5,10,48.5,yape,completada,2026-02-12 16:33:43,zona_b
VS-0000983,CLI-02045,PRD-0083,tienda_sur,7,83.45,10,584.15,tarjeta,completada,2026-01-26 02:55:23,zona_d
VS-0000984,CLI-02308,PRD-0005,tienda_sur,6,180.66,15,1083.96,yape,completada,2026-01-16 20:33:52,zona_c
VS-0000985,CLI-02389,PRD-0130,tienda_sur,3,395.01,0,1185.03,yape,completada,2026-02-22 04:06:59,zona_d
VS-0000986,CLI-00535,PRD-0155,tienda_sur,7,117.38,15,821.66,tarjeta,completada,2026-01-31 01:49:18,zona_a
VS-0000987,CLI-01302,PRD-0134,tienda_sur,1,97.62,0,97.62,tarjeta,pendiente,2026-01-19 10:51:17,zona_c
VS-0000988,CLI-02471,PRD-0026,tienda_sur,3,1048.69,10,3146.07,yape,completada,2026-01-24 10:51:48,zona_c
VS-0000989,CLI-02585,PRD-0007,tienda_sur,6,18.87,5,113.22,tarjeta,completada,2026-03-09 15:56:57,zona_b
VS-0000990,CLI-02034,PRD-0191,tienda_sur,6,164.85,5,989.1,transferencia,completada,2026-03-04 22:58:38,zona_d
VS-0000991,CLI-02910,PRD-0021,tienda_sur,5,18.21,0,91.05,yape,completada,2026-03-06 18:08:57,zona_b
VS-0000992,CLI-01917,PRD-0115,tienda_sur,5,972.54,15,4862.7,efectivo,completada,2026-01-09 11:06:53,zona_d
VS-0000993,CLI-02626,PRD-0007,tienda_sur,7,16.88,15,118.16,yape,completada,2026-01-23 05:01:49,zona_a
VS-0000994,CLI-02454,PRD-0123,tienda_sur,4,36.31,10,145.24,tarjeta,devuelta,2026-03-18 06:08:50,zona_d
VS-0000995,CLI-00011,PRD-0105,tienda_sur,8,70.71,10,565.68,efectivo,completada,2026-03-20 14:02:49,zona_d
VS-0000996,CLI-02643,PRD-0098,tienda_sur,1,793.19,0,793.19,efectivo,completada,2026-02-25 13:20:34,zona_c
VS-0000997,CLI-01860,PRD-0121,tienda_sur,7,793.57,10,5554.99,tarjeta,completada,2026-03-24 01:15:47,zona_b
VS-0000998,CLI-00494,PRD-0120,tienda_sur,1,276.01,5,276.01,tarjeta,completada,2026-01-30 05:13:30,zona_d
VS-0000999,CLI-01911,PRD-0168,tienda_sur,8,272.55,10,2180.4,tarjeta,completada,2026-02-11 08:28:50,zona_a
VS-0001000,CLI-02562,PRD-0019,tienda_sur,4,290.02,0,1160.08,tarjeta,completada,2026-01-20 16:07:25,zona_d
VS-0001001,CLI-01775,PRD-0187,tienda_sur,3,26.08,0,78.24,efectivo,completada,2026-03-20 23:37:03,zona_a
VS-0001002,CLI-02922,PRD-0097,tienda_sur,3,168.78,0,506.34,tarjeta,completada,2026-03-12 08:16:33,zona_c
VS-0001003,CLI-02521,PRD-0107,tienda_sur,3,47.57,10,142.71,yape,completada,2026-01-21 23:17:16,zona_d
VS-0001004,CLI-02625,PRD-0041,tienda_sur,8,153.89,10,1231.12,transferencia,completada,2026-01-04 03:30:29,zona_b
VS-0001005,CLI-00092,PRD-0049,tienda_sur,1,942.55,10,942.55,transferencia,devuelta,2026-03-14 05:19:15,zona_b
VS-0001006,CLI-02493,PRD-0177,tienda_sur,2,1066.18,0,2132.36,yape,completada,2026-02-02 06:01:51,zona_a
VS-0001007,CLI-02339,PRD-0196,tienda_sur,7,35.05,15,245.35,transferencia,completada,2026-02-08 01:35:58,zona_a
VS-0001008,CLI-02846,PRD-0008,tienda_sur,1,1107.3,0,1107.3,yape,completada,2026-03-10 11:05:42,zona_a
VS-0001009,CLI-02066,PRD-0045,tienda_sur,7,37.15,0,260.05,yape,devuelta,2026-03-01 03:00:45,zona_c
VS-0001010,CLI-02444,PRD-0176,tienda_sur,4,56.86,20,227.44,efectivo,completada,2026-03-11 02:47:20,zona_a
VS-0001011,CLI-01742,PRD-0034,tienda_sur,3,93.65,10,280.95,yape,completada,2026-02-22 06:22:27,zona_c
VS-0001012,CLI-01143,PRD-0070,tienda_sur,5,508.33,0,2541.65,yape,completada,2026-02-02 18:10:03,zona_a
VS-0001013,CLI-01797,PRD-0187,tienda_sur,1,20.86,20,20.86,transferencia,devuelta,2026-01-19 04:26:55,zona_d
VS-0001014,CLI-00511,PRD-0068,tienda_sur,7,124.99,25,874.93,tarjeta,completada,2026-01-20 15:30:18,zona_c
VS-0001015,CLI-02454,PRD-0055,tienda_sur,2,20.29,0,40.58,tarjeta,completada,2026-02-11 12:35:57,zona_c
VS-0001016,CLI-01982,PRD-0150,tienda_sur,7,779.21,5,5454.47,efectivo,devuelta,2026-01-31 01:39:38,zona_a
VS-0001017,CLI-00315,PRD-0185,tienda_sur,7,178.75,0,1251.25,yape,completada,2026-01-24 00:30:57,zona_c
VS-0001018,CLI-01258,PRD-0091,tienda_sur,1,49.81,0,49.81,yape,completada,2026-01-17 04:19:01,zona_b
VS-0001019,CLI-00870,PRD-0138,tienda_sur,1,138.89,5,138.89,efectivo,completada,2026-03-09 06:07:57,zona_b
VS-0001020,CLI-02545,PRD-0183,tienda_sur,6,45.73,0,274.38,transferencia,completada,2026-02-07 20:53:50,zona_d
VS-0001021,CLI-00305,PRD-0013,tienda_sur,5,437.73,5,2188.65,tarjeta,completada,2026-02-10 22:49:55,zona_b
VS-0001022,CLI-02082,PRD-0134,tienda_sur,3,73.22,25,219.66,yape,completada,2026-01-13 16:00:36,zona_c
VS-0001023,CLI-01981,PRD-0114,tienda_sur,6,228.8,10,1372.8,transferencia,completada,2026-01-30 17:06:51,zona_d
VS-0001024,CLI-02315,PRD-0068,tienda_sur,5,166.65,0,833.25,yape,completada,2026-01-12 17:41:32,zona_a
VS-0001025,CLI-00970,PRD-0150,tienda_sur,6,779.21,5,4675.26,tarjeta,completada,2026-01-14 18:50:38,zona_c
VS-0001026,CLI-02574,PRD-0045,tienda_sur,4,33.44,10,133.76,efectivo,completada,2026-02-21 11:09:48,zona_a
VS-0001027,CLI-01739,PRD-0006,tienda_sur,5,375.74,5,1878.7,efectivo,completada,2026-02-18 01:56:18,zona_a
VS-0001028,CLI-01077,PRD-0121,tienda_sur,6,793.57,10,4761.42,tarjeta,completada,2026-02-18 16:42:32,zona_a
VS-0001029,CLI-02095,PRD-0184,tienda_sur,2,134.46,10,268.92,tarjeta,completada,2026-02-28 03:08:35,zona_c
VS-0001030,CLI-02899,PRD-0063,tienda_sur,4,161.95,25,647.8,transferencia,completada,2026-03-30 01:44:34,zona_d
VS-0001031,CLI-02513,PRD-0124,tienda_sur,3,172.02,0,516.06,transferencia,completada,2026-01-04 14:12:33,zona_b
VS-0001032,CLI-01024,PRD-0107,tienda_sur,7,52.86,0,370.02,transferencia,completada,2026-03-03 06:12:21,zona_b
VS-0001033,CLI-02973,PRD-0157,tienda_sur,4,269.24,0,1076.96,yape,completada,2026-01-18 04:52:21,zona_a
VS-0001034,CLI-00192,PRD-0079,tienda_sur,5,218.48,25,1092.4,tarjeta,completada,2026-01-08 17:41:27,zona_d
VS-0001035,CLI-01814,PRD-0132,tienda_sur,4,625.37,5,2501.48,transferencia,completada,2026-01-25 10:01:58,zona_a
VS-0001036,CLI-01196,PRD-0071,tienda_sur,3,71.07,0,213.21,yape,completada,2026-03-18 07:21:55,zona_c
VS-0001037,CLI-02797,PRD-0099,tienda_sur,3,270.47,25,811.41,efectivo,completada,2026-03-04 04:01:50,zona_a
VS-0001038,CLI-00405,PRD-0139,tienda_sur,5,17.73,5,88.65,efectivo,completada,2026-03-04 13:21:54,zona_b
VS-0001039,CLI-01671,PRD-0052,tienda_sur,7,391.33,0,2739.31,efectivo,pendiente,2026-01-15 19:54:56,zona_d
VS-0001040,CLI-02869,PRD-0010,tienda_sur,1,147.48,0,147.48,tarjeta,completada,2026-01-16 16:57:37,zona_c
VS-0001041,CLI-02680,PRD-0046,tienda_sur,2,362.76,0,725.52,transferencia,pendiente,2026-01-12 14:09:42,zona_c
VS-0001042,CLI-00761,PRD-0064,tienda_sur,2,56.47,0,112.94,tarjeta,completada,2026-02-19 23:32:53,zona_b
VS-0001043,CLI-00707,PRD-0135,tienda_sur,2,111.43,10,222.86,yape,completada,2026-02-03 07:40:18,zona_a
VS-0001044,CLI-02753,PRD-0165,tienda_sur,5,867.52,5,4337.6,tarjeta,completada,2026-03-30 02:07:50,zona_c
VS-0001045,CLI-01313,PRD-0142,tienda_sur,3,121.27,0,363.81,tarjeta,completada,2026-03-12 09:26:21,zona_a
VS-0001046,CLI-00165,PRD-0043,tienda_sur,8,24.14,0,193.12,tarjeta,completada,2026-02-03 13:02:28,zona_c
VS-0001047,CLI-00473,PRD-0158,tienda_sur,7,230.04,0,1610.28,efectivo,completada,2026-02-19 15:43:06,zona_d
VS-0001048,CLI-00331,PRD-0102,tienda_sur,4,74.67,0,298.68,efectivo,completada,2026-03-07 22:56:07,zona_a
VS-0001049,CLI-02528,PRD-0188,tienda_sur,7,100.11,5,700.77,tarjeta,completada,2026-01-26 11:12:33,zona_a
VS-0001050,CLI-02840,PRD-0036,tienda_sur,3,38.79,10,116.37,efectivo,completada,2026-01-23 06:31:48,zona_c
VS-0001051,CLI-02034,PRD-0072,tienda_sur,8,32.66,0,261.28,tarjeta,completada,2026-02-16 15:35:44,zona_b
VS-0001052,CLI-02032,PRD-0066,tienda_sur,8,819.09,0,6552.72,tarjeta,completada,2026-03-07 03:42:48,zona_b
VS-0001053,CLI-00492,PRD-0127,tienda_sur,8,32.83,20,262.64,transferencia,completada,2026-02-17 15:07:14,zona_c
VS-0001054,CLI-01095,PRD-0200,tienda_sur,4,32.25,5,129.0,efectivo,completada,2026-01-22 12:53:46,zona_a
VS-0001055,CLI-01168,PRD-0016,tienda_sur,8,200.22,0,1601.76,tarjeta,completada,2026-02-18 04:34:52,zona_d
VS-0001056,CLI-00188,PRD-0030,tienda_sur,4,234.5,5,938.0,tarjeta,completada,2026-02-01 21:44:14,zona_a
VS-0001057,CLI-01121,PRD-0058,tienda_sur,1,140.42,20,140.42,transferencia,completada,2026-02-10 07:08:00,zona_b
VS-0001058,CLI-00574,PRD-0185,tienda_sur,7,169.81,5,1188.67,transferencia,completada,2026-03-04 21:09:10,zona_c
VS-0001059,CLI-02930,PRD-0103,tienda_sur,7,375.62,0,2629.34,yape,completada,2026-03-22 16:46:50,zona_b
VS-0001060,CLI-00765,PRD-0144,tienda_sur,4,78.08,0,312.32,yape,completada,2026-01-05 14:13:39,zona_d
VS-0001061,CLI-01218,PRD-0137,tienda_sur,4,111.85,15,447.4,efectivo,completada,2026-01-24 20:05:03,zona_c
VS-0001062,CLI-02959,PRD-0011,tienda_sur,4,71.6,5,286.4,tarjeta,completada,2026-03-20 23:01:55,zona_b
VS-0001063,CLI-00377,PRD-0009,tienda_sur,2,42.18,10,84.36,transferencia,devuelta,2026-01-06 10:46:10,zona_c
VS-0001064,CLI-01516,PRD-0026,tienda_sur,5,1165.21,0,5826.05,transferencia,completada,2026-02-24 05:20:05,zona_d
VS-0001065,CLI-00729,PRD-0103,tienda_sur,8,356.84,5,2854.72,tarjeta,completada,2026-02-01 14:44:33,zona_a
VS-0001066,CLI-02194,PRD-0120,tienda_sur,6,261.49,10,1568.94,transferencia,completada,2026-03-20 04:18:09,zona_d
VS-0001067,CLI-00889,PRD-0178,tienda_sur,1,78.84,10,78.84,yape,completada,2026-01-06 11:05:08,zona_c
VS-0001068,CLI-02785,PRD-0080,tienda_sur,8,142.71,0,1141.68,tarjeta,completada,2026-02-14 11:44:28,zona_d
VS-0001069,CLI-01800,PRD-0058,tienda_sur,1,157.98,10,157.98,tarjeta,completada,2026-02-26 09:08:59,zona_d
VS-0001070,CLI-00028,PRD-0002,tienda_sur,2,30.58,15,61.16,yape,completada,2026-01-15 11:09:00,zona_d
VS-0001071,CLI-01172,PRD-0163,tienda_sur,8,88.02,5,704.16,efectivo,completada,2026-02-20 08:01:15,zona_a
VS-0001072,CLI-00359,PRD-0131,tienda_sur,3,345.73,0,1037.19,tarjeta,completada,2026-03-31 08:13:38,zona_d
VS-0001073,CLI-00118,PRD-0072,tienda_sur,5,26.13,20,130.65,efectivo,completada,2026-02-05 08:27:08,zona_c
VS-0001074,CLI-00437,PRD-0115,tienda_sur,8,1144.16,0,9153.28,tarjeta,completada,2026-02-18 23:13:31,zona_a
VS-0001075,CLI-00023,PRD-0128,tienda_sur,2,40.49,20,80.98,transferencia,completada,2026-01-20 09:57:24,zona_d
VS-0001076,CLI-02710,PRD-0062,tienda_sur,1,127.56,0,127.56,yape,completada,2026-02-12 01:16:43,zona_b
VS-0001077,CLI-00190,PRD-0015,tienda_sur,2,54.47,5,108.94,efectivo,completada,2026-01-17 07:21:36,zona_b
VS-0001078,CLI-02121,PRD-0149,tienda_sur,2,246.35,10,492.7,transferencia,completada,2026-01-03 04:34:31,zona_c
VS-0001079,CLI-00390,PRD-0031,tienda_sur,3,279.72,10,839.16,tarjeta,completada,2026-02-06 13:32:25,zona_b
VS-0001080,CLI-02087,PRD-0052,tienda_sur,6,352.2,10,2113.2,tarjeta,completada,2026-03-20 09:00:43,zona_a
VS-0001081,CLI-02780,PRD-0166,tienda_sur,6,466.77,5,2800.62,tarjeta,completada,2026-03-24 23:14:29,zona_b
VS-0001082,CLI-00201,PRD-0042,tienda_sur,8,76.12,0,608.96,transferencia,completada,2026-01-03 09:22:51,zona_d
VS-0001083,CLI-02106,PRD-0143,tienda_sur,4,21.27,5,85.08,transferencia,completada,2026-02-23 08:17:16,zona_a
VS-0001084,CLI-01142,PRD-0115,tienda_sur,3,1144.16,0,3432.48,efectivo,completada,2026-03-28 02:37:49,zona_b
VS-0001085,CLI-01579,PRD-0168,tienda_sur,7,242.26,20,1695.82,yape,completada,2026-03-27 05:44:46,zona_d
VS-0001086,CLI-01428,PRD-0127,tienda_sur,3,41.04,0,123.12,tarjeta,completada,2026-02-16 21:28:14,zona_a
VS-0001087,CLI-02712,PRD-0105,tienda_sur,6,78.57,0,471.42,tarjeta,pendiente,2026-02-05 03:47:09,zona_c
VS-0001088,CLI-02747,PRD-0144,tienda_sur,4,62.46,20,249.84,yape,completada,2026-03-13 19:32:02,zona_c
VS-0001089,CLI-00302,PRD-0193,tienda_sur,1,41.94,10,41.94,transferencia,completada,2026-02-20 10:13:12,zona_d
VS-0001090,CLI-01085,PRD-0181,tienda_sur,6,106.33,0,637.98,tarjeta,completada,2026-01-25 18:46:13,zona_d
VS-0001091,CLI-01435,PRD-0020,tienda_sur,4,325.09,0,1300.36,tarjeta,completada,2026-02-23 18:59:24,zona_b
VS-0001092,CLI-00180,PRD-0059,tienda_sur,1,145.94,0,145.94,transferencia,completada,2026-01-07 23:42:41,zona_a
VS-0001093,CLI-00380,PRD-0174,tienda_sur,3,285.09,10,855.27,transferencia,completada,2026-03-22 23:23:44,zona_c
VS-0001094,CLI-01766,PRD-0058,tienda_sur,6,175.53,0,1053.18,tarjeta,completada,2026-01-30 11:46:51,zona_c
VS-0001095,CLI-00196,PRD-0176,tienda_sur,1,60.42,15,60.42,efectivo,completada,2026-01-24 21:23:54,zona_d
VS-0001096,CLI-01931,PRD-0008,tienda_sur,4,996.57,10,3986.28,yape,completada,2026-01-06 20:40:57,zona_c
VS-0001097,CLI-00164,PRD-0141,tienda_sur,7,113.94,20,797.58,efectivo,devuelta,2026-02-14 06:14:48,zona_a
VS-0001098,CLI-01003,PRD-0039,tienda_sur,7,58.03,5,406.21,transferencia,completada,2026-01-03 03:23:41,zona_d
VS-0001099,CLI-02763,PRD-0107,tienda_sur,5,50.22,5,251.1,transferencia,completada,2026-03-03 11:34:25,zona_d
VS-0001100,CLI-01250,PRD-0123,tienda_sur,3,40.34,0,121.02,efectivo,completada,2026-01-13 11:48:33,zona_c
VS-0001101,CLI-01383,PRD-0093,tienda_sur,4,676.37,25,2705.48,yape,completada,2026-03-02 13:50:13,zona_d
VS-0001102,CLI-01666,PRD-0017,tienda_sur,4,739.99,0,2959.96,yape,completada,2026-01-24 23:50:12,zona_c
VS-0001103,CLI-01901,PRD-0190,tienda_sur,4,225.12,5,900.48,yape,completada,2026-02-13 08:40:29,zona_d
VS-0001104,CLI-01940,PRD-0001,tienda_sur,5,380.31,0,1901.55,tarjeta,completada,2026-01-08 12:21:28,zona_d
VS-0001105,CLI-00191,PRD-0027,tienda_sur,8,30.66,0,245.28,transferencia,completada,2026-02-02 02:46:22,zona_a
VS-0001106,CLI-02862,PRD-0096,tienda_sur,4,66.38,15,265.52,tarjeta,completada,2026-03-22 17:24:41,zona_a
VS-0001107,CLI-01514,PRD-0119,tienda_sur,7,127.64,25,893.48,efectivo,completada,2026-03-25 04:42:28,zona_d
VS-0001108,CLI-00269,PRD-0026,tienda_sur,1,1165.21,0,1165.21,efectivo,pendiente,2026-03-06 14:29:20,zona_a
VS-0001109,CLI-01855,PRD-0037,tienda_sur,5,75.32,0,376.6,tarjeta,pendiente,2026-03-16 11:50:34,zona_c
VS-0001110,CLI-02357,PRD-0170,tienda_sur,6,106.17,5,637.02,efectivo,completada,2026-01-18 06:28:48,zona_d
VS-0001111,CLI-00700,PRD-0149,tienda_sur,6,273.72,0,1642.32,yape,completada,2026-01-08 09:30:57,zona_d
VS-0001112,CLI-01331,PRD-0069,tienda_sur,1,52.47,5,52.47,yape,completada,2026-01-10 03:18:06,zona_c
VS-0001113,CLI-00474,PRD-0167,tienda_sur,2,135.17,15,270.34,yape,completada,2026-01-04 20:02:53,zona_c
VS-0001114,CLI-00423,PRD-0113,tienda_sur,3,163.22,0,489.66,yape,completada,2026-03-24 13:20:57,zona_d
VS-0001115,CLI-00406,PRD-0018,tienda_sur,5,143.21,0,716.05,efectivo,completada,2026-01-15 20:57:18,zona_d
VS-0001116,CLI-01320,PRD-0112,tienda_sur,7,273.86,5,1917.02,tarjeta,completada,2026-03-19 18:24:46,zona_a
VS-0001117,CLI-02583,PRD-0083,tienda_sur,8,88.08,5,704.64,efectivo,completada,2026-02-22 05:14:18,zona_d
VS-0001118,CLI-00748,PRD-0003,tienda_sur,5,150.03,15,750.15,efectivo,completada,2026-02-13 19:31:06,zona_a
VS-0001119,CLI-02323,PRD-0060,tienda_sur,7,132.18,5,925.26,tarjeta,completada,2026-02-15 21:18:25,zona_d
VS-0001120,CLI-02619,PRD-0070,tienda_sur,4,432.08,15,1728.32,tarjeta,completada,2026-02-20 08:32:24,zona_b
VS-0001121,CLI-02479,PRD-0116,tienda_sur,4,8.29,10,33.16,tarjeta,completada,2026-02-23 21:47:14,zona_b
VS-0001122,CLI-00477,PRD-0150,tienda_sur,4,779.21,5,3116.84,yape,completada,2026-02-24 06:18:59,zona_b
VS-0001123,CLI-02449,PRD-0027,tienda_sur,1,30.66,0,30.66,efectivo,completada,2026-03-22 12:07:01,zona_d
VS-0001124,CLI-00358,PRD-0171,tienda_sur,4,27.64,10,110.56,tarjeta,completada,2026-03-27 02:16:30,zona_b
VS-0001125,CLI-02720,PRD-0118,tienda_sur,1,45.25,15,45.25,efectivo,completada,2026-02-12 19:50:39,zona_a
VS-0001126,CLI-00171,PRD-0112,tienda_sur,8,259.44,10,2075.52,tarjeta,completada,2026-02-08 11:45:05,zona_d
VS-0001127,CLI-00399,PRD-0111,tienda_sur,5,73.87,0,369.35,tarjeta,completada,2026-01-28 15:02:16,zona_d
VS-0001128,CLI-00758,PRD-0059,tienda_sur,6,145.94,0,875.64,transferencia,completada,2026-01-08 04:46:47,zona_c
VS-0001129,CLI-00931,PRD-0044,tienda_sur,5,105.96,0,529.8,efectivo,completada,2026-02-18 18:14:56,zona_b
VS-0001130,CLI-02832,PRD-0089,tienda_sur,7,68.95,0,482.65,tarjeta,completada,2026-01-03 00:46:20,zona_d
VS-0001131,CLI-02809,PRD-0031,tienda_sur,4,310.8,0,1243.2,transferencia,completada,2026-02-17 11:13:59,zona_b
VS-0001132,CLI-00394,PRD-0072,tienda_sur,4,31.03,5,124.12,tarjeta,completada,2026-03-05 22:03:51,zona_c
VS-0001133,CLI-00173,PRD-0037,tienda_sur,6,67.79,10,406.74,yape,completada,2026-01-02 05:51:07,zona_a
VS-0001134,CLI-02171,PRD-0086,tienda_sur,4,17.6,0,70.4,yape,completada,2026-02-21 20:51:29,zona_c
VS-0001135,CLI-01311,PRD-0188,tienda_sur,8,100.11,5,800.88,yape,completada,2026-01-12 08:02:40,zona_b
VS-0001136,CLI-01488,PRD-0052,tienda_sur,2,391.33,0,782.66,efectivo,completada,2026-03-10 01:48:51,zona_c
VS-0001137,CLI-01406,PRD-0075,tienda_sur,8,64.73,5,517.84,tarjeta,devuelta,2026-01-21 21:24:31,zona_b
VS-0001138,CLI-02409,PRD-0057,tienda_sur,1,358.8,10,358.8,tarjeta,completada,2026-03-23 06:21:51,zona_c
VS-0001139,CLI-02075,PRD-0167,tienda_sur,7,143.12,10,1001.84,yape,completada,2026-01-29 15:59:19,zona_c
VS-0001140,CLI-00111,PRD-0027,tienda_sur,1,29.13,5,29.13,tarjeta,completada,2026-02-22 22:24:08,zona_c
VS-0001141,CLI-01595,PRD-0064,tienda_sur,3,45.18,20,135.54,transferencia,completada,2026-02-14 19:26:59,zona_d
VS-0001142,CLI-02888,PRD-0028,tienda_sur,5,8.09,5,40.45,tarjeta,pendiente,2026-01-30 13:30:50,zona_a
VS-0001143,CLI-00409,PRD-0160,tienda_sur,3,46.94,0,140.82,yape,completada,2026-03-27 06:30:25,zona_b
VS-0001144,CLI-00629,PRD-0177,tienda_sur,6,852.94,20,5117.64,transferencia,completada,2026-02-25 01:57:16,zona_b
VS-0001145,CLI-00950,PRD-0039,tienda_sur,8,61.08,0,488.64,tarjeta,completada,2026-02-02 22:10:42,zona_a
VS-0001146,CLI-01738,PRD-0037,tienda_sur,6,64.02,15,384.12,efectivo,completada,2026-02-19 14:28:53,zona_b
VS-0001147,CLI-01938,PRD-0126,tienda_sur,4,1043.23,0,4172.92,efectivo,completada,2026-03-31 13:16:22,zona_c
VS-0001148,CLI-00458,PRD-0176,tienda_sur,4,63.97,10,255.88,tarjeta,completada,2026-01-27 08:34:47,zona_d
VS-0001149,CLI-02554,PRD-0028,tienda_sur,8,8.52,0,68.16,transferencia,pendiente,2026-01-18 11:49:54,zona_b
VS-0001150,CLI-00686,PRD-0039,tienda_sur,7,48.86,20,342.02,yape,completada,2026-01-24 10:15:52,zona_b
VS-0001151,CLI-00653,PRD-0098,tienda_sur,3,793.19,0,2379.57,transferencia,devuelta,2026-01-19 15:07:20,zona_a
VS-0001152,CLI-01984,PRD-0124,tienda_sur,6,172.02,0,1032.12,efectivo,completada,2026-02-13 01:30:25,zona_d
VS-0001153,CLI-02789,PRD-0198,tienda_sur,1,305.66,15,305.66,transferencia,completada,2026-02-11 01:33:10,zona_c
VS-0001154,CLI-02309,PRD-0006,tienda_sur,6,395.52,0,2373.12,efectivo,completada,2026-03-23 17:43:38,zona_b
VS-0001155,CLI-00309,PRD-0138,tienda_sur,7,116.96,20,818.72,tarjeta,completada,2026-01-03 02:10:52,zona_d
VS-0001156,CLI-00239,PRD-0174,tienda_sur,7,316.77,0,2217.39,yape,completada,2026-01-25 16:05:39,zona_b
VS-0001157,CLI-00506,PRD-0153,tienda_sur,6,1063.07,10,6378.42,efectivo,completada,2026-02-17 10:50:50,zona_a
VS-0001158,CLI-01927,PRD-0104,tienda_sur,8,195.93,0,1567.44,tarjeta,devuelta,2026-02-15 17:50:18,zona_d
VS-0001159,CLI-02471,PRD-0192,tienda_sur,7,88.41,5,618.87,efectivo,completada,2026-02-03 11:05:13,zona_b
VS-0001160,CLI-02115,PRD-0160,tienda_sur,7,46.94,0,328.58,efectivo,completada,2026-03-14 03:29:39,zona_c
VS-0001161,CLI-02452,PRD-0064,tienda_sur,8,56.47,0,451.76,efectivo,completada,2026-02-27 02:11:44,zona_b
VS-0001162,CLI-01191,PRD-0076,tienda_sur,8,135.89,0,1087.12,yape,completada,2026-02-09 03:40:59,zona_b
VS-0001163,CLI-02815,PRD-0041,tienda_sur,4,162.44,5,649.76,transferencia,completada,2026-01-24 13:48:41,zona_c
VS-0001164,CLI-01563,PRD-0062,tienda_sur,3,127.56,0,382.68,efectivo,completada,2026-01-08 04:51:03,zona_d
VS-0001165,CLI-02213,PRD-0178,tienda_sur,6,87.6,0,525.6,tarjeta,pendiente,2026-01-22 06:37:24,zona_a
VS-0001166,CLI-01746,PRD-0050,tienda_sur,3,11.33,0,33.99,tarjeta,completada,2026-03-06 19:08:17,zona_d
VS-0001167,CLI-02542,PRD-0045,tienda_sur,2,37.15,0,74.3,tarjeta,completada,2026-01-23 16:06:22,zona_c
VS-0001168,CLI-01374,PRD-0028,tienda_sur,2,8.52,0,17.04,yape,devuelta,2026-03-15 19:12:51,zona_b
VS-0001169,CLI-00959,PRD-0051,tienda_sur,5,328.46,0,1642.3,yape,completada,2026-03-22 09:41:58,zona_b
VS-0001170,CLI-01390,PRD-0110,tienda_sur,4,177.5,15,710.0,yape,completada,2026-01-09 15:37:17,zona_a
VS-0001171,CLI-00036,PRD-0143,tienda_sur,7,22.39,0,156.73,yape,completada,2026-01-21 09:34:34,zona_b
VS-0001172,CLI-02344,PRD-0001,tienda_sur,2,380.31,0,760.62,transferencia,completada,2026-02-17 00:40:27,zona_c
VS-0001173,CLI-00420,PRD-0104,tienda_sur,8,186.13,5,1489.04,efectivo,completada,2026-02-08 13:42:38,zona_b
VS-0001174,CLI-01013,PRD-0106,tienda_sur,4,233.66,0,934.64,yape,completada,2026-03-23 09:07:15,zona_c
VS-0001175,CLI-00208,PRD-0113,tienda_sur,8,155.06,5,1240.48,yape,devuelta,2026-02-18 02:28:39,zona_d
VS-0001176,CLI-01790,PRD-0111,tienda_sur,8,70.18,5,561.44,efectivo,completada,2026-01-09 19:40:03,zona_b
VS-0001177,CLI-02103,PRD-0043,tienda_sur,6,24.14,0,144.84,yape,pendiente,2026-01-21 12:00:03,zona_b
VS-0001178,CLI-01117,PRD-0144,tienda_sur,5,62.46,20,312.3,tarjeta,devuelta,2026-03-17 06:08:14,zona_b
VS-0001179,CLI-01435,PRD-0004,tienda_sur,2,53.89,0,107.78,transferencia,completada,2026-01-28 13:45:04,zona_b
VS-0001180,CLI-01083,PRD-0052,tienda_sur,2,371.76,5,743.52,tarjeta,completada,2026-01-27 15:55:43,zona_d
VS-0001181,CLI-00297,PRD-0155,tienda_sur,6,138.1,0,828.6,yape,completada,2026-02-02 00:09:35,zona_c
VS-0001182,CLI-01216,PRD-0185,tienda_sur,6,160.88,10,965.28,yape,completada,2026-02-25 17:49:46,zona_b
VS-0001183,CLI-00970,PRD-0121,tienda_sur,5,881.74,0,4408.7,tarjeta,completada,2026-02-02 21:40:31,zona_b
VS-0001184,CLI-00184,PRD-0157,tienda_sur,3,228.85,15,686.55,yape,completada,2026-03-08 01:44:23,zona_a
VS-0001185,CLI-02345,PRD-0066,tienda_sur,2,778.14,5,1556.28,tarjeta,completada,2026-02-13 21:10:51,zona_a
VS-0001186,CLI-01289,PRD-0187,tienda_sur,4,22.17,15,88.68,tarjeta,completada,2026-03-22 03:26:36,zona_b
VS-0001187,CLI-02981,PRD-0080,tienda_sur,2,114.17,20,228.34,yape,completada,2026-03-13 16:18:07,zona_d
VS-0001188,CLI-00111,PRD-0057,tienda_sur,5,398.67,0,1993.35,efectivo,completada,2026-03-01 03:15:39,zona_c
VS-0001189,CLI-01217,PRD-0151,tienda_sur,5,145.96,5,729.8,tarjeta,completada,2026-01-23 18:03:48,zona_a
VS-0001190,CLI-00367,PRD-0193,tienda_sur,3,46.6,0,139.8,yape,completada,2026-03-29 00:01:40,zona_c
VS-0001191,CLI-01421,PRD-0143,tienda_sur,1,20.15,10,20.15,yape,completada,2026-01-01 08:06:19,zona_b
VS-0001192,CLI-01580,PRD-0028,tienda_sur,7,6.82,20,47.74,transferencia,completada,2026-03-28 19:00:10,zona_a
VS-0001193,CLI-02844,PRD-0063,tienda_sur,3,161.95,25,485.85,yape,completada,2026-03-22 18:31:54,zona_a
VS-0001194,CLI-00332,PRD-0067,tienda_sur,8,96.38,5,771.04,yape,completada,2026-03-11 15:59:13,zona_d
VS-0001195,CLI-00562,PRD-0173,tienda_sur,5,167.7,5,838.5,efectivo,completada,2026-02-10 20:54:04,zona_d
VS-0001196,CLI-01718,PRD-0066,tienda_sur,2,778.14,5,1556.28,yape,completada,2026-03-26 09:38:24,zona_c
VS-0001197,CLI-00332,PRD-0150,tienda_sur,8,820.22,0,6561.76,efectivo,completada,2026-01-20 08:47:06,zona_b
VS-0001198,CLI-01578,PRD-0190,tienda_sur,5,236.97,0,1184.85,tarjeta,completada,2026-03-30 18:34:45,zona_b
VS-0001199,CLI-02723,PRD-0144,tienda_sur,3,78.08,0,234.24,efectivo,pendiente,2026-02-11 00:37:49,zona_b
VS-0001200,CLI-00551,PRD-0044,tienda_sur,5,105.96,0,529.8,tarjeta,completada,2026-03-05 23:54:22,zona_c
VS-0001201,CLI-01083,PRD-0004,tienda_sur,1,51.2,5,51.2,transferencia,completada,2026-01-21 17:33:28,zona_d
VS-0001202,CLI-00016,PRD-0145,tienda_sur,2,340.64,0,681.28,yape,devuelta,2026-03-06 13:09:35,zona_d
VS-0001203,CLI-01236,PRD-0134,tienda_sur,3,87.86,10,263.58,efectivo,completada,2026-01-27 20:30:48,zona_d
VS-0001204,CLI-01757,PRD-0012,tienda_sur,5,115.59,25,577.95,yape,completada,2026-01-19 09:51:58,zona_c
VS-0001205,CLI-02540,PRD-0173,tienda_sur,3,132.4,25,397.2,tarjeta,completada,2026-03-27 13:03:24,zona_b
VS-0001206,CLI-01432,PRD-0105,tienda_sur,5,66.78,15,333.9,transferencia,completada,2026-01-18 06:50:21,zona_c
VS-0001207,CLI-01636,PRD-0196,tienda_sur,5,41.23,0,206.15,yape,completada,2026-02-07 21:07:06,zona_c
VS-0001208,CLI-02343,PRD-0053,tienda_sur,2,4.66,10,9.32,yape,completada,2026-02-27 18:20:42,zona_b
VS-0001209,CLI-02594,PRD-0040,tienda_sur,3,145.81,15,437.43,transferencia,completada,2026-03-14 11:20:27,zona_c
VS-0001210,CLI-00249,PRD-0076,tienda_sur,5,129.1,5,645.5,yape,completada,2026-02-01 20:09:06,zona_b
VS-0001211,CLI-02513,PRD-0112,tienda_sur,3,288.27,0,864.81,yape,completada,2026-01-10 23:52:10,zona_d
VS-0001212,CLI-01211,PRD-0050,tienda_sur,4,9.63,15,38.52,transferencia,completada,2026-03-10 19:25:54,zona_a
VS-0001213,CLI-00957,PRD-0006,tienda_sur,4,336.19,15,1344.76,yape,completada,2026-02-14 08:27:13,zona_d
VS-0001214,CLI-01971,PRD-0054,tienda_sur,3,98.65,0,295.95,efectivo,completada,2026-03-12 07:59:11,zona_d
VS-0001215,CLI-01606,PRD-0069,tienda_sur,3,55.23,0,165.69,tarjeta,devuelta,2026-01-30 08:51:30,zona_d
VS-0001216,CLI-00436,PRD-0194,tienda_sur,3,149.53,15,448.59,yape,completada,2026-02-18 06:16:43,zona_b
VS-0001217,CLI-00638,PRD-0188,tienda_sur,3,105.38,0,316.14,tarjeta,completada,2026-02-21 23:31:46,zona_c
VS-0001218,CLI-02795,PRD-0085,tienda_sur,3,93.72,20,281.16,yape,completada,2026-03-20 12:09:50,zona_c
VS-0001219,CLI-00656,PRD-0024,tienda_sur,4,135.72,0,542.88,efectivo,completada,2026-01-30 01:52:02,zona_d
VS-0001220,CLI-02094,PRD-0115,tienda_sur,6,1086.95,5,6521.7,yape,pendiente,2026-03-27 15:31:41,zona_d
VS-0001221,CLI-01988,PRD-0168,tienda_sur,5,302.83,0,1514.15,tarjeta,completada,2026-02-28 06:06:45,zona_a
VS-0001222,CLI-02978,PRD-0048,tienda_sur,3,307.21,0,921.63,yape,completada,2026-01-02 01:41:34,zona_d
VS-0001223,CLI-02958,PRD-0075,tienda_sur,8,64.73,5,517.84,efectivo,completada,2026-03-18 14:11:43,zona_c
VS-0001224,CLI-01813,PRD-0169,tienda_sur,3,1064.16,0,3192.48,transferencia,completada,2026-03-05 16:42:48,zona_b
VS-0001225,CLI-01312,PRD-0111,tienda_sur,3,73.87,0,221.61,efectivo,completada,2026-01-11 13:39:45,zona_c
VS-0001226,CLI-01596,PRD-0125,tienda_sur,6,297.62,5,1785.72,yape,completada,2026-03-16 21:59:50,zona_c
VS-0001227,CLI-00385,PRD-0052,tienda_sur,5,371.76,5,1858.8,efectivo,completada,2026-02-03 11:17:02,zona_d
VS-0001228,CLI-01993,PRD-0192,tienda_sur,6,83.75,10,502.5,efectivo,completada,2026-01-28 23:31:26,zona_d
VS-0001229,CLI-00312,PRD-0129,tienda_sur,6,99.95,0,599.7,efectivo,devuelta,2026-03-19 08:47:12,zona_a
VS-0001230,CLI-00806,PRD-0114,tienda_sur,8,254.22,0,2033.76,transferencia,completada,2026-01-16 13:00:50,zona_c
VS-0001231,CLI-01855,PRD-0055,tienda_sur,8,19.28,5,154.24,transferencia,devuelta,2026-03-12 04:04:01,zona_b
VS-0001232,CLI-02235,PRD-0014,tienda_sur,4,299.8,5,1199.2,yape,completada,2026-02-07 23:23:16,zona_a
VS-0001233,CLI-00689,PRD-0127,tienda_sur,1,38.99,5,38.99,tarjeta,completada,2026-02-14 16:01:02,zona_c
VS-0001234,CLI-02941,PRD-0153,tienda_sur,6,1122.13,5,6732.78,efectivo,completada,2026-02-06 01:47:19,zona_b
VS-0001235,CLI-01736,PRD-0116,tienda_sur,4,9.21,0,36.84,transferencia,completada,2026-03-18 03:10:29,zona_a
VS-0001236,CLI-02054,PRD-0108,tienda_sur,6,125.4,10,752.4,efectivo,completada,2026-02-08 13:34:00,zona_c
VS-0001237,CLI-02407,PRD-0004,tienda_sur,7,53.89,0,377.23,tarjeta,completada,2026-01-14 00:12:44,zona_d
VS-0001238,CLI-01754,PRD-0044,tienda_sur,1,100.66,5,100.66,efectivo,completada,2026-03-24 03:23:26,zona_a
VS-0001239,CLI-00238,PRD-0036,tienda_sur,5,43.1,0,215.5,tarjeta,completada,2026-02-14 03:12:05,zona_c
VS-0001240,CLI-01364,PRD-0183,tienda_sur,5,38.87,15,194.35,efectivo,completada,2026-03-16 21:05:35,zona_a
VS-0001241,CLI-01787,PRD-0152,tienda_sur,5,84.92,15,424.6,yape,pendiente,2026-01-02 17:28:32,zona_c
VS-0001242,CLI-00961,PRD-0021,tienda_sur,2,14.57,20,29.14,transferencia,completada,2026-02-10 18:51:43,zona_c
VS-0001243,CLI-01184,PRD-0131,tienda_sur,4,293.87,15,1175.48,yape,completada,2026-03-05 11:32:30,zona_d
VS-0001244,CLI-02109,PRD-0090,tienda_sur,5,11.41,5,57.05,efectivo,completada,2026-01-06 06:09:52,zona_a
VS-0001245,CLI-01588,PRD-0052,tienda_sur,4,332.63,15,1330.52,transferencia,completada,2026-02-09 01:16:07,zona_c
VS-0001246,CLI-02510,PRD-0065,tienda_sur,3,199.53,0,598.59,yape,completada,2026-02-04 09:14:24,zona_d
VS-0001247,CLI-00230,PRD-0006,tienda_sur,3,336.19,15,1008.57,yape,completada,2026-02-27 01:20:38,zona_d
VS-0001248,CLI-01478,PRD-0009,tienda_sur,7,44.53,5,311.71,efectivo,devuelta,2026-03-07 13:54:44,zona_b
VS-0001249,CLI-00560,PRD-0163,tienda_sur,2,92.65,0,185.3,efectivo,completada,2026-02-20 19:26:37,zona_a
VS-0001250,CLI-01934,PRD-0011,tienda_sur,6,71.6,5,429.6,efectivo,completada,2026-01-29 07:14:21,zona_b
VS-0001251,CLI-00241,PRD-0146,tienda_sur,5,85.82,0,429.1,tarjeta,completada,2026-03-12 05:22:48,zona_b
VS-0001252,CLI-02750,PRD-0122,tienda_sur,5,237.03,5,1185.15,efectivo,completada,2026-03-31 10:35:54,zona_d
VS-0001253,CLI-01396,PRD-0024,tienda_sur,2,135.72,0,271.44,efectivo,completada,2026-03-30 09:35:33,zona_b
VS-0001254,CLI-01477,PRD-0035,tienda_sur,8,97.79,10,782.32,tarjeta,completada,2026-02-24 09:57:13,zona_a
VS-0001255,CLI-00499,PRD-0178,tienda_sur,6,87.6,0,525.6,tarjeta,completada,2026-03-07 12:53:23,zona_d
VS-0001256,CLI-01462,PRD-0179,tienda_sur,4,350.18,10,1400.72,efectivo,devuelta,2026-03-12 07:06:40,zona_c
VS-0001257,CLI-02573,PRD-0112,tienda_sur,6,245.03,15,1470.18,yape,completada,2026-02-21 10:01:48,zona_a
VS-0001258,CLI-00508,PRD-0109,tienda_sur,8,127.43,0,1019.44,tarjeta,devuelta,2026-02-18 09:49:55,zona_c
VS-0001259,CLI-02996,PRD-0178,tienda_sur,3,83.22,5,249.66,tarjeta,completada,2026-01-19 06:21:23,zona_d
VS-0001260,CLI-02322,PRD-0108,tienda_sur,7,132.36,5,926.52,tarjeta,pendiente,2026-03-23 10:39:58,zona_c
VS-0001261,CLI-02265,PRD-0012,tienda_sur,8,138.71,10,1109.68,transferencia,completada,2026-03-23 01:55:16,zona_b
VS-0001262,CLI-00520,PRD-0102,tienda_sur,3,74.67,0,224.01,yape,completada,2026-03-20 09:49:38,zona_b
VS-0001263,CLI-02259,PRD-0100,tienda_sur,5,326.46,10,1632.3,tarjeta,completada,2026-03-13 15:17:12,zona_c
VS-0001264,CLI-01224,PRD-0173,tienda_sur,5,176.53,0,882.65,efectivo,completada,2026-01-27 01:54:55,zona_b
VS-0001265,CLI-02892,PRD-0138,tienda_sur,5,131.58,10,657.9,yape,completada,2026-01-13 06:41:10,zona_d
VS-0001266,CLI-00651,PRD-0026,tienda_sur,8,1106.95,5,8855.6,tarjeta,devuelta,2026-03-24 22:21:51,zona_a
VS-0001267,CLI-00192,PRD-0171,tienda_sur,4,29.17,5,116.68,yape,completada,2026-02-28 13:50:25,zona_d
VS-0001268,CLI-02070,PRD-0195,tienda_sur,2,164.61,5,329.22,tarjeta,completada,2026-03-14 10:59:44,zona_d
VS-0001269,CLI-01823,PRD-0098,tienda_sur,2,713.87,10,1427.74,tarjeta,completada,2026-03-05 14:56:30,zona_a
VS-0001270,CLI-01524,PRD-0134,tienda_sur,6,97.62,0,585.72,efectivo,completada,2026-03-12 11:54:43,zona_b
VS-0001271,CLI-02614,PRD-0083,tienda_sur,7,92.72,0,649.04,efectivo,completada,2026-03-24 18:02:49,zona_b
VS-0001272,CLI-01358,PRD-0080,tienda_sur,5,142.71,0,713.55,tarjeta,completada,2026-03-07 04:22:56,zona_b
VS-0001273,CLI-02636,PRD-0030,tienda_sur,4,246.84,0,987.36,tarjeta,completada,2026-02-16 03:47:03,zona_b
VS-0001274,CLI-02003,PRD-0035,tienda_sur,5,97.79,10,488.95,tarjeta,completada,2026-02-03 09:25:57,zona_d
VS-0001275,CLI-02435,PRD-0035,tienda_sur,3,103.23,5,309.69,tarjeta,completada,2026-03-19 18:33:14,zona_b
VS-0001276,CLI-02234,PRD-0175,tienda_sur,6,63.31,15,379.86,efectivo,completada,2026-02-13 23:50:22,zona_c
VS-0001277,CLI-02646,PRD-0170,tienda_sur,7,106.17,5,743.19,efectivo,completada,2026-01-26 08:08:33,zona_c
VS-0001278,CLI-01043,PRD-0021,tienda_sur,5,18.21,0,91.05,tarjeta,completada,2026-01-10 19:31:52,zona_d
VS-0001279,CLI-02284,PRD-0084,tienda_sur,7,111.13,0,777.91,yape,pendiente,2026-01-11 22:21:22,zona_a
VS-0001280,CLI-01289,PRD-0139,tienda_sur,2,14.93,20,29.86,efectivo,completada,2026-01-13 02:22:04,zona_d
VS-0001281,CLI-01946,PRD-0039,tienda_sur,2,61.08,0,122.16,transferencia,completada,2026-02-19 19:16:43,zona_b
VS-0001282,CLI-01834,PRD-0051,tienda_sur,1,312.04,5,312.04,tarjeta,completada,2026-02-01 13:14:21,zona_d
VS-0001283,CLI-02175,PRD-0128,tienda_sur,3,50.61,0,151.83,tarjeta,completada,2026-01-12 06:54:54,zona_a
VS-0001284,CLI-02839,PRD-0026,tienda_sur,6,1106.95,5,6641.7,efectivo,completada,2026-03-28 12:50:59,zona_c
VS-0001285,CLI-01909,PRD-0085,tienda_sur,4,117.15,0,468.6,transferencia,completada,2026-01-18 16:25:11,zona_b
VS-0001286,CLI-00018,PRD-0200,tienda_sur,8,28.86,15,230.88,efectivo,completada,2026-03-29 08:07:12,zona_d
VS-0001287,CLI-02075,PRD-0179,tienda_sur,5,369.64,5,1848.2,tarjeta,completada,2026-03-26 10:46:52,zona_b
VS-0001288,CLI-02345,PRD-0065,tienda_sur,5,199.53,0,997.65,transferencia,completada,2026-02-13 19:04:59,zona_d
VS-0001289,CLI-01497,PRD-0193,tienda_sur,2,46.6,0,93.2,yape,completada,2026-02-16 22:59:15,zona_c
VS-0001290,CLI-00936,PRD-0154,tienda_sur,1,47.82,0,47.82,yape,completada,2026-01-27 11:29:38,zona_a
VS-0001291,CLI-01403,PRD-0117,tienda_sur,6,146.98,5,881.88,yape,completada,2026-01-03 13:27:36,zona_b
VS-0001292,CLI-01345,PRD-0030,tienda_sur,8,246.84,0,1974.72,yape,completada,2026-03-23 01:27:34,zona_d
VS-0001293,CLI-00545,PRD-0036,tienda_sur,4,36.63,15,146.52,tarjeta,completada,2026-01-26 08:34:40,zona_c
VS-0001294,CLI-01524,PRD-0125,tienda_sur,8,313.28,0,2506.24,yape,completada,2026-03-09 13:44:07,zona_a
VS-0001295,CLI-00747,PRD-0095,tienda_sur,2,45.05,10,90.1,efectivo,completada,2026-01-25 21:55:31,zona_c
VS-0001296,CLI-02206,PRD-0086,tienda_sur,1,16.72,5,16.72,tarjeta,completada,2026-01-12 05:23:27,zona_d
VS-0001297,CLI-02397,PRD-0170,tienda_sur,5,100.58,10,502.9,tarjeta,completada,2026-02-01 18:09:58,zona_c
VS-0001298,CLI-00058,PRD-0037,tienda_sur,1,64.02,15,64.02,yape,completada,2026-01-26 15:01:07,zona_b
VS-0001299,CLI-00467,PRD-0111,tienda_sur,3,70.18,5,210.54,efectivo,completada,2026-03-09 22:49:48,zona_c
VS-0001300,CLI-02511,PRD-0084,tienda_sur,6,105.57,5,633.42,tarjeta,completada,2026-01-02 05:06:48,zona_a
VS-0001301,CLI-01407,PRD-0061,tienda_sur,5,814.44,5,4072.2,tarjeta,devuelta,2026-02-15 06:08:57,zona_a
VS-0001302,CLI-00907,PRD-0025,tienda_sur,6,397.73,0,2386.38,tarjeta,devuelta,2026-01-22 04:25:09,zona_d
VS-0001303,CLI-01415,PRD-0133,tienda_sur,6,92.0,5,552.0,tarjeta,completada,2026-02-11 20:42:48,zona_d
VS-0001304,CLI-01544,PRD-0099,tienda_sur,3,360.62,0,1081.86,tarjeta,completada,2026-01-28 12:18:05,zona_c
VS-0001305,CLI-01497,PRD-0132,tienda_sur,2,658.28,0,1316.56,yape,completada,2026-01-08 18:20:01,zona_c
VS-0001306,CLI-01855,PRD-0024,tienda_sur,2,128.93,5,257.86,transferencia,completada,2026-02-26 05:23:20,zona_d
VS-0001307,CLI-01652,PRD-0136,tienda_sur,7,93.42,10,653.94,efectivo,completada,2026-03-18 01:10:09,zona_a
VS-0001308,CLI-00876,PRD-0088,tienda_sur,1,66.62,0,66.62,tarjeta,devuelta,2026-03-16 01:51:24,zona_a
VS-0001309,CLI-00676,PRD-0199,tienda_sur,8,375.09,0,3000.72,tarjeta,completada,2026-02-03 21:41:23,zona_a
VS-0001310,CLI-00540,PRD-0048,tienda_sur,1,291.85,5,291.85,yape,completada,2026-01-01 20:37:03,zona_c
VS-0001311,CLI-00123,PRD-0116,tienda_sur,6,7.83,15,46.98,efectivo,completada,2026-02-24 01:02:24,zona_c
VS-0001312,CLI-02217,PRD-0042,tienda_sur,7,64.7,15,452.9,tarjeta,completada,2026-03-08 11:30:47,zona_a
VS-0001313,CLI-01079,PRD-0042,tienda_sur,5,57.09,25,285.45,tarjeta,completada,2026-03-25 08:15:59,zona_c
VS-0001314,CLI-01780,PRD-0188,tienda_sur,8,84.3,20,674.4,yape,completada,2026-02-24 12:55:42,zona_c
VS-0001315,CLI-00496,PRD-0101,tienda_sur,7,1072.29,5,7506.03,transferencia,completada,2026-01-22 17:44:51,zona_a
VS-0001316,CLI-02416,PRD-0040,tienda_sur,5,162.96,5,814.8,tarjeta,devuelta,2026-03-23 21:14:36,zona_b
VS-0001317,CLI-00285,PRD-0121,tienda_sur,5,749.48,15,3747.4,transferencia,devuelta,2026-03-16 23:09:41,zona_d
VS-0001318,CLI-00926,PRD-0019,tienda_sur,7,261.02,10,1827.14,tarjeta,completada,2026-01-16 00:04:13,zona_c
VS-0001319,CLI-02258,PRD-0129,tienda_sur,6,99.95,0,599.7,transferencia,completada,2026-02-20 15:24:49,zona_d
VS-0001320,CLI-02282,PRD-0070,tienda_sur,5,381.25,25,1906.25,efectivo,completada,2026-01-01 12:46:13,zona_a
VS-0001321,CLI-01729,PRD-0059,tienda_sur,1,145.94,0,145.94,tarjeta,completada,2026-02-16 23:53:25,zona_d
VS-0001322,CLI-00399,PRD-0096,tienda_sur,8,74.19,5,593.52,efectivo,completada,2026-02-01 22:43:58,zona_b
VS-0001323,CLI-00916,PRD-0001,tienda_sur,5,361.29,5,1806.45,tarjeta,completada,2026-01-20 09:05:26,zona_c
VS-0001324,CLI-01993,PRD-0023,tienda_sur,5,55.07,15,275.35,tarjeta,completada,2026-02-02 01:32:46,zona_d
VS-0001325,CLI-00412,PRD-0059,tienda_sur,1,109.45,25,109.45,yape,completada,2026-01-03 01:37:47,zona_c
VS-0001326,CLI-00419,PRD-0090,tienda_sur,3,12.01,0,36.03,tarjeta,completada,2026-03-24 13:01:06,zona_b
VS-0001327,CLI-00166,PRD-0091,tienda_sur,8,47.32,5,378.56,yape,completada,2026-02-18 11:00:36,zona_a
VS-0001328,CLI-00130,PRD-0170,tienda_sur,5,111.76,0,558.8,transferencia,completada,2026-02-19 23:08:47,zona_b
VS-0001329,CLI-00604,PRD-0183,tienda_sur,1,45.73,0,45.73,yape,devuelta,2026-03-24 21:07:12,zona_d
VS-0001330,CLI-02621,PRD-0098,tienda_sur,6,793.19,0,4759.14,yape,completada,2026-01-23 14:10:53,zona_b
VS-0001331,CLI-01933,PRD-0081,tienda_sur,1,115.75,0,115.75,yape,completada,2026-01-17 12:48:38,zona_d
VS-0001332,CLI-01831,PRD-0074,tienda_sur,2,85.2,15,170.4,yape,completada,2026-02-06 08:59:45,zona_b
VS-0001333,CLI-02313,PRD-0066,tienda_sur,6,819.09,0,4914.54,tarjeta,completada,2026-03-17 19:37:01,zona_a
VS-0001334,CLI-01075,PRD-0068,tienda_sur,7,158.32,5,1108.24,tarjeta,completada,2026-03-26 21:38:54,zona_a
VS-0001335,CLI-02999,PRD-0111,tienda_sur,6,66.48,10,398.88,tarjeta,completada,2026-01-15 20:08:41,zona_b
VS-0001336,CLI-00835,PRD-0131,tienda_sur,8,259.3,25,2074.4,transferencia,completada,2026-01-19 03:13:20,zona_b
VS-0001337,CLI-01276,PRD-0085,tienda_sur,7,111.29,5,779.03,tarjeta,devuelta,2026-01-30 02:54:19,zona_a
VS-0001338,CLI-01048,PRD-0100,tienda_sur,2,362.73,0,725.46,efectivo,completada,2026-02-03 01:23:09,zona_d
VS-0001339,CLI-02215,PRD-0133,tienda_sur,5,77.47,20,387.35,yape,completada,2026-02-01 10:47:10,zona_b
VS-0001340,CLI-00467,PRD-0058,tienda_sur,7,175.53,0,1228.71,tarjeta,completada,2026-01-27 13:42:42,zona_a
VS-0001341,CLI-00793,PRD-0062,tienda_sur,8,127.56,0,1020.48,tarjeta,completada,2026-03-03 20:19:51,zona_c
VS-0001342,CLI-01005,PRD-0062,tienda_sur,5,102.05,20,510.25,tarjeta,completada,2026-01-21 07:20:50,zona_c
VS-0001343,CLI-00934,PRD-0147,tienda_sur,6,44.96,10,269.76,tarjeta,completada,2026-01-01 06:13:57,zona_c
VS-0001344,CLI-00023,PRD-0163,tienda_sur,8,69.49,25,555.92,transferencia,completada,2026-01-09 05:39:03,zona_c
VS-0001345,CLI-00837,PRD-0181,tienda_sur,8,106.33,0,850.64,yape,completada,2026-03-07 06:56:56,zona_a
VS-0001346,CLI-01045,PRD-0007,tienda_sur,4,19.86,0,79.44,yape,completada,2026-01-02 04:49:23,zona_d
VS-0001347,CLI-01410,PRD-0025,tienda_sur,1,397.73,0,397.73,tarjeta,completada,2026-03-16 18:32:19,zona_d
VS-0001348,CLI-01684,PRD-0132,tienda_sur,3,625.37,5,1876.11,yape,completada,2026-03-23 07:01:42,zona_d
VS-0001349,CLI-02525,PRD-0101,tienda_sur,5,959.42,15,4797.1,efectivo,completada,2026-03-24 02:35:38,zona_b
VS-0001350,CLI-02545,PRD-0116,tienda_sur,7,9.21,0,64.47,efectivo,completada,2026-01-22 00:53:53,zona_c
VS-0001351,CLI-02157,PRD-0100,tienda_sur,3,344.59,5,1033.77,efectivo,completada,2026-02-21 06:51:59,zona_d
VS-0001352,CLI-00052,PRD-0018,tienda_sur,8,143.21,0,1145.68,efectivo,devuelta,2026-03-13 08:26:57,zona_d
VS-0001353,CLI-01936,PRD-0176,tienda_sur,3,71.08,0,213.24,efectivo,devuelta,2026-03-11 23:46:22,zona_a
VS-0001354,CLI-02156,PRD-0131,tienda_sur,2,276.58,20,553.16,yape,completada,2026-01-17 14:37:48,zona_c
VS-0001355,CLI-01894,PRD-0164,tienda_sur,4,339.59,0,1358.36,efectivo,completada,2026-01-10 14:00:16,zona_c
VS-0001356,CLI-02623,PRD-0113,tienda_sur,6,130.58,20,783.48,tarjeta,completada,2026-01-22 06:44:37,zona_a
VS-0001357,CLI-01443,PRD-0054,tienda_sur,3,98.65,0,295.95,tarjeta,completada,2026-03-29 16:10:37,zona_b
VS-0001358,CLI-02521,PRD-0113,tienda_sur,3,122.41,25,367.23,tarjeta,completada,2026-03-01 09:16:30,zona_d
VS-0001359,CLI-01087,PRD-0154,tienda_sur,1,45.43,5,45.43,yape,completada,2026-02-04 01:57:17,zona_c
VS-0001360,CLI-02409,PRD-0152,tienda_sur,7,89.92,10,629.44,tarjeta,completada,2026-01-17 13:17:41,zona_a
VS-0001361,CLI-00816,PRD-0142,tienda_sur,2,115.21,5,230.42,tarjeta,completada,2026-01-30 12:46:26,zona_b
VS-0001362,CLI-02300,PRD-0162,tienda_sur,2,76.2,10,152.4,yape,completada,2026-02-21 16:54:02,zona_c
VS-0001363,CLI-00499,PRD-0164,tienda_sur,4,322.61,5,1290.44,efectivo,completada,2026-02-20 03:04:09,zona_d
VS-0001364,CLI-00893,PRD-0189,tienda_sur,7,160.88,10,1126.16,tarjeta,completada,2026-01-31 22:28:39,zona_c
VS-0001365,CLI-01583,PRD-0083,tienda_sur,1,92.72,0,92.72,efectivo,completada,2026-02-03 10:34:22,zona_a
VS-0001366,CLI-00122,PRD-0034,tienda_sur,7,104.06,0,728.42,yape,devuelta,2026-03-29 11:23:22,zona_c
VS-0001367,CLI-01593,PRD-0009,tienda_sur,5,46.87,0,234.35,efectivo,completada,2026-03-31 15:11:49,zona_c
VS-0001368,CLI-00419,PRD-0112,tienda_sur,5,288.27,0,1441.35,tarjeta,completada,2026-01-28 23:25:54,zona_c
VS-0001369,CLI-02801,PRD-0098,tienda_sur,8,793.19,0,6345.52,tarjeta,pendiente,2026-03-14 03:05:42,zona_d
VS-0001370,CLI-02895,PRD-0040,tienda_sur,4,154.39,10,617.56,efectivo,completada,2026-02-18 17:11:33,zona_b
VS-0001371,CLI-00765,PRD-0064,tienda_sur,5,42.35,25,211.75,yape,completada,2026-01-11 22:35:25,zona_d
VS-0001372,CLI-01122,PRD-0075,tienda_sur,1,61.33,10,61.33,yape,completada,2026-02-28 13:36:51,zona_d
VS-0001373,CLI-00093,PRD-0176,tienda_sur,7,71.08,0,497.56,yape,completada,2026-03-15 10:57:57,zona_c
VS-0001374,CLI-01499,PRD-0085,tienda_sur,1,99.58,15,99.58,yape,completada,2026-03-24 15:13:24,zona_c
VS-0001375,CLI-00490,PRD-0169,tienda_sur,1,1064.16,0,1064.16,tarjeta,completada,2026-03-15 03:43:13,zona_a
VS-0001376,CLI-02760,PRD-0037,tienda_sur,5,71.55,5,357.75,efectivo,completada,2026-03-13 07:35:33,zona_c
VS-0001377,CLI-01277,PRD-0011,tienda_sur,3,75.37,0,226.11,yape,completada,2026-03-27 06:55:19,zona_b
VS-0001378,CLI-00761,PRD-0005,tienda_sur,7,170.03,20,1190.21,tarjeta,completada,2026-01-22 05:01:28,zona_d
VS-0001379,CLI-02643,PRD-0024,tienda_sur,2,108.58,20,217.16,transferencia,completada,2026-01-12 20:01:36,zona_d
VS-0001380,CLI-01120,PRD-0188,tienda_sur,7,105.38,0,737.66,transferencia,completada,2026-03-15 15:39:33,zona_a
VS-0001381,CLI-01269,PRD-0072,tienda_sur,6,29.39,10,176.34,efectivo,completada,2026-01-30 01:03:26,zona_b
VS-0001382,CLI-02511,PRD-0044,tienda_sur,8,100.66,5,805.28,tarjeta,completada,2026-01-21 09:32:32,zona_c
VS-0001383,CLI-00164,PRD-0055,tienda_sur,1,20.29,0,20.29,yape,completada,2026-01-31 09:54:57,zona_d
VS-0001384,CLI-02385,PRD-0079,tienda_sur,7,247.61,15,1733.27,tarjeta,completada,2026-03-16 11:05:00,zona_d
VS-0001385,CLI-01585,PRD-0103,tienda_sur,2,338.06,10,676.12,tarjeta,completada,2026-03-13 07:02:20,zona_c
VS-0001386,CLI-02871,PRD-0088,tienda_sur,2,66.62,0,133.24,yape,completada,2026-01-17 07:52:46,zona_a
VS-0001387,CLI-02682,PRD-0042,tienda_sur,8,76.12,0,608.96,efectivo,completada,2026-03-05 09:39:14,zona_a
VS-0001388,CLI-02813,PRD-0120,tienda_sur,6,290.54,0,1743.24,tarjeta,completada,2026-01-11 01:09:10,zona_c
VS-0001389,CLI-01163,PRD-0067,tienda_sur,4,101.45,0,405.8,tarjeta,completada,2026-01-29 01:01:08,zona_d
VS-0001390,CLI-02203,PRD-0089,tienda_sur,4,65.5,5,262.0,tarjeta,completada,2026-01-18 16:59:59,zona_c
VS-0001391,CLI-00516,PRD-0050,tienda_sur,7,11.33,0,79.31,yape,completada,2026-03-27 08:45:15,zona_c
VS-0001392,CLI-00269,PRD-0165,tienda_sur,2,913.18,0,1826.36,tarjeta,completada,2026-03-29 06:00:27,zona_c
VS-0001393,CLI-01884,PRD-0074,tienda_sur,1,100.23,0,100.23,efectivo,completada,2026-03-21 18:56:07,zona_d
VS-0001394,CLI-00257,PRD-0025,tienda_sur,2,377.84,5,755.68,efectivo,completada,2026-02-23 19:59:33,zona_b
VS-0001395,CLI-01350,PRD-0009,tienda_sur,1,37.5,20,37.5,tarjeta,completada,2026-02-17 08:17:10,zona_c
VS-0001396,CLI-01270,PRD-0010,tienda_sur,7,147.48,0,1032.36,efectivo,completada,2026-01-09 19:35:07,zona_c
VS-0001397,CLI-00647,PRD-0125,tienda_sur,3,313.28,0,939.84,yape,completada,2026-01-11 18:29:27,zona_a
VS-0001398,CLI-01446,PRD-0074,tienda_sur,2,80.18,20,160.36,transferencia,pendiente,2026-03-28 22:11:37,zona_c
VS-0001399,CLI-00343,PRD-0074,tienda_sur,7,80.18,20,561.26,tarjeta,completada,2026-02-24 19:36:21,zona_a
VS-0001400,CLI-02466,PRD-0037,tienda_sur,1,75.32,0,75.32,yape,completada,2026-01-19 04:29:14,zona_c
VS-0001401,CLI-00735,PRD-0045,tienda_sur,5,35.29,5,176.45,yape,completada,2026-01-04 11:01:23,zona_b
VS-0001402,CLI-00072,PRD-0119,tienda_sur,3,153.16,10,459.48,transferencia,completada,2026-03-18 13:18:15,zona_a
VS-0001403,CLI-00374,PRD-0192,tienda_sur,8,93.06,0,744.48,yape,completada,2026-01-06 17:43:33,zona_c
VS-0001404,CLI-00112,PRD-0101,tienda_sur,6,1072.29,5,6433.74,transferencia,completada,2026-03-26 10:00:50,zona_c
VS-0001405,CLI-01985,PRD-0061,tienda_sur,8,857.31,0,6858.48,transferencia,completada,2026-03-18 04:19:08,zona_c
VS-0001406,CLI-00053,PRD-0190,tienda_sur,4,236.97,0,947.88,tarjeta,completada,2026-02-17 05:21:05,zona_b
VS-0001407,CLI-01934,PRD-0116,tienda_sur,3,7.83,15,23.49,yape,completada,2026-02-01 00:21:01,zona_b
VS-0001408,CLI-00450,PRD-0192,tienda_sur,5,93.06,0,465.3,tarjeta,completada,2026-03-20 01:42:29,zona_b
VS-0001409,CLI-01608,PRD-0119,tienda_sur,1,161.67,5,161.67,tarjeta,completada,2026-03-19 16:37:21,zona_d
VS-0001410,CLI-01258,PRD-0142,tienda_sur,8,121.27,0,970.16,tarjeta,completada,2026-01-25 21:47:27,zona_b
VS-0001411,CLI-02094,PRD-0130,tienda_sur,2,395.01,0,790.02,tarjeta,completada,2026-02-11 22:32:57,zona_b
VS-0001412,CLI-01011,PRD-0005,tienda_sur,3,212.54,0,637.62,yape,pendiente,2026-03-03 14:35:00,zona_b
VS-0001413,CLI-00720,PRD-0030,tienda_sur,5,209.81,15,1049.05,tarjeta,completada,2026-02-06 15:40:38,zona_a
VS-0001414,CLI-00540,PRD-0172,tienda_sur,7,143.3,0,1003.1,yape,completada,2026-01-18 07:24:50,zona_a
VS-0001415,CLI-00717,PRD-0144,tienda_sur,3,66.37,15,199.11,tarjeta,completada,2026-01-14 08:49:58,zona_c
VS-0001416,CLI-02710,PRD-0048,tienda_sur,4,276.49,10,1105.96,transferencia,completada,2026-02-27 09:50:06,zona_d
VS-0001417,CLI-00984,PRD-0196,tienda_sur,8,41.23,0,329.84,yape,completada,2026-01-24 06:45:12,zona_b
VS-0001418,CLI-01288,PRD-0086,tienda_sur,3,16.72,5,50.16,transferencia,completada,2026-03-01 14:10:30,zona_d
VS-0001419,CLI-02713,PRD-0057,tienda_sur,7,338.87,15,2372.09,yape,completada,2026-01-12 22:44:32,zona_d
VS-0001420,CLI-00175,PRD-0121,tienda_sur,3,705.39,20,2116.17,yape,completada,2026-03-29 16:52:11,zona_c
VS-0001421,CLI-00584,PRD-0058,tienda_sur,6,166.75,5,1000.5,efectivo,completada,2026-02-03 00:03:32,zona_d
VS-0001422,CLI-01541,PRD-0199,tienda_sur,8,318.83,15,2550.64,tarjeta,pendiente,2026-03-11 16:24:51,zona_d
VS-0001423,CLI-00522,PRD-0084,tienda_sur,8,111.13,0,889.04,tarjeta,completada,2026-03-19 05:02:54,zona_c
VS-0001424,CLI-01138,PRD-0189,tienda_sur,8,178.76,0,1430.08,transferencia,completada,2026-02-03 09:25:55,zona_a
VS-0001425,CLI-00252,PRD-0005,tienda_sur,6,191.29,10,1147.74,tarjeta,completada,2026-01-10 00:57:48,zona_b
VS-0001426,CLI-02152,PRD-0160,tienda_sur,8,42.25,10,338.0,yape,completada,2026-03-18 23:26:50,zona_c
VS-0001427,CLI-02900,PRD-0057,tienda_sur,4,338.87,15,1355.48,tarjeta,devuelta,2026-01-28 08:12:43,zona_b
VS-0001428,CLI-00574,PRD-0015,tienda_sur,1,51.61,10,51.61,yape,completada,2026-01-25 22:58:10,zona_b
VS-0001429,CLI-02880,PRD-0186,tienda_sur,5,64.74,15,323.7,efectivo,completada,2026-01-07 22:32:00,zona_a
VS-0001430,CLI-02067,PRD-0037,tienda_sur,2,67.79,10,135.58,tarjeta,completada,2026-02-08 06:01:05,zona_a
VS-0001431,CLI-01655,PRD-0106,tienda_sur,7,210.29,10,1472.03,yape,completada,2026-01-16 11:43:16,zona_d
VS-0001432,CLI-00920,PRD-0143,tienda_sur,6,20.15,10,120.9,tarjeta,completada,2026-03-17 06:08:42,zona_d
VS-0001433,CLI-01005,PRD-0131,tienda_sur,8,328.44,5,2627.52,tarjeta,completada,2026-03-24 17:23:43,zona_d
VS-0001434,CLI-01878,PRD-0092,tienda_sur,6,1162.25,0,6973.5,tarjeta,completada,2026-02-11 16:10:17,zona_d
VS-0001435,CLI-01440,PRD-0101,tienda_sur,8,1128.73,0,9029.84,efectivo,completada,2026-01-11 19:58:42,zona_b
VS-0001436,CLI-02061,PRD-0197,tienda_sur,6,46.5,0,279.0,yape,devuelta,2026-03-05 14:33:36,zona_a
VS-0001437,CLI-01308,PRD-0077,tienda_sur,4,59.81,0,239.24,yape,completada,2026-02-25 01:18:29,zona_b
VS-0001438,CLI-02800,PRD-0114,tienda_sur,5,254.22,0,1271.1,tarjeta,completada,2026-02-26 17:51:15,zona_c
VS-0001439,CLI-02642,PRD-0038,tienda_sur,6,41.76,0,250.56,tarjeta,completada,2026-02-03 23:12:19,zona_a
VS-0001440,CLI-00007,PRD-0173,tienda_sur,1,167.7,5,167.7,tarjeta,completada,2026-02-27 16:55:35,zona_a
VS-0001441,CLI-01577,PRD-0166,tienda_sur,3,442.21,10,1326.63,transferencia,completada,2026-01-12 16:35:42,zona_a
VS-0001442,CLI-02783,PRD-0006,tienda_sur,6,395.52,0,2373.12,tarjeta,completada,2026-02-06 03:15:51,zona_d
VS-0001443,CLI-01964,PRD-0141,tienda_sur,2,128.18,10,256.36,yape,devuelta,2026-02-28 21:01:14,zona_b
VS-0001444,CLI-01463,PRD-0122,tienda_sur,3,249.51,0,748.53,tarjeta,completada,2026-01-03 07:26:32,zona_a
VS-0001445,CLI-01975,PRD-0053,tienda_sur,3,4.66,10,13.98,tarjeta,devuelta,2026-01-20 11:14:11,zona_b
VS-0001446,CLI-02850,PRD-0172,tienda_sur,7,128.97,10,902.79,yape,completada,2026-02-26 16:49:29,zona_c
VS-0001447,CLI-01490,PRD-0039,tienda_sur,6,51.92,15,311.52,tarjeta,completada,2026-01-26 12:04:03,zona_a
VS-0001448,CLI-00285,PRD-0060,tienda_sur,8,139.14,0,1113.12,tarjeta,completada,2026-02-24 22:27:50,zona_a
VS-0001449,CLI-00542,PRD-0011,tienda_sur,2,56.53,25,113.06,efectivo,completada,2026-01-10 05:47:53,zona_c
VS-0001450,CLI-02082,PRD-0183,tienda_sur,3,43.44,5,130.32,tarjeta,pendiente,2026-01-19 16:02:10,zona_d
VS-0001451,CLI-01658,PRD-0102,tienda_sur,8,67.2,10,537.6,tarjeta,devuelta,2026-03-16 15:53:05,zona_a
VS-0001452,CLI-00958,PRD-0071,tienda_sur,3,71.07,0,213.21,tarjeta,completada,2026-02-20 20:24:38,zona_c
VS-0001453,CLI-01731,PRD-0040,tienda_sur,2,162.96,5,325.92,efectivo,completada,2026-02-23 16:18:30,zona_a
VS-0001454,CLI-01627,PRD-0083,tienda_sur,7,92.72,0,649.04,transferencia,completada,2026-02-13 21:52:33,zona_c
VS-0001455,CLI-01807,PRD-0138,tienda_sur,1,146.2,0,146.2,yape,devuelta,2026-01-24 07:06:26,zona_a
VS-0001456,CLI-00273,PRD-0167,tienda_sur,8,159.02,0,1272.16,transferencia,completada,2026-03-11 05:39:47,zona_c
VS-0001457,CLI-02623,PRD-0172,tienda_sur,1,128.97,10,128.97,tarjeta,completada,2026-01-13 16:23:12,zona_b
VS-0001458,CLI-00817,PRD-0043,tienda_sur,6,21.73,10,130.38,tarjeta,completada,2026-01-14 01:30:46,zona_a
VS-0001459,CLI-00827,PRD-0034,tienda_sur,1,93.65,10,93.65,transferencia,completada,2026-01-28 15:16:43,zona_b
VS-0001460,CLI-00986,PRD-0137,tienda_sur,7,98.69,25,690.83,transferencia,completada,2026-01-13 15:44:33,zona_b
VS-0001461,CLI-00711,PRD-0030,tienda_sur,4,246.84,0,987.36,tarjeta,completada,2026-02-08 13:00:40,zona_d
VS-0001462,CLI-02562,PRD-0095,tienda_sur,3,47.55,5,142.65,tarjeta,pendiente,2026-01-07 15:37:12,zona_b
VS-0001463,CLI-01494,PRD-0022,tienda_sur,5,64.46,0,322.3,efectivo,completada,2026-01-20 23:49:14,zona_d
VS-0001464,CLI-01999,PRD-0140,tienda_sur,2,106.05,10,212.1,tarjeta,completada,2026-03-15 07:35:27,zona_a
VS-0001465,CLI-02798,PRD-0188,tienda_sur,7,105.38,0,737.66,yape,completada,2026-03-29 10:47:56,zona_a
VS-0001466,CLI-00573,PRD-0091,tienda_sur,2,47.32,5,94.64,tarjeta,completada,2026-03-06 23:16:43,zona_c
VS-0001467,CLI-00401,PRD-0130,tienda_sur,8,395.01,0,3160.08,tarjeta,completada,2026-02-14 11:14:25,zona_a
VS-0001468,CLI-02033,PRD-0100,tienda_sur,8,290.18,20,2321.44,transferencia,pendiente,2026-02-19 07:27:57,zona_d
VS-0001469,CLI-00922,PRD-0185,tienda_sur,2,178.75,0,357.5,tarjeta,completada,2026-02-10 22:39:07,zona_a
VS-0001470,CLI-02085,PRD-0024,tienda_sur,5,115.36,15,576.8,yape,completada,2026-01-22 13:14:59,zona_c
VS-0001471,CLI-01487,PRD-0122,tienda_sur,1,212.08,15,212.08,tarjeta,completada,2026-03-05 17:15:21,zona_d
VS-0001472,CLI-00929,PRD-0108,tienda_sur,5,132.36,5,661.8,transferencia,completada,2026-03-16 23:52:22,zona_a
VS-0001473,CLI-01058,PRD-0100,tienda_sur,6,344.59,5,2067.54,tarjeta,completada,2026-03-27 08:16:15,zona_b
VS-0001474,CLI-00686,PRD-0085,tienda_sur,2,93.72,20,187.44,tarjeta,completada,2026-02-05 02:17:21,zona_c
VS-0001475,CLI-02323,PRD-0123,tienda_sur,5,36.31,10,181.55,yape,completada,2026-02-17 07:58:07,zona_a
VS-0001476,CLI-01384,PRD-0076,tienda_sur,7,122.3,10,856.1,tarjeta,completada,2026-02-11 23:54:22,zona_a
VS-0001477,CLI-01329,PRD-0134,tienda_sur,6,97.62,0,585.72,tarjeta,completada,2026-03-25 16:33:15,zona_c
VS-0001478,CLI-00559,PRD-0088,tienda_sur,3,63.29,5,189.87,transferencia,completada,2026-02-10 12:44:01,zona_c
VS-0001479,CLI-02030,PRD-0136,tienda_sur,2,103.8,0,207.6,tarjeta,completada,2026-02-17 18:12:30,zona_c
VS-0001480,CLI-02749,PRD-0003,tienda_sur,8,141.2,20,1129.6,tarjeta,pendiente,2026-01-17 08:13:53,zona_b
VS-0001481,CLI-02788,PRD-0173,tienda_sur,5,167.7,5,838.5,yape,completada,2026-02-01 14:34:43,zona_c
VS-0001482,CLI-02246,PRD-0063,tienda_sur,5,205.14,5,1025.7,tarjeta,completada,2026-01-25 20:48:11,zona_d
VS-0001483,CLI-02478,PRD-0176,tienda_sur,5,71.08,0,355.4,tarjeta,devuelta,2026-03-10 07:16:39,zona_c
VS-0001484,CLI-02374,PRD-0081,tienda_sur,6,104.17,10,625.02,efectivo,devuelta,2026-02-03 17:00:10,zona_a
VS-0001485,CLI-00060,PRD-0188,tienda_sur,7,94.84,10,663.88,tarjeta,completada,2026-01-24 13:21:30,zona_c
VS-0001486,CLI-02555,PRD-0188,tienda_sur,2,105.38,0,210.76,transferencia,completada,2026-02-09 12:34:20,zona_c
VS-0001487,CLI-01979,PRD-0023,tienda_sur,4,55.07,15,220.28,tarjeta,completada,2026-01-31 11:57:49,zona_b
VS-0001488,CLI-02554,PRD-0140,tienda_sur,8,111.94,5,895.52,tarjeta,completada,2026-03-11 18:10:57,zona_c
VS-0001489,CLI-02798,PRD-0176,tienda_sur,2,67.53,5,135.06,transferencia,completada,2026-02-25 15:37:32,zona_a
VS-0001490,CLI-02816,PRD-0167,tienda_sur,6,143.12,10,858.72,efectivo,devuelta,2026-01-22 22:04:42,zona_b
VS-0001491,CLI-02185,PRD-0078,tienda_sur,8,54.94,0,439.52,tarjeta,completada,2026-02-24 22:55:07,zona_b
VS-0001492,CLI-01015,PRD-0004,tienda_sur,5,51.2,5,256.0,efectivo,devuelta,2026-03-30 22:11:41,zona_d
VS-0001493,CLI-01401,PRD-0145,tienda_sur,4,272.51,20,1090.04,yape,completada,2026-02-15 09:54:38,zona_b
VS-0001494,CLI-01630,PRD-0090,tienda_sur,2,9.61,20,19.22,transferencia,completada,2026-02-14 01:55:05,zona_c
VS-0001495,CLI-00568,PRD-0024,tienda_sur,4,135.72,0,542.88,tarjeta,completada,2026-01-20 22:12:49,zona_c
VS-0001496,CLI-01901,PRD-0130,tienda_sur,4,395.01,0,1580.04,efectivo,completada,2026-02-11 07:41:40,zona_d
VS-0001497,CLI-01461,PRD-0059,tienda_sur,5,131.35,10,656.75,tarjeta,completada,2026-01-16 22:17:51,zona_a
VS-0001498,CLI-00963,PRD-0010,tienda_sur,4,147.48,0,589.92,tarjeta,completada,2026-02-25 22:10:44,zona_b
VS-0001499,CLI-01063,PRD-0159,tienda_sur,1,903.06,20,903.06,tarjeta,completada,2026-01-24 13:23:56,zona_c
VS-0001500,CLI-01803,PRD-0085,tienda_sur,6,111.29,5,667.74,tarjeta,completada,2026-03-22 12:14:51,zona_b
VS-0001501,CLI-01453,PRD-0140,tienda_sur,5,88.37,25,441.85,tarjeta,devuelta,2026-01-29 14:20:51,zona_b
VS-0001502,CLI-00295,PRD-0088,tienda_sur,3,63.29,5,189.87,yape,completada,2026-02-09 23:24:22,zona_d
VS-0001503,CLI-01328,PRD-0183,tienda_sur,6,45.73,0,274.38,tarjeta,completada,2026-02-02 09:55:06,zona_a
VS-0001504,CLI-02680,PRD-0010,tienda_sur,4,132.73,10,530.92,tarjeta,completada,2026-01-03 16:27:02,zona_d
VS-0001505,CLI-01571,PRD-0086,tienda_sur,4,17.6,0,70.4,yape,completada,2026-01-22 10:01:45,zona_d
VS-0001506,CLI-02646,PRD-0002,tienda_sur,5,34.18,5,170.9,efectivo,devuelta,2026-03-30 19:27:02,zona_c
VS-0001507,CLI-01443,PRD-0049,tienda_sur,7,994.92,5,6964.44,yape,completada,2026-01-01 12:06:00,zona_a
VS-0001508,CLI-02656,PRD-0156,tienda_sur,5,94.72,0,473.6,tarjeta,completada,2026-01-17 03:06:56,zona_c
VS-0001509,CLI-01262,PRD-0167,tienda_sur,5,143.12,10,715.6,tarjeta,devuelta,2026-03-04 07:14:52,zona_d
VS-0001510,CLI-01613,PRD-0017,tienda_sur,8,665.99,10,5327.92,tarjeta,completada,2026-02-08 21:31:42,zona_d
VS-0001511,CLI-01805,PRD-0006,tienda_sur,4,336.19,15,1344.76,transferencia,completada,2026-02-17 01:49:47,zona_d
VS-0001512,CLI-02094,PRD-0144,tienda_sur,1,78.08,0,78.08,tarjeta,devuelta,2026-02-09 23:49:57,zona_d
VS-0001513,CLI-01091,PRD-0055,tienda_sur,2,16.23,20,32.46,transferencia,completada,2026-02-04 10:59:04,zona_b
VS-0001514,CLI-00925,PRD-0056,tienda_sur,7,189.47,20,1326.29,efectivo,completada,2026-02-15 10:40:40,zona_b
VS-0001515,CLI-01390,PRD-0081,tienda_sur,1,115.75,0,115.75,tarjeta,completada,2026-01-22 20:15:44,zona_d
VS-0001516,CLI-02167,PRD-0168,tienda_sur,7,272.55,10,1907.85,tarjeta,completada,2026-03-29 13:36:32,zona_a
VS-0001517,CLI-00535,PRD-0048,tienda_sur,7,307.21,0,2150.47,transferencia,completada,2026-01-14 09:09:53,zona_c
VS-0001518,CLI-00438,PRD-0088,tienda_sur,3,66.62,0,199.86,tarjeta,completada,2026-03-04 04:31:11,zona_d
VS-0001519,CLI-00195,PRD-0022,tienda_sur,1,64.46,0,64.46,transferencia,completada,2026-01-22 12:21:06,zona_d
VS-0001520,CLI-00887,PRD-0155,tienda_sur,6,124.29,10,745.74,yape,completada,2026-02-09 01:08:59,zona_d
VS-0001521,CLI-02376,PRD-0154,tienda_sur,4,38.26,20,153.04,efectivo,completada,2026-01-13 07:49:10,zona_b
VS-0001522,CLI-02215,PRD-0171,tienda_sur,3,29.17,5,87.51,tarjeta,completada,2026-03-08 22:03:08,zona_b
VS-0001523,CLI-02353,PRD-0150,tienda_sur,1,820.22,0,820.22,yape,completada,2026-02-28 04:08:39,zona_c
VS-0001524,CLI-00899,PRD-0041,tienda_sur,6,153.89,10,923.34,transferencia,completada,2026-02-13 10:04:30,zona_d
VS-0001525,CLI-01373,PRD-0103,tienda_sur,7,319.28,15,2234.96,transferencia,completada,2026-03-02 01:03:49,zona_d
VS-0001526,CLI-01750,PRD-0139,tienda_sur,8,17.73,5,141.84,transferencia,completada,2026-03-19 13:46:21,zona_d
VS-0001527,CLI-01162,PRD-0198,tienda_sur,5,323.64,10,1618.2,tarjeta,completada,2026-03-22 18:18:43,zona_c
VS-0001528,CLI-00185,PRD-0148,tienda_sur,8,138.64,10,1109.12,transferencia,completada,2026-02-16 17:50:50,zona_d
VS-0001529,CLI-00539,PRD-0101,tienda_sur,6,959.42,15,5756.52,tarjeta,completada,2026-02-08 02:33:19,zona_d
VS-0001530,CLI-02998,PRD-0197,tienda_sur,1,44.17,5,44.17,tarjeta,completada,2026-03-06 04:08:54,zona_c
VS-0001531,CLI-00808,PRD-0193,tienda_sur,6,41.94,10,251.64,tarjeta,completada,2026-01-22 05:05:45,zona_a
VS-0001532,CLI-01129,PRD-0108,tienda_sur,8,132.36,5,1058.88,transferencia,completada,2026-01-24 17:35:17,zona_c
VS-0001533,CLI-00594,PRD-0127,tienda_sur,6,36.94,10,221.64,tarjeta,completada,2026-03-01 23:18:31,zona_c
VS-0001534,CLI-00861,PRD-0193,tienda_sur,4,46.6,0,186.4,tarjeta,completada,2026-01-10 18:15:45,zona_c
VS-0001535,CLI-01365,PRD-0007,tienda_sur,7,18.87,5,132.09,efectivo,devuelta,2026-01-07 10:02:30,zona_d
VS-0001536,CLI-01098,PRD-0048,tienda_sur,4,276.49,10,1105.96,yape,completada,2026-01-01 09:59:59,zona_d
VS-0001537,CLI-00478,PRD-0112,tienda_sur,2,259.44,10,518.88,tarjeta,completada,2026-01-12 18:36:48,zona_a
VS-0001538,CLI-00059,PRD-0016,tienda_sur,2,200.22,0,400.44,yape,completada,2026-02-23 02:59:59,zona_b
VS-0001539,CLI-01869,PRD-0105,tienda_sur,8,74.64,5,597.12,tarjeta,completada,2026-01-19 17:56:28,zona_c
VS-0001540,CLI-01672,PRD-0081,tienda_sur,5,115.75,0,578.75,tarjeta,completada,2026-03-20 02:20:06,zona_d
VS-0001541,CLI-00188,PRD-0089,tienda_sur,6,55.16,20,330.96,tarjeta,completada,2026-03-25 15:05:01,zona_a
VS-0001542,CLI-01284,PRD-0178,tienda_sur,4,78.84,10,315.36,tarjeta,completada,2026-02-12 01:59:43,zona_c
VS-0001543,CLI-01773,PRD-0058,tienda_sur,6,175.53,0,1053.18,tarjeta,completada,2026-02-17 11:31:14,zona_d
VS-0001544,CLI-00517,PRD-0038,tienda_sur,6,41.76,0,250.56,efectivo,completada,2026-01-08 18:36:57,zona_c
VS-0001545,CLI-01247,PRD-0194,tienda_sur,2,175.92,0,351.84,yape,completada,2026-01-01 08:16:02,zona_a
VS-0001546,CLI-00185,PRD-0026,tienda_sur,1,1165.21,0,1165.21,tarjeta,completada,2026-02-08 19:40:10,zona_b
VS-0001547,CLI-00308,PRD-0068,tienda_sur,8,133.32,20,1066.56,transferencia,completada,2026-02-23 05:49:45,zona_d
VS-0001548,CLI-01179,PRD-0158,tienda_sur,3,230.04,0,690.12,tarjeta,completada,2026-01-17 04:44:58,zona_d
VS-0001549,CLI-03000,PRD-0099,tienda_sur,2,342.59,5,685.18,efectivo,completada,2026-02-12 10:10:01,zona_d
VS-0001550,CLI-01785,PRD-0090,tienda_sur,4,10.21,15,40.84,transferencia,completada,2026-02-27 01:12:17,zona_b
VS-0001551,CLI-01786,PRD-0123,tienda_sur,3,40.34,0,121.02,yape,completada,2026-02-16 20:01:07,zona_d
VS-0001552,CLI-00600,PRD-0183,tienda_sur,6,45.73,0,274.38,efectivo,completada,2026-01-04 00:22:44,zona_d
VS-0001553,CLI-02674,PRD-0012,tienda_sur,6,131.0,15,786.0,yape,completada,2026-03-14 18:03:50,zona_c
VS-0001554,CLI-01730,PRD-0039,tienda_sur,1,48.86,20,48.86,yape,completada,2026-02-12 19:06:34,zona_d
VS-0001555,CLI-00881,PRD-0116,tienda_sur,6,8.75,5,52.5,yape,completada,2026-01-26 04:49:52,zona_a
VS-0001556,CLI-01295,PRD-0082,tienda_sur,2,303.1,0,606.2,efectivo,completada,2026-01-31 17:16:33,zona_c
VS-0001557,CLI-02108,PRD-0177,tienda_sur,7,852.94,20,5970.58,efectivo,completada,2026-03-03 12:24:11,zona_c
VS-0001558,CLI-01576,PRD-0067,tienda_sur,2,101.45,0,202.9,tarjeta,completada,2026-01-06 23:52:20,zona_c
VS-0001559,CLI-01965,PRD-0025,tienda_sur,7,397.73,0,2784.11,efectivo,completada,2026-03-15 09:59:16,zona_c
VS-0001560,CLI-02696,PRD-0095,tienda_sur,6,50.05,0,300.3,transferencia,completada,2026-01-07 08:04:54,zona_a
VS-0001561,CLI-01054,PRD-0157,tienda_sur,1,255.78,5,255.78,efectivo,completada,2026-02-02 07:32:42,zona_b
VS-0001562,CLI-01360,PRD-0176,tienda_sur,2,60.42,15,120.84,yape,completada,2026-02-07 18:47:31,zona_b
VS-0001563,CLI-00173,PRD-0047,tienda_sur,4,194.46,20,777.84,tarjeta,completada,2026-03-15 20:54:28,zona_c
VS-0001564,CLI-01864,PRD-0087,tienda_sur,3,39.41,0,118.23,tarjeta,completada,2026-01-02 06:28:42,zona_c
VS-0001565,CLI-02838,PRD-0178,tienda_sur,2,87.6,0,175.2,tarjeta,devuelta,2026-03-11 22:44:37,zona_d
VS-0001566,CLI-02791,PRD-0041,tienda_sur,2,145.34,15,290.68,tarjeta,completada,2026-03-07 01:42:59,zona_d
VS-0001567,CLI-02797,PRD-0034,tienda_sur,4,93.65,10,374.6,yape,completada,2026-03-02 18:13:58,zona_b
VS-0001568,CLI-02798,PRD-0021,tienda_sur,2,17.3,5,34.6,transferencia,devuelta,2026-03-07 16:33:04,zona_b
VS-0001569,CLI-01674,PRD-0041,tienda_sur,7,162.44,5,1137.08,yape,completada,2026-03-26 18:44:33,zona_a
VS-0001570,CLI-00445,PRD-0192,tienda_sur,7,93.06,0,651.42,tarjeta,completada,2026-01-30 11:08:40,zona_b
VS-0001571,CLI-02600,PRD-0190,tienda_sur,4,213.27,10,853.08,tarjeta,completada,2026-02-03 13:40:33,zona_c
VS-0001572,CLI-00253,PRD-0161,tienda_sur,6,32.06,5,192.36,yape,completada,2026-03-02 02:42:27,zona_d
VS-0001573,CLI-00872,PRD-0200,tienda_sur,6,33.95,0,203.7,tarjeta,completada,2026-01-12 05:41:05,zona_a
VS-0001574,CLI-02023,PRD-0040,tienda_sur,3,154.39,10,463.17,tarjeta,completada,2026-02-19 00:57:46,zona_b
VS-0001575,CLI-00046,PRD-0131,tienda_sur,2,276.58,20,553.16,tarjeta,completada,2026-01-15 18:23:59,zona_a
VS-0001576,CLI-02442,PRD-0086,tienda_sur,1,16.72,5,16.72,efectivo,devuelta,2026-02-17 08:29:21,zona_b
VS-0001577,CLI-02108,PRD-0045,tienda_sur,7,29.72,20,208.04,tarjeta,completada,2026-03-07 13:05:47,zona_b
VS-0001578,CLI-00917,PRD-0032,tienda_sur,4,119.2,10,476.8,tarjeta,completada,2026-02-17 10:42:22,zona_d
VS-0001579,CLI-01306,PRD-0060,tienda_sur,8,132.18,5,1057.44,yape,completada,2026-02-13 06:24:57,zona_b
VS-0001580,CLI-01650,PRD-0117,tienda_sur,7,154.72,0,1083.04,tarjeta,completada,2026-02-08 06:29:48,zona_a
VS-0001581,CLI-01137,PRD-0132,tienda_sur,1,559.54,15,559.54,transferencia,completada,2026-03-29 20:02:02,zona_b
VS-0001582,CLI-02377,PRD-0023,tienda_sur,8,55.07,15,440.56,tarjeta,devuelta,2026-03-01 13:55:12,zona_a
VS-0001583,CLI-01149,PRD-0070,tienda_sur,5,508.33,0,2541.65,transferencia,completada,2026-01-10 10:17:16,zona_a
VS-0001584,CLI-01144,PRD-0023,tienda_sur,4,64.79,0,259.16,tarjeta,devuelta,2026-01-08 04:31:46,zona_a
VS-0001585,CLI-01410,PRD-0012,tienda_sur,4,154.12,0,616.48,yape,completada,2026-01-03 13:12:56,zona_b
VS-0001586,CLI-01545,PRD-0185,tienda_sur,4,178.75,0,715.0,yape,devuelta,2026-01-24 08:22:22,zona_c
VS-0001587,CLI-02833,PRD-0080,tienda_sur,8,128.44,10,1027.52,efectivo,pendiente,2026-01-22 23:08:44,zona_c
VS-0001588,CLI-01458,PRD-0164,tienda_sur,1,322.61,5,322.61,yape,completada,2026-03-17 03:03:39,zona_b
VS-0001589,CLI-00976,PRD-0106,tienda_sur,5,210.29,10,1051.45,yape,completada,2026-03-20 22:19:38,zona_d
VS-0001590,CLI-00341,PRD-0046,tienda_sur,6,290.21,20,1741.26,efectivo,completada,2026-01-17 04:45:18,zona_d
VS-0001591,CLI-02850,PRD-0156,tienda_sur,7,89.98,5,629.86,tarjeta,completada,2026-03-17 05:32:26,zona_c
VS-0001592,CLI-02757,PRD-0110,tienda_sur,5,167.06,20,835.3,efectivo,completada,2026-03-27 18:28:04,zona_b
VS-0001593,CLI-02940,PRD-0011,tienda_sur,4,75.37,0,301.48,efectivo,completada,2026-03-17 11:29:28,zona_d
VS-0001594,CLI-01488,PRD-0015,tienda_sur,5,48.74,15,243.7,efectivo,completada,2026-03-23 03:10:46,zona_a
VS-0001595,CLI-01449,PRD-0046,tienda_sur,6,344.62,5,2067.72,tarjeta,completada,2026-01-06 07:47:25,zona_c
VS-0001596,CLI-01117,PRD-0186,tienda_sur,2,57.12,25,114.24,transferencia,completada,2026-01-14 06:03:29,zona_a
VS-0001597,CLI-02091,PRD-0188,tienda_sur,6,105.38,0,632.28,tarjeta,completada,2026-02-11 11:55:34,zona_b
VS-0001598,CLI-02569,PRD-0068,tienda_sur,7,166.65,0,1166.55,tarjeta,devuelta,2026-03-28 08:16:41,zona_c
VS-0001599,CLI-00587,PRD-0078,tienda_sur,5,52.19,5,260.95,tarjeta,devuelta,2026-01-06 14:30:46,zona_b
VS-0001600,CLI-01856,PRD-0053,tienda_sur,2,4.66,10,9.32,transferencia,completada,2026-03-07 10:38:47,zona_c
VS-0001601,CLI-01834,PRD-0008,tienda_sur,3,996.57,10,2989.71,yape,completada,2026-01-05 18:51:50,zona_b
VS-0001602,CLI-02730,PRD-0055,tienda_sur,5,16.23,20,81.15,tarjeta,completada,2026-01-30 02:52:19,zona_d
VS-0001603,CLI-02700,PRD-0043,tienda_sur,3,19.31,20,57.93,tarjeta,completada,2026-03-30 21:14:27,zona_c
VS-0001604,CLI-02175,PRD-0001,tienda_sur,1,342.28,10,342.28,transferencia,completada,2026-03-24 05:51:51,zona_c
VS-0001605,CLI-00978,PRD-0109,tienda_sur,8,114.69,10,917.52,tarjeta,completada,2026-02-13 20:26:32,zona_b
VS-0001606,CLI-02935,PRD-0193,tienda_sur,5,46.6,0,233.0,tarjeta,completada,2026-01-24 12:27:11,zona_c
VS-0001607,CLI-01730,PRD-0086,tienda_sur,2,17.6,0,35.2,efectivo,completada,2026-03-19 14:56:38,zona_c
VS-0001608,CLI-01456,PRD-0037,tienda_sur,1,75.32,0,75.32,tarjeta,devuelta,2026-03-07 15:11:28,zona_b
VS-0001609,CLI-00821,PRD-0133,tienda_sur,4,87.16,10,348.64,yape,completada,2026-01-11 10:31:29,zona_b
VS-0001610,CLI-02191,PRD-0199,tienda_sur,1,375.09,0,375.09,tarjeta,completada,2026-03-10 07:05:38,zona_a
VS-0001611,CLI-00347,PRD-0153,tienda_sur,7,1181.19,0,8268.33,yape,completada,2026-01-11 04:23:13,zona_d
VS-0001612,CLI-00111,PRD-0138,tienda_sur,4,146.2,0,584.8,yape,completada,2026-02-22 09:09:27,zona_c
VS-0001613,CLI-00077,PRD-0125,tienda_sur,3,313.28,0,939.84,transferencia,completada,2026-03-14 01:05:39,zona_c
VS-0001614,CLI-01909,PRD-0126,tienda_sur,7,886.75,15,6207.25,transferencia,completada,2026-01-31 06:01:25,zona_a
VS-0001615,CLI-02436,PRD-0071,tienda_sur,3,71.07,0,213.21,efectivo,completada,2026-03-18 04:42:14,zona_c
VS-0001616,CLI-01325,PRD-0155,tienda_sur,4,117.38,15,469.52,efectivo,completada,2026-01-04 17:44:30,zona_b
VS-0001617,CLI-00020,PRD-0158,tienda_sur,7,218.54,5,1529.78,yape,completada,2026-03-05 12:41:37,zona_b
VS-0001618,CLI-02155,PRD-0152,tienda_sur,4,99.91,0,399.64,efectivo,completada,2026-03-12 22:42:08,zona_a
VS-0001619,CLI-02381,PRD-0102,tienda_sur,1,74.67,0,74.67,tarjeta,completada,2026-03-05 09:21:22,zona_d
VS-0001620,CLI-02680,PRD-0132,tienda_sur,1,559.54,15,559.54,tarjeta,completada,2026-03-01 01:16:21,zona_d
VS-0001621,CLI-00093,PRD-0142,tienda_sur,5,121.27,0,606.35,tarjeta,pendiente,2026-02-12 05:22:40,zona_a
VS-0001622,CLI-01156,PRD-0047,tienda_sur,3,243.07,0,729.21,tarjeta,completada,2026-02-28 19:40:55,zona_b
VS-0001623,CLI-02307,PRD-0008,tienda_sur,4,1107.3,0,4429.2,transferencia,completada,2026-01-30 17:56:53,zona_b
VS-0001624,CLI-00647,PRD-0129,tienda_sur,5,89.95,10,449.75,efectivo,completada,2026-03-17 13:35:18,zona_b
VS-0001625,CLI-01861,PRD-0178,tienda_sur,6,87.6,0,525.6,efectivo,completada,2026-03-13 00:35:27,zona_c
VS-0001626,CLI-00158,PRD-0048,tienda_sur,6,230.41,25,1382.46,tarjeta,completada,2026-01-25 21:53:13,zona_a
VS-0001627,CLI-00955,PRD-0019,tienda_sur,2,275.52,5,551.04,yape,completada,2026-02-20 01:00:51,zona_b
VS-0001628,CLI-01953,PRD-0028,tienda_sur,4,8.09,5,32.36,transferencia,completada,2026-03-07 18:56:16,zona_d
VS-0001629,CLI-00177,PRD-0196,tienda_sur,2,39.17,5,78.34,efectivo,pendiente,2026-02-12 08:44:38,zona_a
VS-0001630,CLI-00594,PRD-0029,tienda_sur,3,75.43,25,226.29,tarjeta,completada,2026-01-30 05:33:21,zona_c
VS-0001631,CLI-01620,PRD-0133,tienda_sur,6,96.84,0,581.04,tarjeta,completada,2026-03-28 09:38:24,zona_a
VS-0001632,CLI-02658,PRD-0070,tienda_sur,8,482.91,5,3863.28,tarjeta,completada,2026-01-03 04:06:07,zona_b
VS-0001633,CLI-01669,PRD-0024,tienda_sur,2,122.15,10,244.3,tarjeta,devuelta,2026-01-22 13:28:38,zona_d
VS-0001634,CLI-00759,PRD-0184,tienda_sur,1,149.4,0,149.4,transferencia,completada,2026-01-01 14:29:57,zona_c
VS-0001635,CLI-00771,PRD-0116,tienda_sur,3,8.75,5,26.25,yape,completada,2026-03-18 17:54:19,zona_c
VS-0001636,CLI-01570,PRD-0025,tienda_sur,3,318.18,20,954.54,efectivo,completada,2026-02-23 11:14:11,zona_d
VS-0001637,CLI-01845,PRD-0034,tienda_sur,4,98.86,5,395.44,yape,completada,2026-02-11 20:16:40,zona_c
VS-0001638,CLI-02273,PRD-0040,tienda_sur,1,171.54,0,171.54,transferencia,completada,2026-03-17 21:02:22,zona_a
VS-0001639,CLI-00200,PRD-0111,tienda_sur,6,73.87,0,443.22,yape,devuelta,2026-01-22 12:41:11,zona_a
VS-0001640,CLI-02058,PRD-0118,tienda_sur,8,50.57,5,404.56,tarjeta,completada,2026-01-11 05:07:19,zona_d
VS-0001641,CLI-02861,PRD-0159,tienda_sur,8,1072.38,5,8579.04,tarjeta,completada,2026-02-17 08:18:00,zona_b
VS-0001642,CLI-00842,PRD-0073,tienda_sur,5,68.02,0,340.1,tarjeta,completada,2026-01-14 19:35:11,zona_a
VS-0001643,CLI-02017,PRD-0015,tienda_sur,2,51.61,10,103.22,tarjeta,completada,2026-01-04 08:54:25,zona_d
VS-0001644,CLI-00389,PRD-0175,tienda_sur,7,59.58,20,417.06,yape,completada,2026-01-11 05:17:29,zona_c
VS-0001645,CLI-02349,PRD-0178,tienda_sur,3,78.84,10,236.52,transferencia,completada,2026-01-23 10:22:10,zona_a
VS-0001646,CLI-00425,PRD-0081,tienda_sur,3,115.75,0,347.25,tarjeta,completada,2026-03-09 07:05:07,zona_b
VS-0001647,CLI-00029,PRD-0024,tienda_sur,6,135.72,0,814.32,tarjeta,completada,2026-02-06 22:38:03,zona_a
VS-0001648,CLI-02780,PRD-0053,tienda_sur,3,4.4,15,13.2,yape,pendiente,2026-01-08 18:04:48,zona_b
VS-0001649,CLI-01986,PRD-0150,tienda_sur,6,738.2,10,4429.2,yape,completada,2026-03-20 03:41:41,zona_a
VS-0001650,CLI-02045,PRD-0058,tienda_sur,3,140.42,20,421.26,yape,completada,2026-03-28 06:26:31,zona_c
VS-0001651,CLI-02723,PRD-0164,tienda_sur,1,322.61,5,322.61,tarjeta,completada,2026-02-13 18:48:10,zona_a
VS-0001652,CLI-02394,PRD-0153,tienda_sur,3,1181.19,0,3543.57,yape,completada,2026-02-12 05:03:51,zona_d
VS-0001653,CLI-01053,PRD-0189,tienda_sur,6,151.95,15,911.7,yape,completada,2026-01-11 10:18:29,zona_c
VS-0001654,CLI-02137,PRD-0091,tienda_sur,6,49.81,0,298.86,yape,completada,2026-02-21 13:56:46,zona_b
VS-0001655,CLI-01899,PRD-0187,tienda_sur,8,22.17,15,177.36,tarjeta,completada,2026-01-21 03:38:35,zona_a
VS-0001656,CLI-00566,PRD-0093,tienda_sur,4,901.82,0,3607.28,efectivo,completada,2026-02-23 05:51:49,zona_a
VS-0001657,CLI-00020,PRD-0091,tienda_sur,6,49.81,0,298.86,transferencia,completada,2026-03-07 07:10:16,zona_c
VS-0001658,CLI-02621,PRD-0188,tienda_sur,8,84.3,20,674.4,efectivo,devuelta,2026-02-22 04:25:33,zona_c
VS-0001659,CLI-01873,PRD-0129,tienda_sur,5,99.95,0,499.75,tarjeta,completada,2026-03-05 05:36:19,zona_c
VS-0001660,CLI-02951,PRD-0060,tienda_sur,3,139.14,0,417.42,efectivo,completada,2026-01-13 00:56:34,zona_d
VS-0001661,CLI-00947,PRD-0111,tienda_sur,8,55.4,25,443.2,yape,completada,2026-03-10 09:01:25,zona_d
VS-0001662,CLI-01337,PRD-0152,tienda_sur,5,94.91,5,474.55,yape,completada,2026-02-11 16:41:19,zona_a
VS-0001663,CLI-01895,PRD-0038,tienda_sur,8,35.5,15,284.0,efectivo,completada,2026-03-23 18:01:34,zona_c
VS-0001664,CLI-00507,PRD-0170,tienda_sur,2,95.0,15,190.0,efectivo,completada,2026-03-15 13:57:28,zona_b
VS-0001665,CLI-02318,PRD-0189,tienda_sur,1,160.88,10,160.88,tarjeta,completada,2026-01-31 20:57:34,zona_b
VS-0001666,CLI-01747,PRD-0026,tienda_sur,7,1106.95,5,7748.65,tarjeta,completada,2026-02-04 04:50:28,zona_a
VS-0001667,CLI-01803,PRD-0010,tienda_sur,4,117.98,20,471.92,tarjeta,completada,2026-03-17 23:37:37,zona_a
VS-0001668,CLI-02787,PRD-0032,tienda_sur,1,105.95,20,105.95,tarjeta,completada,2026-02-06 08:14:10,zona_c
VS-0001669,CLI-01220,PRD-0042,tienda_sur,4,64.7,15,258.8,efectivo,completada,2026-03-02 00:50:35,zona_d
VS-0001670,CLI-01821,PRD-0011,tienda_sur,6,75.37,0,452.22,transferencia,completada,2026-02-25 00:41:50,zona_c
VS-0001671,CLI-01485,PRD-0099,tienda_sur,5,342.59,5,1712.95,tarjeta,completada,2026-03-12 18:26:22,zona_d
VS-0001672,CLI-02632,PRD-0090,tienda_sur,2,10.81,10,21.62,tarjeta,completada,2026-03-13 21:43:10,zona_d
VS-0001673,CLI-01920,PRD-0009,tienda_sur,3,37.5,20,112.5,tarjeta,pendiente,2026-02-21 19:14:56,zona_c
VS-0001674,CLI-01101,PRD-0140,tienda_sur,3,117.83,0,353.49,transferencia,completada,2026-03-15 12:58:01,zona_a
VS-0001675,CLI-00075,PRD-0095,tienda_sur,4,45.05,10,180.2,tarjeta,completada,2026-02-14 00:37:59,zona_b
VS-0001676,CLI-02477,PRD-0081,tienda_sur,8,104.17,10,833.36,efectivo,completada,2026-02-10 10:37:53,zona_d
VS-0001677,CLI-00777,PRD-0044,tienda_sur,1,100.66,5,100.66,efectivo,completada,2026-01-16 00:04:43,zona_d
VS-0001678,CLI-00100,PRD-0053,tienda_sur,2,5.18,0,10.36,yape,devuelta,2026-03-05 21:41:59,zona_d
VS-0001679,CLI-00588,PRD-0128,tienda_sur,1,45.55,10,45.55,tarjeta,completada,2026-01-08 16:48:45,zona_d
VS-0001680,CLI-00528,PRD-0115,tienda_sur,8,1086.95,5,8695.6,yape,completada,2026-03-29 08:25:04,zona_d
VS-0001681,CLI-02829,PRD-0009,tienda_sur,3,39.84,15,119.52,efectivo,completada,2026-01-28 02:17:45,zona_d
VS-0001682,CLI-00574,PRD-0190,tienda_sur,7,213.27,10,1492.89,tarjeta,completada,2026-03-01 21:29:04,zona_c
VS-0001683,CLI-00599,PRD-0150,tienda_sur,1,820.22,0,820.22,tarjeta,pendiente,2026-03-07 08:09:45,zona_c
VS-0001684,CLI-02921,PRD-0199,tienda_sur,5,337.58,10,1687.9,tarjeta,completada,2026-03-20 13:30:49,zona_c
VS-0001685,CLI-01482,PRD-0083,tienda_sur,3,92.72,0,278.16,transferencia,completada,2026-02-10 10:24:49,zona_c
VS-0001686,CLI-00605,PRD-0143,tienda_sur,5,22.39,0,111.95,yape,devuelta,2026-02-14 11:32:51,zona_a
VS-0001687,CLI-01567,PRD-0160,tienda_sur,3,46.94,0,140.82,tarjeta,completada,2026-03-09 16:44:52,zona_c
VS-0001688,CLI-02609,PRD-0043,tienda_sur,7,24.14,0,168.98,yape,completada,2026-02-15 15:01:29,zona_c
VS-0001689,CLI-00606,PRD-0062,tienda_sur,1,108.43,15,108.43,efectivo,pendiente,2026-02-20 09:13:37,zona_d
VS-0001690,CLI-01544,PRD-0193,tienda_sur,1,46.6,0,46.6,tarjeta,completada,2026-03-14 15:53:04,zona_a
VS-0001691,CLI-01801,PRD-0139,tienda_sur,3,14.0,25,42.0,yape,completada,2026-02-20 03:41:19,zona_c
VS-0001692,CLI-01836,PRD-0077,tienda_sur,4,56.82,5,227.28,transferencia,completada,2026-01-03 00:04:49,zona_c
VS-0001693,CLI-01312,PRD-0047,tienda_sur,8,243.07,0,1944.56,tarjeta,completada,2026-02-22 09:08:07,zona_d
VS-0001694,CLI-02853,PRD-0132,tienda_sur,6,658.28,0,3949.68,yape,completada,2026-03-26 16:08:30,zona_b
VS-0001695,CLI-02260,PRD-0127,tienda_sur,7,41.04,0,287.28,tarjeta,completada,2026-02-25 07:26:21,zona_c
VS-0001696,CLI-01496,PRD-0100,tienda_sur,4,290.18,20,1160.72,tarjeta,completada,2026-01-16 09:47:57,zona_b
VS-0001697,CLI-02574,PRD-0184,tienda_sur,5,141.93,5,709.65,yape,completada,2026-03-08 15:34:00,zona_c
VS-0001698,CLI-02704,PRD-0021,tienda_sur,7,16.39,10,114.73,tarjeta,completada,2026-02-03 11:48:54,zona_b
VS-0001699,CLI-02901,PRD-0093,tienda_sur,7,721.46,20,5050.22,tarjeta,completada,2026-03-16 21:29:41,zona_d
VS-0001700,CLI-02050,PRD-0147,tienda_sur,6,49.96,0,299.76,yape,completada,2026-03-23 15:14:19,zona_a
VS-0001701,CLI-02068,PRD-0179,tienda_sur,8,330.73,15,2645.84,tarjeta,completada,2026-03-13 14:25:02,zona_d
VS-0001702,CLI-00198,PRD-0102,tienda_sur,3,70.94,5,212.82,transferencia,completada,2026-03-29 11:32:49,zona_d
VS-0001703,CLI-02709,PRD-0061,tienda_sur,6,857.31,0,5143.86,transferencia,completada,2026-02-16 09:21:28,zona_d
VS-0001704,CLI-00494,PRD-0064,tienda_sur,2,48.0,15,96.0,transferencia,completada,2026-03-13 13:16:33,zona_c
VS-0001705,CLI-02108,PRD-0191,tienda_sur,1,173.53,0,173.53,yape,completada,2026-02-04 02:37:56,zona_d
VS-0001706,CLI-01160,PRD-0169,tienda_sur,2,957.74,10,1915.48,tarjeta,completada,2026-01-06 23:21:53,zona_a
VS-0001707,CLI-02161,PRD-0142,tienda_sur,2,121.27,0,242.54,tarjeta,completada,2026-03-06 00:04:42,zona_c
VS-0001708,CLI-01615,PRD-0181,tienda_sur,3,106.33,0,318.99,transferencia,completada,2026-02-14 12:02:58,zona_b
VS-0001709,CLI-00659,PRD-0143,tienda_sur,7,19.03,15,133.21,efectivo,completada,2026-03-26 01:47:00,zona_a
VS-0001710,CLI-01349,PRD-0146,tienda_sur,7,85.82,0,600.74,yape,completada,2026-01-04 16:58:55,zona_c
VS-0001711,CLI-01573,PRD-0017,tienda_sur,3,739.99,0,2219.97,tarjeta,completada,2026-02-08 16:58:18,zona_b
VS-0001712,CLI-01234,PRD-0117,tienda_sur,2,139.25,10,278.5,transferencia,completada,2026-01-20 09:11:21,zona_a
VS-0001713,CLI-02322,PRD-0061,tienda_sur,6,728.71,15,4372.26,tarjeta,completada,2026-01-23 21:01:23,zona_d
VS-0001714,CLI-00359,PRD-0194,tienda_sur,6,158.33,10,949.98,tarjeta,completada,2026-01-22 16:08:12,zona_c
VS-0001715,CLI-00010,PRD-0013,tienda_sur,8,437.73,5,3501.84,tarjeta,completada,2026-03-13 20:47:16,zona_a
VS-0001716,CLI-01965,PRD-0095,tienda_sur,7,45.05,10,315.35,tarjeta,completada,2026-02-11 03:18:13,zona_d
VS-0001717,CLI-01728,PRD-0050,tienda_sur,5,10.76,5,53.8,yape,completada,2026-03-10 02:52:29,zona_a
VS-0001718,CLI-02245,PRD-0185,tienda_sur,3,178.75,0,536.25,yape,completada,2026-01-25 13:50:25,zona_a
VS-0001719,CLI-02260,PRD-0141,tienda_sur,4,135.3,5,541.2,yape,completada,2026-02-13 03:30:44,zona_c
VS-0001720,CLI-01812,PRD-0056,tienda_sur,2,213.16,10,426.32,transferencia,completada,2026-03-05 00:30:03,zona_a
VS-0001721,CLI-00463,PRD-0004,tienda_sur,4,40.42,25,161.68,tarjeta,completada,2026-02-21 07:18:46,zona_c
VS-0001722,CLI-01275,PRD-0034,tienda_sur,7,104.06,0,728.42,efectivo,completada,2026-02-10 03:13:01,zona_a
VS-0001723,CLI-02302,PRD-0162,tienda_sur,3,80.44,5,241.32,transferencia,completada,2026-03-01 15:20:04,zona_a
VS-0001724,CLI-02345,PRD-0020,tienda_sur,7,292.58,10,2048.06,tarjeta,devuelta,2026-02-17 07:18:34,zona_b
VS-0001725,CLI-01450,PRD-0174,tienda_sur,4,316.77,0,1267.08,efectivo,completada,2026-02-05 20:11:58,zona_b
VS-0001726,CLI-02406,PRD-0043,tienda_sur,3,24.14,0,72.42,tarjeta,completada,2026-03-25 06:04:32,zona_d
VS-0001727,CLI-01356,PRD-0115,tienda_sur,2,1086.95,5,2173.9,tarjeta,completada,2026-01-20 09:48:25,zona_d
VS-0001728,CLI-01468,PRD-0011,tienda_sur,6,75.37,0,452.22,tarjeta,completada,2026-01-05 00:17:24,zona_c
VS-0001729,CLI-01568,PRD-0140,tienda_sur,3,111.94,5,335.82,tarjeta,completada,2026-01-10 03:58:33,zona_b
VS-0001730,CLI-00046,PRD-0063,tienda_sur,8,172.75,20,1382.0,yape,completada,2026-03-28 19:49:34,zona_b
VS-0001731,CLI-01041,PRD-0060,tienda_sur,6,118.27,15,709.62,yape,completada,2026-03-07 15:09:57,zona_c
VS-0001732,CLI-02357,PRD-0168,tienda_sur,7,287.69,5,2013.83,transferencia,completada,2026-01-18 09:42:39,zona_a
VS-0001733,CLI-02972,PRD-0003,tienda_sur,7,176.5,0,1235.5,transferencia,completada,2026-02-27 22:12:13,zona_b
VS-0001734,CLI-01903,PRD-0036,tienda_sur,3,32.33,25,96.99,tarjeta,completada,2026-03-08 23:35:09,zona_c
VS-0001735,CLI-02264,PRD-0151,tienda_sur,3,138.28,10,414.84,yape,completada,2026-02-11 07:33:21,zona_d
VS-0001736,CLI-02939,PRD-0024,tienda_sur,1,135.72,0,135.72,tarjeta,completada,2026-02-15 20:54:33,zona_a
VS-0001737,CLI-00658,PRD-0128,tienda_sur,2,50.61,0,101.22,transferencia,completada,2026-03-12 02:48:53,zona_a
VS-0001738,CLI-00821,PRD-0141,tienda_sur,3,142.42,0,427.26,transferencia,completada,2026-03-12 04:17:53,zona_a
VS-0001739,CLI-00297,PRD-0108,tienda_sur,4,125.4,10,501.6,yape,completada,2026-01-07 06:13:08,zona_c
VS-0001740,CLI-00215,PRD-0195,tienda_sur,8,164.61,5,1316.88,yape,devuelta,2026-02-22 14:38:01,zona_c
VS-0001741,CLI-01549,PRD-0192,tienda_sur,6,93.06,0,558.36,efectivo,completada,2026-01-18 17:04:20,zona_b
VS-0001742,CLI-00781,PRD-0158,tienda_sur,8,230.04,0,1840.32,efectivo,completada,2026-02-11 03:53:48,zona_c
VS-0001743,CLI-02782,PRD-0023,tienda_sur,7,61.55,5,430.85,tarjeta,completada,2026-03-16 20:09:54,zona_c
VS-0001744,CLI-02721,PRD-0015,tienda_sur,6,54.47,5,326.82,yape,devuelta,2026-01-09 02:45:41,zona_c
VS-0001745,CLI-02801,PRD-0179,tienda_sur,8,389.09,0,3112.72,yape,devuelta,2026-01-01 15:43:23,zona_b
VS-0001746,CLI-01326,PRD-0042,tienda_sur,2,76.12,0,152.24,yape,devuelta,2026-01-12 06:38:27,zona_d
VS-0001747,CLI-00976,PRD-0116,tienda_sur,4,8.29,10,33.16,efectivo,completada,2026-03-30 20:30:10,zona_d
VS-0001748,CLI-00372,PRD-0019,tienda_sur,7,232.02,20,1624.14,efectivo,completada,2026-01-12 05:05:35,zona_a
VS-0001749,CLI-00157,PRD-0088,tienda_sur,5,56.63,15,283.15,yape,completada,2026-03-28 00:34:29,zona_d
VS-0001750,CLI-00573,PRD-0055,tienda_sur,5,17.25,15,86.25,efectivo,completada,2026-01-31 00:29:08,zona_d
VS-0001751,CLI-01186,PRD-0010,tienda_sur,8,125.36,15,1002.88,tarjeta,completada,2026-01-27 11:38:47,zona_d
VS-0001752,CLI-01405,PRD-0036,tienda_sur,6,43.1,0,258.6,efectivo,completada,2026-03-28 23:52:48,zona_a
VS-0001753,CLI-02354,PRD-0009,tienda_sur,7,35.15,25,246.05,tarjeta,completada,2026-03-04 23:09:10,zona_d
VS-0001754,CLI-02172,PRD-0159,tienda_sur,6,1015.94,10,6095.64,tarjeta,completada,2026-02-10 09:50:24,zona_d
VS-0001755,CLI-02218,PRD-0039,tienda_sur,3,54.97,10,164.91,tarjeta,completada,2026-03-17 09:52:20,zona_d
VS-0001756,CLI-00271,PRD-0003,tienda_sur,2,167.67,5,335.34,yape,completada,2026-01-20 15:34:44,zona_b
VS-0001757,CLI-00024,PRD-0062,tienda_sur,4,114.8,10,459.2,transferencia,devuelta,2026-01-10 17:13:39,zona_a
VS-0001758,CLI-00500,PRD-0114,tienda_sur,3,254.22,0,762.66,yape,completada,2026-02-26 09:14:36,zona_b
VS-0001759,CLI-00779,PRD-0066,tienda_sur,2,819.09,0,1638.18,efectivo,completada,2026-01-12 00:02:11,zona_b
VS-0001760,CLI-02661,PRD-0081,tienda_sur,5,109.96,5,549.8,transferencia,completada,2026-01-03 02:28:27,zona_b
VS-0001761,CLI-02038,PRD-0048,tienda_sur,2,276.49,10,552.98,efectivo,completada,2026-03-30 03:00:08,zona_d
VS-0001762,CLI-01629,PRD-0153,tienda_sur,5,1063.07,10,5315.35,yape,completada,2026-03-20 13:30:37,zona_d
VS-0001763,CLI-02614,PRD-0166,tienda_sur,2,491.34,0,982.68,efectivo,completada,2026-02-17 12:35:59,zona_b
VS-0001764,CLI-01400,PRD-0072,tienda_sur,2,31.03,5,62.06,efectivo,completada,2026-03-10 11:31:31,zona_d
VS-0001765,CLI-00630,PRD-0169,tienda_sur,3,957.74,10,2873.22,tarjeta,completada,2026-01-27 11:58:08,zona_d
VS-0001766,CLI-00779,PRD-0071,tienda_sur,6,63.96,10,383.76,tarjeta,completada,2026-02-21 22:33:43,zona_b
VS-0001767,CLI-02724,PRD-0163,tienda_sur,3,92.65,0,277.95,yape,completada,2026-01-10 21:45:18,zona_d
VS-0001768,CLI-02290,PRD-0068,tienda_sur,8,166.65,0,1333.2,tarjeta,pendiente,2026-03-07 18:26:54,zona_d
VS-0001769,CLI-02667,PRD-0077,tienda_sur,5,59.81,0,299.05,efectivo,completada,2026-01-05 07:42:22,zona_c
VS-0001770,CLI-02480,PRD-0147,tienda_sur,2,44.96,10,89.92,tarjeta,devuelta,2026-02-22 12:52:49,zona_c
VS-0001771,CLI-00783,PRD-0036,tienda_sur,8,40.95,5,327.6,yape,completada,2026-03-10 19:32:53,zona_a
VS-0001772,CLI-02419,PRD-0108,tienda_sur,1,132.36,5,132.36,yape,devuelta,2026-03-21 00:40:51,zona_a
VS-0001773,CLI-01412,PRD-0144,tienda_sur,6,74.18,5,445.08,tarjeta,completada,2026-02-22 02:40:08,zona_c
VS-0001774,CLI-02283,PRD-0123,tienda_sur,6,36.31,10,217.86,efectivo,completada,2026-02-08 09:03:33,zona_b
VS-0001775,CLI-00644,PRD-0030,tienda_sur,5,185.13,25,925.65,tarjeta,completada,2026-03-04 10:51:09,zona_d
VS-0001776,CLI-00107,PRD-0037,tienda_sur,1,56.49,25,56.49,tarjeta,completada,2026-02-11 16:10:59,zona_b
VS-0001777,CLI-00963,PRD-0009,tienda_sur,8,42.18,10,337.44,tarjeta,completada,2026-03-17 20:44:31,zona_d
VS-0001778,CLI-00830,PRD-0087,tienda_sur,7,35.47,10,248.29,transferencia,completada,2026-01-21 04:27:14,zona_c
VS-0001779,CLI-00099,PRD-0167,tienda_sur,1,151.07,5,151.07,efectivo,devuelta,2026-03-25 18:45:35,zona_c
VS-0001780,CLI-01437,PRD-0133,tienda_sur,8,92.0,5,736.0,efectivo,completada,2026-03-15 18:51:09,zona_b
VS-0001781,CLI-01670,PRD-0092,tienda_sur,5,1046.03,10,5230.15,transferencia,completada,2026-03-16 13:10:19,zona_d
VS-0001782,CLI-00180,PRD-0015,tienda_sur,3,54.47,5,163.41,tarjeta,completada,2026-01-03 10:54:47,zona_b
VS-0001783,CLI-02929,PRD-0159,tienda_sur,3,959.5,15,2878.5,efectivo,completada,2026-03-09 16:21:12,zona_d
VS-0001784,CLI-02234,PRD-0073,tienda_sur,8,61.22,10,489.76,yape,completada,2026-01-04 09:29:02,zona_b
VS-0001785,CLI-01109,PRD-0101,tienda_sur,3,1015.86,10,3047.58,tarjeta,completada,2026-01-28 01:01:11,zona_d
VS-0001786,CLI-01997,PRD-0071,tienda_sur,4,71.07,0,284.28,yape,completada,2026-02-15 17:08:11,zona_c
VS-0001787,CLI-02708,PRD-0112,tienda_sur,7,259.44,10,1816.08,transferencia,completada,2026-01-24 00:28:27,zona_a
VS-0001788,CLI-01263,PRD-0128,tienda_sur,4,43.02,15,172.08,yape,completada,2026-02-01 19:23:34,zona_d
VS-0001789,CLI-00011,PRD-0095,tienda_sur,1,40.04,20,40.04,efectivo,completada,2026-02-19 13:17:51,zona_b
VS-0001790,CLI-01745,PRD-0005,tienda_sur,7,191.29,10,1339.03,tarjeta,completada,2026-01-11 23:05:06,zona_d
VS-0001791,CLI-00865,PRD-0193,tienda_sur,8,46.6,0,372.8,yape,completada,2026-01-19 15:49:00,zona_d
VS-0001792,CLI-02372,PRD-0098,tienda_sur,8,713.87,10,5710.96,tarjeta,completada,2026-02-15 04:36:18,zona_b
VS-0001793,CLI-02240,PRD-0017,tienda_sur,7,628.99,15,4402.93,efectivo,completada,2026-03-25 17:01:27,zona_b
VS-0001794,CLI-01067,PRD-0170,tienda_sur,2,106.17,5,212.34,tarjeta,pendiente,2026-01-18 13:14:45,zona_a
VS-0001795,CLI-00337,PRD-0192,tienda_sur,2,93.06,0,186.12,efectivo,pendiente,2026-01-24 18:10:52,zona_b
VS-0001796,CLI-01091,PRD-0068,tienda_sur,1,124.99,25,124.99,transferencia,completada,2026-03-03 20:44:56,zona_c
VS-0001797,CLI-02823,PRD-0034,tienda_sur,4,98.86,5,395.44,yape,completada,2026-02-18 05:17:28,zona_b
VS-0001798,CLI-01069,PRD-0164,tienda_sur,6,339.59,0,2037.54,efectivo,completada,2026-01-24 10:47:30,zona_c
VS-0001799,CLI-00081,PRD-0147,tienda_sur,6,49.96,0,299.76,yape,completada,2026-01-31 16:30:45,zona_d
VS-0001800,CLI-01709,PRD-0098,tienda_sur,8,793.19,0,6345.52,yape,completada,2026-01-27 21:00:43,zona_b
VS-0001801,CLI-00036,PRD-0134,tienda_sur,2,82.98,15,165.96,efectivo,completada,2026-03-19 13:30:51,zona_a
VS-0001802,CLI-01396,PRD-0112,tienda_sur,3,259.44,10,778.32,efectivo,completada,2026-03-06 05:31:53,zona_a
VS-0001803,CLI-01016,PRD-0114,tienda_sur,8,190.66,25,1525.28,transferencia,pendiente,2026-02-23 11:20:23,zona_a
VS-0001804,CLI-01709,PRD-0157,tienda_sur,4,269.24,0,1076.96,efectivo,completada,2026-02-04 23:30:46,zona_d
VS-0001805,CLI-02351,PRD-0185,tienda_sur,1,178.75,0,178.75,transferencia,completada,2026-03-25 02:26:20,zona_d
VS-0001806,CLI-00001,PRD-0047,tienda_sur,5,243.07,0,1215.35,tarjeta,completada,2026-02-06 09:59:06,zona_d
VS-0001807,CLI-00805,PRD-0099,tienda_sur,7,360.62,0,2524.34,tarjeta,completada,2026-01-27 03:37:39,zona_c
VS-0001808,CLI-00901,PRD-0081,tienda_sur,3,115.75,0,347.25,yape,completada,2026-01-27 21:42:14,zona_b
VS-0001809,CLI-02283,PRD-0164,tienda_sur,1,271.67,20,271.67,transferencia,completada,2026-03-16 17:38:43,zona_b
VS-0001810,CLI-01133,PRD-0113,tienda_sur,6,163.22,0,979.32,tarjeta,devuelta,2026-01-31 17:02:07,zona_a
VS-0001811,CLI-02166,PRD-0162,tienda_sur,6,84.67,0,508.02,yape,completada,2026-02-03 02:51:54,zona_a
VS-0001812,CLI-02234,PRD-0092,tienda_sur,3,1104.14,5,3312.42,tarjeta,completada,2026-03-13 08:54:36,zona_b
VS-0001813,CLI-02022,PRD-0164,tienda_sur,3,339.59,0,1018.77,tarjeta,completada,2026-01-12 04:07:50,zona_a
VS-0001814,CLI-02478,PRD-0143,tienda_sur,8,22.39,0,179.12,tarjeta,completada,2026-03-03 01:04:00,zona_d
VS-0001815,CLI-01637,PRD-0044,tienda_sur,4,100.66,5,402.64,yape,completada,2026-03-13 01:48:15,zona_b
VS-0001816,CLI-01096,PRD-0079,tienda_sur,7,247.61,15,1733.27,yape,completada,2026-03-25 03:54:19,zona_d
VS-0001817,CLI-01728,PRD-0173,tienda_sur,5,150.05,15,750.25,yape,completada,2026-02-20 18:54:26,zona_d
VS-0001818,CLI-01469,PRD-0119,tienda_sur,7,170.18,0,1191.26,efectivo,completada,2026-03-22 17:15:26,zona_c
VS-0001819,CLI-02478,PRD-0119,tienda_sur,2,153.16,10,306.32,transferencia,completada,2026-02-26 19:19:41,zona_c
VS-0001820,CLI-00458,PRD-0109,tienda_sur,7,127.43,0,892.01,transferencia,completada,2026-01-17 20:15:29,zona_d
VS-0001821,CLI-01881,PRD-0071,tienda_sur,2,56.86,20,113.72,transferencia,completada,2026-02-26 15:58:01,zona_b
VS-0001822,CLI-00408,PRD-0039,tienda_sur,8,58.03,5,464.24,efectivo,completada,2026-01-03 12:12:23,zona_c
VS-0001823,CLI-02351,PRD-0082,tienda_sur,5,242.48,20,1212.4,tarjeta,completada,2026-03-03 00:01:28,zona_b
VS-0001824,CLI-02264,PRD-0160,tienda_sur,1,44.59,5,44.59,tarjeta,devuelta,2026-02-25 20:09:30,zona_a
VS-0001825,CLI-02995,PRD-0094,tienda_sur,5,38.77,0,193.85,efectivo,completada,2026-01-16 21:37:38,zona_c
VS-0001826,CLI-01527,PRD-0071,tienda_sur,6,56.86,20,341.16,tarjeta,completada,2026-01-11 02:51:44,zona_a
VS-0001827,CLI-00179,PRD-0199,tienda_sur,8,375.09,0,3000.72,tarjeta,completada,2026-03-31 15:27:12,zona_a
VS-0001828,CLI-02830,PRD-0081,tienda_sur,7,98.39,15,688.73,tarjeta,completada,2026-03-31 09:22:12,zona_c
VS-0001829,CLI-00755,PRD-0068,tienda_sur,3,166.65,0,499.95,tarjeta,completada,2026-03-25 19:04:51,zona_d
VS-0001830,CLI-00896,PRD-0098,tienda_sur,6,634.55,20,3807.3,tarjeta,completada,2026-01-30 18:13:39,zona_c
VS-0001831,CLI-00173,PRD-0079,tienda_sur,2,233.05,20,466.1,tarjeta,completada,2026-03-11 05:15:40,zona_d
VS-0001832,CLI-01508,PRD-0045,tienda_sur,7,33.44,10,234.08,yape,completada,2026-01-20 19:16:32,zona_c
VS-0001833,CLI-02088,PRD-0002,tienda_sur,3,35.98,0,107.94,yape,completada,2026-01-04 01:10:23,zona_b
VS-0001834,CLI-02412,PRD-0047,tienda_sur,8,230.92,5,1847.36,transferencia,completada,2026-03-13 03:48:41,zona_b
VS-0001835,CLI-01592,PRD-0127,tienda_sur,5,38.99,5,194.95,tarjeta,completada,2026-02-12 22:22:49,zona_d
VS-0001836,CLI-00541,PRD-0067,tienda_sur,6,91.31,10,547.86,efectivo,devuelta,2026-03-05 14:59:49,zona_c
VS-0001837,CLI-01166,PRD-0176,tienda_sur,2,71.08,0,142.16,transferencia,completada,2026-01-31 22:50:25,zona_a
VS-0001838,CLI-02128,PRD-0078,tienda_sur,7,49.45,10,346.15,efectivo,completada,2026-03-21 08:37:11,zona_b
VS-0001839,CLI-00324,PRD-0028,tienda_sur,4,8.52,0,34.08,efectivo,completada,2026-02-16 04:05:11,zona_c
VS-0001840,CLI-01918,PRD-0140,tienda_sur,8,117.83,0,942.64,yape,completada,2026-02-14 21:14:04,zona_a
VS-0001841,CLI-00787,PRD-0024,tienda_sur,1,115.36,15,115.36,tarjeta,completada,2026-01-31 17:30:33,zona_c
VS-0001842,CLI-00387,PRD-0074,tienda_sur,7,100.23,0,701.61,tarjeta,completada,2026-03-10 19:09:43,zona_d
VS-0001843,CLI-01227,PRD-0103,tienda_sur,5,338.06,10,1690.3,yape,completada,2026-02-21 09:26:32,zona_c
VS-0001844,CLI-01821,PRD-0121,tienda_sur,4,881.74,0,3526.96,yape,completada,2026-03-11 08:25:04,zona_a
VS-0001845,CLI-01052,PRD-0137,tienda_sur,7,125.01,5,875.07,efectivo,completada,2026-02-23 07:02:53,zona_c
VS-0001846,CLI-00716,PRD-0067,tienda_sur,4,91.31,10,365.24,yape,completada,2026-03-05 01:24:47,zona_c
VS-0001847,CLI-00198,PRD-0162,tienda_sur,4,84.67,0,338.68,efectivo,completada,2026-02-08 15:35:05,zona_b
VS-0001848,CLI-02789,PRD-0102,tienda_sur,4,59.74,20,238.96,transferencia,completada,2026-01-14 21:24:38,zona_b
VS-0001849,CLI-00163,PRD-0105,tienda_sur,8,78.57,0,628.56,efectivo,completada,2026-01-29 18:28:54,zona_c
VS-0001850,CLI-02399,PRD-0113,tienda_sur,2,155.06,5,310.12,efectivo,completada,2026-01-09 00:26:14,zona_d
VS-0001851,CLI-02481,PRD-0027,tienda_sur,3,27.59,10,82.77,transferencia,completada,2026-03-07 15:04:57,zona_a
VS-0001852,CLI-00950,PRD-0075,tienda_sur,3,57.92,15,173.76,tarjeta,pendiente,2026-02-10 14:19:40,zona_c
VS-0001853,CLI-00576,PRD-0040,tienda_sur,5,171.54,0,857.7,yape,devuelta,2026-02-18 06:47:51,zona_b
VS-0001854,CLI-02455,PRD-0165,tienda_sur,8,913.18,0,7305.44,efectivo,completada,2026-03-06 12:03:32,zona_a
VS-0001855,CLI-00577,PRD-0078,tienda_sur,4,52.19,5,208.76,tarjeta,devuelta,2026-03-03 18:20:32,zona_a
VS-0001856,CLI-02487,PRD-0133,tienda_sur,3,92.0,5,276.0,yape,completada,2026-02-25 23:51:38,zona_a
VS-0001857,CLI-00537,PRD-0146,tienda_sur,8,81.53,5,652.24,transferencia,completada,2026-02-22 04:30:37,zona_d
VS-0001858,CLI-00835,PRD-0009,tienda_sur,6,46.87,0,281.22,yape,completada,2026-01-14 13:31:00,zona_c
VS-0001859,CLI-02535,PRD-0097,tienda_sur,1,151.9,10,151.9,yape,devuelta,2026-02-14 16:25:10,zona_a
VS-0001860,CLI-00604,PRD-0080,tienda_sur,7,121.3,15,849.1,tarjeta,completada,2026-02-08 11:38:54,zona_b
VS-0001861,CLI-00331,PRD-0097,tienda_sur,8,151.9,10,1215.2,yape,devuelta,2026-02-06 07:08:23,zona_c
VS-0001862,CLI-02975,PRD-0061,tienda_sur,4,728.71,15,2914.84,efectivo,devuelta,2026-02-07 02:20:46,zona_c
VS-0001863,CLI-02029,PRD-0135,tienda_sur,2,117.62,5,235.24,tarjeta,completada,2026-02-18 01:11:15,zona_b
VS-0001864,CLI-00528,PRD-0008,tienda_sur,3,941.2,15,2823.6,tarjeta,completada,2026-02-22 00:38:12,zona_a
VS-0001865,CLI-01971,PRD-0111,tienda_sur,2,73.87,0,147.74,tarjeta,completada,2026-01-20 03:25:43,zona_b
VS-0001866,CLI-01759,PRD-0049,tienda_sur,7,1047.28,0,7330.96,efectivo,completada,2026-01-22 19:42:57,zona_d
VS-0001867,CLI-02295,PRD-0015,tienda_sur,1,51.61,10,51.61,transferencia,completada,2026-03-07 18:11:50,zona_a
VS-0001868,CLI-02954,PRD-0001,tienda_sur,3,361.29,5,1083.87,tarjeta,completada,2026-03-28 08:24:47,zona_d
VS-0001869,CLI-00715,PRD-0008,tienda_sur,3,1107.3,0,3321.9,transferencia,completada,2026-02-01 18:24:08,zona_a
VS-0001870,CLI-01090,PRD-0121,tienda_sur,5,837.65,5,4188.25,tarjeta,completada,2026-03-04 20:30:30,zona_a
VS-0001871,CLI-01318,PRD-0127,tienda_sur,5,34.88,15,174.4,tarjeta,devuelta,2026-01-15 23:26:25,zona_b
VS-0001872,CLI-02858,PRD-0026,tienda_sur,5,932.17,20,4660.85,tarjeta,completada,2026-03-11 21:12:56,zona_c
VS-0001873,CLI-01155,PRD-0184,tienda_sur,5,134.46,10,672.3,efectivo,devuelta,2026-02-20 19:39:32,zona_b
VS-0001874,CLI-01687,PRD-0048,tienda_sur,2,307.21,0,614.42,transferencia,completada,2026-02-08 07:53:31,zona_b
VS-0001875,CLI-02265,PRD-0183,tienda_sur,8,34.3,25,274.4,efectivo,completada,2026-02-20 12:25:36,zona_c
VS-0001876,CLI-02052,PRD-0147,tienda_sur,8,49.96,0,399.68,tarjeta,completada,2026-02-25 08:53:52,zona_c
VS-0001877,CLI-01935,PRD-0052,tienda_sur,8,352.2,10,2817.6,transferencia,completada,2026-02-20 03:58:46,zona_d
VS-0001878,CLI-00694,PRD-0050,tienda_sur,3,11.33,0,33.99,tarjeta,completada,2026-02-11 01:49:13,zona_c
VS-0001879,CLI-00485,PRD-0166,tienda_sur,6,491.34,0,2948.04,transferencia,completada,2026-02-21 17:39:46,zona_c
VS-0001880,CLI-01669,PRD-0099,tienda_sur,8,306.53,15,2452.24,tarjeta,completada,2026-02-23 15:27:06,zona_a
VS-0001881,CLI-01775,PRD-0068,tienda_sur,4,149.99,10,599.96,tarjeta,completada,2026-02-04 10:33:18,zona_b
VS-0001882,CLI-00476,PRD-0154,tienda_sur,7,38.26,20,267.82,transferencia,completada,2026-01-27 18:59:00,zona_c
VS-0001883,CLI-01428,PRD-0055,tienda_sur,2,20.29,0,40.58,tarjeta,completada,2026-01-19 09:11:26,zona_c
VS-0001884,CLI-00922,PRD-0005,tienda_sur,3,170.03,20,510.09,efectivo,completada,2026-03-29 09:35:20,zona_c
VS-0001885,CLI-02682,PRD-0107,tienda_sur,6,47.57,10,285.42,transferencia,completada,2026-02-02 06:47:18,zona_d
VS-0001886,CLI-00850,PRD-0110,tienda_sur,5,167.06,20,835.3,tarjeta,completada,2026-01-08 13:29:01,zona_b
VS-0001887,CLI-00615,PRD-0190,tienda_sur,4,236.97,0,947.88,tarjeta,completada,2026-02-26 03:47:59,zona_c
VS-0001888,CLI-01129,PRD-0024,tienda_sur,8,122.15,10,977.2,yape,completada,2026-01-20 14:10:13,zona_b
VS-0001889,CLI-02985,PRD-0191,tienda_sur,7,147.5,15,1032.5,tarjeta,completada,2026-02-14 00:19:08,zona_a
VS-0001890,CLI-01105,PRD-0030,tienda_sur,7,246.84,0,1727.88,tarjeta,completada,2026-01-10 05:30:57,zona_a
VS-0001891,CLI-01502,PRD-0042,tienda_sur,1,64.7,15,64.7,tarjeta,completada,2026-01-31 08:33:11,zona_b
VS-0001892,CLI-00112,PRD-0166,tienda_sur,2,466.77,5,933.54,transferencia,devuelta,2026-01-17 13:11:02,zona_d
VS-0001893,CLI-02400,PRD-0157,tienda_sur,3,255.78,5,767.34,tarjeta,completada,2026-03-29 19:32:28,zona_d
VS-0001894,CLI-00270,PRD-0003,tienda_sur,8,167.67,5,1341.36,transferencia,completada,2026-01-11 17:02:47,zona_b
VS-0001895,CLI-02074,PRD-0054,tienda_sur,6,93.72,5,562.32,yape,completada,2026-02-18 00:57:32,zona_b
VS-0001896,CLI-02555,PRD-0086,tienda_sur,1,17.6,0,17.6,tarjeta,completada,2026-01-20 00:45:29,zona_c
VS-0001897,CLI-01032,PRD-0090,tienda_sur,5,10.81,10,54.05,tarjeta,completada,2026-01-08 06:05:35,zona_d
VS-0001898,CLI-02658,PRD-0105,tienda_sur,8,62.86,20,502.88,efectivo,completada,2026-02-02 04:24:29,zona_c
VS-0001899,CLI-00223,PRD-0024,tienda_sur,6,115.36,15,692.16,yape,completada,2026-03-12 04:40:41,zona_c
VS-0001900,CLI-01913,PRD-0020,tienda_sur,2,325.09,0,650.18,tarjeta,completada,2026-01-02 09:03:39,zona_b
VS-0001901,CLI-01495,PRD-0085,tienda_sur,3,117.15,0,351.45,transferencia,devuelta,2026-01-18 22:18:08,zona_d
VS-0001902,CLI-00094,PRD-0007,tienda_sur,7,17.87,10,125.09,transferencia,completada,2026-02-14 02:21:39,zona_b
VS-0001903,CLI-02984,PRD-0057,tienda_sur,1,358.8,10,358.8,yape,completada,2026-03-11 01:06:35,zona_c
VS-0001904,CLI-00462,PRD-0025,tienda_sur,2,397.73,0,795.46,tarjeta,completada,2026-01-30 18:26:43,zona_b
VS-0001905,CLI-01140,PRD-0012,tienda_sur,8,154.12,0,1232.96,tarjeta,devuelta,2026-01-31 17:19:33,zona_c
VS-0001906,CLI-02969,PRD-0065,tienda_sur,7,179.58,10,1257.06,transferencia,completada,2026-01-03 04:14:34,zona_a
VS-0001907,CLI-02954,PRD-0113,tienda_sur,7,163.22,0,1142.54,transferencia,completada,2026-01-14 06:44:52,zona_c
VS-0001908,CLI-02999,PRD-0179,tienda_sur,8,350.18,10,2801.44,transferencia,completada,2026-02-03 11:06:46,zona_a
VS-0001909,CLI-02046,PRD-0139,tienda_sur,7,14.0,25,98.0,efectivo,completada,2026-03-28 07:13:42,zona_d
VS-0001910,CLI-00995,PRD-0129,tienda_sur,5,94.95,5,474.75,transferencia,completada,2026-03-06 18:44:58,zona_c
VS-0001911,CLI-00176,PRD-0067,tienda_sur,4,96.38,5,385.52,transferencia,completada,2026-01-02 04:17:27,zona_a
VS-0001912,CLI-00546,PRD-0029,tienda_sur,5,100.57,0,502.85,tarjeta,completada,2026-03-19 15:24:53,zona_d
VS-0001913,CLI-01513,PRD-0110,tienda_sur,5,208.82,0,1044.1,tarjeta,completada,2026-01-11 15:39:15,zona_c
VS-0001914,CLI-01093,PRD-0143,tienda_sur,5,20.15,10,100.75,tarjeta,completada,2026-03-16 07:59:05,zona_c
VS-0001915,CLI-00752,PRD-0189,tienda_sur,6,134.07,25,804.42,tarjeta,completada,2026-01-17 15:43:13,zona_b
VS-0001916,CLI-01423,PRD-0191,tienda_sur,7,173.53,0,1214.71,efectivo,completada,2026-03-29 10:38:45,zona_a
VS-0001917,CLI-01981,PRD-0133,tienda_sur,3,82.31,15,246.93,yape,completada,2026-03-11 16:01:38,zona_b
VS-0001918,CLI-00054,PRD-0048,tienda_sur,1,307.21,0,307.21,tarjeta,completada,2026-03-16 18:58:33,zona_c
VS-0001919,CLI-01824,PRD-0106,tienda_sur,5,233.66,0,1168.3,transferencia,devuelta,2026-03-26 11:15:38,zona_a
VS-0001920,CLI-00031,PRD-0145,tienda_sur,3,306.58,10,919.74,tarjeta,completada,2026-01-15 11:09:06,zona_d
VS-0001921,CLI-01757,PRD-0171,tienda_sur,8,27.64,10,221.12,transferencia,completada,2026-02-26 23:24:27,zona_a
VS-0001922,CLI-02745,PRD-0190,tienda_sur,3,225.12,5,675.36,yape,completada,2026-03-11 05:11:57,zona_b
VS-0001923,CLI-02093,PRD-0041,tienda_sur,3,170.99,0,512.97,efectivo,completada,2026-01-09 02:47:55,zona_d
VS-0001924,CLI-01423,PRD-0170,tienda_sur,4,100.58,10,402.32,tarjeta,completada,2026-02-21 23:20:05,zona_b
VS-0001925,CLI-02732,PRD-0194,tienda_sur,5,140.74,20,703.7,tarjeta,completada,2026-01-19 06:21:59,zona_d
VS-0001926,CLI-01405,PRD-0003,tienda_sur,5,141.2,20,706.0,yape,completada,2026-01-30 23:19:09,zona_a
VS-0001927,CLI-00517,PRD-0158,tienda_sur,3,230.04,0,690.12,yape,completada,2026-01-22 15:18:25,zona_c
VS-0001928,CLI-00261,PRD-0057,tienda_sur,8,398.67,0,3189.36,tarjeta,completada,2026-02-13 08:56:00,zona_c
VS-0001929,CLI-00947,PRD-0109,tienda_sur,1,101.94,20,101.94,tarjeta,completada,2026-01-12 08:26:09,zona_a
VS-0001930,CLI-02857,PRD-0129,tienda_sur,6,79.96,20,479.76,tarjeta,completada,2026-02-25 19:57:57,zona_b
VS-0001931,CLI-01231,PRD-0025,tienda_sur,6,397.73,0,2386.38,tarjeta,completada,2026-01-19 21:03:25,zona_b
VS-0001932,CLI-00469,PRD-0073,tienda_sur,2,61.22,10,122.44,efectivo,completada,2026-02-27 20:12:49,zona_b
VS-0001933,CLI-01279,PRD-0050,tienda_sur,4,10.2,10,40.8,efectivo,completada,2026-03-10 00:48:07,zona_c
VS-0001934,CLI-02413,PRD-0080,tienda_sur,4,135.57,5,542.28,yape,completada,2026-03-20 18:27:39,zona_d
VS-0001935,CLI-00737,PRD-0164,tienda_sur,6,288.65,15,1731.9,tarjeta,completada,2026-03-18 06:08:25,zona_d
VS-0001936,CLI-02282,PRD-0093,tienda_sur,4,766.55,15,3066.2,yape,completada,2026-03-24 06:05:33,zona_c
VS-0001937,CLI-02171,PRD-0160,tienda_sur,5,46.94,0,234.7,transferencia,completada,2026-01-08 13:41:57,zona_c
VS-0001938,CLI-01572,PRD-0048,tienda_sur,5,276.49,10,1382.45,yape,completada,2026-01-24 14:31:28,zona_d
VS-0001939,CLI-00511,PRD-0181,tienda_sur,1,106.33,0,106.33,efectivo,completada,2026-02-08 20:10:03,zona_c
VS-0001940,CLI-00401,PRD-0027,tienda_sur,8,29.13,5,233.04,yape,completada,2026-01-01 12:07:41,zona_d
VS-0001941,CLI-02387,PRD-0042,tienda_sur,1,68.51,10,68.51,tarjeta,completada,2026-01-06 20:38:43,zona_b
VS-0001942,CLI-00830,PRD-0133,tienda_sur,8,96.84,0,774.72,transferencia,pendiente,2026-03-28 08:49:53,zona_a
VS-0001943,CLI-00549,PRD-0048,tienda_sur,2,291.85,5,583.7,efectivo,completada,2026-02-04 10:44:38,zona_b
VS-0001944,CLI-00935,PRD-0101,tienda_sur,2,1128.73,0,2257.46,tarjeta,devuelta,2026-02-19 10:10:22,zona_c
VS-0001945,CLI-00236,PRD-0024,tienda_sur,4,135.72,0,542.88,tarjeta,completada,2026-02-09 07:22:11,zona_a
VS-0001946,CLI-00880,PRD-0040,tienda_sur,4,154.39,10,617.56,efectivo,completada,2026-02-02 20:45:40,zona_c
VS-0001947,CLI-00810,PRD-0072,tienda_sur,7,29.39,10,205.73,yape,completada,2026-03-01 12:57:23,zona_c
VS-0001948,CLI-00175,PRD-0192,tienda_sur,7,93.06,0,651.42,tarjeta,completada,2026-02-26 11:50:35,zona_a
VS-0001949,CLI-00293,PRD-0168,tienda_sur,2,302.83,0,605.66,transferencia,completada,2026-01-06 18:16:48,zona_a
VS-0001950,CLI-01043,PRD-0032,tienda_sur,8,132.44,0,1059.52,transferencia,completada,2026-01-01 15:25:00,zona_d
VS-0001951,CLI-01449,PRD-0118,tienda_sur,4,53.23,0,212.92,tarjeta,devuelta,2026-02-07 18:36:48,zona_d
VS-0001952,CLI-01538,PRD-0158,tienda_sur,8,195.53,15,1564.24,tarjeta,completada,2026-02-05 08:42:20,zona_c
VS-0001953,CLI-02950,PRD-0027,tienda_sur,7,24.53,20,171.71,tarjeta,completada,2026-03-15 12:54:07,zona_b
VS-0001954,CLI-02109,PRD-0077,tienda_sur,6,53.83,10,322.98,yape,completada,2026-02-15 00:53:11,zona_a
VS-0001955,CLI-00729,PRD-0191,tienda_sur,1,173.53,0,173.53,yape,pendiente,2026-03-04 15:31:50,zona_b
VS-0001956,CLI-01054,PRD-0141,tienda_sur,1,135.3,5,135.3,tarjeta,completada,2026-02-20 20:44:57,zona_d
VS-0001957,CLI-01742,PRD-0151,tienda_sur,4,153.64,0,614.56,efectivo,completada,2026-03-17 12:39:51,zona_c
VS-0001958,CLI-01810,PRD-0009,tienda_sur,5,39.84,15,199.2,transferencia,completada,2026-02-19 13:58:48,zona_a
VS-0001959,CLI-01183,PRD-0100,tienda_sur,8,344.59,5,2756.72,tarjeta,completada,2026-03-02 22:17:07,zona_d
VS-0001960,CLI-01430,PRD-0150,tienda_sur,3,820.22,0,2460.66,yape,completada,2026-02-17 23:00:52,zona_d
VS-0001961,CLI-00023,PRD-0142,tienda_sur,2,121.27,0,242.54,yape,completada,2026-03-21 17:21:39,zona_c
VS-0001962,CLI-02028,PRD-0198,tienda_sur,7,359.6,0,2517.2,tarjeta,completada,2026-01-03 14:50:16,zona_b
VS-0001963,CLI-02748,PRD-0192,tienda_sur,7,88.41,5,618.87,tarjeta,completada,2026-02-23 13:28:11,zona_c
VS-0001964,CLI-02204,PRD-0037,tienda_sur,5,75.32,0,376.6,efectivo,completada,2026-02-15 08:12:53,zona_c
VS-0001965,CLI-00511,PRD-0104,tienda_sur,5,195.93,0,979.65,tarjeta,completada,2026-03-16 10:44:41,zona_a
VS-0001966,CLI-00310,PRD-0071,tienda_sur,2,67.52,5,135.04,transferencia,completada,2026-03-22 08:12:38,zona_a
VS-0001967,CLI-02228,PRD-0020,tienda_sur,4,308.84,5,1235.36,tarjeta,completada,2026-03-14 03:25:04,zona_b
VS-0001968,CLI-00183,PRD-0185,tienda_sur,1,178.75,0,178.75,yape,completada,2026-01-21 02:51:34,zona_c
VS-0001969,CLI-00093,PRD-0029,tienda_sur,5,100.57,0,502.85,yape,completada,2026-03-22 10:41:53,zona_d
VS-0001970,CLI-02596,PRD-0164,tienda_sur,7,288.65,15,2020.55,transferencia,completada,2026-01-04 00:48:56,zona_a
VS-0001971,CLI-02755,PRD-0149,tienda_sur,5,232.66,15,1163.3,tarjeta,completada,2026-01-30 20:08:36,zona_c
VS-0001972,CLI-01627,PRD-0106,tienda_sur,5,198.61,15,993.05,yape,completada,2026-02-25 06:16:42,zona_d
VS-0001973,CLI-01904,PRD-0190,tienda_sur,1,225.12,5,225.12,efectivo,completada,2026-03-12 07:06:44,zona_c
VS-0001974,CLI-00565,PRD-0011,tienda_sur,6,71.6,5,429.6,tarjeta,completada,2026-02-16 13:55:15,zona_a
VS-0001975,CLI-01758,PRD-0187,tienda_sur,4,26.08,0,104.32,tarjeta,completada,2026-02-12 00:12:54,zona_c
VS-0001976,CLI-00331,PRD-0066,tienda_sur,3,819.09,0,2457.27,yape,completada,2026-02-14 10:10:55,zona_b
VS-0001977,CLI-02979,PRD-0080,tienda_sur,8,135.57,5,1084.56,efectivo,completada,2026-03-05 04:50:30,zona_c
VS-0001978,CLI-01357,PRD-0034,tienda_sur,6,98.86,5,593.16,tarjeta,completada,2026-03-14 22:04:41,zona_b
VS-0001979,CLI-00342,PRD-0135,tienda_sur,7,123.81,0,866.67,efectivo,completada,2026-03-16 20:58:23,zona_a
VS-0001980,CLI-00354,PRD-0141,tienda_sur,5,142.42,0,712.1,yape,completada,2026-01-15 21:20:04,zona_b
VS-0001981,CLI-00001,PRD-0029,tienda_sur,2,100.57,0,201.14,yape,completada,2026-03-15 15:12:45,zona_a
VS-0001982,CLI-00489,PRD-0070,tienda_sur,4,508.33,0,2033.32,yape,completada,2026-03-06 03:57:15,zona_d
VS-0001983,CLI-00077,PRD-0040,tienda_sur,6,145.81,15,874.86,transferencia,devuelta,2026-02-15 05:02:13,zona_b
VS-0001984,CLI-02059,PRD-0156,tienda_sur,1,75.78,20,75.78,yape,pendiente,2026-01-23 10:42:34,zona_b
VS-0001985,CLI-01714,PRD-0161,tienda_sur,2,33.75,0,67.5,yape,completada,2026-01-16 13:03:24,zona_b
VS-0001986,CLI-02677,PRD-0113,tienda_sur,6,163.22,0,979.32,tarjeta,completada,2026-03-13 14:07:33,zona_a
VS-0001987,CLI-00816,PRD-0031,tienda_sur,4,310.8,0,1243.2,transferencia,completada,2026-02-22 08:43:08,zona_d
VS-0001988,CLI-00264,PRD-0042,tienda_sur,7,76.12,0,532.84,tarjeta,completada,2026-03-06 03:22:50,zona_a
VS-0001989,CLI-02180,PRD-0176,tienda_sur,5,63.97,10,319.85,yape,completada,2026-02-20 10:35:23,zona_a
VS-0001990,CLI-01158,PRD-0173,tienda_sur,2,158.88,10,317.76,efectivo,completada,2026-03-21 21:47:32,zona_d
VS-0001991,CLI-01724,PRD-0047,tienda_sur,8,182.3,25,1458.4,yape,completada,2026-03-22 10:10:38,zona_c
VS-0001992,CLI-00299,PRD-0132,tienda_sur,1,658.28,0,658.28,tarjeta,completada,2026-03-13 04:32:59,zona_d
VS-0001993,CLI-02743,PRD-0155,tienda_sur,6,117.38,15,704.28,efectivo,pendiente,2026-01-29 14:31:02,zona_c
VS-0001994,CLI-00659,PRD-0030,tienda_sur,4,222.16,10,888.64,efectivo,completada,2026-02-19 06:27:25,zona_a
VS-0001995,CLI-00266,PRD-0073,tienda_sur,4,68.02,0,272.08,tarjeta,completada,2026-02-26 17:42:00,zona_b
VS-0001996,CLI-01282,PRD-0048,tienda_sur,8,307.21,0,2457.68,tarjeta,completada,2026-02-12 22:13:58,zona_c
VS-0001997,CLI-01472,PRD-0189,tienda_sur,1,169.82,5,169.82,transferencia,completada,2026-03-19 23:31:14,zona_c
VS-0001998,CLI-01411,PRD-0153,tienda_sur,1,1181.19,0,1181.19,yape,completada,2026-01-22 15:11:52,zona_d
VS-0001999,CLI-01192,PRD-0046,tienda_sur,3,344.62,5,1033.86,efectivo,completada,2026-01-13 07:06:32,zona_c
VS-0002000,CLI-00763,PRD-0065,tienda_sur,7,179.58,10,1257.06,tarjeta,completada,2026-01-28 12:41:04,zona_d
VS-0002001,CLI-02083,PRD-0125,tienda_sur,5,266.29,15,1331.45,efectivo,completada,2026-01-07 20:19:29,zona_d
VS-0002002,CLI-02271,PRD-0107,tienda_sur,7,47.57,10,332.99,efectivo,completada,2026-01-24 05:04:49,zona_c
VS-0002003,CLI-00329,PRD-0098,tienda_sur,2,753.53,5,1507.06,yape,completada,2026-01-14 00:00:30,zona_c
VS-0002004,CLI-02062,PRD-0081,tienda_sur,7,104.17,10,729.19,tarjeta,completada,2026-01-17 05:29:48,zona_d
VS-0002005,CLI-00418,PRD-0058,tienda_sur,6,175.53,0,1053.18,yape,completada,2026-02-14 03:06:27,zona_b
VS-0002006,CLI-02386,PRD-0197,tienda_sur,3,46.5,0,139.5,tarjeta,completada,2026-01-01 23:12:01,zona_a
VS-0002007,CLI-02100,PRD-0006,tienda_sur,7,375.74,5,2630.18,yape,completada,2026-03-19 02:35:59,zona_c
VS-0002008,CLI-02416,PRD-0173,tienda_sur,6,176.53,0,1059.18,tarjeta,completada,2026-01-06 16:03:32,zona_c
VS-0002009,CLI-00629,PRD-0098,tienda_sur,4,753.53,5,3014.12,tarjeta,completada,2026-01-29 00:27:25,zona_d
VS-0002010,CLI-02394,PRD-0055,tienda_sur,8,18.26,10,146.08,yape,completada,2026-03-19 16:22:24,zona_d
VS-0002011,CLI-00906,PRD-0100,tienda_sur,5,362.73,0,1813.65,tarjeta,completada,2026-02-06 01:55:09,zona_c
VS-0002012,CLI-02867,PRD-0082,tienda_sur,8,272.79,10,2182.32,yape,completada,2026-02-10 12:40:19,zona_d
VS-0002013,CLI-01234,PRD-0117,tienda_sur,5,154.72,0,773.6,efectivo,completada,2026-01-25 17:16:03,zona_d
VS-0002014,CLI-00202,PRD-0001,tienda_sur,2,361.29,5,722.58,tarjeta,completada,2026-03-08 18:46:59,zona_c
VS-0002015,CLI-00232,PRD-0131,tienda_sur,3,345.73,0,1037.19,tarjeta,completada,2026-01-23 22:43:37,zona_d
VS-0002016,CLI-00821,PRD-0052,tienda_sur,3,332.63,15,997.89,tarjeta,completada,2026-03-04 08:31:30,zona_a
VS-0002017,CLI-02900,PRD-0075,tienda_sur,1,68.14,0,68.14,transferencia,devuelta,2026-03-06 23:26:08,zona_c
VS-0002018,CLI-02576,PRD-0169,tienda_sur,6,904.54,15,5427.24,tarjeta,completada,2026-01-27 07:31:31,zona_d
VS-0002019,CLI-00635,PRD-0147,tienda_sur,8,49.96,0,399.68,tarjeta,completada,2026-01-07 07:32:35,zona_c
VS-0002020,CLI-02842,PRD-0184,tienda_sur,1,126.99,15,126.99,tarjeta,completada,2026-01-07 20:02:21,zona_b
VS-0002021,CLI-02026,PRD-0144,tienda_sur,3,78.08,0,234.24,tarjeta,devuelta,2026-03-31 07:22:33,zona_a
VS-0002022,CLI-02183,PRD-0066,tienda_sur,8,819.09,0,6552.72,yape,devuelta,2026-02-12 19:40:02,zona_d
VS-0002023,CLI-02769,PRD-0102,tienda_sur,2,70.94,5,141.88,yape,completada,2026-02-22 08:04:41,zona_d
VS-0002024,CLI-02008,PRD-0024,tienda_sur,5,128.93,5,644.65,tarjeta,completada,2026-01-03 17:07:30,zona_c
VS-0002025,CLI-02634,PRD-0063,tienda_sur,6,215.94,0,1295.64,yape,completada,2026-03-28 21:03:20,zona_d
VS-0002026,CLI-02280,PRD-0057,tienda_sur,3,398.67,0,1196.01,efectivo,devuelta,2026-03-21 00:40:05,zona_b
VS-0002027,CLI-01366,PRD-0160,tienda_sur,3,37.55,20,112.65,yape,completada,2026-02-11 00:05:52,zona_c
VS-0002028,CLI-00065,PRD-0127,tienda_sur,4,36.94,10,147.76,tarjeta,completada,2026-03-06 16:03:10,zona_d
VS-0002029,CLI-01221,PRD-0131,tienda_sur,7,311.16,10,2178.12,yape,completada,2026-01-31 09:14:43,zona_a
VS-0002030,CLI-00290,PRD-0145,tienda_sur,6,340.64,0,2043.84,tarjeta,completada,2026-01-17 05:33:40,zona_a
VS-0002031,CLI-00052,PRD-0167,tienda_sur,7,159.02,0,1113.14,tarjeta,completada,2026-02-09 21:59:52,zona_d
VS-0002032,CLI-02424,PRD-0090,tienda_sur,5,12.01,0,60.05,tarjeta,completada,2026-02-16 14:13:33,zona_a
VS-0002033,CLI-00880,PRD-0011,tienda_sur,3,75.37,0,226.11,efectivo,completada,2026-02-24 10:16:09,zona_a
VS-0002034,CLI-00256,PRD-0172,tienda_sur,3,136.13,5,408.39,transferencia,completada,2026-02-06 18:24:05,zona_d
VS-0002035,CLI-02092,PRD-0041,tienda_sur,5,162.44,5,812.2,tarjeta,completada,2026-01-18 16:26:48,zona_d
VS-0002036,CLI-00673,PRD-0065,tienda_sur,3,169.6,15,508.8,tarjeta,completada,2026-02-02 10:25:17,zona_a
VS-0002037,CLI-02517,PRD-0073,tienda_sur,8,51.02,25,408.16,efectivo,completada,2026-01-01 03:00:17,zona_a
VS-0002038,CLI-02360,PRD-0067,tienda_sur,6,101.45,0,608.7,yape,completada,2026-03-28 16:03:01,zona_d
VS-0002039,CLI-00202,PRD-0198,tienda_sur,3,359.6,0,1078.8,yape,completada,2026-01-30 19:38:06,zona_a
VS-0002040,CLI-00997,PRD-0156,tienda_sur,3,94.72,0,284.16,tarjeta,completada,2026-03-10 08:21:46,zona_a
VS-0002041,CLI-00874,PRD-0184,tienda_sur,4,149.4,0,597.6,yape,completada,2026-01-03 05:03:54,zona_c
VS-0002042,CLI-02272,PRD-0010,tienda_sur,3,147.48,0,442.44,yape,completada,2026-03-08 21:40:34,zona_a
VS-0002043,CLI-00820,PRD-0034,tienda_sur,6,104.06,0,624.36,transferencia,completada,2026-03-02 20:40:30,zona_a
VS-0002044,CLI-01890,PRD-0163,tienda_sur,1,78.75,15,78.75,tarjeta,completada,2026-02-23 15:28:49,zona_d
VS-0002045,CLI-00259,PRD-0116,tienda_sur,3,9.21,0,27.63,transferencia,completada,2026-02-23 17:51:29,zona_b
VS-0002046,CLI-00263,PRD-0048,tienda_sur,7,261.13,15,1827.91,tarjeta,completada,2026-01-07 08:27:27,zona_a
VS-0002047,CLI-02421,PRD-0142,tienda_sur,8,103.08,15,824.64,tarjeta,completada,2026-01-23 11:24:20,zona_c
VS-0002048,CLI-00883,PRD-0033,tienda_sur,4,696.3,0,2785.2,tarjeta,completada,2026-02-26 03:31:31,zona_c
VS-0002049,CLI-00338,PRD-0198,tienda_sur,1,359.6,0,359.6,tarjeta,devuelta,2026-02-23 12:50:14,zona_b
VS-0002050,CLI-01714,PRD-0184,tienda_sur,5,126.99,15,634.95,yape,completada,2026-01-22 23:53:39,zona_b
VS-0002051,CLI-00440,PRD-0146,tienda_sur,5,64.36,25,321.8,transferencia,completada,2026-01-05 14:08:49,zona_c
VS-0002052,CLI-00458,PRD-0082,tienda_sur,2,303.1,0,606.2,efectivo,completada,2026-03-27 10:32:27,zona_c
VS-0002053,CLI-02842,PRD-0135,tienda_sur,4,117.62,5,470.48,yape,completada,2026-02-27 19:23:10,zona_c
VS-0002054,CLI-02452,PRD-0064,tienda_sur,5,50.82,10,254.1,tarjeta,completada,2026-02-12 17:25:02,zona_a
VS-0002055,CLI-02554,PRD-0002,tienda_sur,5,35.98,0,179.9,tarjeta,completada,2026-01-09 05:36:29,zona_c
VS-0002056,CLI-02648,PRD-0134,tienda_sur,8,78.1,20,624.8,transferencia,completada,2026-03-28 22:50:53,zona_b
VS-0002057,CLI-02785,PRD-0038,tienda_sur,4,41.76,0,167.04,transferencia,completada,2026-02-26 10:00:20,zona_c
VS-0002058,CLI-02480,PRD-0018,tienda_sur,3,143.21,0,429.63,transferencia,devuelta,2026-03-04 05:13:19,zona_c
VS-0002059,CLI-02906,PRD-0120,tienda_sur,7,276.01,5,1932.07,tarjeta,completada,2026-02-24 14:02:28,zona_d
VS-0002060,CLI-01234,PRD-0194,tienda_sur,2,167.12,5,334.24,yape,completada,2026-02-18 13:06:19,zona_d
VS-0002061,CLI-01885,PRD-0181,tienda_sur,7,101.01,5,707.07,efectivo,completada,2026-02-22 18:27:56,zona_b
VS-0002062,CLI-00468,PRD-0199,tienda_sur,6,375.09,0,2250.54,tarjeta,pendiente,2026-01-04 09:49:12,zona_b
VS-0002063,CLI-01688,PRD-0096,tienda_sur,5,78.09,0,390.45,efectivo,pendiente,2026-03-01 09:03:13,zona_d
VS-0002064,CLI-01048,PRD-0065,tienda_sur,2,169.6,15,339.2,efectivo,completada,2026-03-23 18:16:49,zona_a
VS-0002065,CLI-01959,PRD-0092,tienda_sur,1,1046.03,10,1046.03,tarjeta,completada,2026-03-08 21:42:47,zona_a
VS-0002066,CLI-00699,PRD-0050,tienda_sur,2,10.76,5,21.52,tarjeta,completada,2026-01-25 09:12:12,zona_a
VS-0002067,CLI-01529,PRD-0157,tienda_sur,1,269.24,0,269.24,yape,completada,2026-01-07 05:30:26,zona_a
VS-0002068,CLI-00058,PRD-0197,tienda_sur,4,44.17,5,176.68,yape,completada,2026-02-20 22:59:21,zona_b
VS-0002069,CLI-01284,PRD-0120,tienda_sur,4,276.01,5,1104.04,tarjeta,completada,2026-01-09 15:52:52,zona_d
VS-0002070,CLI-00821,PRD-0116,tienda_sur,5,9.21,0,46.05,efectivo,completada,2026-01-16 02:51:20,zona_c
VS-0002071,CLI-00419,PRD-0060,tienda_sur,2,139.14,0,278.28,tarjeta,completada,2026-01-08 15:21:24,zona_c
VS-0002072,CLI-02659,PRD-0042,tienda_sur,6,76.12,0,456.72,tarjeta,completada,2026-01-22 17:02:30,zona_d
VS-0002073,CLI-00513,PRD-0194,tienda_sur,4,167.12,5,668.48,tarjeta,pendiente,2026-02-09 16:37:35,zona_b
VS-0002074,CLI-00039,PRD-0002,tienda_sur,8,28.78,20,230.24,tarjeta,completada,2026-02-21 06:55:23,zona_a
VS-0002075,CLI-00890,PRD-0191,tienda_sur,7,138.82,20,971.74,tarjeta,devuelta,2026-01-02 04:03:40,zona_c
VS-0002076,CLI-02798,PRD-0087,tienda_sur,8,35.47,10,283.76,efectivo,completada,2026-01-27 07:22:00,zona_a
VS-0002077,CLI-02758,PRD-0162,tienda_sur,6,84.67,0,508.02,tarjeta,completada,2026-03-21 20:16:57,zona_a
VS-0002078,CLI-01843,PRD-0007,tienda_sur,4,19.86,0,79.44,efectivo,completada,2026-01-04 22:56:17,zona_d
VS-0002079,CLI-01834,PRD-0186,tienda_sur,2,72.35,5,144.7,tarjeta,completada,2026-03-22 08:50:42,zona_b
VS-0002080,CLI-00698,PRD-0060,tienda_sur,1,125.23,10,125.23,tarjeta,completada,2026-02-18 23:29:29,zona_b
VS-0002081,CLI-02651,PRD-0049,tienda_sur,5,1047.28,0,5236.4,yape,completada,2026-03-31 10:21:43,zona_a
VS-0002082,CLI-00384,PRD-0191,tienda_sur,4,173.53,0,694.12,yape,completada,2026-03-23 20:34:37,zona_a
VS-0002083,CLI-02790,PRD-0046,tienda_sur,1,344.62,5,344.62,tarjeta,completada,2026-02-02 12:17:29,zona_c
VS-0002084,CLI-02406,PRD-0106,tienda_sur,5,233.66,0,1168.3,efectivo,completada,2026-02-03 23:58:16,zona_d
VS-0002085,CLI-00790,PRD-0122,tienda_sur,2,237.03,5,474.06,tarjeta,completada,2026-02-02 16:12:27,zona_a
VS-0002086,CLI-02219,PRD-0111,tienda_sur,3,73.87,0,221.61,tarjeta,completada,2026-01-12 14:07:38,zona_c
VS-0002087,CLI-02025,PRD-0106,tienda_sur,5,221.98,5,1109.9,tarjeta,completada,2026-01-25 22:30:57,zona_b
VS-0002088,CLI-00691,PRD-0001,tienda_sur,1,380.31,0,380.31,transferencia,devuelta,2026-03-05 03:25:44,zona_a
VS-0002089,CLI-02584,PRD-0045,tienda_sur,4,35.29,5,141.16,tarjeta,completada,2026-01-01 12:36:13,zona_d
VS-0002090,CLI-02668,PRD-0048,tienda_sur,7,307.21,0,2150.47,tarjeta,completada,2026-01-12 16:17:19,zona_b
VS-0002091,CLI-01913,PRD-0116,tienda_sur,1,8.75,5,8.75,transferencia,completada,2026-02-07 05:43:06,zona_d
VS-0002092,CLI-01341,PRD-0189,tienda_sur,7,178.76,0,1251.32,efectivo,completada,2026-03-12 12:28:35,zona_d
VS-0002093,CLI-01894,PRD-0153,tienda_sur,1,885.89,25,885.89,efectivo,pendiente,2026-01-21 05:07:40,zona_b
VS-0002094,CLI-02735,PRD-0012,tienda_sur,8,154.12,0,1232.96,efectivo,completada,2026-01-28 17:35:17,zona_b
VS-0002095,CLI-01957,PRD-0180,tienda_sur,4,15.49,5,61.96,transferencia,completada,2026-01-29 13:28:02,zona_c
VS-0002096,CLI-02910,PRD-0173,tienda_sur,1,167.7,5,167.7,yape,completada,2026-03-05 18:48:25,zona_d
VS-0002097,CLI-00771,PRD-0185,tienda_sur,1,151.94,15,151.94,efectivo,completada,2026-03-08 23:11:44,zona_a
VS-0002098,CLI-02169,PRD-0052,tienda_sur,7,293.5,25,2054.5,tarjeta,completada,2026-02-22 07:03:25,zona_a
VS-0002099,CLI-01918,PRD-0080,tienda_sur,7,142.71,0,998.97,yape,completada,2026-02-25 04:46:59,zona_d
VS-0002100,CLI-01503,PRD-0119,tienda_sur,7,153.16,10,1072.12,yape,devuelta,2026-02-03 02:09:08,zona_c
VS-0002101,CLI-00500,PRD-0065,tienda_sur,3,149.65,25,448.95,efectivo,completada,2026-01-02 20:21:03,zona_a
VS-0002102,CLI-02368,PRD-0122,tienda_sur,7,212.08,15,1484.56,efectivo,completada,2026-02-11 05:19:21,zona_d
VS-0002103,CLI-01468,PRD-0171,tienda_sur,3,29.17,5,87.51,yape,completada,2026-02-15 23:08:59,zona_d
VS-0002104,CLI-02544,PRD-0013,tienda_sur,7,460.77,0,3225.39,efectivo,completada,2026-01-04 02:34:18,zona_a
VS-0002105,CLI-00305,PRD-0149,tienda_sur,5,260.03,5,1300.15,tarjeta,completada,2026-01-31 02:29:57,zona_c
VS-0002106,CLI-01761,PRD-0148,tienda_sur,4,146.34,5,585.36,yape,completada,2026-01-05 03:23:39,zona_a
VS-0002107,CLI-01891,PRD-0049,tienda_sur,7,890.19,15,6231.33,tarjeta,completada,2026-03-11 21:11:07,zona_d
VS-0002108,CLI-02611,PRD-0101,tienda_sur,5,1128.73,0,5643.65,yape,pendiente,2026-02-17 08:43:36,zona_a
VS-0002109,CLI-02960,PRD-0024,tienda_sur,4,135.72,0,542.88,efectivo,completada,2026-03-05 15:50:35,zona_c
VS-0002110,CLI-01452,PRD-0038,tienda_sur,3,39.67,5,119.01,transferencia,completada,2026-02-10 01:22:59,zona_d
VS-0002111,CLI-00684,PRD-0147,tienda_sur,2,47.46,5,94.92,yape,completada,2026-02-14 15:58:18,zona_b
VS-0002112,CLI-02104,PRD-0107,tienda_sur,4,50.22,5,200.88,tarjeta,completada,2026-02-16 12:05:23,zona_d
VS-0002113,CLI-02633,PRD-0074,tienda_sur,1,90.21,10,90.21,transferencia,completada,2026-03-27 18:49:05,zona_a
VS-0002114,CLI-00034,PRD-0085,tienda_sur,3,111.29,5,333.87,efectivo,completada,2026-01-16 22:35:56,zona_c
VS-0002115,CLI-00598,PRD-0017,tienda_sur,1,702.99,5,702.99,yape,completada,2026-01-12 06:49:58,zona_d
VS-0002116,CLI-02251,PRD-0035,tienda_sur,7,108.66,0,760.62,tarjeta,completada,2026-01-22 16:38:50,zona_d
VS-0002117,CLI-01508,PRD-0075,tienda_sur,1,61.33,10,61.33,yape,completada,2026-01-26 04:43:28,zona_b
VS-0002118,CLI-00328,PRD-0170,tienda_sur,5,111.76,0,558.8,tarjeta,pendiente,2026-01-08 21:07:59,zona_d
VS-0002119,CLI-00232,PRD-0134,tienda_sur,4,97.62,0,390.48,tarjeta,completada,2026-03-15 15:31:12,zona_d
VS-0002120,CLI-01424,PRD-0037,tienda_sur,8,75.32,0,602.56,yape,completada,2026-01-02 11:16:34,zona_d
VS-0002121,CLI-01308,PRD-0165,tienda_sur,5,913.18,0,4565.9,tarjeta,completada,2026-03-15 12:51:11,zona_c
VS-0002122,CLI-02602,PRD-0012,tienda_sur,5,154.12,0,770.6,tarjeta,completada,2026-01-09 11:20:09,zona_d
VS-0002123,CLI-01323,PRD-0146,tienda_sur,6,77.24,10,463.44,efectivo,completada,2026-02-12 17:17:27,zona_a
VS-0002124,CLI-01172,PRD-0032,tienda_sur,8,125.82,5,1006.56,yape,completada,2026-02-08 09:15:05,zona_a
VS-0002125,CLI-00451,PRD-0003,tienda_sur,1,167.67,5,167.67,efectivo,completada,2026-01-10 06:14:30,zona_a
VS-0002126,CLI-01196,PRD-0032,tienda_sur,7,132.44,0,927.08,yape,pendiente,2026-03-07 18:22:24,zona_c
VS-0002127,CLI-00359,PRD-0096,tienda_sur,7,74.19,5,519.33,tarjeta,completada,2026-01-06 20:56:02,zona_b
VS-0002128,CLI-02692,PRD-0076,tienda_sur,2,122.3,10,244.6,yape,completada,2026-02-03 09:56:39,zona_c
VS-0002129,CLI-01513,PRD-0132,tienda_sur,6,559.54,15,3357.24,yape,completada,2026-02-13 04:01:27,zona_d
VS-0002130,CLI-00292,PRD-0154,tienda_sur,4,45.43,5,181.72,tarjeta,completada,2026-01-02 07:02:20,zona_b
VS-0002131,CLI-00202,PRD-0153,tienda_sur,2,1181.19,0,2362.38,efectivo,completada,2026-03-21 11:45:05,zona_d
VS-0002132,CLI-01623,PRD-0038,tienda_sur,4,41.76,0,167.04,yape,completada,2026-03-05 08:41:53,zona_b
VS-0002133,CLI-01056,PRD-0111,tienda_sur,8,70.18,5,561.44,efectivo,devuelta,2026-03-27 09:45:28,zona_b
VS-0002134,CLI-01525,PRD-0081,tienda_sur,3,115.75,0,347.25,tarjeta,completada,2026-01-04 00:39:35,zona_c
VS-0002135,CLI-00779,PRD-0010,tienda_sur,1,117.98,20,117.98,transferencia,completada,2026-01-30 10:59:54,zona_c
VS-0002136,CLI-02856,PRD-0038,tienda_sur,1,39.67,5,39.67,transferencia,devuelta,2026-01-31 19:38:56,zona_b
VS-0002137,CLI-02508,PRD-0120,tienda_sur,6,290.54,0,1743.24,efectivo,completada,2026-03-17 14:10:12,zona_d
VS-0002138,CLI-02191,PRD-0068,tienda_sur,4,149.99,10,599.96,yape,completada,2026-01-28 03:11:37,zona_c
VS-0002139,CLI-01151,PRD-0122,tienda_sur,7,187.13,25,1309.91,tarjeta,completada,2026-03-31 12:14:19,zona_c
VS-0002140,CLI-00766,PRD-0131,tienda_sur,8,328.44,5,2627.52,yape,devuelta,2026-02-05 05:58:37,zona_d
VS-0002141,CLI-01251,PRD-0081,tienda_sur,8,109.96,5,879.68,tarjeta,completada,2026-01-21 04:55:13,zona_b
VS-0002142,CLI-02743,PRD-0037,tienda_sur,4,67.79,10,271.16,efectivo,completada,2026-03-14 23:18:41,zona_b
VS-0002143,CLI-02524,PRD-0198,tienda_sur,5,359.6,0,1798.0,efectivo,completada,2026-03-07 10:47:48,zona_b
VS-0002144,CLI-00468,PRD-0043,tienda_sur,1,19.31,20,19.31,yape,completada,2026-01-06 11:56:21,zona_a
VS-0002145,CLI-00112,PRD-0115,tienda_sur,8,1144.16,0,9153.28,yape,completada,2026-01-18 03:24:58,zona_a
VS-0002146,CLI-01639,PRD-0110,tienda_sur,4,187.94,10,751.76,tarjeta,completada,2026-01-19 05:58:47,zona_b
VS-0002147,CLI-02190,PRD-0111,tienda_sur,1,70.18,5,70.18,efectivo,completada,2026-02-03 19:06:24,zona_a
VS-0002148,CLI-00040,PRD-0106,tienda_sur,4,210.29,10,841.16,yape,completada,2026-03-04 16:07:17,zona_a
VS-0002149,CLI-00216,PRD-0013,tienda_sur,1,460.77,0,460.77,yape,completada,2026-02-08 17:26:44,zona_d
VS-0002150,CLI-02508,PRD-0178,tienda_sur,4,87.6,0,350.4,yape,devuelta,2026-03-01 15:26:48,zona_a
VS-0002151,CLI-01355,PRD-0127,tienda_sur,3,41.04,0,123.12,yape,completada,2026-03-03 22:19:08,zona_d
VS-0002152,CLI-01053,PRD-0070,tienda_sur,5,482.91,5,2414.55,tarjeta,completada,2026-03-20 21:27:06,zona_a
VS-0002153,CLI-01060,PRD-0061,tienda_sur,5,857.31,0,4286.55,efectivo,completada,2026-01-21 16:15:45,zona_d
VS-0002154,CLI-01087,PRD-0039,tienda_sur,3,48.86,20,146.58,transferencia,completada,2026-01-29 17:38:29,zona_d
VS-0002155,CLI-01597,PRD-0064,tienda_sur,6,42.35,25,254.1,transferencia,completada,2026-02-04 11:20:23,zona_b
VS-0002156,CLI-02696,PRD-0118,tienda_sur,4,45.25,15,181.0,efectivo,pendiente,2026-03-16 09:39:53,zona_b
VS-0002157,CLI-02555,PRD-0039,tienda_sur,4,61.08,0,244.32,transferencia,completada,2026-03-19 14:07:36,zona_d
VS-0002158,CLI-01349,PRD-0200,tienda_sur,3,30.56,10,91.68,efectivo,devuelta,2026-03-12 19:35:20,zona_b
VS-0002159,CLI-01996,PRD-0087,tienda_sur,6,35.47,10,212.82,yape,completada,2026-01-19 20:55:33,zona_a
VS-0002160,CLI-01855,PRD-0046,tienda_sur,8,362.76,0,2902.08,tarjeta,completada,2026-01-20 11:14:55,zona_b
VS-0002161,CLI-01825,PRD-0107,tienda_sur,6,52.86,0,317.16,tarjeta,completada,2026-01-17 02:02:25,zona_a
VS-0002162,CLI-00003,PRD-0065,tienda_sur,7,169.6,15,1187.2,yape,completada,2026-03-09 15:31:39,zona_d
VS-0002163,CLI-01694,PRD-0150,tienda_sur,8,697.19,15,5577.52,tarjeta,completada,2026-02-22 02:39:32,zona_b
VS-0002164,CLI-00629,PRD-0168,tienda_sur,5,302.83,0,1514.15,transferencia,devuelta,2026-02-17 17:59:13,zona_c
VS-0002165,CLI-01411,PRD-0127,tienda_sur,1,32.83,20,32.83,tarjeta,pendiente,2026-02-28 22:24:32,zona_b
VS-0002166,CLI-01623,PRD-0182,tienda_sur,6,110.37,5,662.22,yape,completada,2026-03-05 06:59:05,zona_d
VS-0002167,CLI-01466,PRD-0052,tienda_sur,2,371.76,5,743.52,yape,completada,2026-02-11 17:09:11,zona_d
VS-0002168,CLI-02592,PRD-0087,tienda_sur,4,33.5,15,134.0,tarjeta,completada,2026-02-28 04:57:24,zona_c
VS-0002169,CLI-00211,PRD-0151,tienda_sur,3,145.96,5,437.88,tarjeta,completada,2026-01-23 07:57:37,zona_c
VS-0002170,CLI-00488,PRD-0087,tienda_sur,2,35.47,10,70.94,transferencia,completada,2026-02-27 00:02:55,zona_c
VS-0002171,CLI-02431,PRD-0029,tienda_sur,7,100.57,0,703.99,yape,completada,2026-02-11 16:11:47,zona_b
VS-0002172,CLI-01800,PRD-0033,tienda_sur,1,696.3,0,696.3,efectivo,completada,2026-01-18 01:41:01,zona_d
VS-0002173,CLI-01496,PRD-0138,tienda_sur,2,146.2,0,292.4,tarjeta,completada,2026-02-20 07:08:24,zona_c
VS-0002174,CLI-01887,PRD-0120,tienda_sur,3,261.49,10,784.47,efectivo,completada,2026-03-06 03:45:28,zona_b
VS-0002175,CLI-01321,PRD-0118,tienda_sur,4,53.23,0,212.92,transferencia,completada,2026-03-01 01:48:39,zona_a
VS-0002176,CLI-02675,PRD-0150,tienda_sur,6,738.2,10,4429.2,tarjeta,completada,2026-02-06 22:43:44,zona_c
VS-0002177,CLI-00965,PRD-0002,tienda_sur,2,35.98,0,71.96,yape,completada,2026-02-01 09:07:41,zona_b
VS-0002178,CLI-00983,PRD-0053,tienda_sur,1,5.18,0,5.18,transferencia,completada,2026-01-07 11:01:59,zona_a
VS-0002179,CLI-01975,PRD-0004,tienda_sur,8,45.81,15,366.48,yape,completada,2026-03-07 03:01:46,zona_d
VS-0002180,CLI-01523,PRD-0047,tienda_sur,5,194.46,20,972.3,transferencia,completada,2026-02-23 03:46:45,zona_b
VS-0002181,CLI-00770,PRD-0144,tienda_sur,1,74.18,5,74.18,efectivo,completada,2026-01-01 15:17:33,zona_b
VS-0002182,CLI-01599,PRD-0167,tienda_sur,7,127.22,20,890.54,yape,completada,2026-02-01 06:51:36,zona_d
VS-0002183,CLI-01244,PRD-0086,tienda_sur,4,17.6,0,70.4,yape,completada,2026-02-26 12:16:48,zona_c
VS-0002184,CLI-01836,PRD-0126,tienda_sur,1,1043.23,0,1043.23,tarjeta,completada,2026-02-01 13:11:11,zona_b
VS-0002185,CLI-01606,PRD-0151,tienda_sur,7,138.28,10,967.96,tarjeta,completada,2026-01-30 18:20:59,zona_a
VS-0002186,CLI-00960,PRD-0080,tienda_sur,4,142.71,0,570.84,efectivo,completada,2026-01-08 22:00:15,zona_c
VS-0002187,CLI-00517,PRD-0087,tienda_sur,6,35.47,10,212.82,yape,completada,2026-01-28 13:08:50,zona_b
VS-0002188,CLI-02821,PRD-0087,tienda_sur,7,39.41,0,275.87,transferencia,completada,2026-02-05 07:57:44,zona_a
VS-0002189,CLI-00831,PRD-0048,tienda_sur,4,245.77,20,983.08,tarjeta,completada,2026-01-21 09:28:02,zona_c
VS-0002190,CLI-01672,PRD-0118,tienda_sur,2,50.57,5,101.14,yape,completada,2026-03-16 00:26:31,zona_c
VS-0002191,CLI-00723,PRD-0143,tienda_sur,6,22.39,0,134.34,yape,completada,2026-03-28 03:22:29,zona_d
VS-0002192,CLI-01941,PRD-0110,tienda_sur,5,198.38,5,991.9,tarjeta,completada,2026-03-22 06:09:47,zona_c
VS-0002193,CLI-02643,PRD-0178,tienda_sur,6,87.6,0,525.6,transferencia,completada,2026-02-02 03:40:50,zona_c
VS-0002194,CLI-00041,PRD-0186,tienda_sur,1,76.16,0,76.16,tarjeta,completada,2026-01-20 08:51:25,zona_d
VS-0002195,CLI-02442,PRD-0076,tienda_sur,1,122.3,10,122.3,yape,completada,2026-01-19 13:16:29,zona_d
VS-0002196,CLI-00037,PRD-0016,tienda_sur,5,190.21,5,951.05,tarjeta,completada,2026-01-08 18:18:08,zona_b
VS-0002197,CLI-00494,PRD-0125,tienda_sur,3,313.28,0,939.84,efectivo,completada,2026-03-18 14:32:15,zona_a
VS-0002198,CLI-02462,PRD-0160,tienda_sur,3,42.25,10,126.75,tarjeta,pendiente,2026-01-13 16:15:45,zona_a
VS-0002199,CLI-01973,PRD-0049,tienda_sur,8,1047.28,0,8378.24,efectivo,completada,2026-02-18 14:50:23,zona_a
VS-0002200,CLI-01247,PRD-0085,tienda_sur,6,117.15,0,702.9,yape,completada,2026-02-06 17:28:20,zona_b
VS-0002201,CLI-00833,PRD-0046,tienda_sur,3,308.35,15,925.05,efectivo,completada,2026-03-29 23:45:44,zona_a
VS-0002202,CLI-01351,PRD-0022,tienda_sur,1,54.79,15,54.79,tarjeta,devuelta,2026-02-17 04:44:57,zona_a
VS-0002203,CLI-02570,PRD-0139,tienda_sur,6,18.66,0,111.96,yape,devuelta,2026-03-13 11:32:09,zona_d
VS-0002204,CLI-02516,PRD-0027,tienda_sur,2,29.13,5,58.26,yape,completada,2026-03-01 10:18:54,zona_a
VS-0002205,CLI-00593,PRD-0051,tienda_sur,5,262.77,20,1313.85,efectivo,completada,2026-01-07 08:57:00,zona_c
VS-0002206,CLI-02655,PRD-0055,tienda_sur,3,17.25,15,51.75,tarjeta,completada,2026-03-27 04:11:12,zona_d
VS-0002207,CLI-02521,PRD-0059,tienda_sur,5,145.94,0,729.7,tarjeta,completada,2026-03-18 13:18:20,zona_b
VS-0002208,CLI-02882,PRD-0039,tienda_sur,2,54.97,10,109.94,tarjeta,completada,2026-03-04 01:18:30,zona_a
VS-0002209,CLI-02225,PRD-0152,tienda_sur,7,84.92,15,594.44,yape,completada,2026-01-01 07:38:30,zona_d
VS-0002210,CLI-01604,PRD-0114,tienda_sur,7,203.38,20,1423.66,yape,completada,2026-02-13 10:45:37,zona_c
VS-0002211,CLI-02512,PRD-0067,tienda_sur,7,91.31,10,639.17,tarjeta,devuelta,2026-03-13 17:56:23,zona_d
VS-0002212,CLI-02790,PRD-0055,tienda_sur,4,19.28,5,77.12,yape,completada,2026-02-25 13:43:16,zona_d
VS-0002213,CLI-00019,PRD-0119,tienda_sur,1,170.18,0,170.18,tarjeta,completada,2026-03-05 03:46:57,zona_d
VS-0002214,CLI-01802,PRD-0063,tienda_sur,1,183.55,15,183.55,tarjeta,completada,2026-02-08 15:58:46,zona_b
VS-0002215,CLI-02912,PRD-0046,tienda_sur,7,272.07,25,1904.49,tarjeta,completada,2026-02-10 15:27:45,zona_c
VS-0002216,CLI-02350,PRD-0191,tienda_sur,1,173.53,0,173.53,transferencia,completada,2026-03-14 17:03:26,zona_a
VS-0002217,CLI-02106,PRD-0193,tienda_sur,7,44.27,5,309.89,yape,completada,2026-01-20 21:00:40,zona_b
VS-0002218,CLI-00672,PRD-0093,tienda_sur,1,901.82,0,901.82,yape,completada,2026-01-10 02:43:59,zona_c
VS-0002219,CLI-01982,PRD-0118,tienda_sur,1,50.57,5,50.57,tarjeta,completada,2026-01-31 00:25:52,zona_d
VS-0002220,CLI-02570,PRD-0044,tienda_sur,4,105.96,0,423.84,transferencia,completada,2026-03-26 12:57:49,zona_c
VS-0002221,CLI-00381,PRD-0011,tienda_sur,7,75.37,0,527.59,efectivo,completada,2026-01-19 11:16:16,zona_a
VS-0002222,CLI-02118,PRD-0066,tienda_sur,5,819.09,0,4095.45,efectivo,pendiente,2026-02-09 21:10:07,zona_a
VS-0002223,CLI-02897,PRD-0035,tienda_sur,1,103.23,5,103.23,transferencia,completada,2026-01-25 11:03:24,zona_d
VS-0002224,CLI-00058,PRD-0098,tienda_sur,7,634.55,20,4441.85,tarjeta,completada,2026-01-25 10:17:43,zona_d
VS-0002225,CLI-02219,PRD-0130,tienda_sur,5,395.01,0,1975.05,yape,completada,2026-01-02 14:42:14,zona_c
VS-0002226,CLI-02024,PRD-0089,tienda_sur,2,55.16,20,110.32,efectivo,completada,2026-02-27 03:30:48,zona_c
VS-0002227,CLI-02079,PRD-0006,tienda_sur,4,316.42,20,1265.68,yape,devuelta,2026-02-22 16:14:09,zona_a
VS-0002228,CLI-01071,PRD-0059,tienda_sur,5,138.64,5,693.2,tarjeta,devuelta,2026-01-05 17:00:08,zona_d
VS-0002229,CLI-00016,PRD-0126,tienda_sur,7,938.91,10,6572.37,efectivo,pendiente,2026-02-18 11:17:40,zona_b
VS-0002230,CLI-00211,PRD-0024,tienda_sur,4,128.93,5,515.72,yape,completada,2026-01-22 01:15:34,zona_b
VS-0002231,CLI-00313,PRD-0062,tienda_sur,3,114.8,10,344.4,transferencia,devuelta,2026-02-23 03:17:04,zona_d
VS-0002232,CLI-02656,PRD-0146,tienda_sur,5,85.82,0,429.1,yape,devuelta,2026-02-22 02:13:27,zona_a
VS-0002233,CLI-02413,PRD-0124,tienda_sur,8,129.02,25,1032.16,yape,pendiente,2026-01-11 23:06:21,zona_b
VS-0002234,CLI-01043,PRD-0014,tienda_sur,7,315.58,0,2209.06,efectivo,completada,2026-03-20 08:10:20,zona_c
VS-0002235,CLI-00191,PRD-0094,tienda_sur,6,34.89,10,209.34,transferencia,completada,2026-01-12 17:19:00,zona_a
VS-0002236,CLI-01994,PRD-0145,tienda_sur,1,340.64,0,340.64,yape,completada,2026-03-02 00:29:09,zona_c
VS-0002237,CLI-00477,PRD-0107,tienda_sur,8,50.22,5,401.76,tarjeta,completada,2026-03-23 00:06:06,zona_b
VS-0002238,CLI-00039,PRD-0184,tienda_sur,5,141.93,5,709.65,tarjeta,completada,2026-02-10 11:55:45,zona_d
VS-0002239,CLI-02114,PRD-0194,tienda_sur,3,175.92,0,527.76,tarjeta,completada,2026-01-04 20:16:30,zona_a
VS-0002240,CLI-02896,PRD-0078,tienda_sur,5,54.94,0,274.7,yape,completada,2026-03-15 23:46:17,zona_b
VS-0002241,CLI-01757,PRD-0166,tienda_sur,3,466.77,5,1400.31,yape,completada,2026-02-03 15:46:10,zona_d
VS-0002242,CLI-01158,PRD-0148,tienda_sur,6,154.04,0,924.24,tarjeta,completada,2026-02-10 05:02:02,zona_a
VS-0002243,CLI-02774,PRD-0014,tienda_sur,4,284.02,10,1136.08,yape,completada,2026-02-06 20:08:20,zona_c
VS-0002244,CLI-00135,PRD-0108,tienda_sur,7,139.33,0,975.31,tarjeta,completada,2026-02-01 03:23:52,zona_c
VS-0002245,CLI-02975,PRD-0085,tienda_sur,6,93.72,20,562.32,tarjeta,completada,2026-03-08 01:25:07,zona_b
VS-0002246,CLI-00845,PRD-0065,tienda_sur,3,189.55,5,568.65,yape,completada,2026-02-02 15:29:50,zona_b
VS-0002247,CLI-02559,PRD-0081,tienda_sur,1,109.96,5,109.96,transferencia,completada,2026-02-06 01:31:28,zona_b
VS-0002248,CLI-02005,PRD-0054,tienda_sur,4,93.72,5,374.88,tarjeta,completada,2026-01-28 00:55:40,zona_d
VS-0002249,CLI-02489,PRD-0045,tienda_sur,1,37.15,0,37.15,tarjeta,completada,2026-01-27 06:24:45,zona_b
VS-0002250,CLI-02360,PRD-0030,tienda_sur,8,209.81,15,1678.48,yape,completada,2026-03-25 10:58:49,zona_c
VS-0002251,CLI-00931,PRD-0165,tienda_sur,2,913.18,0,1826.36,tarjeta,completada,2026-02-14 04:40:43,zona_a
VS-0002252,CLI-00431,PRD-0050,tienda_sur,7,9.63,15,67.41,transferencia,completada,2026-02-09 15:55:39,zona_b
VS-0002253,CLI-00308,PRD-0162,tienda_sur,2,67.74,20,135.48,yape,completada,2026-01-07 08:25:41,zona_b
VS-0002254,CLI-02325,PRD-0076,tienda_sur,4,129.1,5,516.4,yape,devuelta,2026-03-04 07:35:36,zona_c
VS-0002255,CLI-01350,PRD-0171,tienda_sur,2,30.71,0,61.42,tarjeta,completada,2026-02-04 06:44:17,zona_a
VS-0002256,CLI-01065,PRD-0092,tienda_sur,7,929.8,20,6508.6,yape,completada,2026-01-06 21:37:41,zona_b
VS-0002257,CLI-01559,PRD-0012,tienda_sur,4,131.0,15,524.0,tarjeta,completada,2026-03-27 03:19:40,zona_c
VS-0002258,CLI-02095,PRD-0050,tienda_sur,8,10.76,5,86.08,efectivo,completada,2026-03-28 01:56:33,zona_c
VS-0002259,CLI-02171,PRD-0130,tienda_sur,8,335.76,15,2686.08,tarjeta,completada,2026-03-10 14:43:12,zona_c
VS-0002260,CLI-01825,PRD-0014,tienda_sur,6,268.24,15,1609.44,yape,completada,2026-03-11 15:27:57,zona_c
VS-0002261,CLI-00632,PRD-0185,tienda_sur,5,178.75,0,893.75,transferencia,completada,2026-02-27 20:04:28,zona_c
VS-0002262,CLI-02521,PRD-0181,tienda_sur,1,106.33,0,106.33,yape,completada,2026-03-31 15:22:29,zona_b
VS-0002263,CLI-00508,PRD-0136,tienda_sur,5,98.61,5,493.05,tarjeta,devuelta,2026-03-10 16:22:35,zona_a
VS-0002264,CLI-01908,PRD-0116,tienda_sur,4,8.29,10,33.16,yape,completada,2026-03-09 01:16:41,zona_d
VS-0002265,CLI-01907,PRD-0160,tienda_sur,7,44.59,5,312.13,yape,pendiente,2026-03-23 14:43:41,zona_c
VS-0002266,CLI-00711,PRD-0147,tienda_sur,3,47.46,5,142.38,tarjeta,completada,2026-01-11 15:22:07,zona_c
VS-0002267,CLI-02160,PRD-0067,tienda_sur,6,101.45,0,608.7,tarjeta,completada,2026-03-26 04:19:18,zona_b
VS-0002268,CLI-02940,PRD-0153,tienda_sur,4,885.89,25,3543.56,tarjeta,completada,2026-03-28 22:16:55,zona_b
VS-0002269,CLI-00358,PRD-0184,tienda_sur,7,141.93,5,993.51,yape,completada,2026-03-06 19:27:03,zona_c
VS-0002270,CLI-01275,PRD-0091,tienda_sur,5,47.32,5,236.6,transferencia,completada,2026-03-02 00:25:06,zona_d
VS-0002271,CLI-02421,PRD-0149,tienda_sur,4,232.66,15,930.64,efectivo,completada,2026-02-16 12:50:32,zona_d
VS-0002272,CLI-02905,PRD-0097,tienda_sur,8,160.34,5,1282.72,transferencia,completada,2026-02-21 13:12:50,zona_d
VS-0002273,CLI-00574,PRD-0190,tienda_sur,4,213.27,10,853.08,transferencia,completada,2026-03-19 14:40:30,zona_b
VS-0002274,CLI-01369,PRD-0048,tienda_sur,8,307.21,0,2457.68,yape,completada,2026-02-20 00:43:56,zona_d
VS-0002275,CLI-02187,PRD-0083,tienda_sur,2,92.72,0,185.44,tarjeta,completada,2026-02-05 20:49:04,zona_d
VS-0002276,CLI-00388,PRD-0014,tienda_sur,8,268.24,15,2145.92,transferencia,completada,2026-01-01 18:58:35,zona_c
VS-0002277,CLI-00616,PRD-0198,tienda_sur,5,341.62,5,1708.1,tarjeta,completada,2026-03-28 10:31:58,zona_c
VS-0002278,CLI-00149,PRD-0128,tienda_sur,6,50.61,0,303.66,tarjeta,completada,2026-03-23 06:46:41,zona_b
VS-0002279,CLI-02157,PRD-0161,tienda_sur,5,33.75,0,168.75,transferencia,completada,2026-03-16 02:54:50,zona_c
VS-0002280,CLI-00406,PRD-0175,tienda_sur,1,55.86,25,55.86,efectivo,devuelta,2026-01-14 09:04:27,zona_a
VS-0002281,CLI-02497,PRD-0132,tienda_sur,1,526.62,20,526.62,tarjeta,completada,2026-01-27 10:20:02,zona_d
VS-0002282,CLI-00533,PRD-0099,tienda_sur,4,342.59,5,1370.36,tarjeta,completada,2026-01-28 14:49:08,zona_c
VS-0002283,CLI-01849,PRD-0022,tienda_sur,2,61.24,5,122.48,tarjeta,completada,2026-03-29 11:26:56,zona_d
VS-0002284,CLI-02922,PRD-0121,tienda_sur,4,881.74,0,3526.96,yape,completada,2026-01-27 16:21:57,zona_d
VS-0002285,CLI-01027,PRD-0145,tienda_sur,7,340.64,0,2384.48,transferencia,completada,2026-01-03 23:57:21,zona_b
VS-0002286,CLI-01278,PRD-0085,tienda_sur,4,105.44,10,421.76,tarjeta,completada,2026-02-12 20:07:13,zona_d
VS-0002287,CLI-00328,PRD-0026,tienda_sur,7,1165.21,0,8156.47,transferencia,completada,2026-02-23 13:29:20,zona_c
VS-0002288,CLI-00288,PRD-0149,tienda_sur,5,246.35,10,1231.75,efectivo,completada,2026-02-17 07:47:34,zona_b
VS-0002289,CLI-00076,PRD-0083,tienda_sur,7,88.08,5,616.56,tarjeta,completada,2026-01-22 00:32:12,zona_a
VS-0002290,CLI-02405,PRD-0114,tienda_sur,6,228.8,10,1372.8,efectivo,completada,2026-02-02 14:59:03,zona_c
VS-0002291,CLI-00599,PRD-0195,tienda_sur,2,155.94,10,311.88,tarjeta,devuelta,2026-01-05 01:21:53,zona_b
VS-0002292,CLI-02942,PRD-0193,tienda_sur,2,39.61,15,79.22,tarjeta,completada,2026-01-02 14:05:25,zona_a
VS-0002293,CLI-00869,PRD-0138,tienda_sur,3,138.89,5,416.67,yape,completada,2026-02-05 22:54:13,zona_a
VS-0002294,CLI-00963,PRD-0126,tienda_sur,6,782.42,25,4694.52,efectivo,completada,2026-02-17 22:12:27,zona_a
VS-0002295,CLI-00297,PRD-0145,tienda_sur,3,289.54,15,868.62,efectivo,devuelta,2026-02-26 17:24:09,zona_c
VS-0002296,CLI-00862,PRD-0064,tienda_sur,2,56.47,0,112.94,tarjeta,completada,2026-03-18 04:00:13,zona_d
VS-0002297,CLI-02737,PRD-0022,tienda_sur,7,58.01,10,406.07,yape,completada,2026-01-03 17:08:02,zona_c
VS-0002298,CLI-02899,PRD-0018,tienda_sur,3,143.21,0,429.63,tarjeta,pendiente,2026-03-27 17:14:09,zona_d
VS-0002299,CLI-02565,PRD-0176,tienda_sur,8,71.08,0,568.64,tarjeta,completada,2026-01-24 13:01:16,zona_c
VS-0002300,CLI-01837,PRD-0129,tienda_sur,1,99.95,0,99.95,efectivo,completada,2026-03-21 23:41:58,zona_c
VS-0002301,CLI-02493,PRD-0014,tienda_sur,8,284.02,10,2272.16,efectivo,completada,2026-03-21 20:41:59,zona_a
VS-0002302,CLI-02673,PRD-0072,tienda_sur,4,32.66,0,130.64,efectivo,completada,2026-01-12 02:54:39,zona_b
VS-0002303,CLI-02054,PRD-0174,tienda_sur,7,316.77,0,2217.39,transferencia,completada,2026-03-29 20:23:33,zona_d
VS-0002304,CLI-02517,PRD-0100,tienda_sur,8,344.59,5,2756.72,transferencia,devuelta,2026-03-12 05:59:12,zona_c
VS-0002305,CLI-02242,PRD-0037,tienda_sur,1,75.32,0,75.32,yape,completada,2026-01-21 00:03:35,zona_a
VS-0002306,CLI-02743,PRD-0083,tienda_sur,5,83.45,10,417.25,tarjeta,completada,2026-03-05 23:50:45,zona_d
VS-0002307,CLI-01486,PRD-0161,tienda_sur,4,32.06,5,128.24,efectivo,completada,2026-01-16 00:50:15,zona_d
VS-0002308,CLI-00069,PRD-0018,tienda_sur,4,143.21,0,572.84,tarjeta,completada,2026-01-17 08:16:16,zona_b
VS-0002309,CLI-02817,PRD-0072,tienda_sur,7,29.39,10,205.73,efectivo,pendiente,2026-01-23 04:50:39,zona_c
VS-0002310,CLI-01832,PRD-0173,tienda_sur,4,141.22,20,564.88,transferencia,completada,2026-01-21 02:50:52,zona_a
VS-0002311,CLI-02621,PRD-0063,tienda_sur,6,183.55,15,1101.3,yape,completada,2026-01-06 13:46:15,zona_d
VS-0002312,CLI-01863,PRD-0122,tienda_sur,3,249.51,0,748.53,tarjeta,completada,2026-02-22 16:05:57,zona_d
VS-0002313,CLI-02717,PRD-0013,tienda_sur,5,460.77,0,2303.85,transferencia,completada,2026-03-23 23:10:51,zona_a
VS-0002314,CLI-01177,PRD-0043,tienda_sur,4,22.93,5,91.72,yape,completada,2026-02-15 02:11:35,zona_d
VS-0002315,CLI-01930,PRD-0158,tienda_sur,8,230.04,0,1840.32,yape,completada,2026-01-10 20:19:58,zona_a
VS-0002316,CLI-00387,PRD-0142,tienda_sur,1,115.21,5,115.21,yape,completada,2026-03-31 14:52:53,zona_d
VS-0002317,CLI-00030,PRD-0104,tienda_sur,3,186.13,5,558.39,tarjeta,completada,2026-03-01 07:51:39,zona_a
VS-0002318,CLI-02583,PRD-0050,tienda_sur,8,10.2,10,81.6,transferencia,completada,2026-01-12 19:21:37,zona_d
VS-0002319,CLI-02444,PRD-0026,tienda_sur,4,932.17,20,3728.68,transferencia,completada,2026-03-15 01:45:00,zona_b
VS-0002320,CLI-02449,PRD-0112,tienda_sur,8,288.27,0,2306.16,efectivo,pendiente,2026-03-10 20:08:23,zona_a
VS-0002321,CLI-02314,PRD-0121,tienda_sur,2,881.74,0,1763.48,yape,completada,2026-02-10 00:28:23,zona_a
VS-0002322,CLI-02272,PRD-0098,tienda_sur,5,793.19,0,3965.95,efectivo,completada,2026-01-29 09:03:53,zona_a
VS-0002323,CLI-01138,PRD-0064,tienda_sur,6,48.0,15,288.0,transferencia,completada,2026-03-28 10:55:23,zona_b
VS-0002324,CLI-02732,PRD-0114,tienda_sur,5,254.22,0,1271.1,yape,completada,2026-01-06 09:47:38,zona_c
VS-0002325,CLI-01633,PRD-0061,tienda_sur,4,814.44,5,3257.76,yape,completada,2026-01-27 16:21:44,zona_a
VS-0002326,CLI-01742,PRD-0103,tienda_sur,2,319.28,15,638.56,tarjeta,completada,2026-01-03 08:41:01,zona_a
VS-0002327,CLI-00117,PRD-0123,tienda_sur,3,40.34,0,121.02,tarjeta,completada,2026-01-13 21:47:58,zona_b
VS-0002328,CLI-00624,PRD-0111,tienda_sur,4,70.18,5,280.72,yape,completada,2026-01-25 21:16:49,zona_c
VS-0002329,CLI-01812,PRD-0111,tienda_sur,4,55.4,25,221.6,yape,devuelta,2026-03-23 10:58:15,zona_a
VS-0002330,CLI-02432,PRD-0087,tienda_sur,5,33.5,15,167.5,efectivo,completada,2026-03-28 13:17:24,zona_d
VS-0002331,CLI-01016,PRD-0048,tienda_sur,1,291.85,5,291.85,tarjeta,completada,2026-02-26 08:58:05,zona_a
VS-0002332,CLI-00452,PRD-0004,tienda_sur,3,48.5,10,145.5,efectivo,completada,2026-03-09 19:25:41,zona_c
VS-0002333,CLI-02056,PRD-0094,tienda_sur,5,38.77,0,193.85,tarjeta,devuelta,2026-03-10 15:46:10,zona_b
VS-0002334,CLI-00774,PRD-0187,tienda_sur,6,26.08,0,156.48,efectivo,completada,2026-02-05 18:26:52,zona_b
VS-0002335,CLI-01340,PRD-0176,tienda_sur,1,71.08,0,71.08,tarjeta,completada,2026-02-19 02:52:53,zona_d
VS-0002336,CLI-00526,PRD-0092,tienda_sur,8,1104.14,5,8833.12,tarjeta,completada,2026-03-30 05:06:49,zona_d
VS-0002337,CLI-01660,PRD-0109,tienda_sur,7,121.06,5,847.42,yape,completada,2026-01-10 17:22:44,zona_d
VS-0002338,CLI-02139,PRD-0099,tienda_sur,1,360.62,0,360.62,tarjeta,completada,2026-01-25 05:13:48,zona_a
VS-0002339,CLI-00451,PRD-0194,tienda_sur,3,175.92,0,527.76,tarjeta,completada,2026-02-24 22:08:33,zona_d
VS-0002340,CLI-00176,PRD-0088,tienda_sur,2,56.63,15,113.26,transferencia,completada,2026-03-16 07:16:53,zona_b
VS-0002341,CLI-02506,PRD-0135,tienda_sur,7,111.43,10,780.01,yape,completada,2026-02-22 00:35:53,zona_d
VS-0002342,CLI-00776,PRD-0121,tienda_sur,8,661.31,25,5290.48,tarjeta,completada,2026-01-16 07:38:58,zona_d
VS-0002343,CLI-00605,PRD-0051,tienda_sur,3,328.46,0,985.38,transferencia,completada,2026-01-22 21:15:00,zona_b
VS-0002344,CLI-02160,PRD-0107,tienda_sur,6,47.57,10,285.42,tarjeta,completada,2026-01-11 22:07:23,zona_d
VS-0002345,CLI-02132,PRD-0002,tienda_sur,5,35.98,0,179.9,tarjeta,completada,2026-01-21 14:04:07,zona_c
VS-0002346,CLI-01287,PRD-0081,tienda_sur,4,86.81,25,347.24,yape,completada,2026-03-28 16:22:18,zona_b
VS-0002347,CLI-01991,PRD-0140,tienda_sur,2,106.05,10,212.1,tarjeta,completada,2026-03-03 19:56:53,zona_a
VS-0002348,CLI-01175,PRD-0119,tienda_sur,3,136.14,20,408.42,efectivo,completada,2026-01-10 10:21:06,zona_a
VS-0002349,CLI-02214,PRD-0183,tienda_sur,3,45.73,0,137.19,transferencia,completada,2026-02-19 04:56:15,zona_b
VS-0002350,CLI-02415,PRD-0011,tienda_sur,4,71.6,5,286.4,tarjeta,completada,2026-02-19 03:12:10,zona_b
VS-0002351,CLI-01157,PRD-0151,tienda_sur,6,153.64,0,921.84,tarjeta,completada,2026-02-02 01:02:25,zona_a
VS-0002352,CLI-01933,PRD-0176,tienda_sur,3,56.86,20,170.58,tarjeta,completada,2026-03-31 12:07:07,zona_d
VS-0002353,CLI-00714,PRD-0190,tienda_sur,6,201.42,15,1208.52,tarjeta,completada,2026-01-18 17:28:00,zona_b
VS-0002354,CLI-01195,PRD-0096,tienda_sur,7,78.09,0,546.63,efectivo,completada,2026-03-14 09:09:21,zona_a
VS-0002355,CLI-01950,PRD-0158,tienda_sur,7,218.54,5,1529.78,transferencia,completada,2026-03-25 10:46:47,zona_c
VS-0002356,CLI-02377,PRD-0150,tienda_sur,6,820.22,0,4921.32,yape,completada,2026-03-09 03:43:12,zona_a
VS-0002357,CLI-00185,PRD-0059,tienda_sur,7,145.94,0,1021.58,efectivo,completada,2026-02-14 11:57:44,zona_d
VS-0002358,CLI-01629,PRD-0014,tienda_sur,2,268.24,15,536.48,tarjeta,completada,2026-01-17 18:50:35,zona_a
VS-0002359,CLI-00594,PRD-0105,tienda_sur,4,78.57,0,314.28,tarjeta,completada,2026-01-25 07:42:25,zona_a
VS-0002360,CLI-02947,PRD-0116,tienda_sur,7,8.75,5,61.25,efectivo,completada,2026-03-18 17:28:42,zona_b
VS-0002361,CLI-01063,PRD-0177,tienda_sur,4,1012.87,5,4051.48,efectivo,completada,2026-02-14 22:39:17,zona_d
VS-0002362,CLI-01180,PRD-0111,tienda_sur,3,59.1,20,177.3,yape,completada,2026-01-11 16:07:58,zona_b
VS-0002363,CLI-00096,PRD-0060,tienda_sur,2,139.14,0,278.28,transferencia,completada,2026-02-10 22:13:42,zona_d
VS-0002364,CLI-02802,PRD-0153,tienda_sur,2,1181.19,0,2362.38,tarjeta,completada,2026-01-21 08:18:24,zona_a
VS-0002365,CLI-00597,PRD-0019,tienda_sur,7,290.02,0,2030.14,transferencia,completada,2026-03-25 10:28:40,zona_b
VS-0002366,CLI-02075,PRD-0117,tienda_sur,4,131.51,15,526.04,yape,completada,2026-02-12 15:05:23,zona_c
VS-0002367,CLI-00117,PRD-0028,tienda_sur,1,7.24,15,7.24,tarjeta,completada,2026-03-22 05:17:39,zona_d
VS-0002368,CLI-02253,PRD-0148,tienda_sur,3,154.04,0,462.12,transferencia,devuelta,2026-03-23 02:09:04,zona_b
VS-0002369,CLI-01788,PRD-0192,tienda_sur,6,93.06,0,558.36,yape,completada,2026-02-14 07:22:18,zona_d
VS-0002370,CLI-01563,PRD-0109,tienda_sur,8,114.69,10,917.52,transferencia,completada,2026-02-15 05:18:24,zona_d
VS-0002371,CLI-00310,PRD-0082,tienda_sur,8,272.79,10,2182.32,transferencia,completada,2026-02-14 09:32:24,zona_c
VS-0002372,CLI-01872,PRD-0075,tienda_sur,2,64.73,5,129.46,tarjeta,completada,2026-01-09 20:12:07,zona_c
VS-0002373,CLI-00408,PRD-0017,tienda_sur,4,739.99,0,2959.96,tarjeta,completada,2026-01-28 13:56:47,zona_b
VS-0002374,CLI-01461,PRD-0009,tienda_sur,4,46.87,0,187.48,tarjeta,completada,2026-01-27 21:14:57,zona_d
VS-0002375,CLI-00407,PRD-0092,tienda_sur,8,987.91,15,7903.28,tarjeta,completada,2026-01-26 01:29:50,zona_c
VS-0002376,CLI-02302,PRD-0111,tienda_sur,4,62.79,15,251.16,tarjeta,completada,2026-01-19 16:49:28,zona_a
VS-0002377,CLI-02937,PRD-0116,tienda_sur,4,7.37,20,29.48,transferencia,completada,2026-01-08 19:43:00,zona_d
VS-0002378,CLI-00705,PRD-0003,tienda_sur,7,141.2,20,988.4,transferencia,completada,2026-01-16 18:48:15,zona_b
VS-0002379,CLI-01520,PRD-0077,tienda_sur,8,53.83,10,430.64,transferencia,completada,2026-02-05 04:38:34,zona_c
VS-0002380,CLI-01243,PRD-0179,tienda_sur,6,369.64,5,2217.84,yape,completada,2026-03-04 21:21:43,zona_d
VS-0002381,CLI-02112,PRD-0068,tienda_sur,5,166.65,0,833.25,efectivo,completada,2026-03-17 19:40:03,zona_d
VS-0002382,CLI-00821,PRD-0125,tienda_sur,3,313.28,0,939.84,tarjeta,completada,2026-01-28 15:14:23,zona_b
VS-0002383,CLI-01097,PRD-0193,tienda_sur,7,37.28,20,260.96,efectivo,completada,2026-03-27 09:25:18,zona_d
VS-0002384,CLI-01327,PRD-0108,tienda_sur,1,139.33,0,139.33,yape,completada,2026-03-06 04:26:48,zona_c
VS-0002385,CLI-01088,PRD-0134,tienda_sur,2,78.1,20,156.2,transferencia,completada,2026-03-05 08:26:33,zona_c
VS-0002386,CLI-02210,PRD-0051,tienda_sur,1,328.46,0,328.46,tarjeta,completada,2026-01-24 11:37:23,zona_c
VS-0002387,CLI-00530,PRD-0027,tienda_sur,3,27.59,10,82.77,efectivo,completada,2026-02-05 07:07:12,zona_a
VS-0002388,CLI-00824,PRD-0160,tienda_sur,2,46.94,0,93.88,tarjeta,completada,2026-03-31 06:04:18,zona_b
VS-0002389,CLI-02350,PRD-0028,tienda_sur,5,7.24,15,36.2,tarjeta,devuelta,2026-02-11 17:08:41,zona_c
VS-0002390,CLI-01456,PRD-0122,tienda_sur,3,249.51,0,748.53,tarjeta,completada,2026-01-06 20:33:41,zona_a
VS-0002391,CLI-02212,PRD-0078,tienda_sur,7,54.94,0,384.58,efectivo,completada,2026-03-24 00:33:07,zona_c
VS-0002392,CLI-00400,PRD-0183,tienda_sur,7,45.73,0,320.11,tarjeta,completada,2026-03-19 01:31:50,zona_a
VS-0002393,CLI-00809,PRD-0066,tienda_sur,2,655.27,20,1310.54,efectivo,completada,2026-01-11 10:32:59,zona_d
VS-0002394,CLI-01704,PRD-0133,tienda_sur,8,82.31,15,658.48,tarjeta,completada,2026-01-15 18:45:01,zona_d
VS-0002395,CLI-02768,PRD-0141,tienda_sur,3,142.42,0,427.26,efectivo,completada,2026-03-29 09:15:00,zona_c
VS-0002396,CLI-02494,PRD-0143,tienda_sur,3,20.15,10,60.45,tarjeta,completada,2026-03-04 16:18:20,zona_a
VS-0002397,CLI-00822,PRD-0015,tienda_sur,6,51.61,10,309.66,tarjeta,completada,2026-01-28 05:30:02,zona_b
VS-0002398,CLI-00582,PRD-0028,tienda_sur,8,7.24,15,57.92,transferencia,completada,2026-03-28 18:16:04,zona_a
VS-0002399,CLI-01417,PRD-0020,tienda_sur,3,308.84,5,926.52,transferencia,completada,2026-01-09 15:39:32,zona_c
VS-0002400,CLI-00829,PRD-0134,tienda_sur,4,97.62,0,390.48,transferencia,completada,2026-03-18 23:41:34,zona_b
VS-0002401,CLI-00141,PRD-0030,tienda_sur,6,197.47,20,1184.82,tarjeta,completada,2026-02-18 05:16:38,zona_d
VS-0002402,CLI-01235,PRD-0059,tienda_sur,7,131.35,10,919.45,efectivo,completada,2026-01-28 08:18:30,zona_a
VS-0002403,CLI-00979,PRD-0152,tienda_sur,1,89.92,10,89.92,yape,completada,2026-01-06 06:11:31,zona_c
VS-0002404,CLI-01569,PRD-0200,tienda_sur,7,32.25,5,225.75,yape,completada,2026-03-11 12:48:09,zona_a
VS-0002405,CLI-02844,PRD-0077,tienda_sur,1,56.82,5,56.82,yape,completada,2026-03-26 12:06:25,zona_c
VS-0002406,CLI-02999,PRD-0194,tienda_sur,7,140.74,20,985.18,tarjeta,pendiente,2026-02-09 06:23:09,zona_b
VS-0002407,CLI-01048,PRD-0047,tienda_sur,8,194.46,20,1555.68,efectivo,completada,2026-02-07 17:06:56,zona_d
VS-0002408,CLI-00145,PRD-0017,tienda_sur,7,702.99,5,4920.93,tarjeta,completada,2026-01-10 04:05:49,zona_c
VS-0002409,CLI-02771,PRD-0160,tienda_sur,6,46.94,0,281.64,efectivo,devuelta,2026-01-29 17:38:50,zona_a
VS-0002410,CLI-02250,PRD-0069,tienda_sur,8,52.47,5,419.76,yape,completada,2026-02-12 09:21:40,zona_d
VS-0002411,CLI-01225,PRD-0010,tienda_sur,5,132.73,10,663.65,transferencia,devuelta,2026-01-01 05:44:39,zona_d
VS-0002412,CLI-00847,PRD-0018,tienda_sur,5,143.21,0,716.05,yape,pendiente,2026-03-27 11:57:19,zona_a
VS-0002413,CLI-02229,PRD-0138,tienda_sur,1,138.89,5,138.89,tarjeta,completada,2026-01-31 00:42:51,zona_d
VS-0002414,CLI-01195,PRD-0028,tienda_sur,3,7.24,15,21.72,tarjeta,devuelta,2026-01-13 17:49:22,zona_d
VS-0002415,CLI-01916,PRD-0027,tienda_sur,3,26.06,15,78.18,yape,devuelta,2026-03-19 08:46:52,zona_d
VS-0002416,CLI-02439,PRD-0170,tienda_sur,1,111.76,0,111.76,tarjeta,completada,2026-03-20 12:35:43,zona_d
VS-0002417,CLI-02286,PRD-0124,tienda_sur,4,137.62,20,550.48,tarjeta,completada,2026-01-06 13:50:19,zona_d
VS-0002418,CLI-02602,PRD-0122,tienda_sur,6,212.08,15,1272.48,efectivo,completada,2026-02-26 11:47:48,zona_b
VS-0002419,CLI-00149,PRD-0167,tienda_sur,5,159.02,0,795.1,tarjeta,completada,2026-02-02 22:18:38,zona_a
VS-0002420,CLI-01321,PRD-0068,tienda_sur,6,166.65,0,999.9,tarjeta,completada,2026-03-18 07:14:29,zona_b
VS-0002421,CLI-02025,PRD-0021,tienda_sur,2,17.3,5,34.6,transferencia,completada,2026-03-26 09:04:11,zona_d
VS-0002422,CLI-02250,PRD-0145,tienda_sur,8,272.51,20,2180.08,efectivo,completada,2026-01-06 01:38:24,zona_b
VS-0002423,CLI-01230,PRD-0174,tienda_sur,6,300.93,5,1805.58,yape,completada,2026-01-12 10:39:01,zona_b
VS-0002424,CLI-01604,PRD-0178,tienda_sur,2,87.6,0,175.2,transferencia,devuelta,2026-03-07 00:14:03,zona_a
VS-0002425,CLI-00821,PRD-0089,tienda_sur,2,68.95,0,137.9,efectivo,completada,2026-01-24 01:43:50,zona_c
VS-0002426,CLI-02519,PRD-0138,tienda_sur,4,131.58,10,526.32,tarjeta,completada,2026-03-08 00:38:08,zona_a
VS-0002427,CLI-01482,PRD-0055,tienda_sur,2,20.29,0,40.58,tarjeta,completada,2026-01-22 19:20:04,zona_a
VS-0002428,CLI-02654,PRD-0017,tienda_sur,6,628.99,15,3773.94,tarjeta,completada,2026-02-08 05:49:43,zona_c
VS-0002429,CLI-02205,PRD-0115,tienda_sur,3,858.12,25,2574.36,tarjeta,completada,2026-02-21 02:48:36,zona_b
VS-0002430,CLI-02902,PRD-0088,tienda_sur,8,59.96,10,479.68,tarjeta,devuelta,2026-03-01 11:46:28,zona_a
VS-0002431,CLI-01206,PRD-0026,tienda_sur,4,1165.21,0,4660.84,efectivo,devuelta,2026-01-21 09:50:33,zona_c
VS-0002432,CLI-02780,PRD-0098,tienda_sur,4,753.53,5,3014.12,yape,completada,2026-01-22 05:19:55,zona_b
VS-0002433,CLI-01898,PRD-0062,tienda_sur,7,121.18,5,848.26,tarjeta,completada,2026-02-01 20:58:46,zona_c
VS-0002434,CLI-02907,PRD-0182,tienda_sur,3,92.94,20,278.82,transferencia,completada,2026-02-14 08:25:41,zona_d
VS-0002435,CLI-01448,PRD-0190,tienda_sur,4,236.97,0,947.88,transferencia,completada,2026-03-01 23:20:24,zona_a
VS-0002436,CLI-01260,PRD-0030,tienda_sur,4,246.84,0,987.36,tarjeta,completada,2026-01-28 00:13:03,zona_a
VS-0002437,CLI-00124,PRD-0068,tienda_sur,2,158.32,5,316.64,tarjeta,completada,2026-02-21 16:29:02,zona_a
VS-0002438,CLI-02754,PRD-0064,tienda_sur,2,50.82,10,101.64,tarjeta,completada,2026-03-06 19:47:18,zona_d
VS-0002439,CLI-02113,PRD-0147,tienda_sur,6,47.46,5,284.76,tarjeta,completada,2026-01-19 16:47:43,zona_a
VS-0002440,CLI-00788,PRD-0196,tienda_sur,6,30.92,25,185.52,tarjeta,completada,2026-03-19 00:20:33,zona_a
VS-0002441,CLI-01722,PRD-0063,tienda_sur,3,194.35,10,583.05,tarjeta,completada,2026-01-01 05:16:35,zona_b
VS-0002442,CLI-00309,PRD-0061,tienda_sur,2,857.31,0,1714.62,transferencia,completada,2026-02-10 03:26:54,zona_a
VS-0002443,CLI-01534,PRD-0156,tienda_sur,4,94.72,0,378.88,yape,completada,2026-01-07 12:37:38,zona_b
VS-0002444,CLI-01466,PRD-0034,tienda_sur,2,93.65,10,187.3,transferencia,completada,2026-03-10 12:38:35,zona_b
VS-0002445,CLI-00883,PRD-0087,tienda_sur,7,39.41,0,275.87,transferencia,completada,2026-01-23 18:37:52,zona_a
VS-0002446,CLI-02408,PRD-0143,tienda_sur,6,21.27,5,127.62,efectivo,completada,2026-03-30 13:55:33,zona_c
VS-0002447,CLI-02903,PRD-0024,tienda_sur,6,122.15,10,732.9,transferencia,completada,2026-01-25 11:19:02,zona_d
VS-0002448,CLI-01670,PRD-0020,tienda_sur,3,292.58,10,877.74,yape,completada,2026-03-08 07:04:01,zona_a
VS-0002449,CLI-02729,PRD-0098,tienda_sur,5,634.55,20,3172.75,tarjeta,completada,2026-03-11 09:51:40,zona_b
VS-0002450,CLI-01477,PRD-0118,tienda_sur,4,39.92,25,159.68,yape,completada,2026-01-09 00:05:55,zona_c
VS-0002451,CLI-02520,PRD-0176,tienda_sur,4,67.53,5,270.12,tarjeta,completada,2026-01-20 15:18:05,zona_d
VS-0002452,CLI-00337,PRD-0033,tienda_sur,2,696.3,0,1392.6,tarjeta,completada,2026-02-11 07:23:30,zona_d
VS-0002453,CLI-00440,PRD-0043,tienda_sur,3,22.93,5,68.79,yape,completada,2026-03-14 00:50:54,zona_a
VS-0002454,CLI-02376,PRD-0004,tienda_sur,3,51.2,5,153.6,transferencia,completada,2026-03-07 15:17:56,zona_a
VS-0002455,CLI-02582,PRD-0112,tienda_sur,7,230.62,20,1614.34,tarjeta,completada,2026-01-15 21:07:34,zona_a
VS-0002456,CLI-00749,PRD-0149,tienda_sur,4,218.98,20,875.92,tarjeta,completada,2026-01-14 05:38:06,zona_c
VS-0002457,CLI-00724,PRD-0182,tienda_sur,3,116.18,0,348.54,tarjeta,completada,2026-02-18 04:44:11,zona_d
VS-0002458,CLI-02300,PRD-0040,tienda_sur,6,171.54,0,1029.24,tarjeta,completada,2026-02-23 19:24:55,zona_c
VS-0002459,CLI-01387,PRD-0044,tienda_sur,6,95.36,10,572.16,efectivo,completada,2026-03-14 00:57:43,zona_c
VS-0002460,CLI-01972,PRD-0200,tienda_sur,4,33.95,0,135.8,yape,completada,2026-01-30 03:15:07,zona_a
VS-0002461,CLI-01875,PRD-0005,tienda_sur,5,191.29,10,956.45,tarjeta,completada,2026-02-09 22:24:45,zona_d
VS-0002462,CLI-00804,PRD-0189,tienda_sur,7,160.88,10,1126.16,tarjeta,completada,2026-02-01 22:25:21,zona_c
VS-0002463,CLI-01386,PRD-0177,tienda_sur,4,1066.18,0,4264.72,efectivo,completada,2026-03-10 08:09:11,zona_d
VS-0002464,CLI-01088,PRD-0144,tienda_sur,7,78.08,0,546.56,tarjeta,completada,2026-01-16 03:07:07,zona_b
VS-0002465,CLI-01912,PRD-0012,tienda_sur,8,115.59,25,924.72,yape,completada,2026-01-08 09:21:34,zona_a
VS-0002466,CLI-01884,PRD-0017,tienda_sur,6,739.99,0,4439.94,efectivo,completada,2026-02-22 17:20:57,zona_d
VS-0002467,CLI-00838,PRD-0013,tienda_sur,2,460.77,0,921.54,yape,completada,2026-03-23 23:01:48,zona_b
VS-0002468,CLI-02571,PRD-0145,tienda_sur,3,306.58,10,919.74,efectivo,completada,2026-03-02 14:47:02,zona_b
VS-0002469,CLI-01940,PRD-0032,tienda_sur,5,125.82,5,629.1,efectivo,completada,2026-01-29 11:23:20,zona_b
VS-0002470,CLI-02933,PRD-0197,tienda_sur,7,46.5,0,325.5,yape,completada,2026-01-15 20:06:25,zona_c
VS-0002471,CLI-00884,PRD-0006,tienda_sur,1,375.74,5,375.74,tarjeta,completada,2026-01-11 10:36:15,zona_b
VS-0002472,CLI-02258,PRD-0012,tienda_sur,2,154.12,0,308.24,efectivo,completada,2026-02-26 08:22:37,zona_b
VS-0002473,CLI-00009,PRD-0190,tienda_sur,2,236.97,0,473.94,efectivo,completada,2026-03-22 03:04:03,zona_a
VS-0002474,CLI-00316,PRD-0126,tienda_sur,7,886.75,15,6207.25,tarjeta,completada,2026-01-25 20:21:15,zona_a
VS-0002475,CLI-01145,PRD-0160,tienda_sur,2,46.94,0,93.88,transferencia,completada,2026-02-10 18:24:28,zona_d
VS-0002476,CLI-01813,PRD-0057,tienda_sur,8,378.74,5,3029.92,tarjeta,completada,2026-01-28 05:54:31,zona_d
VS-0002477,CLI-02444,PRD-0051,tienda_sur,7,279.19,15,1954.33,tarjeta,completada,2026-01-30 04:15:43,zona_b
VS-0002478,CLI-00666,PRD-0042,tienda_sur,1,68.51,10,68.51,yape,pendiente,2026-03-12 00:29:12,zona_d
VS-0002479,CLI-01901,PRD-0146,tienda_sur,2,81.53,5,163.06,tarjeta,completada,2026-02-13 14:47:56,zona_a
VS-0002480,CLI-02607,PRD-0012,tienda_sur,8,146.41,5,1171.28,efectivo,pendiente,2026-03-30 10:41:32,zona_d
VS-0002481,CLI-00155,PRD-0149,tienda_sur,5,218.98,20,1094.9,efectivo,completada,2026-01-16 07:09:44,zona_a
VS-0002482,CLI-01965,PRD-0059,tienda_sur,2,124.05,15,248.1,tarjeta,completada,2026-03-13 14:14:28,zona_b
VS-0002483,CLI-01634,PRD-0024,tienda_sur,4,128.93,5,515.72,tarjeta,pendiente,2026-01-02 14:43:41,zona_d
VS-0002484,CLI-00208,PRD-0172,tienda_sur,3,143.3,0,429.9,efectivo,completada,2026-03-11 21:29:56,zona_a
VS-0002485,CLI-02226,PRD-0178,tienda_sur,8,87.6,0,700.8,yape,completada,2026-03-22 09:45:59,zona_d
VS-0002486,CLI-01608,PRD-0002,tienda_sur,5,34.18,5,170.9,yape,devuelta,2026-02-18 08:52:58,zona_d
VS-0002487,CLI-01324,PRD-0100,tienda_sur,8,290.18,20,2321.44,tarjeta,completada,2026-03-25 13:24:34,zona_b
VS-0002488,CLI-00700,PRD-0175,tienda_sur,8,74.48,0,595.84,tarjeta,completada,2026-03-18 22:15:23,zona_c
VS-0002489,CLI-00594,PRD-0142,tienda_sur,8,121.27,0,970.16,efectivo,completada,2026-03-19 13:32:16,zona_b
VS-0002490,CLI-00401,PRD-0056,tienda_sur,2,236.84,0,473.68,yape,completada,2026-03-25 14:22:07,zona_d
VS-0002491,CLI-02817,PRD-0070,tienda_sur,8,432.08,15,3456.64,efectivo,completada,2026-01-01 09:30:49,zona_b
VS-0002492,CLI-02629,PRD-0032,tienda_sur,6,132.44,0,794.64,tarjeta,completada,2026-01-07 21:28:16,zona_a
VS-0002493,CLI-00553,PRD-0055,tienda_sur,8,19.28,5,154.24,tarjeta,completada,2026-03-16 12:26:22,zona_b
VS-0002494,CLI-02460,PRD-0196,tienda_sur,4,41.23,0,164.92,tarjeta,completada,2026-03-09 19:54:45,zona_c
VS-0002495,CLI-00115,PRD-0127,tienda_sur,1,36.94,10,36.94,tarjeta,completada,2026-01-11 20:41:48,zona_b
VS-0002496,CLI-00889,PRD-0004,tienda_sur,2,53.89,0,107.78,tarjeta,devuelta,2026-01-15 01:25:53,zona_a
VS-0002497,CLI-01504,PRD-0095,tienda_sur,7,50.05,0,350.35,yape,pendiente,2026-03-17 16:17:21,zona_c
VS-0002498,CLI-02024,PRD-0144,tienda_sur,7,74.18,5,519.26,yape,completada,2026-03-09 22:27:26,zona_c
VS-0002499,CLI-02146,PRD-0130,tienda_sur,1,335.76,15,335.76,efectivo,completada,2026-02-28 20:35:25,zona_d
VS-0002500,CLI-00764,PRD-0071,tienda_sur,5,63.96,10,319.8,tarjeta,devuelta,2026-02-02 00:45:19,zona_d
VS-0002501,CLI-01530,PRD-0179,tienda_sur,8,369.64,5,2957.12,yape,completada,2026-02-05 12:20:49,zona_d
VS-0002502,CLI-00845,PRD-0077,tienda_sur,6,50.84,15,305.04,tarjeta,completada,2026-01-10 20:14:16,zona_b
VS-0002503,CLI-02281,PRD-0144,tienda_sur,1,66.37,15,66.37,yape,completada,2026-01-20 07:18:42,zona_d
VS-0002504,CLI-01992,PRD-0153,tienda_sur,3,1063.07,10,3189.21,efectivo,completada,2026-02-19 16:43:52,zona_a
VS-0002505,CLI-02771,PRD-0134,tienda_sur,6,92.74,5,556.44,transferencia,devuelta,2026-03-03 19:57:36,zona_a
VS-0002506,CLI-02764,PRD-0069,tienda_sur,1,52.47,5,52.47,tarjeta,completada,2026-03-15 22:10:23,zona_a
VS-0002507,CLI-02778,PRD-0103,tienda_sur,4,356.84,5,1427.36,yape,completada,2026-01-16 20:52:48,zona_d
VS-0002508,CLI-02201,PRD-0150,tienda_sur,4,820.22,0,3280.88,yape,devuelta,2026-01-12 04:18:23,zona_d
VS-0002509,CLI-02276,PRD-0195,tienda_sur,8,173.27,0,1386.16,tarjeta,completada,2026-01-10 08:13:28,zona_b
VS-0002510,CLI-02424,PRD-0109,tienda_sur,2,127.43,0,254.86,yape,completada,2026-01-10 06:57:12,zona_b
VS-0002511,CLI-02563,PRD-0020,tienda_sur,1,325.09,0,325.09,yape,completada,2026-03-02 07:20:14,zona_a
VS-0002512,CLI-01573,PRD-0063,tienda_sur,1,205.14,5,205.14,transferencia,completada,2026-03-28 06:56:43,zona_a
VS-0002513,CLI-01088,PRD-0169,tienda_sur,5,1064.16,0,5320.8,efectivo,completada,2026-01-23 18:13:27,zona_a
VS-0002514,CLI-02792,PRD-0064,tienda_sur,8,48.0,15,384.0,transferencia,completada,2026-03-12 03:12:00,zona_c
VS-0002515,CLI-00853,PRD-0042,tienda_sur,3,76.12,0,228.36,yape,completada,2026-01-05 17:59:14,zona_d
VS-0002516,CLI-02429,PRD-0012,tienda_sur,5,154.12,0,770.6,efectivo,completada,2026-03-01 11:12:47,zona_c
VS-0002517,CLI-01860,PRD-0006,tienda_sur,8,375.74,5,3005.92,yape,completada,2026-02-18 17:05:53,zona_d
VS-0002518,CLI-02635,PRD-0024,tienda_sur,7,135.72,0,950.04,efectivo,completada,2026-01-12 14:25:15,zona_a
VS-0002519,CLI-00433,PRD-0198,tienda_sur,3,359.6,0,1078.8,yape,completada,2026-02-06 11:21:53,zona_b
VS-0002520,CLI-00968,PRD-0143,tienda_sur,3,22.39,0,67.17,yape,completada,2026-03-05 09:37:03,zona_b
VS-0002521,CLI-00807,PRD-0026,tienda_sur,6,1165.21,0,6991.26,transferencia,completada,2026-03-21 23:14:14,zona_d
VS-0002522,CLI-02115,PRD-0083,tienda_sur,5,92.72,0,463.6,tarjeta,completada,2026-02-15 15:40:40,zona_d
VS-0002523,CLI-00877,PRD-0130,tienda_sur,3,395.01,0,1185.03,efectivo,devuelta,2026-01-17 07:59:06,zona_d
VS-0002524,CLI-00162,PRD-0060,tienda_sur,5,125.23,10,626.15,tarjeta,completada,2026-02-14 23:36:13,zona_b
VS-0002525,CLI-01729,PRD-0054,tienda_sur,2,93.72,5,187.44,tarjeta,completada,2026-03-04 02:32:31,zona_d
VS-0002526,CLI-02117,PRD-0162,tienda_sur,6,84.67,0,508.02,yape,completada,2026-03-16 09:43:09,zona_d
VS-0002527,CLI-00976,PRD-0034,tienda_sur,6,98.86,5,593.16,yape,completada,2026-03-27 18:05:28,zona_b
VS-0002528,CLI-00233,PRD-0034,tienda_sur,1,98.86,5,98.86,tarjeta,completada,2026-01-10 02:09:18,zona_a
VS-0002529,CLI-02156,PRD-0137,tienda_sur,8,118.43,10,947.44,transferencia,completada,2026-02-14 13:59:40,zona_b
VS-0002530,CLI-02209,PRD-0081,tienda_sur,3,98.39,15,295.17,tarjeta,completada,2026-01-19 03:41:27,zona_c
VS-0002531,CLI-02674,PRD-0173,tienda_sur,4,167.7,5,670.8,tarjeta,completada,2026-03-21 17:12:48,zona_b
VS-0002532,CLI-02367,PRD-0176,tienda_sur,6,71.08,0,426.48,transferencia,completada,2026-03-11 10:25:18,zona_b
VS-0002533,CLI-01277,PRD-0122,tienda_sur,1,212.08,15,212.08,tarjeta,devuelta,2026-03-02 18:42:59,zona_c
VS-0002534,CLI-00201,PRD-0128,tienda_sur,5,45.55,10,227.75,tarjeta,devuelta,2026-01-12 04:41:27,zona_a
VS-0002535,CLI-02454,PRD-0129,tienda_sur,1,99.95,0,99.95,efectivo,completada,2026-02-04 13:13:29,zona_d
VS-0002536,CLI-00581,PRD-0098,tienda_sur,3,793.19,0,2379.57,tarjeta,completada,2026-03-08 01:45:36,zona_b
VS-0002537,CLI-00159,PRD-0003,tienda_sur,6,158.85,10,953.1,efectivo,completada,2026-01-04 04:30:48,zona_a
VS-0002538,CLI-00192,PRD-0197,tienda_sur,8,41.85,10,334.8,yape,completada,2026-01-11 06:05:05,zona_b
VS-0002539,CLI-02410,PRD-0053,tienda_sur,1,3.88,25,3.88,tarjeta,completada,2026-02-04 21:41:44,zona_c
VS-0002540,CLI-02749,PRD-0029,tienda_sur,5,95.54,5,477.7,transferencia,completada,2026-03-09 19:00:04,zona_b
VS-0002541,CLI-01536,PRD-0109,tienda_sur,1,127.43,0,127.43,tarjeta,completada,2026-03-18 14:06:26,zona_b
VS-0002542,CLI-02545,PRD-0036,tienda_sur,6,40.95,5,245.7,tarjeta,completada,2026-02-05 22:54:11,zona_c
VS-0002543,CLI-02951,PRD-0163,tienda_sur,6,92.65,0,555.9,transferencia,completada,2026-01-09 18:22:16,zona_b
VS-0002544,CLI-01001,PRD-0055,tienda_sur,4,20.29,0,81.16,yape,completada,2026-03-18 16:13:06,zona_a
VS-0002545,CLI-00956,PRD-0173,tienda_sur,2,132.4,25,264.8,efectivo,completada,2026-02-03 16:00:14,zona_a
VS-0002546,CLI-00249,PRD-0078,tienda_sur,3,54.94,0,164.82,yape,completada,2026-03-11 04:02:05,zona_d
VS-0002547,CLI-02863,PRD-0116,tienda_sur,2,8.29,10,16.58,yape,completada,2026-01-28 21:38:50,zona_b
VS-0002548,CLI-01881,PRD-0184,tienda_sur,5,149.4,0,747.0,tarjeta,completada,2026-02-07 15:00:23,zona_a
VS-0002549,CLI-01426,PRD-0102,tienda_sur,6,70.94,5,425.64,yape,completada,2026-03-16 23:58:10,zona_c
VS-0002550,CLI-02817,PRD-0039,tienda_sur,8,61.08,0,488.64,yape,completada,2026-03-30 20:32:15,zona_d
VS-0002551,CLI-01147,PRD-0179,tienda_sur,1,291.82,25,291.82,yape,completada,2026-03-27 11:41:00,zona_c
VS-0002552,CLI-00316,PRD-0163,tienda_sur,1,78.75,15,78.75,tarjeta,completada,2026-03-10 03:09:00,zona_c
VS-0002553,CLI-01879,PRD-0155,tienda_sur,6,117.38,15,704.28,transferencia,devuelta,2026-03-07 12:50:17,zona_a
VS-0002554,CLI-01805,PRD-0190,tienda_sur,2,236.97,0,473.94,yape,completada,2026-01-21 21:14:39,zona_a
VS-0002555,CLI-01400,PRD-0073,tienda_sur,4,61.22,10,244.88,efectivo,completada,2026-02-09 02:19:32,zona_c
VS-0002556,CLI-00233,PRD-0126,tienda_sur,4,834.58,20,3338.32,tarjeta,completada,2026-03-20 21:40:51,zona_a
VS-0002557,CLI-00634,PRD-0049,tienda_sur,6,1047.28,0,6283.68,tarjeta,completada,2026-01-27 23:05:48,zona_b
VS-0002558,CLI-00609,PRD-0095,tienda_sur,4,45.05,10,180.2,tarjeta,devuelta,2026-02-13 19:27:43,zona_b
VS-0002559,CLI-01945,PRD-0019,tienda_sur,7,290.02,0,2030.14,tarjeta,pendiente,2026-03-02 22:05:42,zona_d
VS-0002560,CLI-02309,PRD-0032,tienda_sur,8,125.82,5,1006.56,tarjeta,completada,2026-02-18 06:45:12,zona_a
VS-0002561,CLI-01813,PRD-0026,tienda_sur,7,1165.21,0,8156.47,yape,completada,2026-01-23 02:32:10,zona_a
VS-0002562,CLI-00140,PRD-0023,tienda_sur,6,61.55,5,369.3,yape,completada,2026-02-28 22:50:13,zona_c
VS-0002563,CLI-00192,PRD-0069,tienda_sur,6,55.23,0,331.38,transferencia,completada,2026-01-12 15:16:35,zona_c
VS-0002564,CLI-01908,PRD-0048,tienda_sur,5,261.13,15,1305.65,transferencia,completada,2026-02-04 14:11:05,zona_d
VS-0002565,CLI-01076,PRD-0147,tienda_sur,8,49.96,0,399.68,yape,completada,2026-02-17 02:54:17,zona_c
VS-0002566,CLI-02620,PRD-0010,tienda_sur,8,147.48,0,1179.84,tarjeta,completada,2026-01-08 22:15:49,zona_a
VS-0002567,CLI-02597,PRD-0115,tienda_sur,8,1029.74,10,8237.92,yape,completada,2026-02-17 14:54:55,zona_d
VS-0002568,CLI-00056,PRD-0085,tienda_sur,5,99.58,15,497.9,transferencia,completada,2026-02-18 13:38:04,zona_d
VS-0002569,CLI-00188,PRD-0160,tienda_sur,8,46.94,0,375.52,tarjeta,completada,2026-03-18 09:36:45,zona_a
VS-0002570,CLI-00543,PRD-0045,tienda_sur,3,37.15,0,111.45,tarjeta,completada,2026-01-20 22:31:04,zona_c
VS-0002571,CLI-02846,PRD-0003,tienda_sur,4,176.5,0,706.0,transferencia,completada,2026-01-09 00:38:30,zona_a
VS-0002572,CLI-00250,PRD-0082,tienda_sur,3,287.94,5,863.82,tarjeta,completada,2026-03-24 05:42:00,zona_d
VS-0002573,CLI-00667,PRD-0115,tienda_sur,6,1144.16,0,6864.96,transferencia,completada,2026-02-20 13:37:59,zona_d
VS-0002574,CLI-01210,PRD-0182,tienda_sur,4,116.18,0,464.72,tarjeta,completada,2026-01-05 05:10:43,zona_c
VS-0002575,CLI-00199,PRD-0194,tienda_sur,8,175.92,0,1407.36,transferencia,completada,2026-01-26 13:37:12,zona_a
VS-0002576,CLI-00971,PRD-0146,tienda_sur,2,85.82,0,171.64,yape,completada,2026-02-25 07:03:26,zona_d
VS-0002577,CLI-00706,PRD-0045,tienda_sur,6,37.15,0,222.9,efectivo,completada,2026-03-15 16:01:38,zona_d
VS-0002578,CLI-01731,PRD-0096,tienda_sur,7,70.28,10,491.96,efectivo,completada,2026-01-12 14:50:22,zona_b
VS-0002579,CLI-01896,PRD-0030,tienda_sur,2,246.84,0,493.68,transferencia,completada,2026-01-08 03:10:36,zona_c
VS-0002580,CLI-01961,PRD-0174,tienda_sur,6,316.77,0,1900.62,efectivo,completada,2026-03-06 07:05:58,zona_d
VS-0002581,CLI-02118,PRD-0089,tienda_sur,8,62.06,10,496.48,tarjeta,completada,2026-03-29 02:37:13,zona_d
VS-0002582,CLI-02465,PRD-0061,tienda_sur,7,857.31,0,6001.17,yape,completada,2026-03-07 02:23:16,zona_c
VS-0002583,CLI-00087,PRD-0001,tienda_sur,2,380.31,0,760.62,tarjeta,completada,2026-01-16 23:26:46,zona_d
VS-0002584,CLI-00886,PRD-0053,tienda_sur,8,3.88,25,31.04,transferencia,completada,2026-03-02 03:48:19,zona_c
VS-0002585,CLI-01119,PRD-0134,tienda_sur,1,97.62,0,97.62,tarjeta,completada,2026-02-27 16:36:24,zona_b
VS-0002586,CLI-00787,PRD-0010,tienda_sur,1,125.36,15,125.36,tarjeta,completada,2026-01-07 02:54:03,zona_c
VS-0002587,CLI-02470,PRD-0101,tienda_sur,7,1128.73,0,7901.11,yape,completada,2026-01-29 09:33:02,zona_d
VS-0002588,CLI-02239,PRD-0005,tienda_sur,6,180.66,15,1083.96,yape,completada,2026-02-14 01:15:18,zona_b
VS-0002589,CLI-02550,PRD-0039,tienda_sur,2,58.03,5,116.06,transferencia,completada,2026-02-20 14:06:21,zona_b
VS-0002590,CLI-00887,PRD-0145,tienda_sur,5,340.64,0,1703.2,efectivo,completada,2026-03-09 17:22:13,zona_a
VS-0002591,CLI-01813,PRD-0028,tienda_sur,1,8.52,0,8.52,efectivo,completada,2026-02-21 22:43:03,zona_c
VS-0002592,CLI-02454,PRD-0012,tienda_sur,7,123.3,20,863.1,tarjeta,completada,2026-02-15 11:41:14,zona_d
VS-0002593,CLI-02898,PRD-0036,tienda_sur,4,43.1,0,172.4,tarjeta,completada,2026-01-12 06:14:42,zona_a
VS-0002594,CLI-01304,PRD-0016,tienda_sur,1,190.21,5,190.21,yape,completada,2026-02-15 22:25:41,zona_d
VS-0002595,CLI-00703,PRD-0153,tienda_sur,6,1063.07,10,6378.42,transferencia,completada,2026-02-12 15:03:09,zona_b
VS-0002596,CLI-00409,PRD-0041,tienda_sur,8,170.99,0,1367.92,yape,completada,2026-01-29 15:55:44,zona_a
VS-0002597,CLI-01759,PRD-0053,tienda_sur,6,4.4,15,26.4,tarjeta,completada,2026-02-15 13:28:50,zona_c
VS-0002598,CLI-02468,PRD-0066,tienda_sur,3,819.09,0,2457.27,tarjeta,completada,2026-03-06 21:49:06,zona_b
VS-0002599,CLI-02378,PRD-0198,tienda_sur,5,359.6,0,1798.0,yape,completada,2026-01-20 09:06:34,zona_b
VS-0002600,CLI-02535,PRD-0086,tienda_sur,6,17.6,0,105.6,yape,completada,2026-01-31 12:22:46,zona_d
VS-0002601,CLI-00139,PRD-0085,tienda_sur,7,117.15,0,820.05,tarjeta,completada,2026-01-30 20:48:01,zona_b
VS-0002602,CLI-00335,PRD-0045,tienda_sur,2,37.15,0,74.3,tarjeta,completada,2026-03-26 21:11:07,zona_b
VS-0002603,CLI-00410,PRD-0160,tienda_sur,2,46.94,0,93.88,yape,devuelta,2026-01-19 14:32:45,zona_d
VS-0002604,CLI-02415,PRD-0200,tienda_sur,3,28.86,15,86.58,transferencia,completada,2026-01-11 13:54:17,zona_d
VS-0002605,CLI-01493,PRD-0177,tienda_sur,1,1066.18,0,1066.18,transferencia,completada,2026-01-21 17:13:58,zona_b
VS-0002606,CLI-00237,PRD-0125,tienda_sur,8,297.62,5,2380.96,tarjeta,completada,2026-03-26 13:16:25,zona_b
VS-0002607,CLI-02649,PRD-0190,tienda_sur,6,236.97,0,1421.82,tarjeta,completada,2026-01-21 08:48:54,zona_d
VS-0002608,CLI-02978,PRD-0018,tienda_sur,8,143.21,0,1145.68,tarjeta,completada,2026-02-09 21:20:19,zona_b
VS-0002609,CLI-00021,PRD-0025,tienda_sur,6,397.73,0,2386.38,transferencia,devuelta,2026-03-13 10:56:44,zona_b
VS-0002610,CLI-01091,PRD-0172,tienda_sur,8,128.97,10,1031.76,yape,completada,2026-03-13 21:02:57,zona_d
VS-0002611,CLI-02390,PRD-0185,tienda_sur,3,178.75,0,536.25,tarjeta,completada,2026-01-18 18:09:53,zona_b
VS-0002612,CLI-01860,PRD-0033,tienda_sur,6,661.48,5,3968.88,yape,completada,2026-01-07 11:16:23,zona_a
VS-0002613,CLI-00477,PRD-0067,tienda_sur,6,91.31,10,547.86,tarjeta,devuelta,2026-02-08 15:18:50,zona_c
VS-0002614,CLI-00630,PRD-0047,tienda_sur,1,230.92,5,230.92,yape,completada,2026-01-21 23:56:01,zona_c
VS-0002615,CLI-01891,PRD-0100,tienda_sur,3,362.73,0,1088.19,tarjeta,completada,2026-03-17 09:54:45,zona_d
VS-0002616,CLI-01624,PRD-0048,tienda_sur,1,307.21,0,307.21,tarjeta,completada,2026-01-05 23:08:50,zona_a
VS-0002617,CLI-02612,PRD-0056,tienda_sur,8,236.84,0,1894.72,yape,completada,2026-03-14 06:28:55,zona_a
VS-0002618,CLI-00191,PRD-0087,tienda_sur,3,37.44,5,112.32,tarjeta,completada,2026-03-02 08:52:57,zona_d
VS-0002619,CLI-02470,PRD-0141,tienda_sur,8,142.42,0,1139.36,tarjeta,completada,2026-02-27 19:14:39,zona_a
VS-0002620,CLI-00391,PRD-0032,tienda_sur,5,132.44,0,662.2,tarjeta,completada,2026-03-16 07:03:21,zona_a
VS-0002621,CLI-02193,PRD-0092,tienda_sur,8,987.91,15,7903.28,tarjeta,completada,2026-03-20 06:04:52,zona_a
VS-0002622,CLI-00977,PRD-0149,tienda_sur,5,260.03,5,1300.15,tarjeta,completada,2026-01-17 01:47:18,zona_c
VS-0002623,CLI-02477,PRD-0042,tienda_sur,6,60.9,20,365.4,efectivo,completada,2026-02-18 17:45:37,zona_d
VS-0002624,CLI-02697,PRD-0174,tienda_sur,8,316.77,0,2534.16,yape,completada,2026-02-15 09:33:09,zona_d
VS-0002625,CLI-00167,PRD-0072,tienda_sur,4,29.39,10,117.56,yape,completada,2026-01-04 04:53:04,zona_b
VS-0002626,CLI-01119,PRD-0146,tienda_sur,2,85.82,0,171.64,efectivo,completada,2026-03-20 08:27:26,zona_c
VS-0002627,CLI-01408,PRD-0047,tienda_sur,8,230.92,5,1847.36,tarjeta,completada,2026-02-18 10:25:23,zona_b
VS-0002628,CLI-01831,PRD-0065,tienda_sur,5,199.53,0,997.65,yape,devuelta,2026-02-19 23:01:47,zona_b
VS-0002629,CLI-01866,PRD-0129,tienda_sur,4,99.95,0,399.8,efectivo,completada,2026-01-09 09:12:08,zona_c
VS-0002630,CLI-00783,PRD-0003,tienda_sur,5,167.67,5,838.35,transferencia,completada,2026-03-11 11:05:34,zona_a
VS-0002631,CLI-01956,PRD-0085,tienda_sur,6,117.15,0,702.9,tarjeta,completada,2026-01-08 14:38:19,zona_d
VS-0002632,CLI-00106,PRD-0044,tienda_sur,2,95.36,10,190.72,efectivo,completada,2026-03-20 20:24:00,zona_a
VS-0002633,CLI-02481,PRD-0156,tienda_sur,4,89.98,5,359.92,transferencia,completada,2026-02-12 21:28:28,zona_d
VS-0002634,CLI-02741,PRD-0089,tienda_sur,6,68.95,0,413.7,yape,completada,2026-01-07 18:07:45,zona_c
VS-0002635,CLI-00362,PRD-0086,tienda_sur,1,16.72,5,16.72,tarjeta,completada,2026-02-13 03:12:27,zona_a
VS-0002636,CLI-01759,PRD-0118,tienda_sur,6,39.92,25,239.52,tarjeta,completada,2026-02-12 10:38:46,zona_a
VS-0002637,CLI-01537,PRD-0172,tienda_sur,4,136.13,5,544.52,tarjeta,pendiente,2026-03-23 19:46:16,zona_d
VS-0002638,CLI-01729,PRD-0078,tienda_sur,5,52.19,5,260.95,tarjeta,completada,2026-03-16 13:31:04,zona_a
VS-0002639,CLI-00798,PRD-0079,tienda_sur,4,262.18,10,1048.72,tarjeta,completada,2026-03-13 17:04:36,zona_d
VS-0002640,CLI-00776,PRD-0006,tienda_sur,6,355.97,10,2135.82,tarjeta,completada,2026-03-21 12:48:36,zona_a
VS-0002641,CLI-02703,PRD-0031,tienda_sur,7,295.26,5,2066.82,tarjeta,completada,2026-01-08 10:03:26,zona_a
VS-0002642,CLI-01801,PRD-0035,tienda_sur,8,108.66,0,869.28,efectivo,completada,2026-02-16 03:35:30,zona_a
VS-0002643,CLI-00834,PRD-0036,tienda_sur,8,34.48,20,275.84,tarjeta,completada,2026-03-27 14:27:18,zona_d
VS-0002644,CLI-01024,PRD-0034,tienda_sur,5,93.65,10,468.25,transferencia,completada,2026-01-15 10:43:03,zona_c
VS-0002645,CLI-00299,PRD-0056,tienda_sur,8,236.84,0,1894.72,efectivo,completada,2026-03-31 19:36:16,zona_c
VS-0002646,CLI-01805,PRD-0179,tienda_sur,5,291.82,25,1459.1,efectivo,completada,2026-03-04 12:07:23,zona_d
VS-0002647,CLI-01281,PRD-0041,tienda_sur,5,145.34,15,726.7,yape,completada,2026-01-15 20:55:11,zona_d
VS-0002648,CLI-02080,PRD-0120,tienda_sur,5,276.01,5,1380.05,tarjeta,completada,2026-03-18 12:22:14,zona_d
VS-0002649,CLI-01432,PRD-0134,tienda_sur,6,87.86,10,527.16,yape,completada,2026-03-19 21:08:52,zona_c
VS-0002650,CLI-00894,PRD-0149,tienda_sur,4,273.72,0,1094.88,tarjeta,completada,2026-02-06 22:29:08,zona_d
VS-0002651,CLI-00007,PRD-0086,tienda_sur,5,14.08,20,70.4,tarjeta,completada,2026-03-26 09:25:47,zona_a
VS-0002652,CLI-02623,PRD-0005,tienda_sur,5,180.66,15,903.3,yape,completada,2026-02-08 07:23:25,zona_d
VS-0002653,CLI-02287,PRD-0179,tienda_sur,2,369.64,5,739.28,yape,completada,2026-02-17 01:45:58,zona_b
VS-0002654,CLI-00886,PRD-0099,tienda_sur,7,360.62,0,2524.34,yape,completada,2026-01-06 03:41:41,zona_b
VS-0002655,CLI-00088,PRD-0062,tienda_sur,7,127.56,0,892.92,transferencia,completada,2026-01-01 01:17:01,zona_c
VS-0002656,CLI-02834,PRD-0068,tienda_sur,1,166.65,0,166.65,tarjeta,devuelta,2026-01-15 21:55:17,zona_c
VS-0002657,CLI-01887,PRD-0150,tienda_sur,8,656.18,20,5249.44,tarjeta,completada,2026-03-06 10:17:25,zona_b
VS-0002658,CLI-01221,PRD-0194,tienda_sur,4,167.12,5,668.48,tarjeta,completada,2026-02-01 21:28:48,zona_d
VS-0002659,CLI-01509,PRD-0088,tienda_sur,4,56.63,15,226.52,yape,completada,2026-03-24 13:27:54,zona_a
VS-0002660,CLI-00087,PRD-0034,tienda_sur,1,104.06,0,104.06,yape,completada,2026-01-12 11:23:20,zona_d
VS-0002661,CLI-01174,PRD-0014,tienda_sur,4,284.02,10,1136.08,tarjeta,completada,2026-01-13 18:58:47,zona_a
VS-0002662,CLI-00587,PRD-0175,tienda_sur,1,74.48,0,74.48,transferencia,completada,2026-01-12 13:32:12,zona_a
VS-0002663,CLI-01106,PRD-0062,tienda_sur,7,127.56,0,892.92,yape,completada,2026-03-01 22:55:50,zona_b
VS-0002664,CLI-00683,PRD-0122,tienda_sur,5,224.56,10,1122.8,tarjeta,completada,2026-01-31 22:45:01,zona_c
VS-0002665,CLI-00346,PRD-0060,tienda_sur,1,104.35,25,104.35,tarjeta,completada,2026-02-08 11:36:34,zona_c
VS-0002666,CLI-02865,PRD-0182,tienda_sur,7,116.18,0,813.26,efectivo,completada,2026-02-02 13:06:21,zona_d
VS-0002667,CLI-00664,PRD-0136,tienda_sur,7,103.8,0,726.6,tarjeta,devuelta,2026-01-08 10:57:37,zona_a
VS-0002668,CLI-02619,PRD-0012,tienda_sur,8,146.41,5,1171.28,tarjeta,devuelta,2026-03-03 15:55:04,zona_b
VS-0002669,CLI-00915,PRD-0166,tienda_sur,4,491.34,0,1965.36,yape,pendiente,2026-01-03 10:50:58,zona_c
VS-0002670,CLI-00408,PRD-0121,tienda_sur,6,793.57,10,4761.42,tarjeta,completada,2026-02-09 19:54:46,zona_b
VS-0002671,CLI-02659,PRD-0033,tienda_sur,5,696.3,0,3481.5,yape,pendiente,2026-01-03 23:51:23,zona_d
VS-0002672,CLI-00838,PRD-0049,tienda_sur,1,942.55,10,942.55,yape,completada,2026-01-07 07:48:43,zona_b
VS-0002673,CLI-02642,PRD-0005,tienda_sur,6,159.41,25,956.46,efectivo,pendiente,2026-01-07 06:06:11,zona_c
VS-0002674,CLI-00666,PRD-0178,tienda_sur,8,74.46,15,595.68,yape,completada,2026-02-18 17:04:08,zona_a
VS-0002675,CLI-01649,PRD-0052,tienda_sur,1,352.2,10,352.2,yape,completada,2026-01-22 03:32:54,zona_d
VS-0002676,CLI-01434,PRD-0121,tienda_sur,6,793.57,10,4761.42,efectivo,completada,2026-03-15 07:40:57,zona_d
VS-0002677,CLI-01233,PRD-0199,tienda_sur,7,356.34,5,2494.38,tarjeta,completada,2026-01-15 11:02:57,zona_b
VS-0002678,CLI-01071,PRD-0031,tienda_sur,4,310.8,0,1243.2,efectivo,completada,2026-01-17 16:42:20,zona_b
VS-0002679,CLI-00508,PRD-0188,tienda_sur,3,105.38,0,316.14,tarjeta,devuelta,2026-03-24 16:25:32,zona_d
VS-0002680,CLI-02069,PRD-0156,tienda_sur,2,94.72,0,189.44,efectivo,completada,2026-02-04 13:32:39,zona_a
VS-0002681,CLI-01314,PRD-0166,tienda_sur,3,368.5,25,1105.5,tarjeta,completada,2026-01-25 16:19:54,zona_b
VS-0002682,CLI-01429,PRD-0043,tienda_sur,3,24.14,0,72.42,efectivo,completada,2026-01-23 05:17:19,zona_a
VS-0002683,CLI-00283,PRD-0014,tienda_sur,6,315.58,0,1893.48,tarjeta,completada,2026-01-02 17:51:39,zona_d
VS-0002684,CLI-01792,PRD-0133,tienda_sur,5,87.16,10,435.8,tarjeta,completada,2026-01-25 21:36:56,zona_a
VS-0002685,CLI-02480,PRD-0171,tienda_sur,1,26.1,15,26.1,efectivo,completada,2026-01-05 09:42:01,zona_b
VS-0002686,CLI-01083,PRD-0080,tienda_sur,2,142.71,0,285.42,yape,pendiente,2026-01-09 23:29:57,zona_d
VS-0002687,CLI-02155,PRD-0027,tienda_sur,7,26.06,15,182.42,efectivo,completada,2026-03-17 04:52:14,zona_a
VS-0002688,CLI-00637,PRD-0046,tienda_sur,4,344.62,5,1378.48,tarjeta,completada,2026-03-06 06:46:08,zona_d
VS-0002689,CLI-02520,PRD-0159,tienda_sur,3,903.06,20,2709.18,efectivo,completada,2026-02-20 02:08:03,zona_c
VS-0002690,CLI-00441,PRD-0169,tienda_sur,2,1064.16,0,2128.32,tarjeta,devuelta,2026-03-22 18:34:19,zona_b
VS-0002691,CLI-01415,PRD-0006,tienda_sur,1,375.74,5,375.74,tarjeta,completada,2026-01-04 19:25:13,zona_b
VS-0002692,CLI-00149,PRD-0109,tienda_sur,3,108.32,15,324.96,efectivo,pendiente,2026-03-28 19:38:04,zona_b
VS-0002693,CLI-02991,PRD-0168,tienda_sur,8,302.83,0,2422.64,yape,completada,2026-03-19 14:09:30,zona_c
VS-0002694,CLI-01685,PRD-0085,tienda_sur,8,105.44,10,843.52,yape,completada,2026-03-10 15:19:21,zona_b
VS-0002695,CLI-00662,PRD-0051,tienda_sur,7,279.19,15,1954.33,transferencia,completada,2026-01-28 20:58:52,zona_a
VS-0002696,CLI-00180,PRD-0021,tienda_sur,1,18.21,0,18.21,tarjeta,completada,2026-03-30 23:12:33,zona_b
VS-0002697,CLI-02968,PRD-0171,tienda_sur,1,24.57,20,24.57,transferencia,completada,2026-02-19 02:28:03,zona_c
VS-0002698,CLI-00959,PRD-0055,tienda_sur,4,17.25,15,69.0,yape,pendiente,2026-01-10 03:06:19,zona_c
VS-0002699,CLI-02530,PRD-0099,tienda_sur,3,360.62,0,1081.86,tarjeta,completada,2026-02-25 23:14:51,zona_d
VS-0002700,CLI-00008,PRD-0105,tienda_sur,7,70.71,10,494.97,transferencia,devuelta,2026-01-08 19:27:44,zona_b
VS-0002701,CLI-02210,PRD-0069,tienda_sur,5,41.42,25,207.1,yape,completada,2026-02-10 05:33:00,zona_c
VS-0002702,CLI-02162,PRD-0066,tienda_sur,7,819.09,0,5733.63,tarjeta,completada,2026-02-19 09:22:55,zona_d
VS-0002703,CLI-01969,PRD-0122,tienda_sur,8,249.51,0,1996.08,yape,completada,2026-03-17 19:34:25,zona_d
VS-0002704,CLI-02861,PRD-0013,tienda_sur,7,460.77,0,3225.39,tarjeta,completada,2026-03-29 12:42:03,zona_d
VS-0002705,CLI-01007,PRD-0184,tienda_sur,4,134.46,10,537.84,yape,completada,2026-02-07 07:04:40,zona_c
VS-0002706,CLI-02634,PRD-0185,tienda_sur,7,178.75,0,1251.25,yape,completada,2026-03-07 12:42:30,zona_a
VS-0002707,CLI-02347,PRD-0039,tienda_sur,2,61.08,0,122.16,yape,completada,2026-03-04 22:52:37,zona_c
VS-0002708,CLI-00082,PRD-0195,tienda_sur,8,155.94,10,1247.52,tarjeta,completada,2026-03-29 03:01:00,zona_d
VS-0002709,CLI-02400,PRD-0156,tienda_sur,4,89.98,5,359.92,tarjeta,devuelta,2026-01-16 00:53:16,zona_c
VS-0002710,CLI-01221,PRD-0034,tienda_sur,3,104.06,0,312.18,yape,completada,2026-03-11 00:56:08,zona_c
VS-0002711,CLI-00655,PRD-0048,tienda_sur,3,291.85,5,875.55,transferencia,completada,2026-03-15 13:47:26,zona_c
VS-0002712,CLI-00046,PRD-0010,tienda_sur,4,147.48,0,589.92,tarjeta,devuelta,2026-03-18 23:08:41,zona_a
VS-0002713,CLI-01166,PRD-0103,tienda_sur,5,356.84,5,1784.2,tarjeta,completada,2026-01-19 06:46:00,zona_d
VS-0002714,CLI-00268,PRD-0028,tienda_sur,2,7.67,10,15.34,tarjeta,devuelta,2026-02-07 04:42:26,zona_c
VS-0002715,CLI-01588,PRD-0176,tienda_sur,3,53.31,25,159.93,tarjeta,completada,2026-03-22 08:29:53,zona_d
VS-0002716,CLI-02721,PRD-0179,tienda_sur,1,350.18,10,350.18,transferencia,devuelta,2026-01-26 17:05:53,zona_b
VS-0002717,CLI-02790,PRD-0187,tienda_sur,7,23.47,10,164.29,transferencia,completada,2026-02-08 21:46:20,zona_c
VS-0002718,CLI-00790,PRD-0157,tienda_sur,2,269.24,0,538.48,yape,completada,2026-02-05 21:05:01,zona_d
VS-0002719,CLI-02053,PRD-0103,tienda_sur,7,356.84,5,2497.88,tarjeta,completada,2026-03-30 14:29:03,zona_b
VS-0002720,CLI-00739,PRD-0091,tienda_sur,1,47.32,5,47.32,tarjeta,completada,2026-03-08 14:58:14,zona_b
VS-0002721,CLI-01469,PRD-0177,tienda_sur,2,906.25,15,1812.5,yape,completada,2026-01-18 16:21:13,zona_b
VS-0002722,CLI-02340,PRD-0052,tienda_sur,2,371.76,5,743.52,transferencia,completada,2026-01-14 21:17:46,zona_c
VS-0002723,CLI-02271,PRD-0121,tienda_sur,7,837.65,5,5863.55,yape,completada,2026-03-14 21:06:03,zona_d
VS-0002724,CLI-01204,PRD-0116,tienda_sur,2,9.21,0,18.42,efectivo,pendiente,2026-03-20 13:16:44,zona_c
VS-0002725,CLI-01646,PRD-0138,tienda_sur,4,124.27,15,497.08,yape,completada,2026-01-11 03:29:37,zona_a
VS-0002726,CLI-01311,PRD-0169,tienda_sur,4,1064.16,0,4256.64,yape,completada,2026-02-17 06:07:30,zona_c
VS-0002727,CLI-01574,PRD-0158,tienda_sur,4,230.04,0,920.16,tarjeta,completada,2026-03-26 06:45:42,zona_b
VS-0002728,CLI-02149,PRD-0011,tienda_sur,5,60.3,20,301.5,tarjeta,completada,2026-01-06 11:50:09,zona_d
VS-0002729,CLI-00438,PRD-0138,tienda_sur,8,138.89,5,1111.12,transferencia,completada,2026-03-11 07:13:49,zona_d
VS-0002730,CLI-01504,PRD-0069,tienda_sur,3,44.18,20,132.54,tarjeta,devuelta,2026-03-08 23:05:18,zona_c
VS-0002731,CLI-02464,PRD-0193,tienda_sur,3,46.6,0,139.8,efectivo,completada,2026-01-10 14:25:16,zona_d
VS-0002732,CLI-02046,PRD-0080,tienda_sur,1,142.71,0,142.71,tarjeta,completada,2026-02-10 13:13:50,zona_d
VS-0002733,CLI-02576,PRD-0187,tienda_sur,2,26.08,0,52.16,efectivo,completada,2026-01-28 03:32:32,zona_c
VS-0002734,CLI-02833,PRD-0152,tienda_sur,5,99.91,0,499.55,tarjeta,completada,2026-01-21 13:27:27,zona_c
VS-0002735,CLI-01303,PRD-0083,tienda_sur,2,92.72,0,185.44,transferencia,completada,2026-01-14 02:44:40,zona_b
VS-0002736,CLI-00486,PRD-0141,tienda_sur,7,142.42,0,996.94,tarjeta,completada,2026-03-09 23:28:55,zona_c
VS-0002737,CLI-00308,PRD-0116,tienda_sur,8,8.29,10,66.32,tarjeta,completada,2026-02-05 10:52:38,zona_c
VS-0002738,CLI-02957,PRD-0120,tienda_sur,6,290.54,0,1743.24,efectivo,completada,2026-01-03 11:23:22,zona_c
VS-0002739,CLI-01910,PRD-0089,tienda_sur,1,68.95,0,68.95,yape,completada,2026-01-02 10:57:38,zona_a
VS-0002740,CLI-02384,PRD-0046,tienda_sur,5,326.48,10,1632.4,transferencia,completada,2026-02-11 10:18:42,zona_d
VS-0002741,CLI-01441,PRD-0121,tienda_sur,3,793.57,10,2380.71,transferencia,completada,2026-01-05 02:26:59,zona_b
VS-0002742,CLI-02381,PRD-0009,tienda_sur,6,44.53,5,267.18,yape,completada,2026-01-23 20:36:30,zona_d
VS-0002743,CLI-02021,PRD-0055,tienda_sur,2,20.29,0,40.58,tarjeta,completada,2026-02-01 16:52:59,zona_c
VS-0002744,CLI-01662,PRD-0104,tienda_sur,4,186.13,5,744.52,efectivo,completada,2026-03-22 08:35:23,zona_a
VS-0002745,CLI-00979,PRD-0053,tienda_sur,8,5.18,0,41.44,transferencia,completada,2026-03-09 17:25:02,zona_d
VS-0002746,CLI-01384,PRD-0197,tienda_sur,3,41.85,10,125.55,transferencia,completada,2026-01-22 12:40:47,zona_a
VS-0002747,CLI-01059,PRD-0043,tienda_sur,7,19.31,20,135.17,tarjeta,completada,2026-01-21 02:27:40,zona_b
VS-0002748,CLI-02381,PRD-0163,tienda_sur,1,69.49,25,69.49,transferencia,completada,2026-01-10 11:31:48,zona_a
VS-0002749,CLI-01750,PRD-0041,tienda_sur,5,162.44,5,812.2,tarjeta,completada,2026-02-22 13:11:28,zona_b
VS-0002750,CLI-00664,PRD-0181,tienda_sur,6,106.33,0,637.98,yape,completada,2026-02-05 05:37:01,zona_c
VS-0002751,CLI-01942,PRD-0113,tienda_sur,1,163.22,0,163.22,yape,devuelta,2026-01-24 22:54:46,zona_c
VS-0002752,CLI-00283,PRD-0140,tienda_sur,5,106.05,10,530.25,yape,completada,2026-03-10 21:44:10,zona_a
VS-0002753,CLI-01964,PRD-0128,tienda_sur,3,40.49,20,121.47,tarjeta,completada,2026-03-03 10:03:10,zona_c
VS-0002754,CLI-01165,PRD-0138,tienda_sur,7,146.2,0,1023.4,efectivo,completada,2026-02-28 06:16:50,zona_c
VS-0002755,CLI-00362,PRD-0112,tienda_sur,4,259.44,10,1037.76,yape,completada,2026-02-21 16:41:43,zona_b
VS-0002756,CLI-01320,PRD-0057,tienda_sur,5,378.74,5,1893.7,tarjeta,completada,2026-02-22 00:24:56,zona_a
VS-0002757,CLI-02594,PRD-0139,tienda_sur,8,18.66,0,149.28,tarjeta,completada,2026-01-20 07:21:38,zona_c
VS-0002758,CLI-01223,PRD-0127,tienda_sur,5,41.04,0,205.2,tarjeta,completada,2026-01-30 23:17:08,zona_a
VS-0002759,CLI-02754,PRD-0175,tienda_sur,2,74.48,0,148.96,tarjeta,completada,2026-02-03 16:19:59,zona_c
VS-0002760,CLI-00120,PRD-0053,tienda_sur,1,4.66,10,4.66,efectivo,completada,2026-02-02 23:13:03,zona_c
VS-0002761,CLI-01100,PRD-0014,tienda_sur,6,268.24,15,1609.44,yape,completada,2026-02-10 13:45:32,zona_a
VS-0002762,CLI-00543,PRD-0069,tienda_sur,8,41.42,25,331.36,tarjeta,completada,2026-02-07 18:53:58,zona_a
VS-0002763,CLI-00446,PRD-0176,tienda_sur,5,56.86,20,284.3,transferencia,completada,2026-01-25 11:33:51,zona_d
VS-0002764,CLI-01369,PRD-0179,tienda_sur,3,389.09,0,1167.27,tarjeta,completada,2026-02-09 19:17:38,zona_c
VS-0002765,CLI-01966,PRD-0155,tienda_sur,4,131.19,5,524.76,tarjeta,completada,2026-02-10 16:14:23,zona_a
VS-0002766,CLI-02063,PRD-0184,tienda_sur,1,126.99,15,126.99,tarjeta,completada,2026-03-26 21:02:27,zona_c
VS-0002767,CLI-01881,PRD-0187,tienda_sur,7,26.08,0,182.56,yape,completada,2026-03-14 05:23:31,zona_c
VS-0002768,CLI-02750,PRD-0126,tienda_sur,4,1043.23,0,4172.92,tarjeta,pendiente,2026-03-21 17:54:56,zona_a
VS-0002769,CLI-01219,PRD-0070,tienda_sur,7,508.33,0,3558.31,yape,completada,2026-01-03 13:29:55,zona_b
VS-0002770,CLI-02940,PRD-0016,tienda_sur,4,190.21,5,760.84,yape,completada,2026-01-07 05:12:42,zona_a
VS-0002771,CLI-00979,PRD-0059,tienda_sur,2,131.35,10,262.7,transferencia,completada,2026-03-03 11:50:43,zona_c
VS-0002772,CLI-02652,PRD-0069,tienda_sur,8,52.47,5,419.76,transferencia,completada,2026-03-24 09:44:09,zona_a
VS-0002773,CLI-02797,PRD-0151,tienda_sur,2,153.64,0,307.28,tarjeta,completada,2026-02-01 03:00:22,zona_c
VS-0002774,CLI-01973,PRD-0050,tienda_sur,6,11.33,0,67.98,efectivo,completada,2026-01-24 00:18:11,zona_d
VS-0002775,CLI-00657,PRD-0048,tienda_sur,6,245.77,20,1474.62,tarjeta,completada,2026-01-16 05:38:21,zona_c
VS-0002776,CLI-02625,PRD-0098,tienda_sur,1,793.19,0,793.19,transferencia,completada,2026-03-17 10:55:38,zona_d
VS-0002777,CLI-02385,PRD-0044,tienda_sur,5,95.36,10,476.8,yape,completada,2026-01-17 01:34:21,zona_a
VS-0002778,CLI-00133,PRD-0026,tienda_sur,3,1165.21,0,3495.63,tarjeta,completada,2026-01-08 14:11:09,zona_b
VS-0002779,CLI-01635,PRD-0105,tienda_sur,2,78.57,0,157.14,transferencia,completada,2026-01-24 12:34:27,zona_b
VS-0002780,CLI-00446,PRD-0182,tienda_sur,4,104.56,10,418.24,efectivo,completada,2026-01-27 11:51:12,zona_b
VS-0002781,CLI-01047,PRD-0054,tienda_sur,5,73.99,25,369.95,tarjeta,completada,2026-03-28 15:00:39,zona_b
VS-0002782,CLI-02591,PRD-0063,tienda_sur,2,205.14,5,410.28,efectivo,completada,2026-03-13 14:41:05,zona_d
VS-0002783,CLI-00605,PRD-0125,tienda_sur,8,281.95,10,2255.6,efectivo,completada,2026-03-08 11:34:36,zona_c
VS-0002784,CLI-00767,PRD-0021,tienda_sur,2,17.3,5,34.6,tarjeta,completada,2026-01-03 02:38:02,zona_d
VS-0002785,CLI-01398,PRD-0006,tienda_sur,4,375.74,5,1502.96,yape,devuelta,2026-01-05 22:29:00,zona_b
VS-0002786,CLI-02370,PRD-0066,tienda_sur,1,696.23,15,696.23,yape,completada,2026-01-11 05:42:44,zona_b
VS-0002787,CLI-00551,PRD-0034,tienda_sur,2,104.06,0,208.12,yape,completada,2026-03-21 14:48:15,zona_c
VS-0002788,CLI-01745,PRD-0108,tienda_sur,6,125.4,10,752.4,efectivo,completada,2026-03-02 10:40:27,zona_a
VS-0002789,CLI-02143,PRD-0151,tienda_sur,1,153.64,0,153.64,yape,completada,2026-03-02 06:34:55,zona_b
VS-0002790,CLI-01833,PRD-0054,tienda_sur,1,88.79,10,88.79,transferencia,completada,2026-02-08 11:49:59,zona_a
VS-0002791,CLI-02963,PRD-0118,tienda_sur,3,47.91,10,143.73,tarjeta,completada,2026-01-14 04:44:22,zona_a
VS-0002792,CLI-02849,PRD-0014,tienda_sur,3,315.58,0,946.74,efectivo,completada,2026-01-28 16:20:43,zona_c
VS-0002793,CLI-01258,PRD-0083,tienda_sur,5,78.81,15,394.05,yape,completada,2026-03-21 06:29:13,zona_b
VS-0002794,CLI-00711,PRD-0121,tienda_sur,7,837.65,5,5863.55,transferencia,completada,2026-01-30 14:15:03,zona_a
VS-0002795,CLI-02035,PRD-0118,tienda_sur,3,50.57,5,151.71,yape,completada,2026-02-15 11:59:16,zona_d
VS-0002796,CLI-02582,PRD-0121,tienda_sur,1,881.74,0,881.74,tarjeta,completada,2026-01-11 17:30:25,zona_a
VS-0002797,CLI-02590,PRD-0067,tienda_sur,2,96.38,5,192.76,transferencia,completada,2026-02-08 03:09:24,zona_a
VS-0002798,CLI-02850,PRD-0156,tienda_sur,1,89.98,5,89.98,yape,completada,2026-01-22 10:04:28,zona_a
VS-0002799,CLI-02958,PRD-0048,tienda_sur,5,307.21,0,1536.05,tarjeta,completada,2026-01-21 20:43:16,zona_b
VS-0002800,CLI-00658,PRD-0181,tienda_sur,5,79.75,25,398.75,transferencia,completada,2026-03-19 03:34:42,zona_c
VS-0002801,CLI-01337,PRD-0081,tienda_sur,1,115.75,0,115.75,yape,completada,2026-03-10 03:38:29,zona_b
VS-0002802,CLI-00815,PRD-0093,tienda_sur,3,901.82,0,2705.46,efectivo,completada,2026-01-19 23:49:06,zona_d
VS-0002803,CLI-00499,PRD-0040,tienda_sur,1,171.54,0,171.54,tarjeta,pendiente,2026-03-28 03:45:54,zona_c
VS-0002804,CLI-01525,PRD-0036,tienda_sur,5,40.95,5,204.75,tarjeta,devuelta,2026-02-05 10:07:46,zona_b
VS-0002805,CLI-00114,PRD-0073,tienda_sur,5,61.22,10,306.1,tarjeta,completada,2026-03-01 21:24:49,zona_a
VS-0002806,CLI-01774,PRD-0120,tienda_sur,3,276.01,5,828.03,transferencia,devuelta,2026-01-14 01:02:08,zona_b
VS-0002807,CLI-01904,PRD-0023,tienda_sur,7,48.59,25,340.13,transferencia,completada,2026-03-12 19:05:41,zona_a
VS-0002808,CLI-01548,PRD-0195,tienda_sur,1,155.94,10,155.94,efectivo,completada,2026-02-16 19:13:57,zona_b
VS-0002809,CLI-01280,PRD-0193,tienda_sur,7,44.27,5,309.89,yape,devuelta,2026-01-13 19:21:12,zona_d
VS-0002810,CLI-01333,PRD-0108,tienda_sur,2,104.5,25,209.0,efectivo,completada,2026-01-04 06:14:26,zona_a
VS-0002811,CLI-01821,PRD-0007,tienda_sur,5,15.89,20,79.45,transferencia,pendiente,2026-01-21 20:10:00,zona_b
VS-0002812,CLI-00297,PRD-0142,tienda_sur,1,103.08,15,103.08,yape,devuelta,2026-01-30 12:15:13,zona_c
VS-0002813,CLI-02599,PRD-0112,tienda_sur,6,288.27,0,1729.62,tarjeta,completada,2026-03-14 20:47:12,zona_c
VS-0002814,CLI-02922,PRD-0150,tienda_sur,3,820.22,0,2460.66,transferencia,completada,2026-03-13 06:05:39,zona_b
VS-0002815,CLI-01860,PRD-0084,tienda_sur,1,105.57,5,105.57,efectivo,completada,2026-01-04 15:57:42,zona_a
VS-0002816,CLI-01877,PRD-0147,tienda_sur,3,49.96,0,149.88,yape,completada,2026-03-03 07:59:15,zona_a
VS-0002817,CLI-01317,PRD-0120,tienda_sur,1,232.43,20,232.43,tarjeta,devuelta,2026-02-25 14:46:52,zona_a
VS-0002818,CLI-02908,PRD-0030,tienda_sur,3,209.81,15,629.43,efectivo,completada,2026-01-30 13:21:41,zona_c
VS-0002819,CLI-02477,PRD-0036,tienda_sur,4,32.33,25,129.32,tarjeta,completada,2026-01-20 07:46:45,zona_b
VS-0002820,CLI-02687,PRD-0132,tienda_sur,6,625.37,5,3752.22,efectivo,completada,2026-03-24 15:37:57,zona_b
VS-0002821,CLI-02103,PRD-0148,tienda_sur,1,146.34,5,146.34,yape,completada,2026-01-07 21:19:27,zona_b
VS-0002822,CLI-01560,PRD-0138,tienda_sur,7,146.2,0,1023.4,yape,completada,2026-01-12 07:09:57,zona_a
VS-0002823,CLI-01565,PRD-0013,tienda_sur,4,460.77,0,1843.08,efectivo,completada,2026-01-06 00:59:24,zona_d
VS-0002824,CLI-00010,PRD-0140,tienda_sur,4,117.83,0,471.32,efectivo,completada,2026-03-28 03:17:18,zona_b
VS-0002825,CLI-00044,PRD-0057,tienda_sur,6,358.8,10,2152.8,tarjeta,completada,2026-02-22 03:15:10,zona_b
VS-0002826,CLI-02715,PRD-0159,tienda_sur,5,1128.82,0,5644.1,tarjeta,completada,2026-02-15 03:19:05,zona_c
VS-0002827,CLI-01501,PRD-0103,tienda_sur,8,338.06,10,2704.48,tarjeta,completada,2026-03-18 16:08:59,zona_c
VS-0002828,CLI-01684,PRD-0001,tienda_sur,6,323.26,15,1939.56,efectivo,completada,2026-03-11 05:42:52,zona_b
VS-0002829,CLI-01404,PRD-0075,tienda_sur,6,68.14,0,408.84,tarjeta,completada,2026-01-07 07:54:19,zona_a
VS-0002830,CLI-00939,PRD-0116,tienda_sur,4,8.75,5,35.0,yape,completada,2026-03-11 18:40:16,zona_a
VS-0002831,CLI-00130,PRD-0137,tienda_sur,4,131.59,0,526.36,tarjeta,pendiente,2026-03-09 08:12:35,zona_d
VS-0002832,CLI-02380,PRD-0090,tienda_sur,5,12.01,0,60.05,yape,completada,2026-03-12 20:40:30,zona_d
VS-0002833,CLI-01443,PRD-0093,tienda_sur,5,901.82,0,4509.1,transferencia,completada,2026-03-21 13:24:47,zona_a
VS-0002834,CLI-02598,PRD-0069,tienda_sur,2,55.23,0,110.46,efectivo,completada,2026-02-18 22:01:20,zona_a
VS-0002835,CLI-02872,PRD-0020,tienda_sur,5,325.09,0,1625.45,yape,completada,2026-02-25 12:23:10,zona_d
VS-0002836,CLI-02389,PRD-0144,tienda_sur,4,66.37,15,265.48,tarjeta,completada,2026-02-11 07:03:12,zona_d
VS-0002837,CLI-02740,PRD-0067,tienda_sur,2,96.38,5,192.76,efectivo,completada,2026-03-04 05:26:39,zona_d
VS-0002838,CLI-02642,PRD-0096,tienda_sur,5,74.19,5,370.95,yape,completada,2026-02-06 04:08:23,zona_c
VS-0002839,CLI-02506,PRD-0103,tienda_sur,4,281.72,25,1126.88,yape,completada,2026-02-01 13:41:21,zona_b
VS-0002840,CLI-02517,PRD-0102,tienda_sur,1,74.67,0,74.67,tarjeta,completada,2026-02-19 14:48:14,zona_a
VS-0002841,CLI-01783,PRD-0099,tienda_sur,2,342.59,5,685.18,efectivo,completada,2026-03-10 13:40:50,zona_c
VS-0002842,CLI-02756,PRD-0180,tienda_sur,7,16.31,0,114.17,efectivo,completada,2026-01-29 11:03:17,zona_b
VS-0002843,CLI-00212,PRD-0145,tienda_sur,3,340.64,0,1021.92,tarjeta,completada,2026-03-19 15:02:08,zona_c
VS-0002844,CLI-01628,PRD-0008,tienda_sur,8,1107.3,0,8858.4,yape,completada,2026-03-20 23:12:44,zona_a
VS-0002845,CLI-01918,PRD-0027,tienda_sur,6,23.0,25,138.0,tarjeta,completada,2026-02-05 01:56:42,zona_c
VS-0002846,CLI-01309,PRD-0173,tienda_sur,6,150.05,15,900.3,yape,completada,2026-03-08 04:00:05,zona_b
VS-0002847,CLI-01286,PRD-0100,tienda_sur,4,344.59,5,1378.36,yape,completada,2026-02-19 05:09:56,zona_b
VS-0002848,CLI-00766,PRD-0007,tienda_sur,2,18.87,5,37.74,tarjeta,completada,2026-01-09 23:12:14,zona_c
VS-0002849,CLI-00602,PRD-0154,tienda_sur,8,38.26,20,306.08,yape,completada,2026-03-28 13:00:41,zona_a
VS-0002850,CLI-02528,PRD-0110,tienda_sur,8,208.82,0,1670.56,tarjeta,completada,2026-01-18 13:42:26,zona_d
VS-0002851,CLI-00863,PRD-0131,tienda_sur,8,311.16,10,2489.28,tarjeta,completada,2026-01-29 17:31:35,zona_a
VS-0002852,CLI-02300,PRD-0003,tienda_sur,8,176.5,0,1412.0,transferencia,devuelta,2026-02-26 18:07:08,zona_d
VS-0002853,CLI-00131,PRD-0169,tienda_sur,6,1064.16,0,6384.96,tarjeta,completada,2026-03-29 16:49:10,zona_b
VS-0002854,CLI-01387,PRD-0031,tienda_sur,6,279.72,10,1678.32,tarjeta,completada,2026-02-06 15:22:47,zona_b
VS-0002855,CLI-01047,PRD-0077,tienda_sur,8,50.84,15,406.72,transferencia,completada,2026-03-19 00:01:14,zona_d
VS-0002856,CLI-01835,PRD-0186,tienda_sur,7,72.35,5,506.45,efectivo,pendiente,2026-02-23 00:25:28,zona_a
VS-0002857,CLI-00324,PRD-0015,tienda_sur,6,45.87,20,275.22,tarjeta,completada,2026-01-18 08:16:24,zona_b
VS-0002858,CLI-00222,PRD-0118,tienda_sur,2,45.25,15,90.5,efectivo,completada,2026-03-10 03:54:13,zona_b
VS-0002859,CLI-01418,PRD-0092,tienda_sur,2,1104.14,5,2208.28,yape,completada,2026-01-07 21:50:13,zona_c
VS-0002860,CLI-02569,PRD-0187,tienda_sur,7,23.47,10,164.29,tarjeta,completada,2026-01-10 21:26:49,zona_b
VS-0002861,CLI-00076,PRD-0121,tienda_sur,7,881.74,0,6172.18,transferencia,completada,2026-01-27 05:10:26,zona_a
VS-0002862,CLI-00597,PRD-0029,tienda_sur,1,95.54,5,95.54,tarjeta,completada,2026-01-01 00:43:24,zona_d
VS-0002863,CLI-00591,PRD-0016,tienda_sur,3,180.2,10,540.6,yape,completada,2026-01-17 15:33:04,zona_c
VS-0002864,CLI-01160,PRD-0124,tienda_sur,3,154.82,10,464.46,tarjeta,completada,2026-03-24 15:35:18,zona_d
VS-0002865,CLI-02601,PRD-0097,tienda_sur,7,135.02,20,945.14,tarjeta,completada,2026-02-24 02:43:13,zona_c
VS-0002866,CLI-02480,PRD-0001,tienda_sur,8,285.23,25,2281.84,tarjeta,completada,2026-03-02 16:54:48,zona_d
VS-0002867,CLI-01545,PRD-0030,tienda_sur,3,197.47,20,592.41,tarjeta,pendiente,2026-02-14 01:09:22,zona_d
VS-0002868,CLI-00673,PRD-0045,tienda_sur,5,33.44,10,167.2,tarjeta,completada,2026-03-21 23:07:51,zona_d
VS-0002869,CLI-00109,PRD-0040,tienda_sur,8,171.54,0,1372.32,transferencia,devuelta,2026-01-01 22:11:54,zona_c
VS-0002870,CLI-01962,PRD-0049,tienda_sur,5,1047.28,0,5236.4,tarjeta,completada,2026-02-17 23:52:16,zona_a
VS-0002871,CLI-00124,PRD-0166,tienda_sur,3,417.64,15,1252.92,transferencia,completada,2026-02-09 17:16:10,zona_b
VS-0002872,CLI-00232,PRD-0019,tienda_sur,6,290.02,0,1740.12,efectivo,completada,2026-02-07 13:34:51,zona_d
VS-0002873,CLI-02783,PRD-0170,tienda_sur,8,89.41,20,715.28,efectivo,completada,2026-02-21 05:52:27,zona_c
VS-0002874,CLI-02191,PRD-0029,tienda_sur,7,95.54,5,668.78,tarjeta,completada,2026-03-08 17:35:34,zona_a
VS-0002875,CLI-02822,PRD-0199,tienda_sur,7,375.09,0,2625.63,tarjeta,completada,2026-03-22 09:04:17,zona_a
VS-0002876,CLI-01591,PRD-0155,tienda_sur,5,124.29,10,621.45,transferencia,completada,2026-01-18 19:07:36,zona_d
VS-0002877,CLI-02451,PRD-0145,tienda_sur,1,289.54,15,289.54,tarjeta,completada,2026-02-25 01:47:26,zona_b
VS-0002878,CLI-01181,PRD-0078,tienda_sur,1,54.94,0,54.94,efectivo,devuelta,2026-03-06 11:44:54,zona_b
VS-0002879,CLI-01024,PRD-0020,tienda_sur,1,292.58,10,292.58,yape,completada,2026-01-18 13:27:24,zona_c
VS-0002880,CLI-02074,PRD-0113,tienda_sur,7,155.06,5,1085.42,tarjeta,devuelta,2026-01-12 16:25:39,zona_c
VS-0002881,CLI-02040,PRD-0166,tienda_sur,4,417.64,15,1670.56,tarjeta,completada,2026-02-22 16:57:28,zona_a
VS-0002882,CLI-00403,PRD-0061,tienda_sur,6,771.58,10,4629.48,efectivo,completada,2026-01-28 20:25:49,zona_a
VS-0002883,CLI-01846,PRD-0153,tienda_sur,2,1181.19,0,2362.38,tarjeta,completada,2026-01-09 19:46:34,zona_c
VS-0002884,CLI-02367,PRD-0182,tienda_sur,8,116.18,0,929.44,transferencia,completada,2026-01-01 05:49:08,zona_a
VS-0002885,CLI-00859,PRD-0166,tienda_sur,4,466.77,5,1867.08,tarjeta,completada,2026-03-28 15:45:31,zona_c
VS-0002886,CLI-01235,PRD-0096,tienda_sur,6,70.28,10,421.68,tarjeta,completada,2026-03-18 11:24:07,zona_c
VS-0002887,CLI-00817,PRD-0061,tienda_sur,1,857.31,0,857.31,tarjeta,completada,2026-01-27 13:42:53,zona_b
VS-0002888,CLI-01733,PRD-0077,tienda_sur,6,56.82,5,340.92,transferencia,completada,2026-02-16 02:15:40,zona_b
VS-0002889,CLI-00952,PRD-0102,tienda_sur,6,74.67,0,448.02,efectivo,completada,2026-03-12 10:16:10,zona_c
VS-0002890,CLI-02979,PRD-0186,tienda_sur,5,64.74,15,323.7,efectivo,completada,2026-02-21 21:37:56,zona_d
VS-0002891,CLI-02035,PRD-0145,tienda_sur,5,340.64,0,1703.2,transferencia,completada,2026-01-11 21:42:40,zona_c
VS-0002892,CLI-00962,PRD-0139,tienda_sur,3,18.66,0,55.98,tarjeta,completada,2026-01-08 02:40:17,zona_c
VS-0002893,CLI-01133,PRD-0191,tienda_sur,6,173.53,0,1041.18,efectivo,completada,2026-01-03 12:30:42,zona_a
VS-0002894,CLI-00802,PRD-0077,tienda_sur,8,47.85,20,382.8,transferencia,completada,2026-01-10 09:16:09,zona_d
VS-0002895,CLI-01905,PRD-0179,tienda_sur,6,369.64,5,2217.84,tarjeta,devuelta,2026-01-10 06:03:53,zona_c
VS-0002896,CLI-01303,PRD-0066,tienda_sur,1,737.18,10,737.18,transferencia,devuelta,2026-01-20 00:15:41,zona_a
VS-0002897,CLI-01996,PRD-0152,tienda_sur,3,94.91,5,284.73,transferencia,completada,2026-03-31 14:41:59,zona_b
VS-0002898,CLI-00044,PRD-0120,tienda_sur,7,246.96,15,1728.72,tarjeta,completada,2026-02-28 00:04:23,zona_a
VS-0002899,CLI-02164,PRD-0029,tienda_sur,5,90.51,10,452.55,yape,completada,2026-03-29 16:52:22,zona_c
VS-0002900,CLI-02918,PRD-0100,tienda_sur,7,362.73,0,2539.11,tarjeta,completada,2026-03-12 04:15:28,zona_b
VS-0002901,CLI-01928,PRD-0083,tienda_sur,2,88.08,5,176.16,yape,completada,2026-03-27 08:48:45,zona_b
VS-0002902,CLI-00852,PRD-0125,tienda_sur,3,313.28,0,939.84,efectivo,completada,2026-02-18 16:57:50,zona_c
VS-0002903,CLI-00448,PRD-0014,tienda_sur,8,284.02,10,2272.16,transferencia,devuelta,2026-01-12 22:26:08,zona_d
VS-0002904,CLI-00410,PRD-0139,tienda_sur,4,14.93,20,59.72,tarjeta,completada,2026-03-22 21:00:17,zona_a
VS-0002905,CLI-00880,PRD-0044,tienda_sur,7,105.96,0,741.72,yape,completada,2026-03-12 14:04:34,zona_d
VS-0002906,CLI-01258,PRD-0087,tienda_sur,1,35.47,10,35.47,transferencia,completada,2026-02-28 18:46:15,zona_a
VS-0002907,CLI-02308,PRD-0182,tienda_sur,4,104.56,10,418.24,tarjeta,devuelta,2026-03-23 10:09:59,zona_d
VS-0002908,CLI-02473,PRD-0014,tienda_sur,8,315.58,0,2524.64,tarjeta,completada,2026-01-03 06:44:27,zona_a
VS-0002909,CLI-00872,PRD-0097,tienda_sur,6,168.78,0,1012.68,yape,devuelta,2026-03-26 21:36:15,zona_d
VS-0002910,CLI-02253,PRD-0183,tienda_sur,6,43.44,5,260.64,tarjeta,completada,2026-03-16 04:57:00,zona_a
VS-0002911,CLI-01092,PRD-0162,tienda_sur,5,84.67,0,423.35,efectivo,completada,2026-01-14 23:52:53,zona_d
VS-0002912,CLI-01429,PRD-0052,tienda_sur,4,313.06,20,1252.24,tarjeta,completada,2026-03-31 14:33:58,zona_d
VS-0002913,CLI-00687,PRD-0171,tienda_sur,1,30.71,0,30.71,efectivo,completada,2026-03-08 12:30:38,zona_d
VS-0002914,CLI-01195,PRD-0093,tienda_sur,8,901.82,0,7214.56,yape,completada,2026-02-08 10:05:41,zona_d
VS-0002915,CLI-01154,PRD-0150,tienda_sur,3,820.22,0,2460.66,tarjeta,pendiente,2026-01-17 02:02:28,zona_b
VS-0002916,CLI-02132,PRD-0174,tienda_sur,4,300.93,5,1203.72,tarjeta,completada,2026-03-29 20:44:13,zona_d
VS-0002917,CLI-02891,PRD-0004,tienda_sur,5,51.2,5,256.0,tarjeta,completada,2026-03-25 21:39:23,zona_a
VS-0002918,CLI-02300,PRD-0014,tienda_sur,1,299.8,5,299.8,tarjeta,completada,2026-01-24 00:25:36,zona_a
VS-0002919,CLI-01922,PRD-0121,tienda_sur,6,881.74,0,5290.44,yape,completada,2026-03-29 02:26:26,zona_a
VS-0002920,CLI-02538,PRD-0185,tienda_sur,5,178.75,0,893.75,efectivo,completada,2026-03-26 01:38:50,zona_c
VS-0002921,CLI-00690,PRD-0014,tienda_sur,4,236.69,25,946.76,transferencia,completada,2026-03-06 19:23:13,zona_a
VS-0002922,CLI-00171,PRD-0177,tienda_sur,5,852.94,20,4264.7,tarjeta,completada,2026-02-01 01:34:18,zona_d
VS-0002923,CLI-02794,PRD-0118,tienda_sur,5,45.25,15,226.25,tarjeta,completada,2026-02-19 14:56:15,zona_d
VS-0002924,CLI-01564,PRD-0130,tienda_sur,3,395.01,0,1185.03,tarjeta,devuelta,2026-03-27 00:08:05,zona_c
VS-0002925,CLI-01513,PRD-0087,tienda_sur,1,39.41,0,39.41,transferencia,devuelta,2026-03-06 16:13:20,zona_c
VS-0002926,CLI-00664,PRD-0095,tienda_sur,4,50.05,0,200.2,efectivo,completada,2026-01-31 17:06:30,zona_d
VS-0002927,CLI-00564,PRD-0098,tienda_sur,8,793.19,0,6345.52,tarjeta,completada,2026-02-15 06:55:45,zona_c
VS-0002928,CLI-01907,PRD-0126,tienda_sur,6,782.42,25,4694.52,transferencia,completada,2026-03-24 09:59:54,zona_c
VS-0002929,CLI-00010,PRD-0139,tienda_sur,8,18.66,0,149.28,tarjeta,completada,2026-03-19 03:39:37,zona_d
VS-0002930,CLI-02894,PRD-0074,tienda_sur,6,85.2,15,511.2,tarjeta,completada,2026-02-13 13:58:58,zona_c
VS-0002931,CLI-02089,PRD-0181,tienda_sur,2,90.38,15,180.76,efectivo,completada,2026-01-01 02:13:57,zona_a
VS-0002932,CLI-00977,PRD-0143,tienda_sur,5,21.27,5,106.35,tarjeta,completada,2026-03-11 19:15:49,zona_c
VS-0002933,CLI-00992,PRD-0132,tienda_sur,3,493.71,25,1481.13,transferencia,completada,2026-01-04 16:50:49,zona_c
VS-0002934,CLI-02896,PRD-0176,tienda_sur,2,63.97,10,127.94,efectivo,completada,2026-01-25 04:06:35,zona_b
VS-0002935,CLI-00608,PRD-0200,tienda_sur,5,33.95,0,169.75,efectivo,completada,2026-02-01 16:15:16,zona_d
VS-0002936,CLI-01763,PRD-0017,tienda_sur,7,665.99,10,4661.93,transferencia,completada,2026-02-07 18:29:54,zona_d
VS-0002937,CLI-00983,PRD-0152,tienda_sur,6,94.91,5,569.46,yape,completada,2026-03-10 11:17:03,zona_c
VS-0002938,CLI-01546,PRD-0022,tienda_sur,1,58.01,10,58.01,yape,completada,2026-01-29 07:28:03,zona_d
VS-0002939,CLI-00386,PRD-0086,tienda_sur,7,17.6,0,123.2,yape,completada,2026-03-29 12:25:51,zona_b
VS-0002940,CLI-01451,PRD-0186,tienda_sur,6,76.16,0,456.96,yape,completada,2026-01-02 21:24:46,zona_a
VS-0002941,CLI-01876,PRD-0001,tienda_sur,3,380.31,0,1140.93,tarjeta,completada,2026-01-02 23:07:24,zona_a
VS-0002942,CLI-01707,PRD-0038,tienda_sur,5,33.41,20,167.05,efectivo,completada,2026-02-16 06:32:32,zona_d
VS-0002943,CLI-01520,PRD-0073,tienda_sur,1,61.22,10,61.22,tarjeta,completada,2026-01-07 08:47:08,zona_d
VS-0002944,CLI-02234,PRD-0106,tienda_sur,8,210.29,10,1682.32,tarjeta,completada,2026-02-24 10:32:19,zona_a
VS-0002945,CLI-00596,PRD-0053,tienda_sur,5,4.14,20,20.7,transferencia,completada,2026-03-02 21:39:06,zona_a
VS-0002946,CLI-00520,PRD-0079,tienda_sur,5,291.31,0,1456.55,transferencia,completada,2026-03-16 22:27:50,zona_d
VS-0002947,CLI-00360,PRD-0195,tienda_sur,1,155.94,10,155.94,tarjeta,completada,2026-03-06 12:20:04,zona_b
VS-0002948,CLI-00741,PRD-0118,tienda_sur,3,47.91,10,143.73,efectivo,completada,2026-03-13 12:35:05,zona_a
VS-0002949,CLI-01112,PRD-0139,tienda_sur,6,16.79,10,100.74,efectivo,completada,2026-02-21 15:40:53,zona_b
VS-0002950,CLI-00191,PRD-0122,tienda_sur,5,199.61,20,998.05,tarjeta,completada,2026-03-21 00:18:36,zona_c
VS-0002951,CLI-02785,PRD-0040,tienda_sur,7,145.81,15,1020.67,efectivo,completada,2026-03-28 12:21:55,zona_d
VS-0002952,CLI-02369,PRD-0122,tienda_sur,3,237.03,5,711.09,tarjeta,completada,2026-01-12 06:21:38,zona_a
VS-0002953,CLI-01000,PRD-0089,tienda_sur,8,62.06,10,496.48,yape,completada,2026-01-28 23:24:06,zona_b
VS-0002954,CLI-00649,PRD-0046,tienda_sur,7,290.21,20,2031.47,efectivo,devuelta,2026-03-17 09:39:00,zona_d
VS-0002955,CLI-01479,PRD-0071,tienda_sur,6,67.52,5,405.12,efectivo,completada,2026-03-08 05:14:49,zona_d
VS-0002956,CLI-00637,PRD-0105,tienda_sur,7,78.57,0,549.99,tarjeta,completada,2026-02-13 19:31:05,zona_a
VS-0002957,CLI-00281,PRD-0079,tienda_sur,4,233.05,20,932.2,efectivo,pendiente,2026-01-31 18:36:28,zona_a
VS-0002958,CLI-00153,PRD-0166,tienda_sur,1,466.77,5,466.77,tarjeta,completada,2026-01-04 09:33:02,zona_b
VS-0002959,CLI-00021,PRD-0098,tienda_sur,1,753.53,5,753.53,transferencia,completada,2026-01-31 16:22:57,zona_c
VS-0002960,CLI-01132,PRD-0096,tienda_sur,3,70.28,10,210.84,yape,completada,2026-02-15 00:21:36,zona_d
VS-0002961,CLI-02411,PRD-0170,tienda_sur,3,83.82,25,251.46,yape,devuelta,2026-01-02 10:20:51,zona_d
VS-0002962,CLI-01735,PRD-0163,tienda_sur,1,88.02,5,88.02,transferencia,completada,2026-02-04 03:34:43,zona_b
VS-0002963,CLI-01071,PRD-0060,tienda_sur,5,139.14,0,695.7,transferencia,completada,2026-02-28 20:09:34,zona_a
VS-0002964,CLI-01569,PRD-0131,tienda_sur,7,276.58,20,1936.06,tarjeta,completada,2026-01-08 20:59:53,zona_b
VS-0002965,CLI-01977,PRD-0083,tienda_sur,5,92.72,0,463.6,tarjeta,completada,2026-01-27 04:51:50,zona_d
VS-0002966,CLI-02043,PRD-0032,tienda_sur,4,125.82,5,503.28,tarjeta,completada,2026-02-21 11:45:06,zona_d
VS-0002967,CLI-02076,PRD-0077,tienda_sur,2,56.82,5,113.64,tarjeta,completada,2026-01-31 13:09:18,zona_b
VS-0002968,CLI-00421,PRD-0174,tienda_sur,3,316.77,0,950.31,tarjeta,completada,2026-01-05 17:22:04,zona_a
VS-0002969,CLI-01874,PRD-0162,tienda_sur,8,71.97,15,575.76,tarjeta,completada,2026-01-17 18:32:34,zona_a
VS-0002970,CLI-01303,PRD-0011,tienda_sur,3,64.06,15,192.18,tarjeta,completada,2026-02-24 14:17:53,zona_c
VS-0002971,CLI-01439,PRD-0066,tienda_sur,6,778.14,5,4668.84,tarjeta,completada,2026-03-25 12:49:40,zona_a
VS-0002972,CLI-01453,PRD-0131,tienda_sur,7,276.58,20,1936.06,yape,completada,2026-02-05 17:04:00,zona_a
VS-0002973,CLI-01965,PRD-0052,tienda_sur,5,352.2,10,1761.0,yape,completada,2026-03-19 03:20:34,zona_b
VS-0002974,CLI-00230,PRD-0134,tienda_sur,7,97.62,0,683.34,transferencia,completada,2026-02-11 08:02:11,zona_c
VS-0002975,CLI-00887,PRD-0033,tienda_sur,7,591.85,15,4142.95,transferencia,devuelta,2026-02-12 12:37:33,zona_a
VS-0002976,CLI-02360,PRD-0180,tienda_sur,3,16.31,0,48.93,efectivo,pendiente,2026-03-28 08:21:08,zona_d
VS-0002977,CLI-01453,PRD-0120,tienda_sur,1,276.01,5,276.01,efectivo,completada,2026-03-12 08:30:50,zona_a
VS-0002978,CLI-01673,PRD-0094,tienda_sur,3,38.77,0,116.31,yape,completada,2026-02-08 11:25:05,zona_b
VS-0002979,CLI-02830,PRD-0123,tienda_sur,4,40.34,0,161.36,transferencia,completada,2026-03-09 15:53:55,zona_a
VS-0002980,CLI-02529,PRD-0106,tienda_sur,6,233.66,0,1401.96,yape,completada,2026-01-03 23:29:03,zona_d
VS-0002981,CLI-00916,PRD-0070,tienda_sur,2,508.33,0,1016.66,transferencia,completada,2026-03-24 16:40:24,zona_b
VS-0002982,CLI-00920,PRD-0070,tienda_sur,8,381.25,25,3050.0,tarjeta,completada,2026-03-21 05:25:50,zona_b
VS-0002983,CLI-00679,PRD-0029,tienda_sur,1,85.48,15,85.48,efectivo,completada,2026-01-04 01:26:16,zona_d
VS-0002984,CLI-01104,PRD-0023,tienda_sur,8,58.31,10,466.48,tarjeta,completada,2026-03-02 22:56:05,zona_a
VS-0002985,CLI-02899,PRD-0147,tienda_sur,7,49.96,0,349.72,efectivo,devuelta,2026-01-14 18:59:07,zona_a
VS-0002986,CLI-01470,PRD-0005,tienda_sur,8,201.91,5,1615.28,yape,completada,2026-01-21 10:46:53,zona_d
VS-0002987,CLI-02387,PRD-0138,tienda_sur,1,146.2,0,146.2,tarjeta,completada,2026-02-02 13:16:28,zona_c
VS-0002988,CLI-01697,PRD-0076,tienda_sur,4,108.71,20,434.84,transferencia,completada,2026-02-14 11:42:22,zona_b
VS-0002989,CLI-01325,PRD-0019,tienda_sur,6,290.02,0,1740.12,transferencia,completada,2026-01-15 07:20:46,zona_b
VS-0002990,CLI-00783,PRD-0093,tienda_sur,2,811.64,10,1623.28,tarjeta,completada,2026-03-31 06:42:25,zona_c
VS-0002991,CLI-00944,PRD-0144,tienda_sur,6,74.18,5,445.08,transferencia,completada,2026-01-18 16:08:10,zona_b
VS-0002992,CLI-01614,PRD-0051,tienda_sur,8,279.19,15,2233.52,transferencia,devuelta,2026-02-13 02:41:14,zona_b
VS-0002993,CLI-00797,PRD-0167,tienda_sur,7,143.12,10,1001.84,yape,completada,2026-01-23 23:59:01,zona_a
VS-0002994,CLI-01961,PRD-0007,tienda_sur,1,17.87,10,17.87,tarjeta,devuelta,2026-01-25 19:41:46,zona_a
VS-0002995,CLI-02711,PRD-0147,tienda_sur,5,42.47,15,212.35,tarjeta,completada,2026-02-26 02:27:10,zona_a
VS-0002996,CLI-00096,PRD-0032,tienda_sur,6,132.44,0,794.64,yape,completada,2026-01-07 02:29:25,zona_c
VS-0002997,CLI-00436,PRD-0197,tienda_sur,8,37.2,20,297.6,efectivo,completada,2026-01-23 03:44:29,zona_a
VS-0002998,CLI-00339,PRD-0036,tienda_sur,5,43.1,0,215.5,yape,completada,2026-02-02 14:14:50,zona_b
VS-0002999,CLI-02381,PRD-0134,tienda_sur,5,97.62,0,488.1,efectivo,completada,2026-03-06 08:14:22,zona_c
VS-0003000,CLI-02520,PRD-0164,tienda_sur,3,339.59,0,1018.77,efectivo,completada,2026-03-17 07:04:57,zona_d
VS-0003001,CLI-02568,PRD-0066,tienda_sur,1,819.09,0,819.09,tarjeta,completada,2026-03-02 04:02:41,zona_d
VS-0003002,CLI-00686,PRD-0157,tienda_sur,6,215.39,20,1292.34,yape,completada,2026-02-27 08:55:07,zona_c
VS-0003003,CLI-00899,PRD-0142,tienda_sur,3,103.08,15,309.24,tarjeta,completada,2026-01-16 20:53:19,zona_c
VS-0003004,CLI-02589,PRD-0194,tienda_sur,1,167.12,5,167.12,tarjeta,completada,2026-01-27 07:24:41,zona_c
VS-0003005,CLI-00545,PRD-0045,tienda_sur,1,37.15,0,37.15,tarjeta,completada,2026-01-12 05:34:48,zona_a
VS-0003006,CLI-02190,PRD-0153,tienda_sur,1,1063.07,10,1063.07,yape,completada,2026-02-18 13:46:49,zona_d
VS-0003007,CLI-01796,PRD-0174,tienda_sur,2,316.77,0,633.54,yape,completada,2026-01-13 09:33:13,zona_a
VS-0003008,CLI-02048,PRD-0009,tienda_sur,8,42.18,10,337.44,tarjeta,completada,2026-02-25 21:45:11,zona_a
VS-0003009,CLI-02758,PRD-0066,tienda_sur,5,655.27,20,3276.35,efectivo,completada,2026-03-22 03:32:41,zona_b
VS-0003010,CLI-00241,PRD-0061,tienda_sur,7,814.44,5,5701.08,efectivo,pendiente,2026-01-12 04:15:28,zona_b
VS-0003011,CLI-01090,PRD-0112,tienda_sur,4,273.86,5,1095.44,transferencia,completada,2026-01-26 23:30:41,zona_a
VS-0003012,CLI-00456,PRD-0059,tienda_sur,8,145.94,0,1167.52,transferencia,completada,2026-03-27 01:54:55,zona_a
VS-0003013,CLI-01654,PRD-0150,tienda_sur,3,820.22,0,2460.66,efectivo,completada,2026-02-06 22:43:19,zona_c
VS-0003014,CLI-00237,PRD-0156,tienda_sur,2,94.72,0,189.44,tarjeta,completada,2026-01-17 18:38:24,zona_a
VS-0003015,CLI-01903,PRD-0011,tienda_sur,6,71.6,5,429.6,yape,completada,2026-01-20 09:41:37,zona_c
VS-0003016,CLI-02148,PRD-0058,tienda_sur,8,131.65,25,1053.2,tarjeta,completada,2026-01-15 06:21:23,zona_c
VS-0003017,CLI-01131,PRD-0035,tienda_sur,4,108.66,0,434.64,efectivo,completada,2026-01-09 16:01:28,zona_c
VS-0003018,CLI-00322,PRD-0057,tienda_sur,7,398.67,0,2790.69,tarjeta,completada,2026-01-22 09:23:44,zona_b
VS-0003019,CLI-02940,PRD-0019,tienda_sur,6,246.52,15,1479.12,efectivo,completada,2026-02-06 01:36:10,zona_c
VS-0003020,CLI-01813,PRD-0162,tienda_sur,4,84.67,0,338.68,tarjeta,completada,2026-03-05 00:46:24,zona_d
VS-0003021,CLI-01717,PRD-0083,tienda_sur,6,88.08,5,528.48,tarjeta,completada,2026-01-03 12:17:52,zona_d
VS-0003022,CLI-01904,PRD-0126,tienda_sur,1,1043.23,0,1043.23,tarjeta,completada,2026-02-24 07:47:32,zona_a
VS-0003023,CLI-01467,PRD-0015,tienda_sur,1,54.47,5,54.47,yape,completada,2026-02-22 12:01:36,zona_b
VS-0003024,CLI-00747,PRD-0120,tienda_sur,4,261.49,10,1045.96,yape,completada,2026-02-06 17:47:20,zona_b
VS-0003025,CLI-01753,PRD-0151,tienda_sur,4,122.91,20,491.64,tarjeta,devuelta,2026-02-14 10:41:02,zona_b
VS-0003026,CLI-01741,PRD-0037,tienda_sur,3,60.26,20,180.78,tarjeta,completada,2026-02-03 03:42:45,zona_a
VS-0003027,CLI-00280,PRD-0125,tienda_sur,5,313.28,0,1566.4,efectivo,completada,2026-01-21 19:16:42,zona_d
VS-0003028,CLI-01979,PRD-0169,tienda_sur,5,957.74,10,4788.7,transferencia,pendiente,2026-01-26 10:21:26,zona_b
VS-0003029,CLI-00328,PRD-0041,tienda_sur,8,170.99,0,1367.92,yape,devuelta,2026-03-27 10:28:25,zona_c
VS-0003030,CLI-01787,PRD-0089,tienda_sur,4,62.06,10,248.24,efectivo,completada,2026-02-20 08:44:15,zona_d
VS-0003031,CLI-01150,PRD-0155,tienda_sur,5,138.1,0,690.5,yape,completada,2026-03-23 00:23:35,zona_d
VS-0003032,CLI-01141,PRD-0172,tienda_sur,4,121.81,15,487.24,tarjeta,completada,2026-01-19 09:34:09,zona_b
VS-0003033,CLI-00149,PRD-0044,tienda_sur,7,105.96,0,741.72,efectivo,devuelta,2026-02-17 13:47:25,zona_b
VS-0003034,CLI-01015,PRD-0160,tienda_sur,3,46.94,0,140.82,yape,completada,2026-01-28 18:02:26,zona_a
VS-0003035,CLI-02141,PRD-0003,tienda_sur,3,141.2,20,423.6,yape,completada,2026-03-10 15:03:05,zona_d
VS-0003036,CLI-02975,PRD-0110,tienda_sur,2,208.82,0,417.64,tarjeta,completada,2026-02-21 23:11:03,zona_b
VS-0003037,CLI-00225,PRD-0047,tienda_sur,4,243.07,0,972.28,tarjeta,completada,2026-02-17 03:11:29,zona_a
VS-0003038,CLI-02140,PRD-0082,tienda_sur,8,303.1,0,2424.8,yape,completada,2026-01-20 11:44:58,zona_d
VS-0003039,CLI-01254,PRD-0017,tienda_sur,1,702.99,5,702.99,efectivo,pendiente,2026-01-30 10:37:26,zona_d
VS-0003040,CLI-01598,PRD-0168,tienda_sur,8,302.83,0,2422.64,yape,completada,2026-02-16 16:44:20,zona_a
VS-0003041,CLI-01443,PRD-0183,tienda_sur,6,38.87,15,233.22,efectivo,completada,2026-03-25 13:00:37,zona_c
VS-0003042,CLI-00183,PRD-0017,tienda_sur,3,739.99,0,2219.97,tarjeta,completada,2026-03-04 19:12:12,zona_c
VS-0003043,CLI-01556,PRD-0007,tienda_sur,4,19.86,0,79.44,yape,completada,2026-02-17 05:24:32,zona_c
VS-0003044,CLI-01745,PRD-0145,tienda_sur,3,323.61,5,970.83,yape,completada,2026-01-17 19:13:13,zona_a
VS-0003045,CLI-02706,PRD-0024,tienda_sur,8,128.93,5,1031.44,tarjeta,completada,2026-02-13 22:25:11,zona_b
VS-0003046,CLI-02053,PRD-0085,tienda_sur,4,111.29,5,445.16,transferencia,completada,2026-03-02 07:36:17,zona_b
VS-0003047,CLI-00004,PRD-0157,tienda_sur,6,269.24,0,1615.44,tarjeta,devuelta,2026-01-14 14:10:14,zona_a
VS-0003048,CLI-00984,PRD-0092,tienda_sur,3,1162.25,0,3486.75,tarjeta,completada,2026-02-16 01:23:25,zona_d
VS-0003049,CLI-00766,PRD-0087,tienda_sur,1,39.41,0,39.41,tarjeta,completada,2026-03-07 14:55:52,zona_d
VS-0003050,CLI-02126,PRD-0063,tienda_sur,2,215.94,0,431.88,yape,completada,2026-03-15 05:29:19,zona_b
VS-0003051,CLI-01148,PRD-0112,tienda_sur,2,288.27,0,576.54,tarjeta,completada,2026-01-16 02:22:48,zona_b
VS-0003052,CLI-00303,PRD-0190,tienda_sur,6,177.73,25,1066.38,yape,completada,2026-01-29 00:15:13,zona_a
VS-0003053,CLI-02074,PRD-0193,tienda_sur,5,46.6,0,233.0,yape,completada,2026-03-09 08:05:48,zona_c
VS-0003054,CLI-01006,PRD-0127,tienda_sur,3,38.99,5,116.97,yape,completada,2026-01-12 23:48:08,zona_a
VS-0003055,CLI-01406,PRD-0034,tienda_sur,7,104.06,0,728.42,yape,completada,2026-01-31 12:59:57,zona_a
VS-0003056,CLI-01671,PRD-0125,tienda_sur,5,297.62,5,1488.1,tarjeta,completada,2026-01-24 08:00:37,zona_d
VS-0003057,CLI-02276,PRD-0107,tienda_sur,8,52.86,0,422.88,tarjeta,completada,2026-02-17 18:15:58,zona_d
VS-0003058,CLI-01327,PRD-0093,tienda_sur,3,901.82,0,2705.46,tarjeta,completada,2026-02-26 09:25:14,zona_d
VS-0003059,CLI-02855,PRD-0087,tienda_sur,6,31.53,20,189.18,tarjeta,completada,2026-01-18 14:25:55,zona_a
VS-0003060,CLI-02104,PRD-0029,tienda_sur,1,95.54,5,95.54,tarjeta,devuelta,2026-03-27 06:12:18,zona_b
VS-0003061,CLI-01064,PRD-0082,tienda_sur,8,303.1,0,2424.8,yape,completada,2026-03-09 13:09:23,zona_b
VS-0003062,CLI-00491,PRD-0168,tienda_sur,8,227.12,25,1816.96,tarjeta,completada,2026-03-05 20:46:56,zona_b
VS-0003063,CLI-02562,PRD-0032,tienda_sur,5,119.2,10,596.0,efectivo,completada,2026-01-08 17:49:58,zona_c
VS-0003064,CLI-00592,PRD-0013,tienda_sur,1,460.77,0,460.77,yape,completada,2026-03-19 01:14:44,zona_b
VS-0003065,CLI-01495,PRD-0123,tienda_sur,6,36.31,10,217.86,tarjeta,completada,2026-02-05 17:27:35,zona_d
VS-0003066,CLI-02680,PRD-0046,tienda_sur,1,362.76,0,362.76,transferencia,devuelta,2026-03-06 06:38:04,zona_a
VS-0003067,CLI-02386,PRD-0059,tienda_sur,7,145.94,0,1021.58,tarjeta,completada,2026-01-05 16:58:00,zona_b
VS-0003068,CLI-00382,PRD-0176,tienda_sur,8,67.53,5,540.24,efectivo,devuelta,2026-01-02 01:37:38,zona_c
VS-0003069,CLI-00929,PRD-0021,tienda_sur,3,18.21,0,54.63,efectivo,completada,2026-03-27 20:39:15,zona_c
VS-0003070,CLI-02211,PRD-0132,tienda_sur,1,658.28,0,658.28,transferencia,completada,2026-02-13 13:20:52,zona_d
VS-0003071,CLI-01393,PRD-0022,tienda_sur,7,58.01,10,406.07,transferencia,completada,2026-02-27 17:27:16,zona_b
VS-0003072,CLI-01021,PRD-0153,tienda_sur,7,1063.07,10,7441.49,yape,pendiente,2026-03-11 00:04:48,zona_c
VS-0003073,CLI-01095,PRD-0089,tienda_sur,1,55.16,20,55.16,yape,devuelta,2026-02-09 18:28:56,zona_b
VS-0003074,CLI-02626,PRD-0121,tienda_sur,1,793.57,10,793.57,tarjeta,completada,2026-01-24 04:59:13,zona_d
VS-0003075,CLI-00984,PRD-0147,tienda_sur,1,44.96,10,44.96,yape,completada,2026-01-15 07:15:09,zona_b
VS-0003076,CLI-00361,PRD-0120,tienda_sur,4,290.54,0,1162.16,transferencia,completada,2026-02-20 16:45:00,zona_c
VS-0003077,CLI-01271,PRD-0170,tienda_sur,1,106.17,5,106.17,tarjeta,completada,2026-03-02 15:23:34,zona_d
VS-0003078,CLI-01120,PRD-0003,tienda_sur,8,176.5,0,1412.0,yape,completada,2026-02-24 02:35:08,zona_b
VS-0003079,CLI-02329,PRD-0097,tienda_sur,6,143.46,15,860.76,efectivo,completada,2026-01-09 10:57:49,zona_d
VS-0003080,CLI-00384,PRD-0092,tienda_sur,3,1046.03,10,3138.09,tarjeta,completada,2026-03-09 03:45:25,zona_d
VS-0003081,CLI-01787,PRD-0158,tienda_sur,4,230.04,0,920.16,tarjeta,completada,2026-02-15 08:52:16,zona_a
VS-0003082,CLI-01567,PRD-0114,tienda_sur,8,241.51,5,1932.08,transferencia,completada,2026-03-19 18:32:45,zona_c
VS-0003083,CLI-00803,PRD-0022,tienda_sur,1,54.79,15,54.79,tarjeta,completada,2026-01-14 05:28:11,zona_b
VS-0003084,CLI-02037,PRD-0125,tienda_sur,7,313.28,0,2192.96,tarjeta,completada,2026-01-10 23:59:39,zona_d
VS-0003085,CLI-01057,PRD-0145,tienda_sur,4,323.61,5,1294.44,transferencia,devuelta,2026-01-30 03:01:45,zona_d
VS-0003086,CLI-01552,PRD-0031,tienda_sur,6,310.8,0,1864.8,yape,completada,2026-02-13 09:28:06,zona_c
VS-0003087,CLI-01425,PRD-0115,tienda_sur,3,1144.16,0,3432.48,transferencia,completada,2026-03-26 08:28:24,zona_a
VS-0003088,CLI-00546,PRD-0091,tienda_sur,1,49.81,0,49.81,transferencia,completada,2026-02-16 04:12:19,zona_d
VS-0003089,CLI-01367,PRD-0117,tienda_sur,1,139.25,10,139.25,transferencia,devuelta,2026-01-04 21:02:58,zona_a
VS-0003090,CLI-02591,PRD-0061,tienda_sur,2,771.58,10,1543.16,tarjeta,completada,2026-02-10 08:01:18,zona_d
VS-0003091,CLI-00489,PRD-0018,tienda_sur,5,143.21,0,716.05,yape,completada,2026-03-26 19:27:09,zona_a
VS-0003092,CLI-00109,PRD-0086,tienda_sur,5,13.2,25,66.0,tarjeta,completada,2026-02-11 03:21:32,zona_d
VS-0003093,CLI-01092,PRD-0028,tienda_sur,3,8.52,0,25.56,efectivo,completada,2026-03-30 20:49:33,zona_d
VS-0003094,CLI-00039,PRD-0050,tienda_sur,2,10.76,5,21.52,efectivo,completada,2026-01-28 01:17:25,zona_a
VS-0003095,CLI-00651,PRD-0181,tienda_sur,8,106.33,0,850.64,efectivo,completada,2026-03-09 12:00:34,zona_a
VS-0003096,CLI-00679,PRD-0020,tienda_sur,5,276.33,15,1381.65,transferencia,completada,2026-03-18 06:50:49,zona_b
VS-0003097,CLI-00650,PRD-0165,tienda_sur,5,730.54,20,3652.7,yape,completada,2026-01-14 14:58:47,zona_c
VS-0003098,CLI-02566,PRD-0086,tienda_sur,1,15.84,10,15.84,yape,completada,2026-01-08 14:09:23,zona_c
VS-0003099,CLI-02726,PRD-0175,tienda_sur,2,70.76,5,141.52,yape,completada,2026-03-18 09:56:54,zona_b
VS-0003100,CLI-01875,PRD-0146,tienda_sur,8,68.66,20,549.28,yape,completada,2026-01-08 05:37:18,zona_c
VS-0003101,CLI-02752,PRD-0176,tienda_sur,8,56.86,20,454.88,tarjeta,completada,2026-03-25 19:14:31,zona_d
VS-0003102,CLI-01636,PRD-0107,tienda_sur,3,52.86,0,158.58,transferencia,completada,2026-01-08 08:03:14,zona_d
VS-0003103,CLI-02307,PRD-0117,tienda_sur,1,139.25,10,139.25,tarjeta,completada,2026-01-06 12:04:00,zona_a
VS-0003104,CLI-02971,PRD-0040,tienda_sur,1,171.54,0,171.54,transferencia,completada,2026-02-04 18:39:14,zona_b
VS-0003105,CLI-00440,PRD-0053,tienda_sur,8,4.92,5,39.36,tarjeta,completada,2026-01-23 21:26:45,zona_a
VS-0003106,CLI-02864,PRD-0096,tienda_sur,7,66.38,15,464.66,yape,completada,2026-02-19 04:57:53,zona_a
VS-0003107,CLI-00710,PRD-0193,tienda_sur,4,46.6,0,186.4,tarjeta,completada,2026-01-27 23:32:16,zona_d
VS-0003108,CLI-00717,PRD-0172,tienda_sur,2,114.64,20,229.28,yape,completada,2026-02-02 00:09:01,zona_c
VS-0003109,CLI-00204,PRD-0167,tienda_sur,5,135.17,15,675.85,transferencia,completada,2026-01-17 00:25:41,zona_b
VS-0003110,CLI-00778,PRD-0039,tienda_sur,6,54.97,10,329.82,tarjeta,completada,2026-02-18 17:56:53,zona_b
VS-0003111,CLI-01523,PRD-0164,tienda_sur,6,305.63,10,1833.78,yape,completada,2026-03-07 00:26:05,zona_c
VS-0003112,CLI-01407,PRD-0052,tienda_sur,1,391.33,0,391.33,yape,completada,2026-01-07 04:59:04,zona_a
VS-0003113,CLI-01769,PRD-0188,tienda_sur,3,100.11,5,300.33,yape,completada,2026-02-17 14:38:41,zona_d
VS-0003114,CLI-02198,PRD-0181,tienda_sur,8,101.01,5,808.08,tarjeta,completada,2026-02-15 00:10:04,zona_c
VS-0003115,CLI-01527,PRD-0040,tienda_sur,6,162.96,5,977.76,efectivo,completada,2026-02-19 12:27:33,zona_d
VS-0003116,CLI-01486,PRD-0127,tienda_sur,2,38.99,5,77.98,tarjeta,completada,2026-03-11 10:08:31,zona_a
VS-0003117,CLI-02718,PRD-0158,tienda_sur,4,230.04,0,920.16,transferencia,completada,2026-03-12 01:12:42,zona_d
VS-0003118,CLI-02311,PRD-0072,tienda_sur,3,29.39,10,88.17,yape,completada,2026-01-24 09:21:42,zona_b
VS-0003119,CLI-00499,PRD-0128,tienda_sur,8,48.08,5,384.64,transferencia,completada,2026-01-11 09:43:33,zona_d
VS-0003120,CLI-01014,PRD-0040,tienda_sur,8,171.54,0,1372.32,yape,completada,2026-03-21 00:05:15,zona_b
VS-0003121,CLI-02016,PRD-0120,tienda_sur,3,290.54,0,871.62,tarjeta,completada,2026-03-07 09:06:35,zona_b
VS-0003122,CLI-01046,PRD-0031,tienda_sur,3,279.72,10,839.16,transferencia,completada,2026-03-23 11:53:27,zona_a
VS-0003123,CLI-00724,PRD-0075,tienda_sur,8,68.14,0,545.12,tarjeta,completada,2026-02-06 14:23:18,zona_d
VS-0003124,CLI-00448,PRD-0136,tienda_sur,3,93.42,10,280.26,tarjeta,completada,2026-01-26 13:13:38,zona_b
VS-0003125,CLI-01077,PRD-0073,tienda_sur,7,68.02,0,476.14,efectivo,completada,2026-03-05 23:55:39,zona_a
VS-0003126,CLI-02057,PRD-0030,tienda_sur,2,234.5,5,469.0,yape,devuelta,2026-02-06 18:21:44,zona_d
VS-0003127,CLI-00316,PRD-0174,tienda_sur,6,316.77,0,1900.62,yape,completada,2026-02-08 03:37:07,zona_d
VS-0003128,CLI-01630,PRD-0074,tienda_sur,4,100.23,0,400.92,tarjeta,devuelta,2026-03-12 03:15:42,zona_b
VS-0003129,CLI-00959,PRD-0162,tienda_sur,6,84.67,0,508.02,tarjeta,devuelta,2026-02-22 09:37:59,zona_a
VS-0003130,CLI-00408,PRD-0182,tienda_sur,5,116.18,0,580.9,efectivo,pendiente,2026-03-06 23:15:20,zona_d
VS-0003131,CLI-02788,PRD-0093,tienda_sur,5,901.82,0,4509.1,tarjeta,completada,2026-01-29 14:25:26,zona_a
VS-0003132,CLI-02356,PRD-0199,tienda_sur,1,375.09,0,375.09,tarjeta,completada,2026-01-28 11:15:26,zona_b
VS-0003133,CLI-02030,PRD-0022,tienda_sur,4,64.46,0,257.84,yape,completada,2026-03-19 09:14:01,zona_b
VS-0003134,CLI-00398,PRD-0147,tienda_sur,2,39.97,20,79.94,tarjeta,completada,2026-02-01 10:44:48,zona_b
VS-0003135,CLI-00359,PRD-0073,tienda_sur,3,68.02,0,204.06,tarjeta,completada,2026-01-24 18:53:58,zona_c
VS-0003136,CLI-02860,PRD-0152,tienda_sur,3,99.91,0,299.73,tarjeta,completada,2026-01-21 10:20:27,zona_c
VS-0003137,CLI-01596,PRD-0127,tienda_sur,8,41.04,0,328.32,tarjeta,completada,2026-01-05 21:34:10,zona_b
VS-0003138,CLI-00227,PRD-0126,tienda_sur,2,1043.23,0,2086.46,transferencia,completada,2026-02-06 05:25:59,zona_c
VS-0003139,CLI-01370,PRD-0024,tienda_sur,4,135.72,0,542.88,yape,completada,2026-03-26 12:41:43,zona_d
VS-0003140,CLI-00645,PRD-0182,tienda_sur,6,92.94,20,557.64,transferencia,completada,2026-03-19 11:12:29,zona_d
VS-0003141,CLI-01771,PRD-0170,tienda_sur,6,106.17,5,637.02,yape,completada,2026-01-13 09:05:17,zona_a
VS-0003142,CLI-00706,PRD-0067,tienda_sur,7,86.23,15,603.61,efectivo,completada,2026-01-25 13:16:25,zona_b
VS-0003143,CLI-00575,PRD-0158,tienda_sur,6,218.54,5,1311.24,yape,completada,2026-03-02 21:47:05,zona_c
VS-0003144,CLI-02734,PRD-0135,tienda_sur,7,99.05,20,693.35,tarjeta,completada,2026-01-09 17:34:37,zona_d
VS-0003145,CLI-02860,PRD-0128,tienda_sur,6,48.08,5,288.48,yape,devuelta,2026-01-31 06:44:55,zona_d
VS-0003146,CLI-00121,PRD-0057,tienda_sur,3,378.74,5,1136.22,transferencia,completada,2026-01-26 01:13:51,zona_b
VS-0003147,CLI-02075,PRD-0171,tienda_sur,4,27.64,10,110.56,tarjeta,completada,2026-01-04 11:02:29,zona_a
VS-0003148,CLI-00926,PRD-0063,tienda_sur,4,215.94,0,863.76,yape,completada,2026-03-28 01:33:30,zona_d
VS-0003149,CLI-01348,PRD-0141,tienda_sur,7,121.06,15,847.42,yape,completada,2026-01-01 06:48:04,zona_d
VS-0003150,CLI-00885,PRD-0088,tienda_sur,5,59.96,10,299.8,efectivo,completada,2026-03-07 04:21:14,zona_b
VS-0003151,CLI-02618,PRD-0093,tienda_sur,3,811.64,10,2434.92,tarjeta,completada,2026-03-20 12:39:20,zona_d
VS-0003152,CLI-02295,PRD-0021,tienda_sur,7,16.39,10,114.73,yape,completada,2026-02-23 14:26:40,zona_b
VS-0003153,CLI-01527,PRD-0152,tienda_sur,2,79.93,20,159.86,tarjeta,completada,2026-02-16 00:47:17,zona_b
VS-0003154,CLI-00102,PRD-0036,tienda_sur,7,34.48,20,241.36,yape,completada,2026-01-28 02:43:12,zona_c
VS-0003155,CLI-02867,PRD-0173,tienda_sur,6,158.88,10,953.28,transferencia,completada,2026-02-26 15:47:07,zona_b
VS-0003156,CLI-00449,PRD-0192,tienda_sur,6,83.75,10,502.5,yape,devuelta,2026-01-08 19:16:39,zona_c
VS-0003157,CLI-01194,PRD-0130,tienda_sur,4,395.01,0,1580.04,tarjeta,completada,2026-01-28 05:18:47,zona_a
VS-0003158,CLI-00758,PRD-0059,tienda_sur,7,145.94,0,1021.58,tarjeta,completada,2026-01-31 13:06:34,zona_a
VS-0003159,CLI-00316,PRD-0071,tienda_sur,1,56.86,20,56.86,yape,completada,2026-03-13 18:12:33,zona_d
VS-0003160,CLI-00558,PRD-0161,tienda_sur,1,32.06,5,32.06,tarjeta,completada,2026-01-03 02:18:46,zona_a
VS-0003161,CLI-01202,PRD-0021,tienda_sur,1,18.21,0,18.21,transferencia,devuelta,2026-01-08 11:42:14,zona_c
VS-0003162,CLI-01858,PRD-0037,tienda_sur,7,71.55,5,500.85,tarjeta,devuelta,2026-02-25 04:54:37,zona_c
VS-0003163,CLI-02631,PRD-0181,tienda_sur,7,90.38,15,632.66,efectivo,devuelta,2026-01-01 22:24:55,zona_c
VS-0003164,CLI-00550,PRD-0085,tienda_sur,1,117.15,0,117.15,tarjeta,completada,2026-01-16 06:03:56,zona_c
VS-0003165,CLI-00631,PRD-0192,tienda_sur,6,93.06,0,558.36,transferencia,completada,2026-01-19 16:01:36,zona_a
VS-0003166,CLI-00585,PRD-0006,tienda_sur,4,395.52,0,1582.08,efectivo,completada,2026-03-15 23:29:57,zona_c
VS-0003167,CLI-00005,PRD-0100,tienda_sur,8,326.46,10,2611.68,tarjeta,completada,2026-02-25 04:36:38,zona_d
VS-0003168,CLI-02292,PRD-0136,tienda_sur,7,103.8,0,726.6,yape,completada,2026-01-11 15:44:16,zona_d
VS-0003169,CLI-00615,PRD-0086,tienda_sur,2,17.6,0,35.2,tarjeta,completada,2026-03-26 09:16:29,zona_c
VS-0003170,CLI-00287,PRD-0016,tienda_sur,5,180.2,10,901.0,tarjeta,completada,2026-02-03 04:23:31,zona_d
VS-0003171,CLI-00320,PRD-0057,tienda_sur,2,318.94,20,637.88,tarjeta,completada,2026-01-30 16:37:57,zona_d
VS-0003172,CLI-02683,PRD-0177,tienda_sur,8,1012.87,5,8102.96,yape,completada,2026-03-06 00:07:43,zona_b
VS-0003173,CLI-01334,PRD-0077,tienda_sur,7,53.83,10,376.81,yape,completada,2026-03-02 06:44:47,zona_d
VS-0003174,CLI-02460,PRD-0005,tienda_sur,8,201.91,5,1615.28,efectivo,completada,2026-02-13 04:09:03,zona_d
VS-0003175,CLI-00625,PRD-0038,tienda_sur,8,41.76,0,334.08,tarjeta,completada,2026-01-22 02:30:20,zona_a
VS-0003176,CLI-00255,PRD-0183,tienda_sur,8,41.16,10,329.28,yape,completada,2026-02-05 08:47:34,zona_a
VS-0003177,CLI-00535,PRD-0177,tienda_sur,6,1066.18,0,6397.08,tarjeta,completada,2026-01-16 13:30:13,zona_a
VS-0003178,CLI-02757,PRD-0091,tienda_sur,6,39.85,20,239.1,tarjeta,pendiente,2026-01-07 04:51:32,zona_d
VS-0003179,CLI-02677,PRD-0040,tienda_sur,2,137.23,20,274.46,tarjeta,completada,2026-03-03 18:40:07,zona_b
VS-0003180,CLI-00105,PRD-0193,tienda_sur,8,46.6,0,372.8,tarjeta,completada,2026-03-06 06:55:03,zona_c
VS-0003181,CLI-01878,PRD-0045,tienda_sur,3,35.29,5,105.87,yape,completada,2026-01-23 02:44:21,zona_d
VS-0003182,CLI-02893,PRD-0019,tienda_sur,1,275.52,5,275.52,transferencia,completada,2026-02-23 17:17:34,zona_b
VS-0003183,CLI-01348,PRD-0010,tienda_sur,6,132.73,10,796.38,yape,completada,2026-03-16 22:43:02,zona_a
VS-0003184,CLI-00498,PRD-0152,tienda_sur,4,89.92,10,359.68,tarjeta,completada,2026-02-13 13:31:03,zona_d
VS-0003185,CLI-01838,PRD-0034,tienda_sur,5,93.65,10,468.25,tarjeta,completada,2026-01-28 03:16:07,zona_d
VS-0003186,CLI-02803,PRD-0147,tienda_sur,1,47.46,5,47.46,tarjeta,completada,2026-03-10 18:43:39,zona_a
VS-0003187,CLI-02586,PRD-0113,tienda_sur,3,146.9,10,440.7,tarjeta,devuelta,2026-02-01 15:43:10,zona_d
VS-0003188,CLI-01572,PRD-0158,tienda_sur,2,195.53,15,391.06,efectivo,completada,2026-03-29 06:01:38,zona_b
VS-0003189,CLI-00649,PRD-0044,tienda_sur,4,105.96,0,423.84,yape,completada,2026-01-09 18:14:40,zona_a
VS-0003190,CLI-02967,PRD-0123,tienda_sur,4,40.34,0,161.36,transferencia,completada,2026-03-19 09:42:45,zona_c
VS-0003191,CLI-01917,PRD-0117,tienda_sur,4,146.98,5,587.92,tarjeta,completada,2026-01-16 07:59:28,zona_d
VS-0003192,CLI-02992,PRD-0043,tienda_sur,6,24.14,0,144.84,tarjeta,completada,2026-03-29 05:17:20,zona_b
VS-0003193,CLI-01781,PRD-0098,tienda_sur,5,753.53,5,3767.65,efectivo,completada,2026-02-15 12:31:04,zona_b
VS-0003194,CLI-02460,PRD-0168,tienda_sur,1,257.41,15,257.41,transferencia,completada,2026-03-15 05:43:27,zona_b
VS-0003195,CLI-01300,PRD-0146,tienda_sur,5,77.24,10,386.2,yape,completada,2026-02-22 06:42:06,zona_a
VS-0003196,CLI-02304,PRD-0071,tienda_sur,7,63.96,10,447.72,yape,completada,2026-02-28 21:15:41,zona_c
VS-0003197,CLI-01527,PRD-0148,tienda_sur,4,154.04,0,616.16,transferencia,completada,2026-01-01 17:36:10,zona_b
VS-0003198,CLI-01040,PRD-0104,tienda_sur,6,195.93,0,1175.58,yape,completada,2026-03-24 08:19:19,zona_d
VS-0003199,CLI-01319,PRD-0052,tienda_sur,6,391.33,0,2347.98,efectivo,completada,2026-01-04 10:42:51,zona_d
VS-0003200,CLI-01916,PRD-0094,tienda_sur,5,38.77,0,193.85,yape,devuelta,2026-01-17 05:06:46,zona_a
VS-0003201,CLI-00446,PRD-0158,tienda_sur,5,230.04,0,1150.2,tarjeta,completada,2026-01-06 20:48:13,zona_d
VS-0003202,CLI-02745,PRD-0036,tienda_sur,8,43.1,0,344.8,efectivo,devuelta,2026-02-09 12:27:47,zona_b
VS-0003203,CLI-02663,PRD-0022,tienda_sur,6,61.24,5,367.44,transferencia,completada,2026-01-29 04:35:30,zona_c
VS-0003204,CLI-00601,PRD-0167,tienda_sur,8,151.07,5,1208.56,yape,completada,2026-01-27 10:04:39,zona_b
VS-0003205,CLI-02667,PRD-0175,tienda_sur,4,70.76,5,283.04,transferencia,completada,2026-01-18 07:16:41,zona_d
VS-0003206,CLI-01548,PRD-0177,tienda_sur,3,1066.18,0,3198.54,efectivo,completada,2026-01-23 12:43:39,zona_b
VS-0003207,CLI-01536,PRD-0046,tienda_sur,3,362.76,0,1088.28,tarjeta,completada,2026-03-02 04:27:41,zona_b
VS-0003208,CLI-02503,PRD-0192,tienda_sur,1,93.06,0,93.06,transferencia,completada,2026-02-04 20:58:27,zona_b
VS-0003209,CLI-00283,PRD-0079,tienda_sur,5,291.31,0,1456.55,transferencia,completada,2026-01-13 03:12:03,zona_b
VS-0003210,CLI-00657,PRD-0037,tienda_sur,2,64.02,15,128.04,tarjeta,completada,2026-01-28 16:21:57,zona_d
VS-0003211,CLI-00328,PRD-0084,tienda_sur,7,100.02,10,700.14,efectivo,pendiente,2026-01-24 16:08:06,zona_a
VS-0003212,CLI-02354,PRD-0174,tienda_sur,4,316.77,0,1267.08,tarjeta,completada,2026-02-13 06:17:44,zona_c
VS-0003213,CLI-00645,PRD-0070,tienda_sur,7,508.33,0,3558.31,tarjeta,completada,2026-03-01 08:57:54,zona_d
VS-0003214,CLI-02364,PRD-0109,tienda_sur,8,114.69,10,917.52,tarjeta,completada,2026-03-26 23:40:48,zona_d
VS-0003215,CLI-02619,PRD-0168,tienda_sur,2,302.83,0,605.66,tarjeta,completada,2026-03-24 20:41:47,zona_b
VS-0003216,CLI-02215,PRD-0186,tienda_sur,8,64.74,15,517.92,tarjeta,completada,2026-02-02 12:02:26,zona_d
VS-0003217,CLI-00912,PRD-0128,tienda_sur,7,48.08,5,336.56,yape,completada,2026-01-24 07:43:21,zona_c
VS-0003218,CLI-01359,PRD-0098,tienda_sur,4,793.19,0,3172.76,yape,completada,2026-01-25 17:27:04,zona_d
VS-0003219,CLI-00491,PRD-0098,tienda_sur,5,793.19,0,3965.95,yape,completada,2026-03-27 20:34:57,zona_d
VS-0003220,CLI-00344,PRD-0118,tienda_sur,6,53.23,0,319.38,tarjeta,pendiente,2026-02-07 15:47:02,zona_a
VS-0003221,CLI-01817,PRD-0142,tienda_sur,3,121.27,0,363.81,efectivo,completada,2026-02-16 03:47:52,zona_d
VS-0003222,CLI-01933,PRD-0124,tienda_sur,5,129.02,25,645.1,tarjeta,completada,2026-03-14 23:02:59,zona_a
VS-0003223,CLI-00502,PRD-0121,tienda_sur,4,881.74,0,3526.96,yape,completada,2026-03-29 04:15:56,zona_b
VS-0003224,CLI-02744,PRD-0157,tienda_sur,3,269.24,0,807.72,transferencia,completada,2026-03-11 16:05:37,zona_c
VS-0003225,CLI-00500,PRD-0019,tienda_sur,5,246.52,15,1232.6,efectivo,completada,2026-01-02 01:18:09,zona_a
VS-0003226,CLI-02111,PRD-0096,tienda_sur,2,66.38,15,132.76,tarjeta,pendiente,2026-01-13 22:07:26,zona_d
VS-0003227,CLI-00319,PRD-0111,tienda_sur,6,73.87,0,443.22,tarjeta,completada,2026-03-26 11:08:05,zona_a
VS-0003228,CLI-01699,PRD-0031,tienda_sur,4,279.72,10,1118.88,efectivo,completada,2026-01-04 06:52:08,zona_b
VS-0003229,CLI-00763,PRD-0200,tienda_sur,7,33.95,0,237.65,tarjeta,completada,2026-03-26 10:09:57,zona_a
VS-0003230,CLI-00830,PRD-0059,tienda_sur,2,145.94,0,291.88,yape,completada,2026-01-06 02:24:29,zona_a
VS-0003231,CLI-01671,PRD-0133,tienda_sur,1,96.84,0,96.84,transferencia,completada,2026-03-17 08:42:33,zona_a
VS-0003232,CLI-01299,PRD-0168,tienda_sur,6,302.83,0,1816.98,tarjeta,completada,2026-02-02 07:56:50,zona_c
VS-0003233,CLI-00152,PRD-0097,tienda_sur,7,126.59,25,886.13,efectivo,completada,2026-01-06 07:17:19,zona_c
VS-0003234,CLI-01137,PRD-0146,tienda_sur,4,81.53,5,326.12,yape,completada,2026-02-19 07:14:24,zona_a
VS-0003235,CLI-01359,PRD-0052,tienda_sur,4,371.76,5,1487.04,transferencia,completada,2026-01-06 20:14:29,zona_c
VS-0003236,CLI-02141,PRD-0153,tienda_sur,1,1181.19,0,1181.19,yape,completada,2026-03-31 11:07:37,zona_a
VS-0003237,CLI-01027,PRD-0021,tienda_sur,2,16.39,10,32.78,tarjeta,pendiente,2026-02-17 22:00:39,zona_b
VS-0003238,CLI-01660,PRD-0111,tienda_sur,3,70.18,5,210.54,transferencia,completada,2026-02-22 06:32:27,zona_b
VS-0003239,CLI-01765,PRD-0081,tienda_sur,1,115.75,0,115.75,efectivo,completada,2026-03-16 18:01:30,zona_c
VS-0003240,CLI-00614,PRD-0153,tienda_sur,8,1004.01,15,8032.08,tarjeta,completada,2026-01-28 04:36:44,zona_a
VS-0003241,CLI-02110,PRD-0067,tienda_sur,7,101.45,0,710.15,yape,completada,2026-01-29 19:08:17,zona_b
VS-0003242,CLI-00937,PRD-0063,tienda_sur,1,215.94,0,215.94,efectivo,completada,2026-02-26 11:58:21,zona_c
VS-0003243,CLI-02216,PRD-0178,tienda_sur,7,78.84,10,551.88,yape,completada,2026-03-24 11:38:40,zona_b
VS-0003244,CLI-02550,PRD-0136,tienda_sur,3,103.8,0,311.4,tarjeta,pendiente,2026-02-18 12:59:31,zona_d
VS-0003245,CLI-00761,PRD-0158,tienda_sur,2,172.53,25,345.06,tarjeta,completada,2026-01-18 12:45:37,zona_a
VS-0003246,CLI-02699,PRD-0043,tienda_sur,2,24.14,0,48.28,tarjeta,completada,2026-02-12 04:16:54,zona_a
VS-0003247,CLI-02512,PRD-0165,tienda_sur,8,821.86,10,6574.88,tarjeta,completada,2026-02-14 16:35:00,zona_a
VS-0003248,CLI-01935,PRD-0051,tienda_sur,1,295.61,10,295.61,efectivo,completada,2026-01-27 10:26:46,zona_d
VS-0003249,CLI-01763,PRD-0021,tienda_sur,3,18.21,0,54.63,tarjeta,completada,2026-01-09 14:56:29,zona_c
VS-0003250,CLI-01998,PRD-0030,tienda_sur,8,246.84,0,1974.72,yape,completada,2026-02-17 16:05:39,zona_b
VS-0003251,CLI-02611,PRD-0026,tienda_sur,6,1165.21,0,6991.26,tarjeta,completada,2026-02-01 04:31:12,zona_c
VS-0003252,CLI-02634,PRD-0022,tienda_sur,3,51.57,20,154.71,tarjeta,completada,2026-02-16 20:19:31,zona_d
VS-0003253,CLI-01479,PRD-0042,tienda_sur,4,60.9,20,243.6,efectivo,completada,2026-03-10 05:53:18,zona_a
VS-0003254,CLI-02037,PRD-0048,tienda_sur,5,291.85,5,1459.25,tarjeta,completada,2026-03-12 10:49:43,zona_c
VS-0003255,CLI-02746,PRD-0055,tienda_sur,3,20.29,0,60.87,efectivo,completada,2026-01-20 00:47:00,zona_b
VS-0003256,CLI-02393,PRD-0091,tienda_sur,2,49.81,0,99.62,tarjeta,completada,2026-01-28 14:27:55,zona_a
VS-0003257,CLI-02639,PRD-0091,tienda_sur,3,49.81,0,149.43,efectivo,completada,2026-03-11 00:09:53,zona_c
VS-0003258,CLI-02070,PRD-0083,tienda_sur,4,83.45,10,333.8,efectivo,completada,2026-01-07 20:03:11,zona_a
VS-0003259,CLI-02009,PRD-0178,tienda_sur,7,78.84,10,551.88,efectivo,completada,2026-03-04 09:46:15,zona_c
VS-0003260,CLI-02165,PRD-0054,tienda_sur,6,83.85,15,503.1,tarjeta,completada,2026-01-12 15:39:31,zona_d
VS-0003261,CLI-01166,PRD-0073,tienda_sur,4,61.22,10,244.88,yape,completada,2026-03-25 04:30:53,zona_d
VS-0003262,CLI-01393,PRD-0022,tienda_sur,2,48.34,25,96.68,tarjeta,completada,2026-03-02 18:37:17,zona_a
VS-0003263,CLI-02264,PRD-0109,tienda_sur,3,108.32,15,324.96,tarjeta,completada,2026-03-01 00:33:26,zona_c
VS-0003264,CLI-02410,PRD-0113,tienda_sur,3,146.9,10,440.7,yape,completada,2026-03-07 05:32:04,zona_c
VS-0003265,CLI-01429,PRD-0154,tienda_sur,7,40.65,15,284.55,transferencia,completada,2026-01-16 22:48:12,zona_d
VS-0003266,CLI-02829,PRD-0172,tienda_sur,7,143.3,0,1003.1,efectivo,devuelta,2026-03-18 10:48:45,zona_c
VS-0003267,CLI-02443,PRD-0176,tienda_sur,8,71.08,0,568.64,yape,completada,2026-01-29 08:40:03,zona_b
VS-0003268,CLI-00171,PRD-0005,tienda_sur,2,212.54,0,425.08,efectivo,completada,2026-02-01 12:23:49,zona_c
VS-0003269,CLI-02730,PRD-0009,tienda_sur,8,46.87,0,374.96,yape,completada,2026-01-07 01:18:27,zona_b
VS-0003270,CLI-02975,PRD-0118,tienda_sur,8,53.23,0,425.84,efectivo,completada,2026-01-12 06:13:47,zona_b
VS-0003271,CLI-00687,PRD-0112,tienda_sur,1,288.27,0,288.27,tarjeta,completada,2026-02-23 10:29:32,zona_d
VS-0003272,CLI-01464,PRD-0093,tienda_sur,8,811.64,10,6493.12,yape,completada,2026-01-20 22:45:27,zona_c
VS-0003273,CLI-00607,PRD-0107,tienda_sur,3,52.86,0,158.58,tarjeta,completada,2026-02-07 05:53:30,zona_b
VS-0003274,CLI-00074,PRD-0065,tienda_sur,7,169.6,15,1187.2,efectivo,completada,2026-03-04 08:08:56,zona_d
VS-0003275,CLI-00391,PRD-0185,tienda_sur,2,160.88,10,321.76,tarjeta,completada,2026-01-27 07:21:38,zona_b
VS-0003276,CLI-00902,PRD-0120,tienda_sur,8,246.96,15,1975.68,yape,completada,2026-02-18 08:26:30,zona_c
VS-0003277,CLI-01415,PRD-0105,tienda_sur,1,66.78,15,66.78,tarjeta,completada,2026-01-21 21:54:42,zona_a
VS-0003278,CLI-02545,PRD-0046,tienda_sur,5,290.21,20,1451.05,tarjeta,completada,2026-03-26 20:59:18,zona_b
VS-0003279,CLI-02596,PRD-0150,tienda_sur,3,697.19,15,2091.57,yape,completada,2026-02-16 11:19:12,zona_c
VS-0003280,CLI-02658,PRD-0188,tienda_sur,1,105.38,0,105.38,tarjeta,completada,2026-03-25 06:36:23,zona_a
VS-0003281,CLI-00287,PRD-0101,tienda_sur,7,1015.86,10,7111.02,efectivo,completada,2026-03-23 08:33:31,zona_d
VS-0003282,CLI-01156,PRD-0031,tienda_sur,2,279.72,10,559.44,efectivo,completada,2026-03-01 02:39:26,zona_d
VS-0003283,CLI-02494,PRD-0034,tienda_sur,5,98.86,5,494.3,efectivo,completada,2026-03-29 09:24:59,zona_a
VS-0003284,CLI-01292,PRD-0095,tienda_sur,6,50.05,0,300.3,yape,completada,2026-01-26 01:14:49,zona_a
VS-0003285,CLI-01448,PRD-0072,tienda_sur,6,29.39,10,176.34,yape,completada,2026-01-21 15:48:13,zona_b
VS-0003286,CLI-02196,PRD-0139,tienda_sur,2,18.66,0,37.32,tarjeta,completada,2026-03-01 23:36:29,zona_b
VS-0003287,CLI-00177,PRD-0133,tienda_sur,3,96.84,0,290.52,tarjeta,completada,2026-02-07 04:38:40,zona_b
VS-0003288,CLI-00900,PRD-0051,tienda_sur,7,279.19,15,1954.33,yape,completada,2026-03-26 06:21:06,zona_c
VS-0003289,CLI-02051,PRD-0105,tienda_sur,5,78.57,0,392.85,tarjeta,completada,2026-03-18 00:05:02,zona_d
VS-0003290,CLI-00702,PRD-0096,tienda_sur,4,70.28,10,281.12,tarjeta,completada,2026-03-11 05:37:09,zona_a
VS-0003291,CLI-00772,PRD-0148,tienda_sur,7,115.53,25,808.71,efectivo,completada,2026-01-04 17:05:57,zona_b
VS-0003292,CLI-00003,PRD-0186,tienda_sur,1,68.54,10,68.54,efectivo,completada,2026-03-19 09:32:16,zona_a
VS-0003293,CLI-01949,PRD-0080,tienda_sur,1,114.17,20,114.17,tarjeta,pendiente,2026-03-27 14:06:59,zona_c
VS-0003294,CLI-02273,PRD-0082,tienda_sur,6,303.1,0,1818.6,yape,completada,2026-02-27 21:58:24,zona_b
VS-0003295,CLI-02817,PRD-0159,tienda_sur,1,1072.38,5,1072.38,tarjeta,completada,2026-01-12 09:22:28,zona_c
VS-0003296,CLI-02247,PRD-0083,tienda_sur,2,92.72,0,185.44,efectivo,completada,2026-01-22 09:48:53,zona_a
VS-0003297,CLI-00794,PRD-0191,tienda_sur,4,173.53,0,694.12,transferencia,completada,2026-03-21 06:33:37,zona_b
VS-0003298,CLI-01214,PRD-0155,tienda_sur,3,138.1,0,414.3,tarjeta,completada,2026-01-09 07:40:12,zona_d
VS-0003299,CLI-01433,PRD-0014,tienda_sur,3,268.24,15,804.72,tarjeta,devuelta,2026-03-01 01:15:12,zona_b
VS-0003300,CLI-02991,PRD-0065,tienda_sur,8,179.58,10,1436.64,tarjeta,completada,2026-03-08 14:25:25,zona_a
VS-0003301,CLI-00681,PRD-0127,tienda_sur,5,36.94,10,184.7,tarjeta,completada,2026-02-23 09:01:58,zona_d
VS-0003302,CLI-01942,PRD-0068,tienda_sur,2,166.65,0,333.3,yape,completada,2026-03-10 07:30:58,zona_c
VS-0003303,CLI-02698,PRD-0176,tienda_sur,5,71.08,0,355.4,tarjeta,completada,2026-02-22 01:11:48,zona_c
VS-0003304,CLI-01791,PRD-0031,tienda_sur,8,310.8,0,2486.4,tarjeta,completada,2026-03-30 10:44:04,zona_a
VS-0003305,CLI-00750,PRD-0183,tienda_sur,5,41.16,10,205.8,tarjeta,completada,2026-01-24 23:39:52,zona_a
VS-0003306,CLI-03000,PRD-0170,tienda_sur,7,111.76,0,782.32,tarjeta,completada,2026-01-13 06:29:32,zona_c
VS-0003307,CLI-02609,PRD-0022,tienda_sur,5,64.46,0,322.3,tarjeta,completada,2026-03-16 20:02:41,zona_a
VS-0003308,CLI-03000,PRD-0106,tienda_sur,4,210.29,10,841.16,yape,completada,2026-03-26 22:37:46,zona_c
VS-0003309,CLI-00833,PRD-0044,tienda_sur,5,79.47,25,397.35,efectivo,completada,2026-03-25 13:18:53,zona_b
VS-0003310,CLI-02732,PRD-0008,tienda_sur,1,941.2,15,941.2,tarjeta,completada,2026-02-26 12:26:53,zona_c
VS-0003311,CLI-02882,PRD-0175,tienda_sur,1,74.48,0,74.48,tarjeta,completada,2026-02-26 20:41:09,zona_b
VS-0003312,CLI-02426,PRD-0055,tienda_sur,4,18.26,10,73.04,transferencia,completada,2026-02-22 15:54:02,zona_a
VS-0003313,CLI-02430,PRD-0055,tienda_sur,4,19.28,5,77.12,tarjeta,completada,2026-02-17 16:42:21,zona_d
VS-0003314,CLI-02040,PRD-0014,tienda_sur,6,315.58,0,1893.48,yape,completada,2026-03-17 21:08:51,zona_c
VS-0003315,CLI-02381,PRD-0118,tienda_sur,2,47.91,10,95.82,transferencia,completada,2026-03-31 00:39:35,zona_b
VS-0003316,CLI-00618,PRD-0160,tienda_sur,3,46.94,0,140.82,yape,completada,2026-01-12 07:05:21,zona_a
VS-0003317,CLI-00470,PRD-0094,tienda_sur,7,38.77,0,271.39,tarjeta,devuelta,2026-01-12 01:37:48,zona_c
VS-0003318,CLI-00769,PRD-0009,tienda_sur,7,46.87,0,328.09,tarjeta,pendiente,2026-03-25 16:24:01,zona_c
VS-0003319,CLI-01807,PRD-0127,tienda_sur,4,41.04,0,164.16,yape,completada,2026-03-28 00:43:01,zona_b
VS-0003320,CLI-01089,PRD-0028,tienda_sur,1,8.09,5,8.09,tarjeta,completada,2026-03-10 02:38:47,zona_c
VS-0003321,CLI-01277,PRD-0170,tienda_sur,4,111.76,0,447.04,yape,completada,2026-02-28 18:31:25,zona_c
VS-0003322,CLI-02968,PRD-0076,tienda_sur,2,135.89,0,271.78,transferencia,completada,2026-02-02 21:47:16,zona_a
VS-0003323,CLI-00337,PRD-0064,tienda_sur,7,50.82,10,355.74,efectivo,completada,2026-03-24 10:12:28,zona_c
VS-0003324,CLI-01878,PRD-0143,tienda_sur,5,22.39,0,111.95,yape,completada,2026-01-25 18:41:07,zona_a
VS-0003325,CLI-01464,PRD-0039,tienda_sur,6,48.86,20,293.16,tarjeta,completada,2026-01-22 04:41:04,zona_d
VS-0003326,CLI-02014,PRD-0018,tienda_sur,7,121.73,15,852.11,tarjeta,completada,2026-02-12 22:58:15,zona_b
VS-0003327,CLI-01131,PRD-0025,tienda_sur,5,338.07,15,1690.35,efectivo,completada,2026-02-21 02:00:49,zona_d
VS-0003328,CLI-00236,PRD-0067,tienda_sur,3,101.45,0,304.35,tarjeta,completada,2026-01-24 18:04:03,zona_d
VS-0003329,CLI-01201,PRD-0094,tienda_sur,5,29.08,25,145.4,tarjeta,completada,2026-03-06 00:52:54,zona_a
VS-0003330,CLI-01020,PRD-0113,tienda_sur,8,163.22,0,1305.76,efectivo,completada,2026-01-28 03:08:07,zona_a
VS-0003331,CLI-01071,PRD-0124,tienda_sur,5,146.22,15,731.1,transferencia,completada,2026-02-22 11:35:39,zona_a
VS-0003332,CLI-02764,PRD-0106,tienda_sur,3,210.29,10,630.87,yape,completada,2026-03-21 19:16:00,zona_a
VS-0003333,CLI-00873,PRD-0075,tienda_sur,5,68.14,0,340.7,efectivo,completada,2026-03-04 05:29:14,zona_b
VS-0003334,CLI-01072,PRD-0193,tienda_sur,6,46.6,0,279.6,tarjeta,completada,2026-02-17 19:16:13,zona_d
VS-0003335,CLI-01707,PRD-0003,tienda_sur,4,132.38,25,529.52,tarjeta,completada,2026-02-17 15:49:38,zona_a
VS-0003336,CLI-02779,PRD-0192,tienda_sur,1,93.06,0,93.06,tarjeta,completada,2026-02-14 11:27:32,zona_d
VS-0003337,CLI-01277,PRD-0039,tienda_sur,4,61.08,0,244.32,efectivo,completada,2026-02-25 22:13:35,zona_c
VS-0003338,CLI-01884,PRD-0089,tienda_sur,6,68.95,0,413.7,yape,completada,2026-01-16 15:29:17,zona_d
VS-0003339,CLI-00838,PRD-0174,tienda_sur,1,316.77,0,316.77,tarjeta,devuelta,2026-03-18 03:32:16,zona_b
VS-0003340,CLI-00468,PRD-0102,tienda_sur,4,59.74,20,238.96,tarjeta,completada,2026-01-12 19:55:01,zona_a
VS-0003341,CLI-01414,PRD-0158,tienda_sur,4,230.04,0,920.16,tarjeta,completada,2026-02-02 04:38:51,zona_a
VS-0003342,CLI-02593,PRD-0171,tienda_sur,5,26.1,15,130.5,efectivo,completada,2026-03-15 13:41:47,zona_b
VS-0003343,CLI-00815,PRD-0100,tienda_sur,6,362.73,0,2176.38,tarjeta,completada,2026-01-23 03:56:40,zona_a
VS-0003344,CLI-02728,PRD-0115,tienda_sur,2,972.54,15,1945.08,efectivo,completada,2026-01-05 06:31:26,zona_d
VS-0003345,CLI-02896,PRD-0171,tienda_sur,5,27.64,10,138.2,tarjeta,completada,2026-03-07 04:15:35,zona_b
VS-0003346,CLI-01142,PRD-0134,tienda_sur,2,82.98,15,165.96,transferencia,completada,2026-02-11 07:43:17,zona_b
VS-0003347,CLI-00758,PRD-0143,tienda_sur,7,21.27,5,148.89,tarjeta,devuelta,2026-03-18 01:27:05,zona_c
VS-0003348,CLI-02544,PRD-0093,tienda_sur,7,811.64,10,5681.48,transferencia,completada,2026-03-16 15:27:37,zona_a
VS-0003349,CLI-00782,PRD-0191,tienda_sur,8,164.85,5,1318.8,yape,completada,2026-01-08 22:33:59,zona_d
VS-0003350,CLI-00378,PRD-0141,tienda_sur,8,135.3,5,1082.4,efectivo,completada,2026-03-05 22:08:29,zona_d
VS-0003351,CLI-02843,PRD-0068,tienda_sur,8,158.32,5,1266.56,tarjeta,completada,2026-03-05 02:28:26,zona_a
VS-0003352,CLI-02373,PRD-0057,tienda_sur,5,358.8,10,1794.0,transferencia,completada,2026-02-18 11:55:27,zona_b
VS-0003353,CLI-01982,PRD-0016,tienda_sur,6,200.22,0,1201.32,transferencia,completada,2026-01-13 21:12:52,zona_c
VS-0003354,CLI-00083,PRD-0087,tienda_sur,1,29.56,25,29.56,yape,completada,2026-01-01 21:21:11,zona_c
VS-0003355,CLI-00468,PRD-0061,tienda_sur,8,814.44,5,6515.52,transferencia,completada,2026-02-14 01:51:34,zona_d
VS-0003356,CLI-00838,PRD-0034,tienda_sur,1,104.06,0,104.06,yape,pendiente,2026-03-08 06:15:18,zona_a
VS-0003357,CLI-02408,PRD-0033,tienda_sur,5,661.48,5,3307.4,transferencia,completada,2026-01-18 13:12:41,zona_b
VS-0003358,CLI-00904,PRD-0061,tienda_sur,4,857.31,0,3429.24,yape,completada,2026-03-30 20:27:22,zona_c
VS-0003359,CLI-02055,PRD-0197,tienda_sur,7,41.85,10,292.95,efectivo,completada,2026-03-26 01:24:34,zona_a
VS-0003360,CLI-00104,PRD-0102,tienda_sur,6,63.47,15,380.82,transferencia,completada,2026-03-08 06:58:37,zona_a
VS-0003361,CLI-01194,PRD-0036,tienda_sur,6,43.1,0,258.6,efectivo,completada,2026-03-10 20:53:55,zona_d
VS-0003362,CLI-01499,PRD-0148,tienda_sur,5,154.04,0,770.2,efectivo,completada,2026-03-31 03:55:57,zona_b
VS-0003363,CLI-00063,PRD-0052,tienda_sur,5,352.2,10,1761.0,efectivo,completada,2026-02-06 09:03:42,zona_c
VS-0003364,CLI-02159,PRD-0180,tienda_sur,4,15.49,5,61.96,efectivo,completada,2026-03-05 03:08:56,zona_b
VS-0003365,CLI-02138,PRD-0081,tienda_sur,2,115.75,0,231.5,tarjeta,completada,2026-03-06 07:18:39,zona_c
VS-0003366,CLI-00526,PRD-0055,tienda_sur,4,19.28,5,77.12,yape,completada,2026-02-02 21:42:15,zona_a
VS-0003367,CLI-00766,PRD-0168,tienda_sur,5,302.83,0,1514.15,tarjeta,completada,2026-03-03 20:19:31,zona_c
VS-0003368,CLI-00200,PRD-0132,tienda_sur,4,625.37,5,2501.48,tarjeta,devuelta,2026-01-14 15:46:40,zona_b
VS-0003369,CLI-00753,PRD-0030,tienda_sur,4,246.84,0,987.36,tarjeta,completada,2026-03-29 05:27:49,zona_c
VS-0003370,CLI-01232,PRD-0093,tienda_sur,7,856.73,5,5997.11,efectivo,completada,2026-01-08 04:40:46,zona_d
VS-0003371,CLI-00868,PRD-0013,tienda_sur,6,460.77,0,2764.62,transferencia,completada,2026-02-10 16:31:09,zona_a
VS-0003372,CLI-02984,PRD-0024,tienda_sur,6,108.58,20,651.48,efectivo,completada,2026-02-22 22:43:59,zona_c
VS-0003373,CLI-02762,PRD-0191,tienda_sur,5,164.85,5,824.25,yape,completada,2026-03-25 11:59:16,zona_d
VS-0003374,CLI-02782,PRD-0117,tienda_sur,5,154.72,0,773.6,yape,completada,2026-03-05 17:05:06,zona_c
VS-0003375,CLI-02824,PRD-0080,tienda_sur,7,128.44,10,899.08,tarjeta,completada,2026-01-31 08:30:09,zona_d
VS-0003376,CLI-00647,PRD-0067,tienda_sur,3,101.45,0,304.35,yape,completada,2026-03-28 23:01:18,zona_b
VS-0003377,CLI-00378,PRD-0010,tienda_sur,3,140.11,5,420.33,yape,completada,2026-02-03 17:00:23,zona_c
VS-0003378,CLI-02195,PRD-0077,tienda_sur,3,47.85,20,143.55,efectivo,devuelta,2026-01-08 13:53:58,zona_c
VS-0003379,CLI-00377,PRD-0198,tienda_sur,6,287.68,20,1726.08,efectivo,completada,2026-03-23 08:35:34,zona_c
VS-0003380,CLI-00236,PRD-0184,tienda_sur,1,149.4,0,149.4,tarjeta,completada,2026-01-02 23:54:35,zona_d
VS-0003381,CLI-00319,PRD-0189,tienda_sur,7,178.76,0,1251.32,efectivo,completada,2026-03-09 05:30:27,zona_c
VS-0003382,CLI-02495,PRD-0126,tienda_sur,7,938.91,10,6572.37,tarjeta,completada,2026-01-21 17:42:42,zona_d
VS-0003383,CLI-02192,PRD-0027,tienda_sur,4,30.66,0,122.64,tarjeta,completada,2026-01-20 10:00:39,zona_d
VS-0003384,CLI-01377,PRD-0022,tienda_sur,8,48.34,25,386.72,efectivo,completada,2026-03-12 12:16:33,zona_d
VS-0003385,CLI-01201,PRD-0077,tienda_sur,8,53.83,10,430.64,tarjeta,completada,2026-02-20 22:53:42,zona_d
VS-0003386,CLI-01713,PRD-0069,tienda_sur,6,41.42,25,248.52,transferencia,devuelta,2026-01-30 07:32:56,zona_a
VS-0003387,CLI-01619,PRD-0200,tienda_sur,7,27.16,20,190.12,yape,completada,2026-01-27 08:02:48,zona_a
VS-0003388,CLI-00677,PRD-0106,tienda_sur,2,186.93,20,373.86,efectivo,completada,2026-01-22 18:28:43,zona_d
VS-0003389,CLI-01930,PRD-0101,tienda_sur,1,959.42,15,959.42,efectivo,completada,2026-02-24 14:52:13,zona_c
VS-0003390,CLI-02710,PRD-0115,tienda_sur,7,1029.74,10,7208.18,tarjeta,completada,2026-03-06 01:36:11,zona_a
VS-0003391,CLI-01985,PRD-0015,tienda_sur,2,54.47,5,108.94,tarjeta,completada,2026-02-01 12:03:57,zona_a
VS-0003392,CLI-02897,PRD-0044,tienda_sur,4,105.96,0,423.84,transferencia,completada,2026-01-26 15:59:42,zona_d
VS-0003393,CLI-00701,PRD-0123,tienda_sur,2,32.27,20,64.54,tarjeta,completada,2026-01-08 07:14:17,zona_b
VS-0003394,CLI-02025,PRD-0179,tienda_sur,8,389.09,0,3112.72,transferencia,completada,2026-03-08 21:38:19,zona_a
VS-0003395,CLI-00536,PRD-0115,tienda_sur,4,1029.74,10,4118.96,yape,completada,2026-03-15 19:18:33,zona_b
VS-0003396,CLI-00148,PRD-0084,tienda_sur,2,105.57,5,211.14,yape,completada,2026-03-27 04:45:10,zona_c
VS-0003397,CLI-02423,PRD-0175,tienda_sur,5,70.76,5,353.8,tarjeta,completada,2026-03-31 00:27:15,zona_c
VS-0003398,CLI-00795,PRD-0139,tienda_sur,5,18.66,0,93.3,efectivo,completada,2026-02-27 21:46:03,zona_d
VS-0003399,CLI-02510,PRD-0136,tienda_sur,2,98.61,5,197.22,tarjeta,completada,2026-03-12 18:35:35,zona_a
VS-0003400,CLI-01247,PRD-0170,tienda_sur,4,100.58,10,402.32,yape,completada,2026-01-17 23:08:26,zona_a
VS-0003401,CLI-02831,PRD-0006,tienda_sur,7,375.74,5,2630.18,yape,completada,2026-03-11 22:49:58,zona_a
VS-0003402,CLI-02754,PRD-0092,tienda_sur,6,871.69,25,5230.14,tarjeta,completada,2026-02-22 12:33:05,zona_d
VS-0003403,CLI-00047,PRD-0036,tienda_sur,6,34.48,20,206.88,yape,completada,2026-02-04 02:31:23,zona_d
VS-0003404,CLI-00910,PRD-0138,tienda_sur,2,138.89,5,277.78,yape,completada,2026-03-14 18:27:26,zona_a
VS-0003405,CLI-01126,PRD-0096,tienda_sur,6,66.38,15,398.28,efectivo,completada,2026-02-02 15:04:16,zona_c
VS-0003406,CLI-00461,PRD-0080,tienda_sur,1,142.71,0,142.71,yape,completada,2026-01-29 04:10:10,zona_c
VS-0003407,CLI-00574,PRD-0056,tienda_sur,7,225.0,5,1575.0,yape,completada,2026-02-11 09:08:43,zona_c
VS-0003408,CLI-00116,PRD-0057,tienda_sur,7,398.67,0,2790.69,tarjeta,devuelta,2026-03-09 15:24:32,zona_c
VS-0003409,CLI-00120,PRD-0028,tienda_sur,5,8.52,0,42.6,yape,devuelta,2026-03-22 22:31:33,zona_a
VS-0003410,CLI-00323,PRD-0189,tienda_sur,4,134.07,25,536.28,transferencia,devuelta,2026-01-08 05:12:33,zona_a
VS-0003411,CLI-00612,PRD-0172,tienda_sur,7,128.97,10,902.79,tarjeta,completada,2026-02-08 12:48:15,zona_a
VS-0003412,CLI-02766,PRD-0165,tienda_sur,2,913.18,0,1826.36,tarjeta,pendiente,2026-01-18 22:46:34,zona_d
VS-0003413,CLI-01284,PRD-0031,tienda_sur,3,310.8,0,932.4,tarjeta,completada,2026-03-03 01:49:22,zona_b
VS-0003414,CLI-00128,PRD-0143,tienda_sur,2,22.39,0,44.78,transferencia,completada,2026-01-04 14:38:09,zona_b
VS-0003415,CLI-00863,PRD-0082,tienda_sur,5,303.1,0,1515.5,yape,pendiente,2026-01-08 20:24:36,zona_b
VS-0003416,CLI-00398,PRD-0129,tienda_sur,8,99.95,0,799.6,tarjeta,completada,2026-03-28 11:19:09,zona_a
VS-0003417,CLI-01304,PRD-0053,tienda_sur,8,5.18,0,41.44,efectivo,completada,2026-03-08 12:22:52,zona_a
VS-0003418,CLI-00710,PRD-0042,tienda_sur,8,64.7,15,517.6,tarjeta,completada,2026-03-02 01:51:00,zona_c
VS-0003419,CLI-02156,PRD-0103,tienda_sur,1,375.62,0,375.62,efectivo,completada,2026-01-19 21:09:56,zona_a
VS-0003420,CLI-02964,PRD-0051,tienda_sur,2,295.61,10,591.22,tarjeta,completada,2026-03-23 07:42:14,zona_b
VS-0003421,CLI-01947,PRD-0084,tienda_sur,7,111.13,0,777.91,tarjeta,completada,2026-03-28 20:45:47,zona_a
VS-0003422,CLI-02978,PRD-0171,tienda_sur,8,23.03,25,184.24,efectivo,completada,2026-01-01 07:37:22,zona_a
VS-0003423,CLI-02924,PRD-0196,tienda_sur,4,39.17,5,156.68,tarjeta,devuelta,2026-03-19 02:59:07,zona_b
VS-0003424,CLI-01504,PRD-0179,tienda_sur,4,311.27,20,1245.08,yape,completada,2026-02-26 00:00:21,zona_c
VS-0003425,CLI-01107,PRD-0050,tienda_sur,8,10.2,10,81.6,tarjeta,completada,2026-03-30 04:54:03,zona_a
VS-0003426,CLI-01436,PRD-0169,tienda_sur,6,957.74,10,5746.44,tarjeta,completada,2026-01-15 07:15:24,zona_d
VS-0003427,CLI-00539,PRD-0166,tienda_sur,5,393.07,20,1965.35,efectivo,completada,2026-03-01 21:14:48,zona_b
VS-0003428,CLI-00653,PRD-0163,tienda_sur,8,92.65,0,741.2,tarjeta,completada,2026-02-10 00:12:07,zona_c
VS-0003429,CLI-00019,PRD-0036,tienda_sur,4,36.63,15,146.52,tarjeta,completada,2026-02-04 02:46:56,zona_c
VS-0003430,CLI-02007,PRD-0129,tienda_sur,3,94.95,5,284.85,yape,completada,2026-03-28 17:13:11,zona_d
VS-0003431,CLI-01553,PRD-0056,tienda_sur,5,213.16,10,1065.8,transferencia,completada,2026-02-19 12:07:25,zona_a
VS-0003432,CLI-02649,PRD-0160,tienda_sur,7,46.94,0,328.58,yape,completada,2026-03-29 02:57:37,zona_d
VS-0003433,CLI-02232,PRD-0025,tienda_sur,5,377.84,5,1889.2,transferencia,completada,2026-03-11 16:32:40,zona_d
VS-0003434,CLI-01283,PRD-0075,tienda_sur,1,68.14,0,68.14,yape,completada,2026-01-29 10:06:08,zona_d
VS-0003435,CLI-01883,PRD-0071,tienda_sur,4,71.07,0,284.28,tarjeta,completada,2026-01-24 05:24:44,zona_a
VS-0003436,CLI-00916,PRD-0059,tienda_sur,6,109.45,25,656.7,tarjeta,completada,2026-03-21 09:37:30,zona_b
VS-0003437,CLI-00693,PRD-0178,tienda_sur,3,83.22,5,249.66,yape,completada,2026-02-14 17:02:04,zona_a
VS-0003438,CLI-01003,PRD-0050,tienda_sur,6,10.76,5,64.56,yape,completada,2026-03-12 18:39:51,zona_a
VS-0003439,CLI-02269,PRD-0085,tienda_sur,1,117.15,0,117.15,tarjeta,completada,2026-03-14 08:00:05,zona_a
VS-0003440,CLI-02495,PRD-0167,tienda_sur,6,143.12,10,858.72,tarjeta,completada,2026-01-28 00:40:01,zona_b
VS-0003441,CLI-01167,PRD-0147,tienda_sur,3,49.96,0,149.88,tarjeta,completada,2026-03-30 15:00:26,zona_a
VS-0003442,CLI-02200,PRD-0119,tienda_sur,2,170.18,0,340.36,tarjeta,completada,2026-01-24 03:18:36,zona_b
VS-0003443,CLI-01669,PRD-0136,tienda_sur,5,93.42,10,467.1,tarjeta,completada,2026-02-02 08:22:41,zona_b
VS-0003444,CLI-02670,PRD-0077,tienda_sur,7,56.82,5,397.74,tarjeta,completada,2026-02-17 22:59:19,zona_b
VS-0003445,CLI-02153,PRD-0024,tienda_sur,1,128.93,5,128.93,tarjeta,completada,2026-02-25 02:38:22,zona_a
VS-0003446,CLI-00905,PRD-0102,tienda_sur,5,67.2,10,336.0,transferencia,completada,2026-03-10 16:12:40,zona_b
VS-0003447,CLI-00455,PRD-0026,tienda_sur,3,1165.21,0,3495.63,yape,completada,2026-03-12 12:35:52,zona_b
VS-0003448,CLI-02638,PRD-0007,tienda_sur,6,19.86,0,119.16,tarjeta,completada,2026-03-17 21:59:25,zona_c
VS-0003449,CLI-01331,PRD-0182,tienda_sur,2,110.37,5,220.74,tarjeta,completada,2026-03-01 08:18:58,zona_d
VS-0003450,CLI-00432,PRD-0117,tienda_sur,1,154.72,0,154.72,yape,completada,2026-02-10 19:14:33,zona_a
VS-0003451,CLI-00908,PRD-0070,tienda_sur,1,482.91,5,482.91,efectivo,completada,2026-03-16 10:23:28,zona_c
VS-0003452,CLI-02343,PRD-0066,tienda_sur,8,819.09,0,6552.72,yape,completada,2026-02-02 05:06:08,zona_b
VS-0003453,CLI-02858,PRD-0055,tienda_sur,8,20.29,0,162.32,yape,completada,2026-03-13 22:09:48,zona_b
VS-0003454,CLI-00310,PRD-0010,tienda_sur,5,125.36,15,626.8,tarjeta,completada,2026-02-26 03:14:21,zona_b
VS-0003455,CLI-01431,PRD-0050,tienda_sur,7,9.06,20,63.42,tarjeta,completada,2026-03-25 15:20:09,zona_a
VS-0003456,CLI-00363,PRD-0056,tienda_sur,2,201.31,15,402.62,tarjeta,completada,2026-03-24 18:16:01,zona_b
VS-0003457,CLI-02079,PRD-0081,tienda_sur,6,115.75,0,694.5,efectivo,completada,2026-02-23 04:36:11,zona_b
VS-0003458,CLI-01432,PRD-0081,tienda_sur,1,115.75,0,115.75,tarjeta,completada,2026-02-14 19:34:54,zona_c
VS-0003459,CLI-02145,PRD-0178,tienda_sur,5,87.6,0,438.0,yape,completada,2026-03-18 18:52:19,zona_c
VS-0003460,CLI-00525,PRD-0092,tienda_sur,4,1104.14,5,4416.56,tarjeta,completada,2026-01-16 13:47:55,zona_b
VS-0003461,CLI-02779,PRD-0146,tienda_sur,7,77.24,10,540.68,efectivo,devuelta,2026-01-11 02:52:52,zona_d
VS-0003462,CLI-00050,PRD-0046,tienda_sur,3,344.62,5,1033.86,tarjeta,completada,2026-02-10 16:00:35,zona_b
VS-0003463,CLI-00943,PRD-0006,tienda_sur,2,375.74,5,751.48,tarjeta,completada,2026-02-05 05:57:41,zona_b
VS-0003464,CLI-00951,PRD-0060,tienda_sur,4,139.14,0,556.56,tarjeta,completada,2026-01-28 00:03:29,zona_a
VS-0003465,CLI-00229,PRD-0181,tienda_sur,2,90.38,15,180.76,yape,completada,2026-01-27 23:14:46,zona_d
VS-0003466,CLI-00590,PRD-0190,tienda_sur,5,225.12,5,1125.6,efectivo,completada,2026-03-31 09:27:45,zona_d
VS-0003467,CLI-00181,PRD-0151,tienda_sur,5,145.96,5,729.8,efectivo,completada,2026-01-18 11:50:01,zona_b
VS-0003468,CLI-02351,PRD-0183,tienda_sur,6,41.16,10,246.96,yape,completada,2026-01-09 03:30:53,zona_a
VS-0003469,CLI-01363,PRD-0014,tienda_sur,7,252.46,20,1767.22,yape,completada,2026-01-19 14:15:39,zona_d
VS-0003470,CLI-02250,PRD-0048,tienda_sur,1,307.21,0,307.21,tarjeta,completada,2026-03-13 02:01:30,zona_a
VS-0003471,CLI-02227,PRD-0168,tienda_sur,6,272.55,10,1635.3,yape,devuelta,2026-03-14 08:05:36,zona_d
VS-0003472,CLI-00975,PRD-0156,tienda_sur,8,71.04,25,568.32,yape,completada,2026-02-14 21:55:16,zona_c
VS-0003473,CLI-01808,PRD-0198,tienda_sur,6,359.6,0,2157.6,yape,completada,2026-02-26 14:07:31,zona_b
VS-0003474,CLI-01108,PRD-0028,tienda_sur,6,8.09,5,48.54,tarjeta,completada,2026-01-03 06:54:14,zona_b
VS-0003475,CLI-00812,PRD-0074,tienda_sur,1,85.2,15,85.2,transferencia,completada,2026-03-25 00:02:14,zona_b
VS-0003476,CLI-01823,PRD-0146,tienda_sur,5,72.95,15,364.75,transferencia,completada,2026-03-02 19:15:03,zona_d
VS-0003477,CLI-00187,PRD-0103,tienda_sur,2,375.62,0,751.24,efectivo,completada,2026-02-15 15:41:20,zona_c
VS-0003478,CLI-02839,PRD-0009,tienda_sur,2,46.87,0,93.74,efectivo,completada,2026-01-07 22:57:53,zona_a
VS-0003479,CLI-02413,PRD-0105,tienda_sur,8,78.57,0,628.56,tarjeta,completada,2026-03-03 01:12:49,zona_d
VS-0003480,CLI-01474,PRD-0168,tienda_sur,6,272.55,10,1635.3,tarjeta,completada,2026-03-29 03:35:31,zona_b
VS-0003481,CLI-01466,PRD-0127,tienda_sur,5,36.94,10,184.7,tarjeta,completada,2026-01-03 19:37:26,zona_d
VS-0003482,CLI-00776,PRD-0084,tienda_sur,2,111.13,0,222.26,tarjeta,pendiente,2026-03-25 16:37:54,zona_b
VS-0003483,CLI-00362,PRD-0077,tienda_sur,8,50.84,15,406.72,yape,completada,2026-01-24 08:00:41,zona_c
VS-0003484,CLI-00194,PRD-0144,tienda_sur,1,78.08,0,78.08,transferencia,completada,2026-01-13 05:41:54,zona_a
VS-0003485,CLI-00930,PRD-0033,tienda_sur,5,661.48,5,3307.4,yape,completada,2026-02-09 19:49:21,zona_b
VS-0003486,CLI-00796,PRD-0032,tienda_sur,8,132.44,0,1059.52,tarjeta,completada,2026-03-12 04:11:14,zona_d
VS-0003487,CLI-02556,PRD-0019,tienda_sur,3,290.02,0,870.06,tarjeta,completada,2026-01-03 07:17:35,zona_a
VS-0003488,CLI-00642,PRD-0094,tienda_sur,5,38.77,0,193.85,tarjeta,devuelta,2026-01-31 14:39:11,zona_c
VS-0003489,CLI-02245,PRD-0012,tienda_sur,4,146.41,5,585.64,tarjeta,completada,2026-03-31 13:33:09,zona_d
VS-0003490,CLI-01065,PRD-0012,tienda_sur,6,154.12,0,924.72,yape,completada,2026-01-24 23:17:03,zona_c
VS-0003491,CLI-00280,PRD-0003,tienda_sur,2,167.67,5,335.34,yape,completada,2026-01-16 21:03:23,zona_a
VS-0003492,CLI-00928,PRD-0153,tienda_sur,4,1063.07,10,4252.28,tarjeta,completada,2026-01-08 05:36:22,zona_b
VS-0003493,CLI-01813,PRD-0003,tienda_sur,5,141.2,20,706.0,yape,completada,2026-01-31 18:34:47,zona_a
VS-0003494,CLI-02393,PRD-0087,tienda_sur,4,37.44,5,149.76,yape,completada,2026-01-06 08:04:28,zona_a
VS-0003495,CLI-01703,PRD-0078,tienda_sur,7,41.2,25,288.4,transferencia,completada,2026-03-07 09:31:12,zona_a
VS-0003496,CLI-00164,PRD-0026,tienda_sur,4,1165.21,0,4660.84,yape,completada,2026-01-12 02:33:33,zona_a
VS-0003497,CLI-01060,PRD-0043,tienda_sur,1,19.31,20,19.31,yape,completada,2026-01-11 05:06:04,zona_b
VS-0003498,CLI-01886,PRD-0067,tienda_sur,4,101.45,0,405.8,tarjeta,pendiente,2026-02-06 20:32:37,zona_b
VS-0003499,CLI-01414,PRD-0099,tienda_sur,6,342.59,5,2055.54,efectivo,completada,2026-01-29 00:37:10,zona_b
VS-0003500,CLI-02025,PRD-0187,tienda_sur,8,24.78,5,198.24,tarjeta,completada,2026-03-20 11:53:46,zona_d
VS-0003501,CLI-01322,PRD-0154,tienda_sur,2,45.43,5,90.86,transferencia,completada,2026-03-22 02:21:10,zona_d
VS-0003502,CLI-01666,PRD-0129,tienda_sur,5,99.95,0,499.75,tarjeta,completada,2026-03-31 01:04:13,zona_b
VS-0003503,CLI-02398,PRD-0057,tienda_sur,7,398.67,0,2790.69,yape,completada,2026-01-11 15:18:22,zona_c
VS-0003504,CLI-02428,PRD-0012,tienda_sur,4,154.12,0,616.48,yape,completada,2026-02-26 19:11:35,zona_d
VS-0003505,CLI-01837,PRD-0063,tienda_sur,4,215.94,0,863.76,yape,completada,2026-03-17 07:51:22,zona_c
VS-0003506,CLI-01401,PRD-0191,tienda_sur,2,130.15,25,260.3,efectivo,completada,2026-01-08 18:07:58,zona_b
VS-0003507,CLI-00706,PRD-0175,tienda_sur,3,55.86,25,167.58,tarjeta,completada,2026-01-20 23:20:26,zona_a
VS-0003508,CLI-01955,PRD-0018,tienda_sur,1,107.41,25,107.41,yape,completada,2026-03-04 18:50:04,zona_b
VS-0003509,CLI-00926,PRD-0060,tienda_sur,5,132.18,5,660.9,yape,completada,2026-01-09 23:35:59,zona_a
VS-0003510,CLI-00259,PRD-0004,tienda_sur,7,53.89,0,377.23,yape,completada,2026-01-19 02:31:56,zona_b
VS-0003511,CLI-01002,PRD-0104,tienda_sur,4,176.34,10,705.36,tarjeta,completada,2026-01-25 09:17:17,zona_b
VS-0003512,CLI-00924,PRD-0173,tienda_sur,4,176.53,0,706.12,yape,completada,2026-02-23 05:36:23,zona_c
VS-0003513,CLI-01786,PRD-0030,tienda_sur,8,185.13,25,1481.04,efectivo,completada,2026-01-06 20:06:27,zona_b
VS-0003514,CLI-02179,PRD-0112,tienda_sur,7,230.62,20,1614.34,yape,completada,2026-03-26 12:55:45,zona_c
VS-0003515,CLI-00347,PRD-0013,tienda_sur,3,460.77,0,1382.31,transferencia,completada,2026-03-10 23:21:56,zona_a
VS-0003516,CLI-02096,PRD-0068,tienda_sur,3,149.99,10,449.97,tarjeta,completada,2026-03-27 05:30:50,zona_b
VS-0003517,CLI-02383,PRD-0127,tienda_sur,2,41.04,0,82.08,tarjeta,completada,2026-03-02 19:11:06,zona_c
VS-0003518,CLI-00508,PRD-0001,tienda_sur,5,361.29,5,1806.45,efectivo,completada,2026-01-10 13:02:46,zona_d
VS-0003519,CLI-02084,PRD-0185,tienda_sur,3,143.0,20,429.0,tarjeta,completada,2026-03-19 19:26:35,zona_c
VS-0003520,CLI-00477,PRD-0105,tienda_sur,4,78.57,0,314.28,yape,completada,2026-03-11 12:11:10,zona_c
VS-0003521,CLI-01993,PRD-0030,tienda_sur,2,246.84,0,493.68,efectivo,completada,2026-02-24 05:31:01,zona_c
VS-0003522,CLI-01659,PRD-0003,tienda_sur,7,167.67,5,1173.69,yape,completada,2026-01-26 05:20:49,zona_b
VS-0003523,CLI-02659,PRD-0197,tienda_sur,2,41.85,10,83.7,efectivo,completada,2026-03-29 11:28:12,zona_d
VS-0003524,CLI-02395,PRD-0187,tienda_sur,5,24.78,5,123.9,tarjeta,completada,2026-01-03 07:56:37,zona_c
VS-0003525,CLI-00972,PRD-0164,tienda_sur,7,305.63,10,2139.41,transferencia,completada,2026-02-11 08:12:01,zona_b
VS-0003526,CLI-01398,PRD-0077,tienda_sur,8,44.86,25,358.88,yape,completada,2026-03-15 14:30:44,zona_d
VS-0003527,CLI-00794,PRD-0200,tienda_sur,1,30.56,10,30.56,efectivo,completada,2026-02-22 16:03:20,zona_b
VS-0003528,CLI-01065,PRD-0165,tienda_sur,6,867.52,5,5205.12,yape,completada,2026-01-31 15:29:42,zona_a
VS-0003529,CLI-02056,PRD-0136,tienda_sur,6,83.04,20,498.24,transferencia,completada,2026-03-21 14:08:15,zona_a
VS-0003530,CLI-02532,PRD-0096,tienda_sur,4,78.09,0,312.36,yape,completada,2026-02-11 06:36:17,zona_d
VS-0003531,CLI-00016,PRD-0122,tienda_sur,5,249.51,0,1247.55,yape,completada,2026-02-16 17:32:36,zona_c
VS-0003532,CLI-02401,PRD-0145,tienda_sur,1,323.61,5,323.61,efectivo,completada,2026-03-28 03:17:26,zona_b
VS-0003533,CLI-02244,PRD-0188,tienda_sur,2,105.38,0,210.76,tarjeta,completada,2026-02-04 15:33:03,zona_c
VS-0003534,CLI-01105,PRD-0133,tienda_sur,4,96.84,0,387.36,efectivo,completada,2026-03-27 13:37:56,zona_b
VS-0003535,CLI-01285,PRD-0004,tienda_sur,1,53.89,0,53.89,yape,completada,2026-03-02 14:20:28,zona_b
VS-0003536,CLI-02863,PRD-0161,tienda_sur,8,33.75,0,270.0,tarjeta,completada,2026-02-28 09:29:15,zona_d
VS-0003537,CLI-00648,PRD-0020,tienda_sur,8,325.09,0,2600.72,transferencia,pendiente,2026-01-14 04:50:12,zona_c
VS-0003538,CLI-00219,PRD-0090,tienda_sur,2,11.41,5,22.82,yape,completada,2026-02-10 10:53:06,zona_a
VS-0003539,CLI-02599,PRD-0065,tienda_sur,5,199.53,0,997.65,transferencia,completada,2026-03-05 06:46:01,zona_b
VS-0003540,CLI-01455,PRD-0073,tienda_sur,4,68.02,0,272.08,yape,completada,2026-01-05 13:41:40,zona_a
VS-0003541,CLI-00840,PRD-0052,tienda_sur,4,391.33,0,1565.32,tarjeta,completada,2026-02-07 17:49:01,zona_a
VS-0003542,CLI-02601,PRD-0022,tienda_sur,6,64.46,0,386.76,tarjeta,pendiente,2026-01-07 00:28:22,zona_a
VS-0003543,CLI-02560,PRD-0110,tienda_sur,7,177.5,15,1242.5,yape,completada,2026-01-02 06:22:35,zona_b
VS-0003544,CLI-00269,PRD-0135,tienda_sur,5,123.81,0,619.05,tarjeta,completada,2026-03-15 07:46:27,zona_c
VS-0003545,CLI-02088,PRD-0105,tienda_sur,5,70.71,10,353.55,yape,completada,2026-01-08 00:04:17,zona_a
VS-0003546,CLI-00490,PRD-0144,tienda_sur,1,70.27,10,70.27,transferencia,completada,2026-01-31 08:44:10,zona_b
VS-0003547,CLI-00326,PRD-0084,tienda_sur,5,111.13,0,555.65,yape,completada,2026-01-17 21:53:45,zona_b
VS-0003548,CLI-02114,PRD-0193,tienda_sur,4,41.94,10,167.76,yape,completada,2026-02-27 01:03:28,zona_a
VS-0003549,CLI-01114,PRD-0043,tienda_sur,4,20.52,15,82.08,tarjeta,completada,2026-02-22 16:33:26,zona_a
VS-0003550,CLI-00535,PRD-0068,tienda_sur,6,166.65,0,999.9,yape,completada,2026-01-26 12:44:01,zona_a
VS-0003551,CLI-00680,PRD-0165,tienda_sur,5,913.18,0,4565.9,tarjeta,completada,2026-03-18 20:54:17,zona_b
VS-0003552,CLI-01427,PRD-0051,tienda_sur,1,312.04,5,312.04,tarjeta,completada,2026-03-06 01:07:46,zona_a
VS-0003553,CLI-00996,PRD-0038,tienda_sur,4,31.32,25,125.28,tarjeta,completada,2026-02-21 21:35:47,zona_d
VS-0003554,CLI-01917,PRD-0164,tienda_sur,7,339.59,0,2377.13,tarjeta,completada,2026-01-01 17:09:31,zona_c
VS-0003555,CLI-00629,PRD-0070,tienda_sur,1,508.33,0,508.33,tarjeta,completada,2026-01-02 18:42:39,zona_a
VS-0003556,CLI-01421,PRD-0181,tienda_sur,1,106.33,0,106.33,transferencia,completada,2026-01-30 01:50:09,zona_d
VS-0003557,CLI-01071,PRD-0028,tienda_sur,4,6.82,20,27.28,efectivo,completada,2026-01-17 22:32:12,zona_b
VS-0003558,CLI-00765,PRD-0179,tienda_sur,6,350.18,10,2101.08,transferencia,completada,2026-02-04 04:42:42,zona_a
VS-0003559,CLI-02044,PRD-0021,tienda_sur,2,18.21,0,36.42,yape,completada,2026-02-23 07:23:57,zona_d
VS-0003560,CLI-00941,PRD-0165,tienda_sur,4,867.52,5,3470.08,yape,completada,2026-02-14 06:13:11,zona_d
VS-0003561,CLI-01565,PRD-0189,tienda_sur,3,143.01,20,429.03,transferencia,completada,2026-01-30 07:49:56,zona_d
VS-0003562,CLI-01320,PRD-0074,tienda_sur,6,100.23,0,601.38,yape,completada,2026-01-30 15:29:47,zona_b
VS-0003563,CLI-00853,PRD-0026,tienda_sur,6,873.91,25,5243.46,tarjeta,completada,2026-02-08 16:07:13,zona_d
VS-0003564,CLI-01678,PRD-0076,tienda_sur,5,135.89,0,679.45,efectivo,completada,2026-02-07 13:10:24,zona_d
VS-0003565,CLI-01075,PRD-0172,tienda_sur,2,136.13,5,272.26,transferencia,completada,2026-02-05 09:32:38,zona_a
VS-0003566,CLI-02388,PRD-0062,tienda_sur,5,127.56,0,637.8,tarjeta,completada,2026-01-08 16:37:30,zona_d
VS-0003567,CLI-01110,PRD-0090,tienda_sur,6,11.41,5,68.46,transferencia,completada,2026-02-16 03:04:49,zona_a
VS-0003568,CLI-02512,PRD-0033,tienda_sur,3,557.04,20,1671.12,tarjeta,completada,2026-02-11 16:15:13,zona_a
VS-0003569,CLI-01980,PRD-0178,tienda_sur,1,70.08,20,70.08,yape,devuelta,2026-03-10 23:10:17,zona_b
VS-0003570,CLI-00148,PRD-0072,tienda_sur,7,29.39,10,205.73,yape,completada,2026-02-15 01:13:16,zona_a
VS-0003571,CLI-02843,PRD-0103,tienda_sur,3,356.84,5,1070.52,yape,completada,2026-02-09 17:27:03,zona_a
VS-0003572,CLI-01684,PRD-0054,tienda_sur,7,88.79,10,621.53,efectivo,devuelta,2026-03-12 00:13:44,zona_b
VS-0003573,CLI-01509,PRD-0142,tienda_sur,6,103.08,15,618.48,efectivo,completada,2026-01-10 02:42:39,zona_a
VS-0003574,CLI-00336,PRD-0147,tienda_sur,2,47.46,5,94.92,transferencia,completada,2026-02-06 15:03:46,zona_c
VS-0003575,CLI-01097,PRD-0016,tienda_sur,4,160.18,20,640.72,yape,completada,2026-02-10 11:04:49,zona_a
VS-0003576,CLI-01834,PRD-0132,tienda_sur,1,658.28,0,658.28,efectivo,completada,2026-01-30 08:20:46,zona_b
VS-0003577,CLI-00020,PRD-0091,tienda_sur,2,39.85,20,79.7,tarjeta,completada,2026-03-14 12:41:22,zona_a
VS-0003578,CLI-02903,PRD-0053,tienda_sur,6,4.66,10,27.96,transferencia,completada,2026-01-02 03:25:57,zona_a
VS-0003579,CLI-00214,PRD-0101,tienda_sur,8,1015.86,10,8126.88,efectivo,completada,2026-03-30 10:51:05,zona_c
VS-0003580,CLI-02277,PRD-0182,tienda_sur,7,98.75,15,691.25,tarjeta,completada,2026-01-13 18:58:43,zona_a
VS-0003581,CLI-00335,PRD-0185,tienda_sur,6,160.88,10,965.28,tarjeta,completada,2026-01-13 18:10:02,zona_a
VS-0003582,CLI-00455,PRD-0191,tienda_sur,7,164.85,5,1153.95,yape,completada,2026-02-23 14:48:36,zona_b
VS-0003583,CLI-02076,PRD-0171,tienda_sur,6,29.17,5,175.02,yape,completada,2026-01-18 06:40:27,zona_c
VS-0003584,CLI-01239,PRD-0086,tienda_sur,2,13.2,25,26.4,transferencia,completada,2026-03-23 01:04:27,zona_c
VS-0003585,CLI-02098,PRD-0100,tienda_sur,1,344.59,5,344.59,yape,completada,2026-01-06 00:13:10,zona_d
VS-0003586,CLI-02101,PRD-0025,tienda_sur,2,377.84,5,755.68,yape,completada,2026-01-10 01:09:19,zona_b
VS-0003587,CLI-00880,PRD-0147,tienda_sur,5,49.96,0,249.8,tarjeta,completada,2026-02-02 16:23:34,zona_c
VS-0003588,CLI-02633,PRD-0118,tienda_sur,4,53.23,0,212.92,tarjeta,completada,2026-02-15 01:47:56,zona_a
VS-0003589,CLI-01382,PRD-0090,tienda_sur,4,12.01,0,48.04,transferencia,completada,2026-01-08 14:26:18,zona_d
VS-0003590,CLI-02994,PRD-0161,tienda_sur,6,32.06,5,192.36,transferencia,devuelta,2026-01-04 00:52:00,zona_b
VS-0003591,CLI-01686,PRD-0036,tienda_sur,3,43.1,0,129.3,yape,completada,2026-01-18 07:29:21,zona_a
VS-0003592,CLI-01876,PRD-0168,tienda_sur,6,257.41,15,1544.46,efectivo,completada,2026-02-08 19:15:55,zona_c
VS-0003593,CLI-01606,PRD-0155,tienda_sur,1,103.57,25,103.57,transferencia,devuelta,2026-01-13 03:52:11,zona_b
VS-0003594,CLI-02235,PRD-0174,tienda_sur,6,285.09,10,1710.54,yape,completada,2026-03-24 23:04:05,zona_d
VS-0003595,CLI-02230,PRD-0112,tienda_sur,8,259.44,10,2075.52,efectivo,completada,2026-01-01 19:06:33,zona_c
VS-0003596,CLI-00352,PRD-0075,tienda_sur,7,61.33,10,429.31,transferencia,completada,2026-01-04 08:33:54,zona_c
VS-0003597,CLI-02100,PRD-0091,tienda_sur,4,49.81,0,199.24,efectivo,completada,2026-03-29 21:04:33,zona_d
VS-0003598,CLI-02371,PRD-0021,tienda_sur,5,16.39,10,81.95,tarjeta,completada,2026-02-22 09:24:13,zona_a
VS-0003599,CLI-02035,PRD-0139,tienda_sur,7,16.79,10,117.53,transferencia,completada,2026-03-19 01:02:53,zona_d
VS-0003600,CLI-02879,PRD-0004,tienda_sur,1,51.2,5,51.2,tarjeta,completada,2026-01-08 14:17:46,zona_b
VS-0003601,CLI-02578,PRD-0023,tienda_sur,4,58.31,10,233.24,yape,completada,2026-03-03 22:44:35,zona_a
VS-0003602,CLI-01793,PRD-0068,tienda_sur,7,158.32,5,1108.24,yape,completada,2026-02-12 22:23:53,zona_a
VS-0003603,CLI-02817,PRD-0015,tienda_sur,6,43.01,25,258.06,tarjeta,completada,2026-01-20 10:01:16,zona_b
VS-0003604,CLI-00080,PRD-0090,tienda_sur,5,12.01,0,60.05,yape,completada,2026-03-29 09:55:36,zona_b
VS-0003605,CLI-01979,PRD-0068,tienda_sur,3,149.99,10,449.97,tarjeta,completada,2026-01-11 02:26:50,zona_b
VS-0003606,CLI-00074,PRD-0094,tienda_sur,3,36.83,5,110.49,tarjeta,completada,2026-03-30 23:03:11,zona_c
VS-0003607,CLI-02517,PRD-0139,tienda_sur,4,17.73,5,70.92,tarjeta,completada,2026-03-22 07:50:32,zona_d
VS-0003608,CLI-00151,PRD-0114,tienda_sur,7,254.22,0,1779.54,tarjeta,completada,2026-02-02 03:35:44,zona_d
VS-0003609,CLI-02782,PRD-0014,tienda_sur,7,252.46,20,1767.22,yape,devuelta,2026-01-26 05:06:04,zona_d
VS-0003610,CLI-00352,PRD-0027,tienda_sur,7,24.53,20,171.71,tarjeta,completada,2026-02-09 09:36:40,zona_a
VS-0003611,CLI-00710,PRD-0143,tienda_sur,2,21.27,5,42.54,tarjeta,pendiente,2026-03-10 21:38:45,zona_a
VS-0003612,CLI-02471,PRD-0096,tienda_sur,8,78.09,0,624.72,transferencia,completada,2026-03-20 10:26:11,zona_b
VS-0003613,CLI-02142,PRD-0112,tienda_sur,1,288.27,0,288.27,yape,devuelta,2026-02-03 11:31:48,zona_c
VS-0003614,CLI-00726,PRD-0130,tienda_sur,5,395.01,0,1975.05,yape,completada,2026-02-27 19:10:55,zona_b
VS-0003615,CLI-01392,PRD-0080,tienda_sur,1,135.57,5,135.57,yape,completada,2026-01-27 15:17:06,zona_d
VS-0003616,CLI-00154,PRD-0021,tienda_sur,8,14.57,20,116.56,tarjeta,devuelta,2026-03-17 06:29:06,zona_c
VS-0003617,CLI-02691,PRD-0148,tienda_sur,6,154.04,0,924.24,efectivo,completada,2026-01-31 22:53:04,zona_b
VS-0003618,CLI-01173,PRD-0094,tienda_sur,3,29.08,25,87.24,efectivo,completada,2026-02-25 12:04:11,zona_a
VS-0003619,CLI-00251,PRD-0074,tienda_sur,2,75.17,25,150.34,tarjeta,completada,2026-03-17 22:32:32,zona_b
VS-0003620,CLI-01709,PRD-0139,tienda_sur,3,16.79,10,50.37,tarjeta,completada,2026-01-11 11:24:10,zona_c
VS-0003621,CLI-00865,PRD-0105,tienda_sur,1,78.57,0,78.57,yape,pendiente,2026-01-16 10:35:35,zona_b
VS-0003622,CLI-02512,PRD-0143,tienda_sur,2,21.27,5,42.54,tarjeta,completada,2026-01-07 15:13:29,zona_c
VS-0003623,CLI-01654,PRD-0154,tienda_sur,7,38.26,20,267.82,yape,completada,2026-01-17 23:34:08,zona_d
VS-0003624,CLI-00939,PRD-0016,tienda_sur,2,200.22,0,400.44,tarjeta,completada,2026-01-28 12:37:08,zona_b
VS-0003625,CLI-00277,PRD-0066,tienda_sur,4,737.18,10,2948.72,tarjeta,devuelta,2026-01-23 08:33:50,zona_c
VS-0003626,CLI-00769,PRD-0143,tienda_sur,2,20.15,10,40.3,yape,completada,2026-02-23 09:41:20,zona_a
VS-0003627,CLI-01221,PRD-0106,tienda_sur,5,233.66,0,1168.3,yape,completada,2026-03-24 18:51:57,zona_c
VS-0003628,CLI-02249,PRD-0127,tienda_sur,2,34.88,15,69.76,efectivo,completada,2026-02-01 01:16:36,zona_d
VS-0003629,CLI-01112,PRD-0035,tienda_sur,8,103.23,5,825.84,tarjeta,completada,2026-03-17 12:31:51,zona_d
VS-0003630,CLI-00089,PRD-0099,tienda_sur,1,360.62,0,360.62,tarjeta,completada,2026-03-22 11:14:30,zona_d
VS-0003631,CLI-01659,PRD-0147,tienda_sur,4,47.46,5,189.84,yape,pendiente,2026-01-22 23:07:35,zona_a
VS-0003632,CLI-01176,PRD-0150,tienda_sur,7,820.22,0,5741.54,tarjeta,completada,2026-01-27 09:09:41,zona_b
VS-0003633,CLI-01478,PRD-0062,tienda_sur,3,127.56,0,382.68,yape,completada,2026-01-07 13:09:55,zona_d
VS-0003634,CLI-00711,PRD-0025,tienda_sur,1,397.73,0,397.73,transferencia,devuelta,2026-03-10 12:31:53,zona_c
VS-0003635,CLI-00586,PRD-0028,tienda_sur,3,8.52,0,25.56,transferencia,devuelta,2026-02-22 07:12:30,zona_d
VS-0003636,CLI-01238,PRD-0124,tienda_sur,5,129.02,25,645.1,yape,completada,2026-01-04 07:07:49,zona_d
VS-0003637,CLI-01298,PRD-0035,tienda_sur,1,103.23,5,103.23,efectivo,completada,2026-01-30 14:38:07,zona_a
VS-0003638,CLI-02309,PRD-0042,tienda_sur,6,68.51,10,411.06,tarjeta,completada,2026-03-30 07:16:40,zona_b
VS-0003639,CLI-00876,PRD-0135,tienda_sur,4,117.62,5,470.48,efectivo,completada,2026-02-27 23:36:18,zona_c
VS-0003640,CLI-02525,PRD-0016,tienda_sur,1,190.21,5,190.21,tarjeta,completada,2026-03-18 18:28:54,zona_c
VS-0003641,CLI-02000,PRD-0130,tienda_sur,2,316.01,20,632.02,tarjeta,completada,2026-03-27 04:01:13,zona_d
VS-0003642,CLI-02125,PRD-0125,tienda_sur,5,281.95,10,1409.75,tarjeta,completada,2026-02-26 08:12:06,zona_c
VS-0003643,CLI-00687,PRD-0174,tienda_sur,8,316.77,0,2534.16,yape,completada,2026-01-31 03:51:19,zona_d
VS-0003644,CLI-02263,PRD-0146,tienda_sur,5,64.36,25,321.8,yape,completada,2026-01-25 12:14:47,zona_d
VS-0003645,CLI-01884,PRD-0103,tienda_sur,8,356.84,5,2854.72,transferencia,completada,2026-01-27 09:09:05,zona_b
VS-0003646,CLI-02513,PRD-0167,tienda_sur,6,127.22,20,763.32,efectivo,completada,2026-01-16 16:08:01,zona_d
VS-0003647,CLI-00938,PRD-0130,tienda_sur,1,395.01,0,395.01,tarjeta,completada,2026-02-14 20:15:24,zona_a
VS-0003648,CLI-00706,PRD-0145,tienda_sur,5,272.51,20,1362.55,yape,completada,2026-03-25 05:03:05,zona_c
VS-0003649,CLI-01260,PRD-0142,tienda_sur,8,121.27,0,970.16,tarjeta,completada,2026-01-03 13:07:08,zona_c
VS-0003650,CLI-02469,PRD-0128,tienda_sur,3,50.61,0,151.83,tarjeta,completada,2026-03-09 06:11:42,zona_d
VS-0003651,CLI-02026,PRD-0052,tienda_sur,8,352.2,10,2817.6,tarjeta,completada,2026-03-03 08:45:17,zona_b
VS-0003652,CLI-02560,PRD-0023,tienda_sur,6,61.55,5,369.3,efectivo,completada,2026-03-01 14:12:07,zona_a
VS-0003653,CLI-00877,PRD-0161,tienda_sur,4,32.06,5,128.24,transferencia,devuelta,2026-03-12 13:58:15,zona_a
VS-0003654,CLI-02899,PRD-0083,tienda_sur,5,92.72,0,463.6,transferencia,completada,2026-03-03 14:49:25,zona_a
VS-0003655,CLI-00890,PRD-0116,tienda_sur,6,8.75,5,52.5,efectivo,completada,2026-02-10 08:01:24,zona_a
VS-0003656,CLI-02782,PRD-0151,tienda_sur,3,130.59,15,391.77,efectivo,completada,2026-01-12 20:29:01,zona_d
VS-0003657,CLI-01698,PRD-0039,tienda_sur,7,48.86,20,342.02,efectivo,devuelta,2026-01-08 01:49:37,zona_d
VS-0003658,CLI-01966,PRD-0042,tienda_sur,2,76.12,0,152.24,efectivo,devuelta,2026-03-25 19:55:13,zona_d
VS-0003659,CLI-00464,PRD-0057,tienda_sur,4,398.67,0,1594.68,tarjeta,completada,2026-01-07 03:04:52,zona_d
VS-0003660,CLI-00107,PRD-0072,tienda_sur,7,32.66,0,228.62,tarjeta,completada,2026-03-12 08:03:13,zona_c
VS-0003661,CLI-00137,PRD-0036,tienda_sur,5,32.33,25,161.65,tarjeta,completada,2026-03-18 02:34:18,zona_c
VS-0003662,CLI-00646,PRD-0057,tienda_sur,1,398.67,0,398.67,efectivo,devuelta,2026-03-12 01:25:50,zona_b
VS-0003663,CLI-00806,PRD-0127,tienda_sur,6,38.99,5,233.94,yape,completada,2026-01-07 12:19:07,zona_d
VS-0003664,CLI-02392,PRD-0123,tienda_sur,3,40.34,0,121.02,tarjeta,completada,2026-03-11 14:45:09,zona_c
VS-0003665,CLI-00684,PRD-0051,tienda_sur,2,295.61,10,591.22,tarjeta,completada,2026-01-13 22:10:20,zona_d
VS-0003666,CLI-02508,PRD-0169,tienda_sur,3,1064.16,0,3192.48,tarjeta,completada,2026-03-08 20:00:43,zona_a
VS-0003667,CLI-02304,PRD-0104,tienda_sur,1,195.93,0,195.93,efectivo,completada,2026-01-31 11:00:37,zona_c
VS-0003668,CLI-02244,PRD-0166,tienda_sur,5,442.21,10,2211.05,efectivo,completada,2026-01-27 03:07:47,zona_a
VS-0003669,CLI-00143,PRD-0125,tienda_sur,2,297.62,5,595.24,yape,completada,2026-02-16 16:32:36,zona_a
VS-0003670,CLI-01687,PRD-0070,tienda_sur,4,508.33,0,2033.32,tarjeta,completada,2026-01-12 21:16:18,zona_d
VS-0003671,CLI-02732,PRD-0145,tienda_sur,4,289.54,15,1158.16,transferencia,completada,2026-01-30 07:28:47,zona_c
VS-0003672,CLI-00688,PRD-0083,tienda_sur,5,83.45,10,417.25,efectivo,completada,2026-03-02 18:26:36,zona_a
VS-0003673,CLI-00520,PRD-0066,tienda_sur,4,819.09,0,3276.36,tarjeta,completada,2026-01-31 05:49:53,zona_a
VS-0003674,CLI-00808,PRD-0159,tienda_sur,7,1128.82,0,7901.74,yape,devuelta,2026-01-21 06:26:27,zona_b
VS-0003675,CLI-00617,PRD-0180,tienda_sur,4,16.31,0,65.24,efectivo,devuelta,2026-01-06 17:34:20,zona_b
VS-0003676,CLI-01521,PRD-0059,tienda_sur,6,145.94,0,875.64,yape,completada,2026-03-21 17:55:16,zona_d
VS-0003677,CLI-00571,PRD-0064,tienda_sur,8,50.82,10,406.56,yape,devuelta,2026-03-29 09:47:48,zona_d
VS-0003678,CLI-02720,PRD-0186,tienda_sur,2,76.16,0,152.32,tarjeta,completada,2026-01-11 03:42:27,zona_c
VS-0003679,CLI-01953,PRD-0192,tienda_sur,4,83.75,10,335.0,transferencia,completada,2026-03-14 11:51:50,zona_b
VS-0003680,CLI-02153,PRD-0045,tienda_sur,5,35.29,5,176.45,yape,completada,2026-01-03 21:06:43,zona_c
VS-0003681,CLI-00320,PRD-0042,tienda_sur,1,76.12,0,76.12,yape,completada,2026-03-28 07:28:52,zona_c
VS-0003682,CLI-01561,PRD-0163,tienda_sur,7,88.02,5,616.14,efectivo,pendiente,2026-01-26 00:24:31,zona_c
VS-0003683,CLI-00306,PRD-0125,tienda_sur,4,250.62,20,1002.48,efectivo,completada,2026-01-03 05:20:40,zona_d
VS-0003684,CLI-00012,PRD-0009,tienda_sur,2,42.18,10,84.36,transferencia,completada,2026-03-20 02:41:22,zona_a
VS-0003685,CLI-00536,PRD-0006,tienda_sur,4,395.52,0,1582.08,yape,completada,2026-03-10 05:27:16,zona_c
VS-0003686,CLI-00390,PRD-0188,tienda_sur,4,94.84,10,379.36,efectivo,completada,2026-03-17 10:48:40,zona_b
VS-0003687,CLI-00184,PRD-0007,tienda_sur,7,17.87,10,125.09,efectivo,completada,2026-01-09 17:33:19,zona_d
VS-0003688,CLI-00019,PRD-0104,tienda_sur,4,195.93,0,783.72,tarjeta,completada,2026-01-07 18:01:48,zona_a
VS-0003689,CLI-00427,PRD-0023,tienda_sur,7,64.79,0,453.53,tarjeta,completada,2026-01-31 18:09:46,zona_d
VS-0003690,CLI-01037,PRD-0151,tienda_sur,2,138.28,10,276.56,tarjeta,completada,2026-01-11 03:20:42,zona_a
VS-0003691,CLI-01212,PRD-0062,tienda_sur,2,127.56,0,255.12,efectivo,completada,2026-03-09 15:18:14,zona_a
VS-0003692,CLI-00508,PRD-0012,tienda_sur,8,146.41,5,1171.28,efectivo,completada,2026-01-28 01:16:21,zona_d
VS-0003693,CLI-00011,PRD-0116,tienda_sur,5,9.21,0,46.05,tarjeta,completada,2026-02-18 16:59:26,zona_b
VS-0003694,CLI-00548,PRD-0116,tienda_sur,8,8.75,5,70.0,yape,completada,2026-01-25 03:10:11,zona_a
VS-0003695,CLI-02324,PRD-0109,tienda_sur,7,127.43,0,892.01,efectivo,completada,2026-03-10 06:35:42,zona_d
VS-0003696,CLI-00829,PRD-0078,tienda_sur,4,52.19,5,208.76,efectivo,completada,2026-03-10 13:51:26,zona_c
VS-0003697,CLI-01640,PRD-0096,tienda_sur,1,66.38,15,66.38,transferencia,completada,2026-01-12 05:56:42,zona_b
VS-0003698,CLI-00470,PRD-0062,tienda_sur,6,127.56,0,765.36,efectivo,completada,2026-02-21 03:27:24,zona_a
VS-0003699,CLI-02870,PRD-0093,tienda_sur,6,811.64,10,4869.84,efectivo,completada,2026-03-22 07:46:44,zona_b
VS-0003700,CLI-02463,PRD-0197,tienda_sur,3,46.5,0,139.5,tarjeta,completada,2026-02-10 14:14:20,zona_d
VS-0003701,CLI-01425,PRD-0091,tienda_sur,5,49.81,0,249.05,tarjeta,completada,2026-02-05 22:20:41,zona_d
VS-0003702,CLI-01855,PRD-0049,tienda_sur,6,1047.28,0,6283.68,yape,devuelta,2026-02-02 07:10:26,zona_c
VS-0003703,CLI-01940,PRD-0004,tienda_sur,6,43.11,20,258.66,yape,completada,2026-02-13 10:33:36,zona_c
VS-0003704,CLI-00327,PRD-0105,tienda_sur,8,70.71,10,565.68,transferencia,completada,2026-01-12 16:05:22,zona_a
VS-0003705,CLI-02286,PRD-0130,tienda_sur,2,395.01,0,790.02,yape,completada,2026-03-11 23:46:00,zona_b
VS-0003706,CLI-02494,PRD-0151,tienda_sur,5,138.28,10,691.4,yape,completada,2026-02-15 07:59:19,zona_d
VS-0003707,CLI-01319,PRD-0195,tienda_sur,7,173.27,0,1212.89,efectivo,completada,2026-02-13 06:20:31,zona_d
VS-0003708,CLI-01681,PRD-0053,tienda_sur,1,4.66,10,4.66,tarjeta,pendiente,2026-03-03 09:54:39,zona_c
VS-0003709,CLI-01224,PRD-0196,tienda_sur,3,32.98,20,98.94,tarjeta,completada,2026-02-14 23:10:54,zona_a
VS-0003710,CLI-01989,PRD-0092,tienda_sur,7,1162.25,0,8135.75,tarjeta,completada,2026-01-13 04:22:45,zona_b
VS-0003711,CLI-02201,PRD-0141,tienda_sur,4,142.42,0,569.68,yape,devuelta,2026-02-18 14:49:07,zona_d
VS-0003712,CLI-02301,PRD-0180,tienda_sur,1,15.49,5,15.49,transferencia,completada,2026-03-15 16:30:54,zona_a
VS-0003713,CLI-02868,PRD-0080,tienda_sur,8,142.71,0,1141.68,efectivo,completada,2026-01-29 17:58:58,zona_a
VS-0003714,CLI-02621,PRD-0163,tienda_sur,4,83.39,10,333.56,tarjeta,completada,2026-02-25 08:05:05,zona_d
VS-0003715,CLI-01540,PRD-0021,tienda_sur,4,14.57,20,58.28,yape,completada,2026-01-29 17:08:17,zona_d
VS-0003716,CLI-00725,PRD-0147,tienda_sur,2,47.46,5,94.92,tarjeta,completada,2026-02-18 10:32:16,zona_b
VS-0003717,CLI-01432,PRD-0085,tienda_sur,3,117.15,0,351.45,yape,completada,2026-01-24 02:33:39,zona_c
VS-0003718,CLI-02632,PRD-0094,tienda_sur,6,36.83,5,220.98,transferencia,completada,2026-01-05 13:35:38,zona_c
VS-0003719,CLI-00576,PRD-0039,tienda_sur,5,54.97,10,274.85,yape,completada,2026-02-23 14:46:40,zona_c
VS-0003720,CLI-00441,PRD-0104,tienda_sur,8,195.93,0,1567.44,tarjeta,completada,2026-01-02 11:03:59,zona_d
VS-0003721,CLI-02574,PRD-0144,tienda_sur,6,78.08,0,468.48,tarjeta,completada,2026-02-17 14:45:27,zona_b
VS-0003722,CLI-01180,PRD-0092,tienda_sur,2,929.8,20,1859.6,transferencia,completada,2026-03-03 12:55:26,zona_c
VS-0003723,CLI-02592,PRD-0173,tienda_sur,6,167.7,5,1006.2,efectivo,completada,2026-01-01 18:09:03,zona_b
VS-0003724,CLI-00847,PRD-0142,tienda_sur,6,121.27,0,727.62,yape,completada,2026-01-02 10:37:06,zona_a
VS-0003725,CLI-00365,PRD-0093,tienda_sur,4,721.46,20,2885.84,transferencia,completada,2026-01-29 20:21:18,zona_d
VS-0003726,CLI-00976,PRD-0015,tienda_sur,5,57.34,0,286.7,tarjeta,devuelta,2026-03-16 12:12:16,zona_d
VS-0003727,CLI-02266,PRD-0143,tienda_sur,3,17.91,20,53.73,yape,completada,2026-01-10 11:10:58,zona_a
VS-0003728,CLI-02362,PRD-0133,tienda_sur,6,92.0,5,552.0,yape,completada,2026-03-14 20:15:38,zona_a
VS-0003729,CLI-02112,PRD-0129,tienda_sur,4,89.95,10,359.8,tarjeta,completada,2026-03-18 20:25:42,zona_a
VS-0003730,CLI-00182,PRD-0085,tienda_sur,8,111.29,5,890.32,efectivo,completada,2026-03-07 19:03:37,zona_b
VS-0003731,CLI-02239,PRD-0063,tienda_sur,1,215.94,0,215.94,yape,completada,2026-02-15 07:43:22,zona_a
VS-0003732,CLI-02828,PRD-0030,tienda_sur,5,246.84,0,1234.2,transferencia,completada,2026-01-14 15:23:33,zona_a
VS-0003733,CLI-02623,PRD-0038,tienda_sur,7,39.67,5,277.69,tarjeta,pendiente,2026-03-26 14:26:06,zona_a
VS-0003734,CLI-02901,PRD-0012,tienda_sur,5,138.71,10,693.55,tarjeta,devuelta,2026-01-08 20:25:14,zona_a
VS-0003735,CLI-00116,PRD-0030,tienda_sur,1,234.5,5,234.5,yape,completada,2026-03-08 03:53:55,zona_b
VS-0003736,CLI-02089,PRD-0130,tienda_sur,6,395.01,0,2370.06,efectivo,completada,2026-01-12 22:05:01,zona_d
VS-0003737,CLI-00722,PRD-0020,tienda_sur,2,292.58,10,585.16,yape,completada,2026-02-26 22:17:03,zona_c
VS-0003738,CLI-02451,PRD-0034,tienda_sur,6,98.86,5,593.16,efectivo,completada,2026-01-22 00:27:24,zona_c
VS-0003739,CLI-01606,PRD-0069,tienda_sur,3,46.95,15,140.85,yape,completada,2026-03-14 01:45:59,zona_b
VS-0003740,CLI-01421,PRD-0009,tienda_sur,4,44.53,5,178.12,yape,completada,2026-02-14 21:19:11,zona_b
VS-0003741,CLI-01659,PRD-0061,tienda_sur,5,857.31,0,4286.55,tarjeta,completada,2026-01-12 16:21:07,zona_d
VS-0003742,CLI-02559,PRD-0085,tienda_sur,3,111.29,5,333.87,tarjeta,completada,2026-03-11 14:39:23,zona_c
VS-0003743,CLI-02638,PRD-0161,tienda_sur,6,28.69,15,172.14,tarjeta,completada,2026-02-15 06:04:41,zona_c
VS-0003744,CLI-02568,PRD-0112,tienda_sur,5,230.62,20,1153.1,tarjeta,completada,2026-01-15 19:01:47,zona_b
VS-0003745,CLI-02085,PRD-0036,tienda_sur,7,32.33,25,226.31,tarjeta,completada,2026-03-10 04:23:33,zona_a
VS-0003746,CLI-01190,PRD-0106,tienda_sur,3,233.66,0,700.98,yape,completada,2026-02-22 22:00:31,zona_b
VS-0003747,CLI-00384,PRD-0183,tienda_sur,3,45.73,0,137.19,yape,completada,2026-02-01 17:47:21,zona_a
VS-0003748,CLI-02187,PRD-0084,tienda_sur,5,105.57,5,527.85,tarjeta,completada,2026-01-11 07:03:28,zona_d
VS-0003749,CLI-01811,PRD-0031,tienda_sur,4,295.26,5,1181.04,yape,completada,2026-02-03 01:17:40,zona_b
VS-0003750,CLI-00428,PRD-0055,tienda_sur,7,20.29,0,142.03,tarjeta,completada,2026-02-22 18:29:18,zona_d
VS-0003751,CLI-01823,PRD-0059,tienda_sur,2,124.05,15,248.1,tarjeta,completada,2026-03-04 02:26:19,zona_d
VS-0003752,CLI-01038,PRD-0006,tienda_sur,3,375.74,5,1127.22,yape,completada,2026-03-10 03:48:16,zona_b
VS-0003753,CLI-00909,PRD-0174,tienda_sur,5,316.77,0,1583.85,tarjeta,completada,2026-01-22 15:57:00,zona_b
VS-0003754,CLI-02494,PRD-0130,tienda_sur,7,395.01,0,2765.07,yape,completada,2026-03-18 13:37:33,zona_d
VS-0003755,CLI-02577,PRD-0062,tienda_sur,7,114.8,10,803.6,yape,completada,2026-02-04 11:44:19,zona_a
VS-0003756,CLI-00455,PRD-0006,tienda_sur,8,395.52,0,3164.16,transferencia,completada,2026-01-24 15:51:47,zona_c
VS-0003757,CLI-00080,PRD-0172,tienda_sur,4,143.3,0,573.2,tarjeta,completada,2026-03-03 05:54:04,zona_c
VS-0003758,CLI-02116,PRD-0033,tienda_sur,4,696.3,0,2785.2,yape,devuelta,2026-01-27 23:08:25,zona_d
VS-0003759,CLI-02982,PRD-0092,tienda_sur,1,1162.25,0,1162.25,efectivo,completada,2026-01-20 23:17:15,zona_c
VS-0003760,CLI-00082,PRD-0146,tienda_sur,4,85.82,0,343.28,tarjeta,devuelta,2026-01-09 05:11:06,zona_b
VS-0003761,CLI-02501,PRD-0005,tienda_sur,8,180.66,15,1445.28,tarjeta,completada,2026-03-25 20:12:42,zona_b
VS-0003762,CLI-01764,PRD-0113,tienda_sur,2,163.22,0,326.44,efectivo,completada,2026-03-09 11:28:19,zona_b
VS-0003763,CLI-02191,PRD-0135,tienda_sur,8,111.43,10,891.44,transferencia,completada,2026-03-23 17:20:46,zona_c
VS-0003764,CLI-00542,PRD-0096,tienda_sur,2,74.19,5,148.38,tarjeta,devuelta,2026-03-20 17:19:51,zona_d
VS-0003765,CLI-02659,PRD-0004,tienda_sur,5,53.89,0,269.45,tarjeta,devuelta,2026-01-22 01:35:10,zona_b
VS-0003766,CLI-01431,PRD-0071,tienda_sur,1,71.07,0,71.07,tarjeta,devuelta,2026-02-23 06:09:31,zona_a
VS-0003767,CLI-00756,PRD-0125,tienda_sur,4,281.95,10,1127.8,yape,completada,2026-03-04 05:04:07,zona_c
VS-0003768,CLI-00855,PRD-0184,tienda_sur,7,119.52,20,836.64,efectivo,completada,2026-01-07 01:41:06,zona_c
VS-0003769,CLI-00213,PRD-0197,tienda_sur,6,46.5,0,279.0,tarjeta,completada,2026-03-30 11:57:06,zona_a
VS-0003770,CLI-01308,PRD-0159,tienda_sur,8,1072.38,5,8579.04,yape,completada,2026-01-17 03:45:31,zona_b
VS-0003771,CLI-02331,PRD-0051,tienda_sur,8,262.77,20,2102.16,yape,completada,2026-01-11 21:36:16,zona_c
VS-0003772,CLI-00104,PRD-0036,tienda_sur,8,43.1,0,344.8,tarjeta,pendiente,2026-02-09 17:09:58,zona_a
VS-0003773,CLI-00840,PRD-0069,tienda_sur,6,55.23,0,331.38,transferencia,devuelta,2026-03-08 00:31:22,zona_b
VS-0003774,CLI-02736,PRD-0091,tienda_sur,1,47.32,5,47.32,tarjeta,completada,2026-02-14 21:15:04,zona_a
VS-0003775,CLI-00984,PRD-0168,tienda_sur,2,302.83,0,605.66,tarjeta,completada,2026-02-23 17:27:15,zona_b
VS-0003776,CLI-02263,PRD-0047,tienda_sur,7,182.3,25,1276.1,transferencia,completada,2026-02-04 02:40:37,zona_b
VS-0003777,CLI-02027,PRD-0045,tienda_sur,4,37.15,0,148.6,efectivo,completada,2026-01-24 19:50:50,zona_c
VS-0003778,CLI-02652,PRD-0029,tienda_sur,6,90.51,10,543.06,efectivo,completada,2026-03-25 17:24:57,zona_c
VS-0003779,CLI-00094,PRD-0032,tienda_sur,8,112.57,15,900.56,tarjeta,completada,2026-02-09 05:58:58,zona_c
VS-0003780,CLI-00886,PRD-0056,tienda_sur,6,213.16,10,1278.96,tarjeta,completada,2026-02-05 19:37:51,zona_a
VS-0003781,CLI-02182,PRD-0184,tienda_sur,3,134.46,10,403.38,transferencia,completada,2026-03-31 15:26:53,zona_c
VS-0003782,CLI-00462,PRD-0008,tienda_sur,8,1107.3,0,8858.4,tarjeta,completada,2026-02-11 04:20:43,zona_a
VS-0003783,CLI-01643,PRD-0041,tienda_sur,6,170.99,0,1025.94,tarjeta,completada,2026-03-31 09:07:58,zona_d
VS-0003784,CLI-02495,PRD-0192,tienda_sur,6,74.45,20,446.7,transferencia,completada,2026-01-06 17:46:25,zona_b
VS-0003785,CLI-01447,PRD-0185,tienda_sur,3,178.75,0,536.25,tarjeta,completada,2026-02-17 06:12:23,zona_d
VS-0003786,CLI-01612,PRD-0105,tienda_sur,7,66.78,15,467.46,tarjeta,completada,2026-02-24 17:47:56,zona_d
VS-0003787,CLI-00102,PRD-0186,tienda_sur,4,76.16,0,304.64,tarjeta,completada,2026-03-11 13:04:13,zona_b
VS-0003788,CLI-01351,PRD-0200,tienda_sur,2,33.95,0,67.9,efectivo,completada,2026-03-21 00:18:29,zona_a
VS-0003789,CLI-00779,PRD-0132,tienda_sur,5,625.37,5,3126.85,tarjeta,completada,2026-02-21 10:34:56,zona_d
VS-0003790,CLI-02123,PRD-0085,tienda_sur,6,105.44,10,632.64,efectivo,completada,2026-03-28 13:13:56,zona_a
VS-0003791,CLI-01407,PRD-0012,tienda_sur,1,154.12,0,154.12,tarjeta,completada,2026-03-27 01:02:02,zona_d
VS-0003792,CLI-02420,PRD-0128,tienda_sur,6,50.61,0,303.66,efectivo,devuelta,2026-02-25 10:52:24,zona_c
VS-0003793,CLI-02632,PRD-0106,tienda_sur,6,221.98,5,1331.88,yape,completada,2026-01-01 23:52:53,zona_b
VS-0003794,CLI-00679,PRD-0013,tienda_sur,2,437.73,5,875.46,yape,completada,2026-01-31 21:51:55,zona_c
VS-0003795,CLI-00423,PRD-0023,tienda_sur,4,61.55,5,246.2,transferencia,completada,2026-01-15 12:31:47,zona_c
VS-0003796,CLI-00629,PRD-0173,tienda_sur,8,158.88,10,1271.04,transferencia,completada,2026-03-05 18:54:44,zona_b
VS-0003797,CLI-02395,PRD-0008,tienda_sur,2,996.57,10,1993.14,yape,completada,2026-02-21 05:32:58,zona_d
VS-0003798,CLI-01894,PRD-0051,tienda_sur,8,328.46,0,2627.68,tarjeta,completada,2026-01-30 01:20:23,zona_b
VS-0003799,CLI-02202,PRD-0138,tienda_sur,1,146.2,0,146.2,efectivo,completada,2026-02-17 15:56:17,zona_a
VS-0003800,CLI-00886,PRD-0156,tienda_sur,6,94.72,0,568.32,tarjeta,completada,2026-02-28 06:13:28,zona_d
VS-0003801,CLI-02335,PRD-0002,tienda_sur,8,34.18,5,273.44,transferencia,pendiente,2026-02-13 22:06:21,zona_b
VS-0003802,CLI-01955,PRD-0198,tienda_sur,2,287.68,20,575.36,tarjeta,devuelta,2026-01-06 09:17:39,zona_b
VS-0003803,CLI-01307,PRD-0021,tienda_sur,5,18.21,0,91.05,tarjeta,completada,2026-03-31 12:12:54,zona_d
VS-0003804,CLI-02512,PRD-0123,tienda_sur,5,34.29,15,171.45,yape,completada,2026-02-12 16:23:02,zona_b
VS-0003805,CLI-00761,PRD-0149,tienda_sur,8,232.66,15,1861.28,efectivo,completada,2026-03-31 01:34:17,zona_d
VS-0003806,CLI-01714,PRD-0189,tienda_sur,5,134.07,25,670.35,tarjeta,completada,2026-01-19 03:07:26,zona_c
VS-0003807,CLI-01614,PRD-0012,tienda_sur,3,146.41,5,439.23,yape,completada,2026-03-15 15:57:23,zona_c
VS-0003808,CLI-01249,PRD-0125,tienda_sur,7,234.96,25,1644.72,transferencia,completada,2026-01-17 16:07:17,zona_c
VS-0003809,CLI-02475,PRD-0184,tienda_sur,4,149.4,0,597.6,yape,completada,2026-01-22 20:31:30,zona_a
VS-0003810,CLI-01278,PRD-0168,tienda_sur,8,302.83,0,2422.64,efectivo,completada,2026-01-18 18:57:56,zona_d
VS-0003811,CLI-02238,PRD-0031,tienda_sur,6,295.26,5,1771.56,tarjeta,completada,2026-01-31 22:29:58,zona_a
VS-0003812,CLI-00343,PRD-0067,tienda_sur,7,96.38,5,674.66,tarjeta,completada,2026-02-22 07:28:14,zona_c
VS-0003813,CLI-02860,PRD-0078,tienda_sur,2,54.94,0,109.88,yape,completada,2026-03-10 10:11:45,zona_a
VS-0003814,CLI-01966,PRD-0179,tienda_sur,6,389.09,0,2334.54,tarjeta,completada,2026-03-29 21:17:44,zona_d
VS-0003815,CLI-00688,PRD-0118,tienda_sur,2,53.23,0,106.46,yape,devuelta,2026-03-06 17:13:48,zona_a
VS-0003816,CLI-00924,PRD-0032,tienda_sur,4,132.44,0,529.76,efectivo,completada,2026-03-19 20:04:26,zona_a
VS-0003817,CLI-02725,PRD-0025,tienda_sur,8,397.73,0,3181.84,transferencia,completada,2026-03-06 03:50:42,zona_d
VS-0003818,CLI-02586,PRD-0197,tienda_sur,4,39.52,15,158.08,yape,completada,2026-02-19 11:07:46,zona_c
VS-0003819,CLI-01553,PRD-0080,tienda_sur,5,135.57,5,677.85,efectivo,completada,2026-03-06 04:55:33,zona_c
VS-0003820,CLI-02400,PRD-0026,tienda_sur,5,1165.21,0,5826.05,tarjeta,completada,2026-03-08 16:25:42,zona_c
VS-0003821,CLI-02517,PRD-0027,tienda_sur,4,29.13,5,116.52,tarjeta,completada,2026-01-12 08:46:59,zona_c
VS-0003822,CLI-00583,PRD-0147,tienda_sur,6,49.96,0,299.76,transferencia,completada,2026-01-03 11:27:03,zona_d
VS-0003823,CLI-00065,PRD-0124,tienda_sur,7,172.02,0,1204.14,tarjeta,completada,2026-02-08 22:24:35,zona_d
VS-0003824,CLI-00482,PRD-0019,tienda_sur,5,290.02,0,1450.1,tarjeta,completada,2026-01-03 02:10:44,zona_d
VS-0003825,CLI-00992,PRD-0194,tienda_sur,6,149.53,15,897.18,tarjeta,completada,2026-01-31 09:02:07,zona_c
VS-0003826,CLI-00039,PRD-0048,tienda_sur,7,307.21,0,2150.47,yape,completada,2026-03-25 05:15:16,zona_a
VS-0003827,CLI-00889,PRD-0042,tienda_sur,1,76.12,0,76.12,yape,completada,2026-01-14 05:34:09,zona_b
VS-0003828,CLI-02408,PRD-0151,tienda_sur,7,153.64,0,1075.48,tarjeta,completada,2026-01-06 18:00:18,zona_c
VS-0003829,CLI-00618,PRD-0131,tienda_sur,8,311.16,10,2489.28,efectivo,completada,2026-03-06 00:15:49,zona_a
VS-0003830,CLI-02879,PRD-0018,tienda_sur,8,128.89,10,1031.12,tarjeta,completada,2026-03-30 10:23:34,zona_b
VS-0003831,CLI-01376,PRD-0100,tienda_sur,4,344.59,5,1378.36,efectivo,pendiente,2026-02-17 08:07:02,zona_b
VS-0003832,CLI-02068,PRD-0075,tienda_sur,4,68.14,0,272.56,tarjeta,completada,2026-03-09 02:18:23,zona_c
VS-0003833,CLI-01555,PRD-0097,tienda_sur,4,168.78,0,675.12,transferencia,devuelta,2026-02-16 00:16:37,zona_a
VS-0003834,CLI-00181,PRD-0024,tienda_sur,8,115.36,15,922.88,yape,devuelta,2026-03-27 02:32:41,zona_c
VS-0003835,CLI-00420,PRD-0076,tienda_sur,8,115.51,15,924.08,efectivo,completada,2026-01-05 16:29:56,zona_b
VS-0003836,CLI-02724,PRD-0073,tienda_sur,3,57.82,15,173.46,yape,completada,2026-02-17 15:54:07,zona_b
VS-0003837,CLI-00183,PRD-0158,tienda_sur,4,230.04,0,920.16,efectivo,completada,2026-03-01 12:48:16,zona_d
VS-0003838,CLI-01470,PRD-0038,tienda_sur,7,33.41,20,233.87,efectivo,completada,2026-03-28 10:55:17,zona_c
VS-0003839,CLI-02531,PRD-0105,tienda_sur,4,74.64,5,298.56,yape,devuelta,2026-02-02 20:36:22,zona_a
VS-0003840,CLI-01717,PRD-0169,tienda_sur,4,1010.95,5,4043.8,efectivo,completada,2026-02-12 02:17:20,zona_c
VS-0003841,CLI-01773,PRD-0129,tienda_sur,4,89.95,10,359.8,transferencia,completada,2026-02-08 23:39:28,zona_a
VS-0003842,CLI-01565,PRD-0062,tienda_sur,7,127.56,0,892.92,efectivo,completada,2026-03-10 01:30:36,zona_c
VS-0003843,CLI-02671,PRD-0090,tienda_sur,6,10.21,15,61.26,transferencia,completada,2026-02-25 05:18:37,zona_a
VS-0003844,CLI-01515,PRD-0039,tienda_sur,6,48.86,20,293.16,efectivo,devuelta,2026-02-10 13:13:59,zona_b
VS-0003845,CLI-00770,PRD-0028,tienda_sur,5,7.67,10,38.35,tarjeta,completada,2026-03-15 20:58:27,zona_a
VS-0003846,CLI-00687,PRD-0077,tienda_sur,4,59.81,0,239.24,tarjeta,completada,2026-02-01 15:21:04,zona_a
VS-0003847,CLI-02210,PRD-0135,tienda_sur,1,123.81,0,123.81,tarjeta,completada,2026-01-20 13:58:29,zona_a
VS-0003848,CLI-02576,PRD-0080,tienda_sur,4,142.71,0,570.84,tarjeta,completada,2026-03-25 00:17:23,zona_c
VS-0003849,CLI-01759,PRD-0001,tienda_sur,3,380.31,0,1140.93,yape,devuelta,2026-02-14 20:05:21,zona_b
VS-0003850,CLI-02864,PRD-0001,tienda_sur,8,380.31,0,3042.48,tarjeta,completada,2026-03-12 02:21:56,zona_b
VS-0003851,CLI-02198,PRD-0135,tienda_sur,5,123.81,0,619.05,tarjeta,completada,2026-03-05 21:44:46,zona_a
VS-0003852,CLI-00501,PRD-0002,tienda_sur,1,30.58,15,30.58,yape,pendiente,2026-01-21 14:10:52,zona_a
VS-0003853,CLI-01167,PRD-0173,tienda_sur,8,176.53,0,1412.24,transferencia,completada,2026-03-06 01:39:08,zona_d
VS-0003854,CLI-02146,PRD-0043,tienda_sur,1,18.11,25,18.11,transferencia,completada,2026-01-19 11:22:58,zona_c
VS-0003855,CLI-00986,PRD-0162,tienda_sur,1,63.5,25,63.5,yape,completada,2026-01-20 06:50:38,zona_d
VS-0003856,CLI-01913,PRD-0095,tienda_sur,6,50.05,0,300.3,transferencia,completada,2026-02-10 13:58:23,zona_c
VS-0003857,CLI-01539,PRD-0179,tienda_sur,8,350.18,10,2801.44,yape,completada,2026-02-02 04:13:47,zona_a
VS-0003858,CLI-01294,PRD-0147,tienda_sur,7,42.47,15,297.29,yape,completada,2026-03-04 20:49:48,zona_b
VS-0003859,CLI-02267,PRD-0024,tienda_sur,5,101.79,25,508.95,tarjeta,completada,2026-02-06 02:23:58,zona_d
VS-0003860,CLI-01127,PRD-0151,tienda_sur,8,145.96,5,1167.68,tarjeta,completada,2026-03-29 22:44:54,zona_d
VS-0003861,CLI-02503,PRD-0166,tienda_sur,8,491.34,0,3930.72,tarjeta,completada,2026-03-29 05:45:13,zona_c
VS-0003862,CLI-02671,PRD-0110,tienda_sur,5,177.5,15,887.5,transferencia,completada,2026-02-26 20:36:51,zona_c
VS-0003863,CLI-00401,PRD-0161,tienda_sur,6,33.75,0,202.5,yape,completada,2026-02-10 02:51:18,zona_d
VS-0003864,CLI-01262,PRD-0094,tienda_sur,1,36.83,5,36.83,tarjeta,completada,2026-01-26 03:04:58,zona_c
VS-0003865,CLI-00966,PRD-0026,tienda_sur,6,1048.69,10,6292.14,yape,completada,2026-03-05 15:42:17,zona_c
VS-0003866,CLI-02097,PRD-0075,tienda_sur,8,68.14,0,545.12,tarjeta,completada,2026-03-09 06:43:40,zona_c
VS-0003867,CLI-02770,PRD-0198,tienda_sur,7,341.62,5,2391.34,yape,completada,2026-02-17 06:26:33,zona_c
VS-0003868,CLI-02229,PRD-0077,tienda_sur,4,59.81,0,239.24,tarjeta,completada,2026-02-04 02:59:08,zona_d
VS-0003869,CLI-01927,PRD-0052,tienda_sur,5,352.2,10,1761.0,transferencia,completada,2026-02-26 08:58:51,zona_a
VS-0003870,CLI-02463,PRD-0067,tienda_sur,4,76.09,25,304.36,efectivo,completada,2026-01-09 00:38:22,zona_b
VS-0003871,CLI-00321,PRD-0073,tienda_sur,4,68.02,0,272.08,tarjeta,completada,2026-03-04 15:53:27,zona_d
VS-0003872,CLI-00849,PRD-0184,tienda_sur,4,134.46,10,537.84,tarjeta,completada,2026-03-06 07:21:58,zona_a
VS-0003873,CLI-00395,PRD-0136,tienda_sur,1,93.42,10,93.42,yape,devuelta,2026-01-25 20:13:03,zona_b
VS-0003874,CLI-01668,PRD-0054,tienda_sur,6,93.72,5,562.32,tarjeta,devuelta,2026-02-16 10:54:43,zona_a
VS-0003875,CLI-00038,PRD-0016,tienda_sur,8,180.2,10,1441.6,efectivo,completada,2026-02-13 22:26:43,zona_d
VS-0003876,CLI-00607,PRD-0046,tienda_sur,1,362.76,0,362.76,efectivo,completada,2026-01-01 01:54:08,zona_a
VS-0003877,CLI-00211,PRD-0197,tienda_sur,6,46.5,0,279.0,yape,completada,2026-02-14 10:34:17,zona_a
VS-0003878,CLI-01571,PRD-0014,tienda_sur,3,268.24,15,804.72,transferencia,completada,2026-01-09 23:32:05,zona_c
VS-0003879,CLI-00675,PRD-0033,tienda_sur,7,696.3,0,4874.1,tarjeta,completada,2026-03-31 23:25:16,zona_d
VS-0003880,CLI-01092,PRD-0071,tienda_sur,4,63.96,10,255.84,efectivo,completada,2026-01-21 06:06:05,zona_a
VS-0003881,CLI-00058,PRD-0023,tienda_sur,5,51.83,20,259.15,yape,completada,2026-01-10 11:20:02,zona_c
VS-0003882,CLI-02779,PRD-0068,tienda_sur,7,158.32,5,1108.24,efectivo,completada,2026-03-31 01:13:21,zona_d
VS-0003883,CLI-00586,PRD-0178,tienda_sur,4,83.22,5,332.88,tarjeta,completada,2026-02-19 11:03:53,zona_d
VS-0003884,CLI-01269,PRD-0195,tienda_sur,1,155.94,10,155.94,efectivo,completada,2026-03-18 07:52:37,zona_d
VS-0003885,CLI-02495,PRD-0110,tienda_sur,2,208.82,0,417.64,transferencia,completada,2026-01-30 03:04:09,zona_c
VS-0003886,CLI-02289,PRD-0007,tienda_sur,5,14.89,25,74.45,tarjeta,completada,2026-03-13 18:13:13,zona_c
VS-0003887,CLI-02492,PRD-0101,tienda_sur,7,1072.29,5,7506.03,efectivo,completada,2026-01-20 05:12:21,zona_c
VS-0003888,CLI-01044,PRD-0015,tienda_sur,5,51.61,10,258.05,tarjeta,completada,2026-03-07 23:47:32,zona_c
VS-0003889,CLI-02160,PRD-0154,tienda_sur,1,45.43,5,45.43,yape,completada,2026-03-26 06:39:38,zona_c
VS-0003890,CLI-01773,PRD-0001,tienda_sur,6,380.31,0,2281.86,tarjeta,completada,2026-01-12 05:17:22,zona_b
VS-0003891,CLI-02100,PRD-0093,tienda_sur,3,721.46,20,2164.38,yape,completada,2026-03-30 06:25:42,zona_c
VS-0003892,CLI-00789,PRD-0116,tienda_sur,3,9.21,0,27.63,tarjeta,completada,2026-03-11 01:37:06,zona_d
VS-0003893,CLI-00109,PRD-0056,tienda_sur,8,236.84,0,1894.72,transferencia,completada,2026-02-20 05:24:41,zona_d
VS-0003894,CLI-00688,PRD-0142,tienda_sur,3,109.14,10,327.42,transferencia,completada,2026-02-28 20:16:37,zona_a
VS-0003895,CLI-01748,PRD-0195,tienda_sur,8,173.27,0,1386.16,tarjeta,completada,2026-03-21 10:41:02,zona_c
VS-0003896,CLI-02465,PRD-0196,tienda_sur,6,30.92,25,185.52,yape,completada,2026-01-26 10:15:56,zona_d
VS-0003897,CLI-01244,PRD-0031,tienda_sur,5,279.72,10,1398.6,efectivo,completada,2026-01-31 07:34:59,zona_b
VS-0003898,CLI-02455,PRD-0190,tienda_sur,8,236.97,0,1895.76,tarjeta,pendiente,2026-02-20 22:49:49,zona_d
VS-0003899,CLI-01530,PRD-0044,tienda_sur,1,100.66,5,100.66,tarjeta,completada,2026-01-27 05:58:48,zona_d
VS-0003900,CLI-02613,PRD-0040,tienda_sur,5,171.54,0,857.7,tarjeta,completada,2026-02-14 08:04:27,zona_c
VS-0003901,CLI-01771,PRD-0176,tienda_sur,2,63.97,10,127.94,yape,completada,2026-02-08 09:35:21,zona_c
VS-0003902,CLI-00988,PRD-0011,tienda_sur,6,75.37,0,452.22,tarjeta,completada,2026-02-02 14:36:50,zona_c
VS-0003903,CLI-00014,PRD-0011,tienda_sur,8,67.83,10,542.64,yape,completada,2026-03-06 08:58:55,zona_a
VS-0003904,CLI-01619,PRD-0022,tienda_sur,6,48.34,25,290.04,tarjeta,completada,2026-03-16 19:49:24,zona_b
VS-0003905,CLI-00275,PRD-0148,tienda_sur,2,154.04,0,308.08,tarjeta,completada,2026-01-26 16:40:08,zona_d
VS-0003906,CLI-02700,PRD-0190,tienda_sur,3,189.58,20,568.74,tarjeta,completada,2026-03-14 16:22:47,zona_c
VS-0003907,CLI-00857,PRD-0115,tienda_sur,3,972.54,15,2917.62,tarjeta,completada,2026-03-24 06:52:53,zona_d
VS-0003908,CLI-02416,PRD-0092,tienda_sur,1,1046.03,10,1046.03,transferencia,completada,2026-03-19 00:56:00,zona_a
VS-0003909,CLI-02858,PRD-0006,tienda_sur,7,375.74,5,2630.18,yape,completada,2026-03-02 05:49:14,zona_c
VS-0003910,CLI-00039,PRD-0080,tienda_sur,5,135.57,5,677.85,yape,completada,2026-02-01 05:35:10,zona_d
VS-0003911,CLI-02725,PRD-0163,tienda_sur,1,92.65,0,92.65,transferencia,completada,2026-03-08 15:21:36,zona_a
VS-0003912,CLI-00840,PRD-0121,tienda_sur,7,705.39,20,4937.73,efectivo,completada,2026-03-19 07:12:12,zona_b
VS-0003913,CLI-00748,PRD-0077,tienda_sur,4,59.81,0,239.24,tarjeta,completada,2026-01-14 15:50:29,zona_d
VS-0003914,CLI-00350,PRD-0082,tienda_sur,7,272.79,10,1909.53,efectivo,completada,2026-01-22 13:47:51,zona_c
VS-0003915,CLI-02552,PRD-0044,tienda_sur,3,95.36,10,286.08,tarjeta,completada,2026-02-02 18:51:27,zona_d
VS-0003916,CLI-00909,PRD-0169,tienda_sur,3,851.33,20,2553.99,transferencia,completada,2026-02-15 06:57:12,zona_c
VS-0003917,CLI-02119,PRD-0134,tienda_sur,2,97.62,0,195.24,tarjeta,completada,2026-03-04 04:14:22,zona_d
VS-0003918,CLI-01471,PRD-0177,tienda_sur,5,906.25,15,4531.25,transferencia,completada,2026-03-19 16:17:31,zona_a
VS-0003919,CLI-02242,PRD-0177,tienda_sur,5,1066.18,0,5330.9,tarjeta,completada,2026-01-02 07:18:40,zona_a
VS-0003920,CLI-01048,PRD-0067,tienda_sur,3,101.45,0,304.35,yape,devuelta,2026-03-16 09:29:53,zona_a
VS-0003921,CLI-00302,PRD-0077,tienda_sur,2,56.82,5,113.64,transferencia,completada,2026-03-16 18:13:35,zona_b
VS-0003922,CLI-00517,PRD-0017,tienda_sur,1,628.99,15,628.99,tarjeta,pendiente,2026-03-14 00:49:40,zona_c
VS-0003923,CLI-02514,PRD-0186,tienda_sur,8,60.93,20,487.44,efectivo,completada,2026-01-18 03:23:43,zona_a
VS-0003924,CLI-00905,PRD-0199,tienda_sur,1,300.07,20,300.07,yape,completada,2026-01-23 15:59:04,zona_a
VS-0003925,CLI-00681,PRD-0001,tienda_sur,4,380.31,0,1521.24,efectivo,completada,2026-01-21 18:04:37,zona_d
VS-0003926,CLI-01885,PRD-0148,tienda_sur,2,154.04,0,308.08,yape,completada,2026-02-28 15:14:06,zona_d
VS-0003927,CLI-02729,PRD-0123,tienda_sur,5,38.32,5,191.6,efectivo,pendiente,2026-02-03 00:01:15,zona_b
VS-0003928,CLI-02971,PRD-0073,tienda_sur,1,64.62,5,64.62,yape,completada,2026-03-14 21:30:35,zona_d
VS-0003929,CLI-00547,PRD-0103,tienda_sur,4,375.62,0,1502.48,yape,completada,2026-02-09 01:45:37,zona_a
VS-0003930,CLI-01614,PRD-0117,tienda_sur,6,146.98,5,881.88,tarjeta,completada,2026-02-28 14:29:37,zona_a
VS-0003931,CLI-02344,PRD-0097,tienda_sur,5,168.78,0,843.9,efectivo,completada,2026-03-14 08:37:21,zona_a
VS-0003932,CLI-00024,PRD-0050,tienda_sur,5,10.76,5,53.8,yape,completada,2026-03-21 09:30:31,zona_b
VS-0003933,CLI-00183,PRD-0040,tienda_sur,7,137.23,20,960.61,tarjeta,completada,2026-01-22 04:32:52,zona_b
VS-0003934,CLI-02566,PRD-0135,tienda_sur,6,92.86,25,557.16,efectivo,completada,2026-01-26 00:15:25,zona_d
VS-0003935,CLI-00323,PRD-0074,tienda_sur,1,100.23,0,100.23,tarjeta,completada,2026-02-10 01:22:07,zona_d
VS-0003936,CLI-01196,PRD-0004,tienda_sur,8,45.81,15,366.48,transferencia,completada,2026-02-07 09:06:18,zona_b
VS-0003937,CLI-00737,PRD-0195,tienda_sur,8,173.27,0,1386.16,yape,completada,2026-01-12 01:11:45,zona_c
VS-0003938,CLI-01909,PRD-0049,tienda_sur,7,1047.28,0,7330.96,efectivo,completada,2026-03-30 16:24:32,zona_d
VS-0003939,CLI-02885,PRD-0181,tienda_sur,6,106.33,0,637.98,efectivo,completada,2026-01-27 09:44:25,zona_a
VS-0003940,CLI-02114,PRD-0145,tienda_sur,1,306.58,10,306.58,yape,completada,2026-03-28 00:52:54,zona_d
VS-0003941,CLI-00812,PRD-0131,tienda_sur,7,345.73,0,2420.11,yape,completada,2026-02-25 03:37:35,zona_d
VS-0003942,CLI-00577,PRD-0123,tienda_sur,3,40.34,0,121.02,efectivo,completada,2026-03-12 22:16:41,zona_d
VS-0003943,CLI-00125,PRD-0056,tienda_sur,8,225.0,5,1800.0,tarjeta,pendiente,2026-03-28 11:23:42,zona_d
VS-0003944,CLI-02411,PRD-0066,tienda_sur,6,819.09,0,4914.54,efectivo,completada,2026-01-15 10:01:51,zona_a
VS-0003945,CLI-00317,PRD-0146,tienda_sur,5,85.82,0,429.1,efectivo,completada,2026-01-12 19:48:23,zona_c
VS-0003946,CLI-00191,PRD-0069,tienda_sur,6,55.23,0,331.38,tarjeta,completada,2026-02-11 02:11:39,zona_a
VS-0003947,CLI-02405,PRD-0146,tienda_sur,5,72.95,15,364.75,efectivo,completada,2026-01-13 07:43:36,zona_d
VS-0003948,CLI-02473,PRD-0054,tienda_sur,2,88.79,10,177.58,yape,completada,2026-02-19 13:36:56,zona_a
VS-0003949,CLI-02483,PRD-0170,tienda_sur,6,111.76,0,670.56,tarjeta,completada,2026-02-16 18:46:05,zona_a
VS-0003950,CLI-00263,PRD-0124,tienda_sur,7,154.82,10,1083.74,yape,completada,2026-02-02 15:32:51,zona_a
VS-0003951,CLI-02377,PRD-0032,tienda_sur,6,125.82,5,754.92,tarjeta,completada,2026-03-03 00:26:48,zona_b
VS-0003952,CLI-02203,PRD-0149,tienda_sur,6,246.35,10,1478.1,tarjeta,completada,2026-01-14 01:14:22,zona_c
VS-0003953,CLI-01882,PRD-0030,tienda_sur,2,185.13,25,370.26,efectivo,completada,2026-01-04 19:27:46,zona_d
VS-0003954,CLI-02073,PRD-0040,tienda_sur,2,145.81,15,291.62,efectivo,completada,2026-03-09 01:41:50,zona_a
VS-0003955,CLI-01347,PRD-0182,tienda_sur,4,116.18,0,464.72,yape,completada,2026-03-26 19:21:08,zona_b
VS-0003956,CLI-00606,PRD-0096,tienda_sur,2,66.38,15,132.76,tarjeta,completada,2026-02-17 03:19:47,zona_b
VS-0003957,CLI-01551,PRD-0040,tienda_sur,7,171.54,0,1200.78,tarjeta,completada,2026-03-06 23:20:38,zona_b
VS-0003958,CLI-00173,PRD-0199,tienda_sur,3,356.34,5,1069.02,efectivo,completada,2026-02-14 22:27:59,zona_a
VS-0003959,CLI-00103,PRD-0015,tienda_sur,3,57.34,0,172.02,yape,completada,2026-02-14 14:28:37,zona_b
VS-0003960,CLI-01043,PRD-0140,tienda_sur,8,117.83,0,942.64,efectivo,completada,2026-03-14 06:19:57,zona_c
VS-0003961,CLI-02826,PRD-0044,tienda_sur,8,105.96,0,847.68,tarjeta,completada,2026-03-06 11:01:48,zona_a
VS-0003962,CLI-02417,PRD-0062,tienda_sur,3,114.8,10,344.4,transferencia,completada,2026-02-03 23:32:50,zona_c
VS-0003963,CLI-01616,PRD-0130,tienda_sur,5,395.01,0,1975.05,efectivo,completada,2026-01-03 16:02:40,zona_d
VS-0003964,CLI-00959,PRD-0021,tienda_sur,6,15.48,15,92.88,efectivo,completada,2026-01-21 17:39:31,zona_c
VS-0003965,CLI-02997,PRD-0164,tienda_sur,1,305.63,10,305.63,efectivo,completada,2026-03-31 13:26:10,zona_b
VS-0003966,CLI-00396,PRD-0004,tienda_sur,2,43.11,20,86.22,yape,completada,2026-03-16 16:52:08,zona_a
VS-0003967,CLI-02941,PRD-0021,tienda_sur,7,16.39,10,114.73,yape,completada,2026-02-05 18:23:57,zona_a
VS-0003968,CLI-01462,PRD-0100,tienda_sur,3,326.46,10,979.38,transferencia,completada,2026-01-16 15:22:18,zona_b
VS-0003969,CLI-02262,PRD-0007,tienda_sur,6,19.86,0,119.16,efectivo,completada,2026-03-08 05:17:10,zona_c
VS-0003970,CLI-00685,PRD-0120,tienda_sur,4,276.01,5,1104.04,tarjeta,completada,2026-01-09 14:28:24,zona_c
VS-0003971,CLI-02648,PRD-0174,tienda_sur,3,300.93,5,902.79,efectivo,completada,2026-03-09 04:37:12,zona_d
VS-0003972,CLI-02052,PRD-0014,tienda_sur,8,299.8,5,2398.4,tarjeta,devuelta,2026-03-09 04:39:06,zona_b
VS-0003973,CLI-00588,PRD-0052,tienda_sur,6,391.33,0,2347.98,efectivo,completada,2026-02-21 08:20:35,zona_b
VS-0003974,CLI-02742,PRD-0048,tienda_sur,8,291.85,5,2334.8,tarjeta,completada,2026-03-30 02:02:48,zona_d
VS-0003975,CLI-00459,PRD-0144,tienda_sur,6,70.27,10,421.62,transferencia,completada,2026-02-05 17:57:05,zona_c
VS-0003976,CLI-00153,PRD-0087,tienda_sur,3,39.41,0,118.23,tarjeta,completada,2026-03-11 19:31:18,zona_c
VS-0003977,CLI-00859,PRD-0128,tienda_sur,1,50.61,0,50.61,tarjeta,completada,2026-03-04 23:35:51,zona_a
VS-0003978,CLI-01565,PRD-0081,tienda_sur,4,98.39,15,393.56,tarjeta,completada,2026-03-18 00:57:32,zona_a
VS-0003979,CLI-02642,PRD-0024,tienda_sur,8,122.15,10,977.2,tarjeta,completada,2026-02-07 06:29:29,zona_c
VS-0003980,CLI-02409,PRD-0082,tienda_sur,8,272.79,10,2182.32,transferencia,completada,2026-03-08 15:20:22,zona_a
VS-0003981,CLI-01426,PRD-0091,tienda_sur,5,37.36,25,186.8,tarjeta,completada,2026-01-18 08:02:58,zona_c
VS-0003982,CLI-02921,PRD-0074,tienda_sur,8,100.23,0,801.84,transferencia,completada,2026-01-20 04:45:24,zona_a
VS-0003983,CLI-01314,PRD-0170,tienda_sur,3,106.17,5,318.51,yape,devuelta,2026-01-31 11:14:50,zona_a
VS-0003984,CLI-00164,PRD-0069,tienda_sur,3,49.71,10,149.13,yape,completada,2026-02-10 09:09:00,zona_d
VS-0003985,CLI-02446,PRD-0054,tienda_sur,5,88.79,10,443.95,tarjeta,completada,2026-02-13 23:11:25,zona_a
VS-0003986,CLI-01088,PRD-0107,tienda_sur,3,52.86,0,158.58,tarjeta,completada,2026-02-07 21:43:22,zona_d
VS-0003987,CLI-02841,PRD-0029,tienda_sur,4,90.51,10,362.04,efectivo,completada,2026-02-12 04:45:47,zona_a
VS-0003988,CLI-00809,PRD-0061,tienda_sur,5,857.31,0,4286.55,tarjeta,completada,2026-02-18 09:37:18,zona_a
VS-0003989,CLI-02333,PRD-0136,tienda_sur,2,103.8,0,207.6,tarjeta,pendiente,2026-03-31 15:42:09,zona_b
VS-0003990,CLI-01368,PRD-0084,tienda_sur,1,88.9,20,88.9,efectivo,completada,2026-02-10 11:37:44,zona_a
VS-0003991,CLI-01856,PRD-0078,tienda_sur,7,49.45,10,346.15,tarjeta,completada,2026-02-01 01:19:33,zona_a
VS-0003992,CLI-01242,PRD-0166,tienda_sur,3,417.64,15,1252.92,tarjeta,completada,2026-01-07 07:12:00,zona_a
VS-0003993,CLI-01363,PRD-0021,tienda_sur,7,15.48,15,108.36,yape,completada,2026-01-06 18:55:16,zona_b
VS-0003994,CLI-01454,PRD-0126,tienda_sur,7,1043.23,0,7302.61,yape,devuelta,2026-03-05 07:46:19,zona_c
VS-0003995,CLI-01590,PRD-0001,tienda_sur,6,323.26,15,1939.56,tarjeta,completada,2026-03-10 08:03:10,zona_b
VS-0003996,CLI-01960,PRD-0177,tienda_sur,8,1012.87,5,8102.96,yape,completada,2026-02-12 20:58:15,zona_c
VS-0003997,CLI-02119,PRD-0199,tienda_sur,3,375.09,0,1125.27,transferencia,completada,2026-03-12 12:08:51,zona_d
VS-0003998,CLI-01517,PRD-0065,tienda_sur,8,199.53,0,1596.24,yape,completada,2026-03-08 22:35:30,zona_c
VS-0003999,CLI-01322,PRD-0096,tienda_sur,4,66.38,15,265.52,tarjeta,completada,2026-02-06 10:24:45,zona_c
VS-0004000,CLI-01349,PRD-0053,tienda_sur,2,4.92,5,9.84,efectivo,pendiente,2026-01-15 18:58:27,zona_d
VS-0004001,CLI-01050,PRD-0031,tienda_sur,1,295.26,5,295.26,tarjeta,completada,2026-03-22 15:59:42,zona_b
VS-0004002,CLI-01619,PRD-0033,tienda_sur,7,661.48,5,4630.36,transferencia,completada,2026-02-26 04:47:36,zona_d
VS-0004003,CLI-01327,PRD-0013,tienda_sur,4,345.58,25,1382.32,tarjeta,completada,2026-03-01 07:30:38,zona_c
VS-0004004,CLI-00654,PRD-0135,tienda_sur,8,105.24,15,841.92,yape,completada,2026-01-06 01:34:31,zona_a
VS-0004005,CLI-01003,PRD-0043,tienda_sur,1,24.14,0,24.14,tarjeta,completada,2026-02-07 18:06:01,zona_a
VS-0004006,CLI-00453,PRD-0112,tienda_sur,4,288.27,0,1153.08,tarjeta,completada,2026-03-14 17:42:09,zona_b
VS-0004007,CLI-02860,PRD-0079,tienda_sur,8,291.31,0,2330.48,transferencia,completada,2026-02-17 12:04:24,zona_a
VS-0004008,CLI-01748,PRD-0186,tienda_sur,3,60.93,20,182.79,yape,completada,2026-02-07 14:07:46,zona_c
VS-0004009,CLI-02916,PRD-0057,tienda_sur,8,358.8,10,2870.4,transferencia,completada,2026-03-02 21:30:55,zona_d
VS-0004010,CLI-02692,PRD-0075,tienda_sur,3,68.14,0,204.42,tarjeta,completada,2026-03-07 01:57:03,zona_c
VS-0004011,CLI-01985,PRD-0146,tienda_sur,2,85.82,0,171.64,yape,completada,2026-03-01 11:55:26,zona_c
VS-0004012,CLI-02860,PRD-0133,tienda_sur,7,92.0,5,644.0,efectivo,completada,2026-03-02 00:26:40,zona_c
VS-0004013,CLI-01246,PRD-0034,tienda_sur,1,104.06,0,104.06,yape,completada,2026-01-13 23:24:59,zona_a
VS-0004014,CLI-02868,PRD-0010,tienda_sur,7,132.73,10,929.11,tarjeta,completada,2026-03-15 15:25:04,zona_d
VS-0004015,CLI-02174,PRD-0156,tienda_sur,6,89.98,5,539.88,tarjeta,completada,2026-01-14 23:39:00,zona_d
VS-0004016,CLI-01549,PRD-0003,tienda_sur,8,176.5,0,1412.0,yape,completada,2026-02-28 13:07:30,zona_c
VS-0004017,CLI-00380,PRD-0022,tienda_sur,6,54.79,15,328.74,transferencia,pendiente,2026-03-13 03:48:32,zona_b
VS-0004018,CLI-02863,PRD-0070,tienda_sur,5,432.08,15,2160.4,tarjeta,completada,2026-03-17 17:32:43,zona_b
VS-0004019,CLI-01920,PRD-0071,tienda_sur,3,53.3,25,159.9,tarjeta,completada,2026-01-24 16:39:13,zona_a
VS-0004020,CLI-01933,PRD-0161,tienda_sur,5,32.06,5,160.3,tarjeta,completada,2026-03-26 09:56:48,zona_b
VS-0004021,CLI-01781,PRD-0128,tienda_sur,6,50.61,0,303.66,efectivo,completada,2026-03-26 09:53:36,zona_d
VS-0004022,CLI-00205,PRD-0044,tienda_sur,4,100.66,5,402.64,tarjeta,completada,2026-03-15 09:23:16,zona_a
VS-0004023,CLI-01375,PRD-0099,tienda_sur,6,360.62,0,2163.72,tarjeta,completada,2026-01-06 10:58:49,zona_d
VS-0004024,CLI-01083,PRD-0047,tienda_sur,5,206.61,15,1033.05,tarjeta,completada,2026-01-17 06:46:26,zona_d
VS-0004025,CLI-01472,PRD-0131,tienda_sur,6,345.73,0,2074.38,efectivo,completada,2026-01-18 00:47:37,zona_d
VS-0004026,CLI-01217,PRD-0034,tienda_sur,4,88.45,15,353.8,tarjeta,completada,2026-01-20 20:23:15,zona_c
VS-0004027,CLI-00915,PRD-0129,tienda_sur,7,94.95,5,664.65,tarjeta,completada,2026-01-08 21:24:26,zona_b
VS-0004028,CLI-00399,PRD-0102,tienda_sur,4,63.47,15,253.88,tarjeta,completada,2026-03-26 13:39:40,zona_a
VS-0004029,CLI-00388,PRD-0109,tienda_sur,6,121.06,5,726.36,yape,completada,2026-02-18 01:22:59,zona_a
VS-0004030,CLI-00652,PRD-0129,tienda_sur,3,94.95,5,284.85,yape,completada,2026-02-03 14:28:04,zona_c
VS-0004031,CLI-01024,PRD-0117,tienda_sur,2,139.25,10,278.5,efectivo,completada,2026-02-09 13:28:00,zona_d
VS-0004032,CLI-02176,PRD-0103,tienda_sur,4,338.06,10,1352.24,efectivo,completada,2026-02-21 00:07:17,zona_d
VS-0004033,CLI-01523,PRD-0099,tienda_sur,5,360.62,0,1803.1,tarjeta,completada,2026-02-26 01:52:48,zona_d
VS-0004034,CLI-00532,PRD-0100,tienda_sur,8,362.73,0,2901.84,tarjeta,pendiente,2026-01-07 17:17:56,zona_b
VS-0004035,CLI-00339,PRD-0011,tienda_sur,8,64.06,15,512.48,efectivo,completada,2026-02-25 06:51:01,zona_b
VS-0004036,CLI-01525,PRD-0011,tienda_sur,4,67.83,10,271.32,efectivo,devuelta,2026-03-29 19:18:01,zona_b
VS-0004037,CLI-01985,PRD-0112,tienda_sur,6,230.62,20,1383.72,efectivo,completada,2026-01-27 05:39:35,zona_c
VS-0004038,CLI-01335,PRD-0081,tienda_sur,4,104.17,10,416.68,yape,completada,2026-02-14 22:50:53,zona_d
VS-0004039,CLI-00863,PRD-0119,tienda_sur,3,170.18,0,510.54,tarjeta,completada,2026-01-17 13:37:06,zona_d
VS-0004040,CLI-00277,PRD-0113,tienda_sur,3,163.22,0,489.66,tarjeta,completada,2026-02-04 16:40:31,zona_a
VS-0004041,CLI-02473,PRD-0105,tienda_sur,3,70.71,10,212.13,transferencia,completada,2026-01-24 21:37:08,zona_a
VS-0004042,CLI-02395,PRD-0194,tienda_sur,6,158.33,10,949.98,efectivo,completada,2026-01-21 07:30:38,zona_c
VS-0004043,CLI-01645,PRD-0106,tienda_sur,6,233.66,0,1401.96,transferencia,completada,2026-01-12 05:25:57,zona_a
VS-0004044,CLI-02148,PRD-0072,tienda_sur,7,27.76,15,194.32,yape,completada,2026-03-06 03:00:58,zona_d
VS-0004045,CLI-00024,PRD-0136,tienda_sur,2,103.8,0,207.6,tarjeta,completada,2026-01-06 20:50:30,zona_a
VS-0004046,CLI-01567,PRD-0199,tienda_sur,6,375.09,0,2250.54,yape,completada,2026-02-17 20:04:05,zona_c
VS-0004047,CLI-01085,PRD-0072,tienda_sur,1,32.66,0,32.66,yape,completada,2026-02-18 00:31:57,zona_c
VS-0004048,CLI-01651,PRD-0031,tienda_sur,1,279.72,10,279.72,tarjeta,pendiente,2026-03-29 21:07:05,zona_b
VS-0004049,CLI-00165,PRD-0068,tienda_sur,2,166.65,0,333.3,tarjeta,completada,2026-02-05 02:20:24,zona_c
VS-0004050,CLI-01779,PRD-0153,tienda_sur,4,1122.13,5,4488.52,transferencia,devuelta,2026-02-26 03:13:27,zona_d
VS-0004051,CLI-01419,PRD-0146,tienda_sur,5,77.24,10,386.2,tarjeta,completada,2026-03-28 07:19:35,zona_c
VS-0004052,CLI-00564,PRD-0158,tienda_sur,6,207.04,10,1242.24,transferencia,completada,2026-01-23 02:35:23,zona_b
VS-0004053,CLI-01813,PRD-0177,tienda_sur,2,1012.87,5,2025.74,tarjeta,completada,2026-02-02 20:56:25,zona_d
VS-0004054,CLI-02162,PRD-0130,tienda_sur,4,355.51,10,1422.04,yape,completada,2026-01-09 23:25:12,zona_c
VS-0004055,CLI-01942,PRD-0183,tienda_sur,2,43.44,5,86.88,yape,devuelta,2026-02-02 07:09:33,zona_b
VS-0004056,CLI-02444,PRD-0167,tienda_sur,3,143.12,10,429.36,yape,pendiente,2026-02-04 13:40:50,zona_a
VS-0004057,CLI-02594,PRD-0121,tienda_sur,6,661.31,25,3967.86,efectivo,completada,2026-01-08 23:31:49,zona_a
VS-0004058,CLI-01842,PRD-0089,tienda_sur,8,62.06,10,496.48,tarjeta,completada,2026-03-21 03:48:16,zona_c
VS-0004059,CLI-00875,PRD-0084,tienda_sur,7,111.13,0,777.91,tarjeta,completada,2026-03-18 10:25:57,zona_d
VS-0004060,CLI-02785,PRD-0127,tienda_sur,6,41.04,0,246.24,transferencia,completada,2026-01-06 11:12:45,zona_b
VS-0004061,CLI-01205,PRD-0077,tienda_sur,3,53.83,10,161.49,tarjeta,completada,2026-02-27 21:44:25,zona_d
VS-0004062,CLI-01602,PRD-0198,tienda_sur,5,341.62,5,1708.1,yape,completada,2026-02-27 23:49:30,zona_b
VS-0004063,CLI-01591,PRD-0200,tienda_sur,2,33.95,0,67.9,yape,completada,2026-02-12 15:52:55,zona_b
VS-0004064,CLI-02198,PRD-0039,tienda_sur,8,58.03,5,464.24,tarjeta,completada,2026-03-22 01:09:58,zona_a
VS-0004065,CLI-02137,PRD-0125,tienda_sur,8,313.28,0,2506.24,efectivo,completada,2026-02-26 05:44:14,zona_c
VS-0004066,CLI-01041,PRD-0125,tienda_sur,2,297.62,5,595.24,tarjeta,completada,2026-03-04 11:59:35,zona_a
VS-0004067,CLI-01786,PRD-0121,tienda_sur,6,749.48,15,4496.88,tarjeta,completada,2026-01-13 00:10:51,zona_c
VS-0004068,CLI-00219,PRD-0074,tienda_sur,1,80.18,20,80.18,efectivo,completada,2026-01-07 03:54:14,zona_b
VS-0004069,CLI-01465,PRD-0017,tienda_sur,4,739.99,0,2959.96,efectivo,completada,2026-02-02 11:36:48,zona_b
VS-0004070,CLI-02475,PRD-0074,tienda_sur,2,100.23,0,200.46,yape,completada,2026-03-25 13:52:43,zona_b
VS-0004071,CLI-01579,PRD-0034,tienda_sur,7,104.06,0,728.42,tarjeta,completada,2026-02-27 00:15:19,zona_c
VS-0004072,CLI-01554,PRD-0041,tienda_sur,1,170.99,0,170.99,yape,completada,2026-02-19 03:20:38,zona_a
VS-0004073,CLI-01123,PRD-0105,tienda_sur,4,74.64,5,298.56,tarjeta,completada,2026-03-31 10:42:10,zona_d
VS-0004074,CLI-00175,PRD-0164,tienda_sur,7,339.59,0,2377.13,efectivo,completada,2026-01-07 00:55:45,zona_c
VS-0004075,CLI-01495,PRD-0162,tienda_sur,3,76.2,10,228.6,yape,completada,2026-03-08 14:39:05,zona_c
VS-0004076,CLI-01168,PRD-0001,tienda_sur,3,380.31,0,1140.93,transferencia,completada,2026-02-17 10:30:22,zona_a
VS-0004077,CLI-02525,PRD-0184,tienda_sur,2,149.4,0,298.8,yape,devuelta,2026-02-03 21:20:27,zona_d
VS-0004078,CLI-02665,PRD-0154,tienda_sur,6,45.43,5,272.58,transferencia,devuelta,2026-02-03 22:24:47,zona_d
VS-0004079,CLI-01780,PRD-0006,tienda_sur,5,395.52,0,1977.6,efectivo,completada,2026-03-13 06:05:02,zona_c
VS-0004080,CLI-00765,PRD-0023,tienda_sur,5,64.79,0,323.95,transferencia,completada,2026-03-17 15:03:35,zona_d
VS-0004081,CLI-00216,PRD-0197,tienda_sur,5,46.5,0,232.5,efectivo,completada,2026-02-22 01:50:42,zona_d
VS-0004082,CLI-01212,PRD-0091,tienda_sur,6,49.81,0,298.86,transferencia,completada,2026-03-03 20:27:42,zona_d
VS-0004083,CLI-00819,PRD-0086,tienda_sur,8,17.6,0,140.8,yape,completada,2026-03-21 20:24:26,zona_b
VS-0004084,CLI-01002,PRD-0182,tienda_sur,2,104.56,10,209.12,tarjeta,completada,2026-03-11 08:17:44,zona_d
VS-0004085,CLI-01662,PRD-0099,tienda_sur,8,306.53,15,2452.24,efectivo,completada,2026-03-30 16:57:57,zona_d
VS-0004086,CLI-00596,PRD-0032,tienda_sur,3,132.44,0,397.32,tarjeta,completada,2026-03-19 06:10:44,zona_c
VS-0004087,CLI-02479,PRD-0190,tienda_sur,5,236.97,0,1184.85,transferencia,completada,2026-03-16 12:28:52,zona_c
VS-0004088,CLI-00250,PRD-0181,tienda_sur,2,101.01,5,202.02,efectivo,completada,2026-02-09 17:15:06,zona_a
VS-0004089,CLI-02283,PRD-0002,tienda_sur,4,35.98,0,143.92,tarjeta,completada,2026-01-26 19:56:53,zona_c
VS-0004090,CLI-01775,PRD-0038,tienda_sur,2,41.76,0,83.52,transferencia,completada,2026-02-09 03:41:11,zona_c
VS-0004091,CLI-01297,PRD-0148,tienda_sur,3,138.64,10,415.92,tarjeta,devuelta,2026-01-09 12:28:53,zona_a
VS-0004092,CLI-00144,PRD-0117,tienda_sur,2,154.72,0,309.44,efectivo,completada,2026-01-02 16:52:52,zona_a
VS-0004093,CLI-00849,PRD-0192,tienda_sur,5,69.8,25,349.0,tarjeta,pendiente,2026-03-28 16:00:56,zona_c
VS-0004094,CLI-02657,PRD-0084,tienda_sur,3,105.57,5,316.71,yape,completada,2026-03-03 04:00:44,zona_a
VS-0004095,CLI-00582,PRD-0192,tienda_sur,3,74.45,20,223.35,yape,completada,2026-01-24 11:22:35,zona_b
VS-0004096,CLI-00482,PRD-0166,tienda_sur,3,491.34,0,1474.02,yape,completada,2026-03-27 00:45:36,zona_a
VS-0004097,CLI-00762,PRD-0090,tienda_sur,4,9.01,25,36.04,efectivo,completada,2026-01-31 15:16:11,zona_b
VS-0004098,CLI-02504,PRD-0128,tienda_sur,6,48.08,5,288.48,yape,completada,2026-02-18 08:23:41,zona_c
VS-0004099,CLI-02675,PRD-0077,tienda_sur,5,59.81,0,299.05,yape,completada,2026-01-04 19:00:12,zona_c
VS-0004100,CLI-02737,PRD-0043,tienda_sur,8,21.73,10,173.84,tarjeta,completada,2026-02-22 09:44:39,zona_a
VS-0004101,CLI-00060,PRD-0104,tienda_sur,5,195.93,0,979.65,yape,completada,2026-02-07 10:44:31,zona_a
VS-0004102,CLI-00389,PRD-0050,tienda_sur,2,11.33,0,22.66,transferencia,completada,2026-02-14 06:41:19,zona_c
VS-0004103,CLI-02590,PRD-0158,tienda_sur,4,218.54,5,874.16,transferencia,completada,2026-03-10 20:35:29,zona_d
VS-0004104,CLI-01773,PRD-0085,tienda_sur,1,105.44,10,105.44,tarjeta,completada,2026-01-01 21:23:13,zona_b
VS-0004105,CLI-00997,PRD-0139,tienda_sur,8,16.79,10,134.32,transferencia,completada,2026-01-14 19:35:01,zona_b
VS-0004106,CLI-01885,PRD-0027,tienda_sur,6,29.13,5,174.78,yape,completada,2026-02-11 18:13:28,zona_d
VS-0004107,CLI-02267,PRD-0048,tienda_sur,4,291.85,5,1167.4,tarjeta,completada,2026-03-14 01:56:50,zona_b
VS-0004108,CLI-00664,PRD-0129,tienda_sur,4,99.95,0,399.8,efectivo,completada,2026-01-10 11:21:31,zona_c
VS-0004109,CLI-01242,PRD-0035,tienda_sur,1,103.23,5,103.23,transferencia,completada,2026-01-25 07:43:15,zona_b
VS-0004110,CLI-00119,PRD-0010,tienda_sur,3,125.36,15,376.08,yape,completada,2026-03-27 04:05:49,zona_a
VS-0004111,CLI-02888,PRD-0090,tienda_sur,8,10.21,15,81.68,efectivo,completada,2026-03-21 19:16:36,zona_d
VS-0004112,CLI-01812,PRD-0072,tienda_sur,6,32.66,0,195.96,efectivo,completada,2026-02-24 17:12:47,zona_b
VS-0004113,CLI-00270,PRD-0090,tienda_sur,7,10.81,10,75.67,transferencia,completada,2026-03-14 15:40:55,zona_a
VS-0004114,CLI-01523,PRD-0111,tienda_sur,2,70.18,5,140.36,tarjeta,completada,2026-01-19 22:53:42,zona_c
VS-0004115,CLI-00313,PRD-0018,tienda_sur,1,114.57,20,114.57,tarjeta,pendiente,2026-01-07 19:15:47,zona_c
VS-0004116,CLI-00970,PRD-0173,tienda_sur,4,176.53,0,706.12,efectivo,completada,2026-02-05 19:43:38,zona_d
VS-0004117,CLI-00737,PRD-0105,tienda_sur,2,74.64,5,149.28,tarjeta,completada,2026-02-01 20:23:30,zona_c
VS-0004118,CLI-02570,PRD-0012,tienda_sur,6,146.41,5,878.46,yape,completada,2026-02-27 05:54:54,zona_b
VS-0004119,CLI-01734,PRD-0024,tienda_sur,3,108.58,20,325.74,tarjeta,completada,2026-01-05 18:08:03,zona_b
VS-0004120,CLI-02535,PRD-0124,tienda_sur,1,172.02,0,172.02,tarjeta,completada,2026-03-14 06:33:27,zona_c
VS-0004121,CLI-00962,PRD-0083,tienda_sur,2,88.08,5,176.16,tarjeta,completada,2026-01-16 22:20:49,zona_a
VS-0004122,CLI-01128,PRD-0123,tienda_sur,6,40.34,0,242.04,tarjeta,devuelta,2026-03-01 03:51:02,zona_a
VS-0004123,CLI-01021,PRD-0134,tienda_sur,4,97.62,0,390.48,yape,completada,2026-01-12 18:50:21,zona_c
VS-0004124,CLI-01951,PRD-0084,tienda_sur,8,111.13,0,889.04,tarjeta,devuelta,2026-01-26 19:38:01,zona_b
VS-0004125,CLI-01134,PRD-0109,tienda_sur,7,121.06,5,847.42,tarjeta,devuelta,2026-03-07 06:32:31,zona_b
VS-0004126,CLI-00756,PRD-0163,tienda_sur,2,88.02,5,176.04,tarjeta,completada,2026-03-01 15:59:55,zona_b
VS-0004127,CLI-02353,PRD-0071,tienda_sur,6,71.07,0,426.42,tarjeta,completada,2026-01-17 01:57:44,zona_d
VS-0004128,CLI-00515,PRD-0061,tienda_sur,3,814.44,5,2443.32,efectivo,completada,2026-03-05 19:19:04,zona_d
VS-0004129,CLI-02301,PRD-0116,tienda_sur,5,9.21,0,46.05,yape,completada,2026-01-23 00:31:51,zona_c
VS-0004130,CLI-00291,PRD-0140,tienda_sur,8,117.83,0,942.64,tarjeta,completada,2026-02-09 05:22:01,zona_c
VS-0004131,CLI-00988,PRD-0006,tienda_sur,7,395.52,0,2768.64,efectivo,completada,2026-02-01 15:25:02,zona_d
VS-0004132,CLI-02785,PRD-0106,tienda_sur,5,186.93,20,934.65,yape,pendiente,2026-03-21 16:46:53,zona_a
VS-0004133,CLI-00961,PRD-0145,tienda_sur,4,306.58,10,1226.32,yape,completada,2026-03-25 11:04:17,zona_a
VS-0004134,CLI-02614,PRD-0160,tienda_sur,7,46.94,0,328.58,tarjeta,completada,2026-01-11 17:28:27,zona_c
VS-0004135,CLI-00816,PRD-0195,tienda_sur,4,138.62,20,554.48,tarjeta,pendiente,2026-01-29 06:43:41,zona_b
VS-0004136,CLI-01618,PRD-0180,tienda_sur,8,16.31,0,130.48,tarjeta,completada,2026-02-18 16:03:34,zona_d
VS-0004137,CLI-00577,PRD-0080,tienda_sur,6,114.17,20,685.02,tarjeta,completada,2026-01-30 19:17:33,zona_d
VS-0004138,CLI-00190,PRD-0134,tienda_sur,2,97.62,0,195.24,transferencia,completada,2026-03-23 12:20:46,zona_d
VS-0004139,CLI-01546,PRD-0024,tienda_sur,3,122.15,10,366.45,yape,completada,2026-02-01 06:58:00,zona_d
VS-0004140,CLI-01637,PRD-0151,tienda_sur,3,153.64,0,460.92,yape,completada,2026-03-01 14:05:03,zona_c
VS-0004141,CLI-00986,PRD-0085,tienda_sur,1,117.15,0,117.15,efectivo,completada,2026-02-18 17:26:22,zona_a
VS-0004142,CLI-02898,PRD-0105,tienda_sur,2,78.57,0,157.14,tarjeta,completada,2026-03-28 11:00:09,zona_d
VS-0004143,CLI-01428,PRD-0029,tienda_sur,4,95.54,5,382.16,transferencia,completada,2026-01-21 22:17:59,zona_d
VS-0004144,CLI-01988,PRD-0023,tienda_sur,1,61.55,5,61.55,tarjeta,completada,2026-03-26 09:22:06,zona_a
VS-0004145,CLI-00650,PRD-0145,tienda_sur,8,340.64,0,2725.12,yape,completada,2026-03-07 21:33:26,zona_b
VS-0004146,CLI-02062,PRD-0012,tienda_sur,5,123.3,20,616.5,yape,completada,2026-03-02 01:34:21,zona_d
VS-0004147,CLI-00311,PRD-0120,tienda_sur,2,276.01,5,552.02,yape,completada,2026-03-05 09:38:54,zona_b
VS-0004148,CLI-00423,PRD-0070,tienda_sur,7,406.66,20,2846.62,yape,completada,2026-03-14 10:38:18,zona_b
VS-0004149,CLI-01349,PRD-0185,tienda_sur,4,178.75,0,715.0,tarjeta,completada,2026-03-31 12:06:09,zona_d
VS-0004150,CLI-02906,PRD-0125,tienda_sur,7,313.28,0,2192.96,tarjeta,devuelta,2026-03-23 16:58:02,zona_a
VS-0004151,CLI-01439,PRD-0128,tienda_sur,5,45.55,10,227.75,tarjeta,devuelta,2026-02-03 11:08:33,zona_b
VS-0004152,CLI-02608,PRD-0177,tienda_sur,2,959.56,10,1919.12,tarjeta,completada,2026-01-11 01:50:58,zona_d
VS-0004153,CLI-01293,PRD-0140,tienda_sur,6,106.05,10,636.3,efectivo,completada,2026-02-18 20:28:49,zona_d
VS-0004154,CLI-02598,PRD-0167,tienda_sur,4,135.17,15,540.68,transferencia,completada,2026-03-24 16:37:47,zona_d
VS-0004155,CLI-02922,PRD-0103,tienda_sur,6,338.06,10,2028.36,yape,completada,2026-03-11 09:05:02,zona_b
VS-0004156,CLI-00776,PRD-0048,tienda_sur,7,261.13,15,1827.91,tarjeta,completada,2026-03-04 22:02:26,zona_d
VS-0004157,CLI-00395,PRD-0039,tienda_sur,5,54.97,10,274.85,yape,completada,2026-03-16 09:57:13,zona_a
VS-0004158,CLI-02175,PRD-0199,tienda_sur,1,337.58,10,337.58,yape,completada,2026-01-16 00:49:20,zona_a
VS-0004159,CLI-02607,PRD-0051,tienda_sur,6,328.46,0,1970.76,tarjeta,completada,2026-02-04 16:00:31,zona_b
VS-0004160,CLI-00083,PRD-0021,tienda_sur,6,18.21,0,109.26,yape,completada,2026-03-09 11:42:18,zona_b
VS-0004161,CLI-00646,PRD-0076,tienda_sur,4,135.89,0,543.56,yape,devuelta,2026-01-10 18:54:11,zona_d
VS-0004162,CLI-00565,PRD-0133,tienda_sur,4,96.84,0,387.36,yape,completada,2026-02-10 17:36:13,zona_a
VS-0004163,CLI-02343,PRD-0196,tienda_sur,8,41.23,0,329.84,yape,devuelta,2026-02-04 05:10:47,zona_a
VS-0004164,CLI-00854,PRD-0134,tienda_sur,1,92.74,5,92.74,tarjeta,devuelta,2026-03-07 03:36:36,zona_a
VS-0004165,CLI-02694,PRD-0017,tienda_sur,1,702.99,5,702.99,tarjeta,completada,2026-02-17 11:22:03,zona_b
VS-0004166,CLI-02188,PRD-0166,tienda_sur,5,491.34,0,2456.7,yape,completada,2026-02-20 03:02:28,zona_d
VS-0004167,CLI-02266,PRD-0153,tienda_sur,7,1181.19,0,8268.33,transferencia,completada,2026-01-12 18:29:37,zona_d
VS-0004168,CLI-02848,PRD-0139,tienda_sur,1,16.79,10,16.79,yape,completada,2026-03-08 09:35:27,zona_a
VS-0004169,CLI-02678,PRD-0021,tienda_sur,3,18.21,0,54.63,tarjeta,completada,2026-03-20 14:26:51,zona_d
VS-0004170,CLI-01664,PRD-0134,tienda_sur,8,92.74,5,741.92,efectivo,completada,2026-01-12 09:59:48,zona_c
VS-0004171,CLI-01452,PRD-0128,tienda_sur,6,40.49,20,242.94,yape,completada,2026-01-12 12:36:56,zona_b
VS-0004172,CLI-00997,PRD-0107,tienda_sur,7,52.86,0,370.02,yape,completada,2026-01-01 11:23:02,zona_d
VS-0004173,CLI-01094,PRD-0140,tienda_sur,7,117.83,0,824.81,yape,completada,2026-02-07 16:14:51,zona_b
VS-0004174,CLI-01741,PRD-0079,tienda_sur,6,291.31,0,1747.86,efectivo,completada,2026-03-19 18:24:24,zona_d
VS-0004175,CLI-01740,PRD-0080,tienda_sur,6,142.71,0,856.26,tarjeta,completada,2026-02-11 19:20:22,zona_b
VS-0004176,CLI-00944,PRD-0044,tienda_sur,5,105.96,0,529.8,tarjeta,completada,2026-01-13 18:26:22,zona_a
VS-0004177,CLI-00359,PRD-0085,tienda_sur,3,117.15,0,351.45,efectivo,completada,2026-01-19 09:13:15,zona_c
VS-0004178,CLI-00661,PRD-0074,tienda_sur,6,100.23,0,601.38,efectivo,completada,2026-01-22 18:02:13,zona_a
VS-0004179,CLI-00542,PRD-0148,tienda_sur,8,154.04,0,1232.32,tarjeta,pendiente,2026-02-11 03:19:12,zona_d
VS-0004180,CLI-00784,PRD-0117,tienda_sur,6,139.25,10,835.5,transferencia,completada,2026-02-12 15:07:39,zona_c
VS-0004181,CLI-02091,PRD-0168,tienda_sur,5,302.83,0,1514.15,efectivo,completada,2026-03-15 13:57:29,zona_b
VS-0004182,CLI-01309,PRD-0181,tienda_sur,7,95.7,10,669.9,yape,completada,2026-03-20 07:21:37,zona_a
VS-0004183,CLI-01104,PRD-0154,tienda_sur,8,47.82,0,382.56,efectivo,completada,2026-02-04 12:19:09,zona_a
VS-0004184,CLI-02753,PRD-0085,tienda_sur,2,99.58,15,199.16,yape,completada,2026-02-01 21:50:49,zona_b
VS-0004185,CLI-02808,PRD-0174,tienda_sur,8,285.09,10,2280.72,tarjeta,completada,2026-01-01 16:27:35,zona_d
VS-0004186,CLI-01348,PRD-0077,tienda_sur,8,59.81,0,478.48,tarjeta,devuelta,2026-01-31 19:06:22,zona_a
VS-0004187,CLI-00740,PRD-0141,tienda_sur,2,135.3,5,270.6,tarjeta,completada,2026-01-08 19:57:19,zona_c
VS-0004188,CLI-02602,PRD-0184,tienda_sur,3,149.4,0,448.2,tarjeta,completada,2026-03-31 00:50:38,zona_b
VS-0004189,CLI-01890,PRD-0004,tienda_sur,5,53.89,0,269.45,yape,completada,2026-03-02 05:28:28,zona_c
VS-0004190,CLI-01767,PRD-0195,tienda_sur,3,155.94,10,467.82,yape,completada,2026-03-13 16:43:09,zona_c
VS-0004191,CLI-01268,PRD-0048,tienda_sur,8,307.21,0,2457.68,tarjeta,completada,2026-01-06 20:01:51,zona_a
VS-0004192,CLI-02811,PRD-0169,tienda_sur,8,957.74,10,7661.92,efectivo,completada,2026-03-23 11:12:02,zona_b
VS-0004193,CLI-00258,PRD-0100,tienda_sur,8,308.32,15,2466.56,tarjeta,completada,2026-03-12 13:06:31,zona_d
VS-0004194,CLI-02748,PRD-0031,tienda_sur,3,310.8,0,932.4,transferencia,completada,2026-01-31 18:15:33,zona_a
VS-0004195,CLI-01361,PRD-0107,tienda_sur,4,52.86,0,211.44,yape,devuelta,2026-02-07 20:23:22,zona_b
VS-0004196,CLI-02097,PRD-0001,tienda_sur,5,342.28,10,1711.4,yape,devuelta,2026-01-22 12:06:15,zona_d
VS-0004197,CLI-01226,PRD-0086,tienda_sur,3,16.72,5,50.16,transferencia,completada,2026-03-19 20:34:47,zona_c
VS-0004198,CLI-02831,PRD-0103,tienda_sur,6,375.62,0,2253.72,transferencia,completada,2026-01-09 02:52:20,zona_b
VS-0004199,CLI-01535,PRD-0081,tienda_sur,7,109.96,5,769.72,efectivo,completada,2026-01-12 20:49:29,zona_b
VS-0004200,CLI-00840,PRD-0092,tienda_sur,1,1162.25,0,1162.25,efectivo,completada,2026-02-09 21:52:48,zona_d
VS-0004201,CLI-00817,PRD-0151,tienda_sur,2,153.64,0,307.28,transferencia,completada,2026-01-03 15:09:19,zona_d
VS-0004202,CLI-02958,PRD-0078,tienda_sur,5,49.45,10,247.25,tarjeta,completada,2026-02-01 22:00:55,zona_c
VS-0004203,CLI-02625,PRD-0047,tienda_sur,2,230.92,5,461.84,efectivo,completada,2026-02-16 06:59:01,zona_a
VS-0004204,CLI-02692,PRD-0008,tienda_sur,1,1107.3,0,1107.3,transferencia,completada,2026-02-20 19:59:14,zona_c
VS-0004205,CLI-02724,PRD-0040,tienda_sur,4,171.54,0,686.16,yape,completada,2026-01-05 18:59:55,zona_a
VS-0004206,CLI-01155,PRD-0019,tienda_sur,2,290.02,0,580.04,yape,completada,2026-03-18 05:03:09,zona_d
VS-0004207,CLI-02191,PRD-0154,tienda_sur,6,45.43,5,272.58,transferencia,completada,2026-02-09 01:48:55,zona_d
VS-0004208,CLI-02706,PRD-0072,tienda_sur,8,26.13,20,209.04,tarjeta,completada,2026-02-25 12:36:45,zona_b
VS-0004209,CLI-00253,PRD-0082,tienda_sur,2,272.79,10,545.58,efectivo,completada,2026-01-17 20:53:48,zona_a
VS-0004210,CLI-02963,PRD-0176,tienda_sur,8,63.97,10,511.76,efectivo,completada,2026-01-03 12:56:31,zona_b
VS-0004211,CLI-02555,PRD-0081,tienda_sur,4,98.39,15,393.56,efectivo,completada,2026-03-13 22:34:56,zona_a
VS-0004212,CLI-01731,PRD-0151,tienda_sur,1,138.28,10,138.28,tarjeta,completada,2026-03-19 03:05:29,zona_c
VS-0004213,CLI-02564,PRD-0163,tienda_sur,1,92.65,0,92.65,yape,completada,2026-03-22 12:52:49,zona_d
VS-0004214,CLI-00816,PRD-0136,tienda_sur,6,88.23,15,529.38,yape,pendiente,2026-03-03 00:17:47,zona_d
VS-0004215,CLI-00071,PRD-0127,tienda_sur,3,34.88,15,104.64,tarjeta,devuelta,2026-01-02 14:12:36,zona_a
VS-0004216,CLI-00481,PRD-0145,tienda_sur,6,340.64,0,2043.84,tarjeta,completada,2026-03-18 10:56:48,zona_c
VS-0004217,CLI-00428,PRD-0112,tienda_sur,2,288.27,0,576.54,tarjeta,completada,2026-01-15 03:24:12,zona_c
VS-0004218,CLI-01392,PRD-0145,tienda_sur,7,340.64,0,2384.48,yape,completada,2026-02-28 20:19:58,zona_a
VS-0004219,CLI-01821,PRD-0169,tienda_sur,2,957.74,10,1915.48,tarjeta,completada,2026-02-10 04:17:07,zona_c
VS-0004220,CLI-00065,PRD-0130,tienda_sur,5,296.26,25,1481.3,efectivo,completada,2026-02-24 15:55:18,zona_c
VS-0004221,CLI-01914,PRD-0161,tienda_sur,7,27.0,20,189.0,efectivo,completada,2026-02-11 14:05:52,zona_b
VS-0004222,CLI-02280,PRD-0033,tienda_sur,1,591.85,15,591.85,efectivo,completada,2026-02-17 23:55:26,zona_a
VS-0004223,CLI-02991,PRD-0061,tienda_sur,2,642.98,25,1285.96,tarjeta,devuelta,2026-01-11 20:49:09,zona_a
VS-0004224,CLI-00868,PRD-0155,tienda_sur,3,138.1,0,414.3,efectivo,completada,2026-01-24 01:21:51,zona_d
VS-0004225,CLI-02547,PRD-0022,tienda_sur,8,64.46,0,515.68,yape,completada,2026-03-30 13:12:38,zona_a
VS-0004226,CLI-02666,PRD-0159,tienda_sur,4,1015.94,10,4063.76,tarjeta,completada,2026-02-24 07:29:24,zona_a
VS-0004227,CLI-02690,PRD-0150,tienda_sur,5,738.2,10,3691.0,efectivo,devuelta,2026-01-04 10:39:06,zona_b
VS-0004228,CLI-02403,PRD-0149,tienda_sur,3,260.03,5,780.09,tarjeta,completada,2026-01-07 02:38:23,zona_c
VS-0004229,CLI-01028,PRD-0045,tienda_sur,7,27.86,25,195.02,tarjeta,completada,2026-01-13 08:09:54,zona_a
VS-0004230,CLI-01191,PRD-0021,tienda_sur,3,17.3,5,51.9,yape,pendiente,2026-02-18 22:32:36,zona_a
VS-0004231,CLI-00888,PRD-0151,tienda_sur,1,153.64,0,153.64,tarjeta,devuelta,2026-02-24 13:36:52,zona_c
VS-0004232,CLI-01750,PRD-0032,tienda_sur,1,112.57,15,112.57,transferencia,completada,2026-01-22 15:06:16,zona_a
VS-0004233,CLI-01581,PRD-0021,tienda_sur,4,18.21,0,72.84,efectivo,completada,2026-02-22 18:13:33,zona_d
VS-0004234,CLI-00381,PRD-0115,tienda_sur,6,1144.16,0,6864.96,tarjeta,devuelta,2026-01-08 22:12:28,zona_a
VS-0004235,CLI-01207,PRD-0022,tienda_sur,4,54.79,15,219.16,yape,completada,2026-03-03 22:34:09,zona_b
VS-0004236,CLI-00771,PRD-0009,tienda_sur,2,42.18,10,84.36,efectivo,completada,2026-01-29 16:42:26,zona_d
VS-0004237,CLI-02009,PRD-0182,tienda_sur,2,116.18,0,232.36,yape,completada,2026-01-13 12:22:41,zona_b
VS-0004238,CLI-02870,PRD-0145,tienda_sur,2,323.61,5,647.22,efectivo,completada,2026-01-11 23:17:25,zona_c
VS-0004239,CLI-00202,PRD-0032,tienda_sur,8,125.82,5,1006.56,tarjeta,completada,2026-02-12 02:37:11,zona_d
VS-0004240,CLI-02719,PRD-0129,tienda_sur,2,94.95,5,189.9,efectivo,devuelta,2026-01-17 14:23:20,zona_c
VS-0004241,CLI-01739,PRD-0111,tienda_sur,4,59.1,20,236.4,tarjeta,completada,2026-02-02 16:43:27,zona_b
VS-0004242,CLI-02758,PRD-0037,tienda_sur,7,71.55,5,500.85,tarjeta,completada,2026-03-20 09:57:42,zona_c
VS-0004243,CLI-00373,PRD-0164,tienda_sur,1,339.59,0,339.59,efectivo,completada,2026-01-14 13:06:50,zona_d
VS-0004244,CLI-01008,PRD-0167,tienda_sur,6,143.12,10,858.72,yape,completada,2026-01-30 03:49:35,zona_d
VS-0004245,CLI-02235,PRD-0123,tienda_sur,5,40.34,0,201.7,tarjeta,completada,2026-03-18 15:36:54,zona_c
VS-0004246,CLI-01660,PRD-0130,tienda_sur,4,395.01,0,1580.04,tarjeta,completada,2026-02-09 18:34:06,zona_b
VS-0004247,CLI-02547,PRD-0112,tienda_sur,8,273.86,5,2190.88,efectivo,completada,2026-02-02 00:09:39,zona_c
VS-0004248,CLI-02403,PRD-0191,tienda_sur,1,156.18,10,156.18,transferencia,completada,2026-02-10 00:03:28,zona_a
VS-0004249,CLI-00622,PRD-0094,tienda_sur,7,38.77,0,271.39,efectivo,completada,2026-02-01 06:39:04,zona_a
VS-0004250,CLI-02751,PRD-0176,tienda_sur,2,60.42,15,120.84,tarjeta,completada,2026-01-18 10:43:32,zona_b
VS-0004251,CLI-02249,PRD-0033,tienda_sur,4,626.67,10,2506.68,efectivo,completada,2026-01-29 15:05:53,zona_d
VS-0004252,CLI-01818,PRD-0193,tienda_sur,7,46.6,0,326.2,tarjeta,completada,2026-02-06 14:57:18,zona_b
VS-0004253,CLI-02139,PRD-0112,tienda_sur,4,288.27,0,1153.08,tarjeta,completada,2026-01-23 17:06:15,zona_b
VS-0004254,CLI-02577,PRD-0074,tienda_sur,1,100.23,0,100.23,transferencia,completada,2026-03-08 22:00:16,zona_d
VS-0004255,CLI-02736,PRD-0101,tienda_sur,2,1128.73,0,2257.46,tarjeta,devuelta,2026-03-08 20:19:42,zona_b
VS-0004256,CLI-01403,PRD-0137,tienda_sur,2,105.27,20,210.54,tarjeta,completada,2026-01-18 21:14:24,zona_d
VS-0004257,CLI-01017,PRD-0154,tienda_sur,4,47.82,0,191.28,tarjeta,completada,2026-01-30 21:46:55,zona_c
VS-0004258,CLI-00855,PRD-0107,tienda_sur,2,52.86,0,105.72,tarjeta,completada,2026-03-17 22:47:36,zona_c
VS-0004259,CLI-02922,PRD-0103,tienda_sur,6,319.28,15,1915.68,transferencia,completada,2026-01-04 04:26:38,zona_a
VS-0004260,CLI-01430,PRD-0175,tienda_sur,1,74.48,0,74.48,efectivo,completada,2026-02-24 14:48:09,zona_a
VS-0004261,CLI-02107,PRD-0146,tienda_sur,8,81.53,5,652.24,efectivo,completada,2026-03-31 22:52:40,zona_c
VS-0004262,CLI-02809,PRD-0090,tienda_sur,6,9.61,20,57.66,efectivo,devuelta,2026-01-04 04:03:30,zona_c
VS-0004263,CLI-01858,PRD-0129,tienda_sur,4,94.95,5,379.8,yape,completada,2026-02-26 20:48:30,zona_b
VS-0004264,CLI-02162,PRD-0070,tienda_sur,7,508.33,0,3558.31,yape,completada,2026-01-31 13:25:26,zona_b
VS-0004265,CLI-02249,PRD-0103,tienda_sur,7,281.72,25,1972.04,tarjeta,completada,2026-02-19 07:24:09,zona_d
VS-0004266,CLI-00933,PRD-0077,tienda_sur,7,53.83,10,376.81,yape,completada,2026-03-05 05:02:15,zona_c
VS-0004267,CLI-01228,PRD-0033,tienda_sur,1,696.3,0,696.3,tarjeta,completada,2026-02-04 03:15:11,zona_c
VS-0004268,CLI-02235,PRD-0052,tienda_sur,7,391.33,0,2739.31,yape,completada,2026-02-20 16:15:20,zona_c
VS-0004269,CLI-00102,PRD-0108,tienda_sur,3,132.36,5,397.08,transferencia,completada,2026-02-16 19:51:32,zona_d
VS-0004270,CLI-01710,PRD-0167,tienda_sur,3,159.02,0,477.06,transferencia,completada,2026-02-08 01:12:28,zona_c
VS-0004271,CLI-02831,PRD-0004,tienda_sur,4,48.5,10,194.0,tarjeta,completada,2026-01-15 23:56:12,zona_b
VS-0004272,CLI-00384,PRD-0101,tienda_sur,8,1015.86,10,8126.88,efectivo,completada,2026-03-05 23:54:45,zona_b
VS-0004273,CLI-01127,PRD-0060,tienda_sur,1,125.23,10,125.23,transferencia,completada,2026-01-13 06:26:07,zona_b
VS-0004274,CLI-01103,PRD-0120,tienda_sur,2,290.54,0,581.08,tarjeta,completada,2026-03-25 05:58:26,zona_b
VS-0004275,CLI-01725,PRD-0015,tienda_sur,2,57.34,0,114.68,tarjeta,completada,2026-01-12 02:48:41,zona_b
VS-0004276,CLI-02394,PRD-0156,tienda_sur,7,94.72,0,663.04,tarjeta,completada,2026-01-14 08:29:22,zona_a
VS-0004277,CLI-02723,PRD-0181,tienda_sur,6,95.7,10,574.2,tarjeta,completada,2026-01-15 15:40:03,zona_a
VS-0004278,CLI-02210,PRD-0013,tienda_sur,5,345.58,25,1727.9,tarjeta,completada,2026-03-28 04:27:16,zona_a
VS-0004279,CLI-01212,PRD-0114,tienda_sur,6,241.51,5,1449.06,tarjeta,completada,2026-02-18 12:17:22,zona_b
VS-0004280,CLI-00420,PRD-0059,tienda_sur,2,138.64,5,277.28,tarjeta,completada,2026-01-18 17:22:55,zona_a
VS-0004281,CLI-02093,PRD-0020,tienda_sur,5,260.07,20,1300.35,transferencia,completada,2026-01-04 18:50:10,zona_c
VS-0004282,CLI-02685,PRD-0005,tienda_sur,4,191.29,10,765.16,transferencia,completada,2026-02-26 12:13:38,zona_b
VS-0004283,CLI-00967,PRD-0190,tienda_sur,7,236.97,0,1658.79,tarjeta,completada,2026-01-25 13:00:39,zona_d
VS-0004284,CLI-00055,PRD-0161,tienda_sur,8,33.75,0,270.0,efectivo,completada,2026-02-22 16:29:37,zona_a
VS-0004285,CLI-02214,PRD-0027,tienda_sur,2,30.66,0,61.32,yape,completada,2026-01-25 01:09:03,zona_a
VS-0004286,CLI-00265,PRD-0023,tienda_sur,3,64.79,0,194.37,yape,completada,2026-02-02 01:47:26,zona_b
VS-0004287,CLI-00065,PRD-0017,tienda_sur,8,739.99,0,5919.92,transferencia,completada,2026-01-17 21:20:48,zona_a
VS-0004288,CLI-00018,PRD-0190,tienda_sur,4,236.97,0,947.88,tarjeta,completada,2026-03-16 21:41:41,zona_a
VS-0004289,CLI-00872,PRD-0123,tienda_sur,2,40.34,0,80.68,tarjeta,completada,2026-02-18 10:33:32,zona_a
VS-0004290,CLI-00767,PRD-0118,tienda_sur,7,42.58,20,298.06,tarjeta,completada,2026-03-31 16:22:26,zona_a
VS-0004291,CLI-02043,PRD-0011,tienda_sur,1,71.6,5,71.6,transferencia,completada,2026-03-04 02:17:59,zona_c
VS-0004292,CLI-02035,PRD-0029,tienda_sur,4,95.54,5,382.16,tarjeta,completada,2026-01-06 11:18:22,zona_a
VS-0004293,CLI-00113,PRD-0189,tienda_sur,7,178.76,0,1251.32,efectivo,completada,2026-02-11 18:33:53,zona_b
VS-0004294,CLI-01027,PRD-0129,tienda_sur,8,84.96,15,679.68,efectivo,completada,2026-03-23 09:27:14,zona_a
VS-0004295,CLI-00424,PRD-0139,tienda_sur,4,16.79,10,67.16,tarjeta,completada,2026-02-22 20:08:12,zona_a
VS-0004296,CLI-02498,PRD-0045,tienda_sur,3,35.29,5,105.87,tarjeta,completada,2026-03-24 15:40:04,zona_b
VS-0004297,CLI-01616,PRD-0199,tienda_sur,5,337.58,10,1687.9,tarjeta,completada,2026-01-31 14:49:37,zona_c
VS-0004298,CLI-00711,PRD-0061,tienda_sur,2,857.31,0,1714.62,yape,completada,2026-03-30 03:36:44,zona_a
VS-0004299,CLI-01917,PRD-0093,tienda_sur,7,676.37,25,4734.59,tarjeta,completada,2026-02-09 10:58:55,zona_d
VS-0004300,CLI-02269,PRD-0043,tienda_sur,4,22.93,5,91.72,tarjeta,devuelta,2026-02-23 10:21:06,zona_d
VS-0004301,CLI-02844,PRD-0104,tienda_sur,4,176.34,10,705.36,transferencia,completada,2026-02-21 19:20:23,zona_a
VS-0004302,CLI-01053,PRD-0054,tienda_sur,3,88.79,10,266.37,efectivo,devuelta,2026-01-15 02:23:34,zona_c
VS-0004303,CLI-00105,PRD-0036,tienda_sur,8,38.79,10,310.32,yape,completada,2026-03-30 15:37:17,zona_d
VS-0004304,CLI-02814,PRD-0057,tienda_sur,6,398.67,0,2392.02,tarjeta,completada,2026-03-22 04:24:07,zona_c
VS-0004305,CLI-01077,PRD-0124,tienda_sur,7,163.42,5,1143.94,tarjeta,completada,2026-03-01 14:36:52,zona_d
VS-0004306,CLI-01479,PRD-0083,tienda_sur,1,83.45,10,83.45,yape,completada,2026-03-03 01:02:34,zona_c
VS-0004307,CLI-02910,PRD-0077,tienda_sur,5,59.81,0,299.05,tarjeta,completada,2026-02-28 18:15:16,zona_c
VS-0004308,CLI-02822,PRD-0030,tienda_sur,7,209.81,15,1468.67,tarjeta,devuelta,2026-02-23 12:12:19,zona_d
VS-0004309,CLI-00621,PRD-0069,tienda_sur,1,52.47,5,52.47,transferencia,completada,2026-01-30 23:06:36,zona_d
VS-0004310,CLI-00517,PRD-0149,tienda_sur,4,246.35,10,985.4,yape,completada,2026-01-09 13:18:56,zona_a
VS-0004311,CLI-02736,PRD-0070,tienda_sur,5,508.33,0,2541.65,tarjeta,completada,2026-01-24 18:33:37,zona_a
VS-0004312,CLI-01549,PRD-0071,tienda_sur,3,71.07,0,213.21,transferencia,pendiente,2026-03-09 13:56:38,zona_c
VS-0004313,CLI-02360,PRD-0158,tienda_sur,3,230.04,0,690.12,tarjeta,completada,2026-01-18 07:49:27,zona_b
VS-0004314,CLI-02600,PRD-0176,tienda_sur,1,63.97,10,63.97,transferencia,completada,2026-01-10 19:53:42,zona_b
VS-0004315,CLI-00292,PRD-0131,tienda_sur,1,328.44,5,328.44,efectivo,pendiente,2026-03-28 22:06:59,zona_b
VS-0004316,CLI-00209,PRD-0153,tienda_sur,3,1181.19,0,3543.57,yape,pendiente,2026-02-15 02:53:56,zona_b
VS-0004317,CLI-02097,PRD-0040,tienda_sur,5,171.54,0,857.7,yape,devuelta,2026-01-25 20:02:19,zona_d
VS-0004318,CLI-00356,PRD-0020,tienda_sur,2,308.84,5,617.68,efectivo,completada,2026-03-17 15:40:37,zona_b
VS-0004319,CLI-01250,PRD-0106,tienda_sur,4,198.61,15,794.44,efectivo,completada,2026-03-15 23:01:56,zona_d
VS-0004320,CLI-00484,PRD-0158,tienda_sur,7,207.04,10,1449.28,transferencia,completada,2026-02-24 08:54:32,zona_a
VS-0004321,CLI-00763,PRD-0178,tienda_sur,8,70.08,20,560.64,tarjeta,completada,2026-02-22 07:44:54,zona_c
VS-0004322,CLI-02256,PRD-0200,tienda_sur,3,32.25,5,96.75,yape,completada,2026-03-31 13:38:34,zona_b
VS-0004323,CLI-01414,PRD-0187,tienda_sur,6,20.86,20,125.16,tarjeta,devuelta,2026-02-08 13:08:57,zona_b
VS-0004324,CLI-00295,PRD-0111,tienda_sur,8,59.1,20,472.8,efectivo,completada,2026-03-13 23:58:37,zona_d
VS-0004325,CLI-00140,PRD-0004,tienda_sur,6,48.5,10,291.0,tarjeta,completada,2026-02-13 13:05:58,zona_c
VS-0004326,CLI-02005,PRD-0184,tienda_sur,5,141.93,5,709.65,tarjeta,completada,2026-01-07 23:13:57,zona_d
VS-0004327,CLI-01704,PRD-0133,tienda_sur,3,87.16,10,261.48,yape,completada,2026-03-02 09:21:55,zona_c
VS-0004328,CLI-02638,PRD-0115,tienda_sur,6,915.33,20,5491.98,transferencia,devuelta,2026-03-29 02:51:04,zona_a
VS-0004329,CLI-01632,PRD-0085,tienda_sur,2,117.15,0,234.3,efectivo,completada,2026-01-02 05:15:59,zona_b
VS-0004330,CLI-00022,PRD-0186,tienda_sur,6,68.54,10,411.24,transferencia,completada,2026-03-29 22:38:34,zona_b
VS-0004331,CLI-01645,PRD-0153,tienda_sur,6,1004.01,15,6024.06,transferencia,pendiente,2026-01-03 01:57:14,zona_b
VS-0004332,CLI-02515,PRD-0181,tienda_sur,7,85.06,20,595.42,tarjeta,completada,2026-03-10 19:25:49,zona_a
VS-0004333,CLI-02324,PRD-0023,tienda_sur,2,61.55,5,123.1,yape,completada,2026-03-11 00:13:41,zona_a
VS-0004334,CLI-00886,PRD-0183,tienda_sur,8,45.73,0,365.84,tarjeta,completada,2026-02-10 12:20:04,zona_d
VS-0004335,CLI-02305,PRD-0060,tienda_sur,1,132.18,5,132.18,yape,completada,2026-01-21 07:01:24,zona_c
VS-0004336,CLI-01914,PRD-0023,tienda_sur,7,51.83,20,362.81,tarjeta,completada,2026-01-22 19:40:51,zona_a
VS-0004337,CLI-02301,PRD-0062,tienda_sur,1,102.05,20,102.05,tarjeta,completada,2026-03-26 00:18:28,zona_d
VS-0004338,CLI-02736,PRD-0101,tienda_sur,5,1128.73,0,5643.65,yape,completada,2026-03-10 09:27:46,zona_b
VS-0004339,CLI-00267,PRD-0094,tienda_sur,6,38.77,0,232.62,yape,completada,2026-02-16 02:47:10,zona_c
VS-0004340,CLI-01424,PRD-0035,tienda_sur,6,97.79,10,586.74,yape,completada,2026-03-28 06:47:28,zona_d
VS-0004341,CLI-02901,PRD-0196,tienda_sur,1,41.23,0,41.23,yape,completada,2026-03-12 05:33:27,zona_d
VS-0004342,CLI-02490,PRD-0194,tienda_sur,5,167.12,5,835.6,yape,pendiente,2026-02-12 02:02:50,zona_c
VS-0004343,CLI-00275,PRD-0149,tienda_sur,1,218.98,20,218.98,efectivo,completada,2026-01-30 18:38:45,zona_a
VS-0004344,CLI-02330,PRD-0170,tienda_sur,8,106.17,5,849.36,tarjeta,completada,2026-03-09 09:04:04,zona_b
VS-0004345,CLI-01564,PRD-0078,tienda_sur,4,54.94,0,219.76,transferencia,completada,2026-03-22 14:19:17,zona_b
VS-0004346,CLI-02961,PRD-0189,tienda_sur,5,178.76,0,893.8,tarjeta,devuelta,2026-02-26 06:10:12,zona_c
VS-0004347,CLI-01416,PRD-0110,tienda_sur,8,177.5,15,1420.0,yape,completada,2026-01-05 15:28:47,zona_c
VS-0004348,CLI-01111,PRD-0013,tienda_sur,1,460.77,0,460.77,efectivo,completada,2026-02-16 03:25:31,zona_b
VS-0004349,CLI-02928,PRD-0155,tienda_sur,4,138.1,0,552.4,transferencia,completada,2026-01-20 14:14:31,zona_a
VS-0004350,CLI-02839,PRD-0162,tienda_sur,6,84.67,0,508.02,efectivo,completada,2026-03-14 04:47:39,zona_a
VS-0004351,CLI-01877,PRD-0077,tienda_sur,5,47.85,20,239.25,tarjeta,completada,2026-03-05 12:30:47,zona_a
VS-0004352,CLI-01103,PRD-0154,tienda_sur,7,35.87,25,251.09,tarjeta,completada,2026-02-26 15:13:21,zona_a
VS-0004353,CLI-00477,PRD-0178,tienda_sur,4,87.6,0,350.4,tarjeta,completada,2026-01-31 06:17:52,zona_c
VS-0004354,CLI-02060,PRD-0091,tienda_sur,6,47.32,5,283.92,yape,devuelta,2026-01-09 16:16:09,zona_d
VS-0004355,CLI-02401,PRD-0096,tienda_sur,7,78.09,0,546.63,tarjeta,completada,2026-03-04 16:39:50,zona_b
VS-0004356,CLI-01668,PRD-0160,tienda_sur,8,39.9,15,319.2,efectivo,completada,2026-03-27 15:50:31,zona_b
VS-0004357,CLI-02383,PRD-0041,tienda_sur,5,128.24,25,641.2,efectivo,completada,2026-01-29 00:51:53,zona_c
VS-0004358,CLI-02048,PRD-0024,tienda_sur,7,135.72,0,950.04,yape,completada,2026-01-29 11:50:55,zona_d
VS-0004359,CLI-02044,PRD-0185,tienda_sur,7,178.75,0,1251.25,tarjeta,completada,2026-02-08 12:10:43,zona_a
VS-0004360,CLI-02232,PRD-0094,tienda_sur,4,38.77,0,155.08,efectivo,completada,2026-01-10 07:28:57,zona_a
VS-0004361,CLI-00252,PRD-0070,tienda_sur,2,406.66,20,813.32,tarjeta,completada,2026-01-26 15:06:37,zona_d
VS-0004362,CLI-01135,PRD-0129,tienda_sur,5,84.96,15,424.8,tarjeta,completada,2026-02-27 06:12:44,zona_c
VS-0004363,CLI-01005,PRD-0038,tienda_sur,1,41.76,0,41.76,efectivo,completada,2026-02-08 01:30:43,zona_c
VS-0004364,CLI-02300,PRD-0035,tienda_sur,6,103.23,5,619.38,efectivo,completada,2026-02-25 22:45:59,zona_b
VS-0004365,CLI-01859,PRD-0036,tienda_sur,1,38.79,10,38.79,efectivo,completada,2026-03-22 22:32:15,zona_b
VS-0004366,CLI-00878,PRD-0052,tienda_sur,7,391.33,0,2739.31,efectivo,completada,2026-01-31 19:01:21,zona_a
VS-0004367,CLI-01372,PRD-0137,tienda_sur,4,131.59,0,526.36,tarjeta,completada,2026-01-31 03:20:55,zona_d
VS-0004368,CLI-00004,PRD-0119,tienda_sur,4,153.16,10,612.64,yape,devuelta,2026-02-21 02:22:17,zona_b
VS-0004369,CLI-00035,PRD-0021,tienda_sur,2,16.39,10,32.78,tarjeta,completada,2026-02-14 01:03:56,zona_c
VS-0004370,CLI-00961,PRD-0067,tienda_sur,5,81.16,20,405.8,tarjeta,pendiente,2026-03-05 20:24:32,zona_b
VS-0004371,CLI-02289,PRD-0113,tienda_sur,2,146.9,10,293.8,efectivo,completada,2026-02-12 09:00:22,zona_c
VS-0004372,CLI-02752,PRD-0150,tienda_sur,5,820.22,0,4101.1,efectivo,completada,2026-02-13 16:27:00,zona_b
VS-0004373,CLI-01105,PRD-0072,tienda_sur,3,32.66,0,97.98,transferencia,completada,2026-01-23 16:08:47,zona_d
VS-0004374,CLI-02352,PRD-0088,tienda_sur,1,56.63,15,56.63,transferencia,devuelta,2026-02-23 06:36:54,zona_d
VS-0004375,CLI-02126,PRD-0159,tienda_sur,8,1128.82,0,9030.56,yape,completada,2026-02-23 00:51:26,zona_d
VS-0004376,CLI-00206,PRD-0182,tienda_sur,5,104.56,10,522.8,transferencia,completada,2026-02-03 06:01:46,zona_a
VS-0004377,CLI-02521,PRD-0002,tienda_sur,5,35.98,0,179.9,tarjeta,completada,2026-03-01 23:36:07,zona_a
VS-0004378,CLI-00674,PRD-0003,tienda_sur,1,176.5,0,176.5,yape,completada,2026-02-05 17:11:03,zona_b
VS-0004379,CLI-02186,PRD-0174,tienda_sur,6,316.77,0,1900.62,tarjeta,completada,2026-02-10 08:17:13,zona_a
VS-0004380,CLI-00456,PRD-0036,tienda_sur,8,32.33,25,258.64,efectivo,devuelta,2026-01-29 00:02:30,zona_d
VS-0004381,CLI-00919,PRD-0179,tienda_sur,1,350.18,10,350.18,yape,completada,2026-02-17 19:36:12,zona_b
VS-0004382,CLI-02290,PRD-0126,tienda_sur,6,938.91,10,5633.46,tarjeta,completada,2026-02-10 22:55:34,zona_d
VS-0004383,CLI-00169,PRD-0159,tienda_sur,6,1128.82,0,6772.92,yape,devuelta,2026-03-14 00:41:19,zona_b
VS-0004384,CLI-01884,PRD-0003,tienda_sur,5,176.5,0,882.5,efectivo,devuelta,2026-02-14 19:59:37,zona_a
VS-0004385,CLI-02180,PRD-0007,tienda_sur,1,18.87,5,18.87,tarjeta,completada,2026-03-16 04:45:09,zona_b
VS-0004386,CLI-02758,PRD-0130,tienda_sur,6,395.01,0,2370.06,yape,completada,2026-02-08 16:22:17,zona_d
VS-0004387,CLI-00048,PRD-0165,tienda_sur,1,776.2,15,776.2,efectivo,completada,2026-03-14 19:43:04,zona_c
VS-0004388,CLI-02458,PRD-0004,tienda_sur,8,51.2,5,409.6,efectivo,completada,2026-02-07 08:45:58,zona_b
VS-0004389,CLI-01879,PRD-0162,tienda_sur,2,76.2,10,152.4,yape,completada,2026-01-22 00:21:51,zona_a
VS-0004390,CLI-02812,PRD-0157,tienda_sur,3,255.78,5,767.34,tarjeta,completada,2026-02-23 21:41:28,zona_b
VS-0004391,CLI-02559,PRD-0151,tienda_sur,7,115.23,25,806.61,transferencia,completada,2026-02-25 16:14:13,zona_d
VS-0004392,CLI-01940,PRD-0111,tienda_sur,2,73.87,0,147.74,tarjeta,completada,2026-01-03 13:42:00,zona_d
VS-0004393,CLI-01960,PRD-0084,tienda_sur,6,111.13,0,666.78,tarjeta,completada,2026-03-25 07:42:22,zona_a
VS-0004394,CLI-01259,PRD-0150,tienda_sur,1,779.21,5,779.21,yape,completada,2026-01-04 14:39:58,zona_d
VS-0004395,CLI-01460,PRD-0188,tienda_sur,3,100.11,5,300.33,tarjeta,devuelta,2026-02-24 20:51:25,zona_b
VS-0004396,CLI-00008,PRD-0053,tienda_sur,2,4.66,10,9.32,transferencia,completada,2026-01-25 23:50:16,zona_c
VS-0004397,CLI-01295,PRD-0073,tienda_sur,5,64.62,5,323.1,yape,completada,2026-02-13 09:54:18,zona_d
VS-0004398,CLI-02586,PRD-0012,tienda_sur,4,138.71,10,554.84,tarjeta,completada,2026-01-05 15:40:54,zona_d
VS-0004399,CLI-00595,PRD-0126,tienda_sur,1,886.75,15,886.75,yape,completada,2026-01-28 04:53:10,zona_d
VS-0004400,CLI-01136,PRD-0049,tienda_sur,1,942.55,10,942.55,efectivo,completada,2026-01-20 09:42:38,zona_b
VS-0004401,CLI-01331,PRD-0179,tienda_sur,5,389.09,0,1945.45,tarjeta,completada,2026-02-26 20:33:02,zona_a
VS-0004402,CLI-00730,PRD-0146,tienda_sur,1,81.53,5,81.53,transferencia,completada,2026-03-01 18:20:17,zona_b
VS-0004403,CLI-00228,PRD-0006,tienda_sur,1,375.74,5,375.74,tarjeta,completada,2026-01-02 06:06:38,zona_a
VS-0004404,CLI-01295,PRD-0036,tienda_sur,4,43.1,0,172.4,yape,completada,2026-02-27 13:23:38,zona_d
VS-0004405,CLI-01850,PRD-0091,tienda_sur,4,49.81,0,199.24,transferencia,completada,2026-02-26 14:27:44,zona_b
VS-0004406,CLI-01368,PRD-0146,tienda_sur,1,85.82,0,85.82,yape,completada,2026-03-11 19:37:10,zona_a
VS-0004407,CLI-00355,PRD-0175,tienda_sur,4,59.58,20,238.32,efectivo,completada,2026-03-31 16:47:23,zona_c
VS-0004408,CLI-02914,PRD-0120,tienda_sur,7,261.49,10,1830.43,efectivo,completada,2026-01-31 05:14:51,zona_c
VS-0004409,CLI-00141,PRD-0027,tienda_sur,7,30.66,0,214.62,yape,completada,2026-03-17 21:01:05,zona_b
VS-0004410,CLI-01622,PRD-0057,tienda_sur,3,318.94,20,956.82,efectivo,completada,2026-02-05 12:21:34,zona_c
VS-0004411,CLI-01526,PRD-0130,tienda_sur,8,395.01,0,3160.08,yape,pendiente,2026-02-25 07:59:25,zona_a
VS-0004412,CLI-01739,PRD-0007,tienda_sur,4,15.89,20,63.56,tarjeta,completada,2026-02-02 01:30:06,zona_a
VS-0004413,CLI-02049,PRD-0165,tienda_sur,1,913.18,0,913.18,efectivo,completada,2026-03-04 07:09:10,zona_b
VS-0004414,CLI-01251,PRD-0158,tienda_sur,5,230.04,0,1150.2,yape,completada,2026-03-15 02:41:14,zona_b
VS-0004415,CLI-02038,PRD-0162,tienda_sur,2,84.67,0,169.34,transferencia,pendiente,2026-02-05 09:51:27,zona_c
VS-0004416,CLI-01464,PRD-0137,tienda_sur,4,125.01,5,500.04,yape,completada,2026-02-27 05:16:15,zona_b
VS-0004417,CLI-02506,PRD-0175,tienda_sur,4,70.76,5,283.04,tarjeta,completada,2026-02-07 14:50:16,zona_a
VS-0004418,CLI-01936,PRD-0032,tienda_sur,8,132.44,0,1059.52,tarjeta,devuelta,2026-02-06 18:18:53,zona_b
VS-0004419,CLI-01039,PRD-0068,tienda_sur,6,158.32,5,949.92,yape,devuelta,2026-02-12 17:05:07,zona_b
VS-0004420,CLI-02137,PRD-0176,tienda_sur,6,53.31,25,319.86,yape,completada,2026-01-30 01:48:30,zona_d
VS-0004421,CLI-02550,PRD-0112,tienda_sur,1,259.44,10,259.44,tarjeta,completada,2026-03-12 01:00:32,zona_a
VS-0004422,CLI-01189,PRD-0040,tienda_sur,8,171.54,0,1372.32,transferencia,completada,2026-03-05 10:30:41,zona_b
VS-0004423,CLI-02963,PRD-0131,tienda_sur,3,293.87,15,881.61,efectivo,completada,2026-02-26 17:11:50,zona_c
VS-0004424,CLI-00674,PRD-0121,tienda_sur,8,837.65,5,6701.2,yape,completada,2026-03-03 08:05:12,zona_a
VS-0004425,CLI-02486,PRD-0023,tienda_sur,7,51.83,20,362.81,yape,pendiente,2026-01-03 12:25:28,zona_b
VS-0004426,CLI-00598,PRD-0148,tienda_sur,1,154.04,0,154.04,transferencia,completada,2026-02-19 20:31:04,zona_b
VS-0004427,CLI-01236,PRD-0035,tienda_sur,1,97.79,10,97.79,transferencia,completada,2026-03-19 22:03:38,zona_b
VS-0004428,CLI-02387,PRD-0148,tienda_sur,5,154.04,0,770.2,transferencia,completada,2026-01-08 08:58:06,zona_b
VS-0004429,CLI-01329,PRD-0090,tienda_sur,2,10.81,10,21.62,yape,completada,2026-01-31 20:57:28,zona_c
VS-0004430,CLI-00738,PRD-0096,tienda_sur,1,78.09,0,78.09,efectivo,completada,2026-01-04 15:18:28,zona_a
VS-0004431,CLI-00674,PRD-0088,tienda_sur,5,66.62,0,333.1,tarjeta,completada,2026-01-25 08:14:47,zona_a
VS-0004432,CLI-02091,PRD-0132,tienda_sur,2,658.28,0,1316.56,transferencia,completada,2026-02-25 08:07:06,zona_a
VS-0004433,CLI-02116,PRD-0115,tienda_sur,8,1086.95,5,8695.6,yape,completada,2026-01-16 12:43:14,zona_d
VS-0004434,CLI-01998,PRD-0195,tienda_sur,4,155.94,10,623.76,tarjeta,completada,2026-01-20 15:50:57,zona_b
VS-0004435,CLI-02451,PRD-0099,tienda_sur,7,360.62,0,2524.34,efectivo,completada,2026-02-01 23:36:23,zona_c
VS-0004436,CLI-00181,PRD-0078,tienda_sur,5,46.7,15,233.5,tarjeta,completada,2026-02-01 13:57:58,zona_b
VS-0004437,CLI-00786,PRD-0082,tienda_sur,3,287.94,5,863.82,yape,completada,2026-03-25 04:33:12,zona_d
VS-0004438,CLI-00984,PRD-0193,tienda_sur,3,39.61,15,118.83,efectivo,completada,2026-01-15 11:11:58,zona_d
VS-0004439,CLI-00312,PRD-0101,tienda_sur,5,1072.29,5,5361.45,transferencia,completada,2026-01-31 06:35:24,zona_c
VS-0004440,CLI-00148,PRD-0088,tienda_sur,7,66.62,0,466.34,efectivo,completada,2026-02-21 11:07:35,zona_a
VS-0004441,CLI-01654,PRD-0116,tienda_sur,1,9.21,0,9.21,yape,completada,2026-03-25 19:21:49,zona_a
VS-0004442,CLI-01662,PRD-0127,tienda_sur,3,41.04,0,123.12,tarjeta,completada,2026-01-23 17:56:16,zona_c
VS-0004443,CLI-01859,PRD-0114,tienda_sur,3,254.22,0,762.66,tarjeta,pendiente,2026-01-29 04:08:44,zona_a
VS-0004444,CLI-02797,PRD-0031,tienda_sur,2,310.8,0,621.6,tarjeta,devuelta,2026-02-06 04:11:26,zona_d
VS-0004445,CLI-02050,PRD-0192,tienda_sur,1,88.41,5,88.41,transferencia,devuelta,2026-01-27 09:20:33,zona_c
VS-0004446,CLI-02060,PRD-0085,tienda_sur,6,105.44,10,632.64,transferencia,completada,2026-02-02 22:39:08,zona_d
VS-0004447,CLI-01429,PRD-0173,tienda_sur,8,167.7,5,1341.6,tarjeta,completada,2026-03-20 00:18:15,zona_c
VS-0004448,CLI-01669,PRD-0168,tienda_sur,1,272.55,10,272.55,yape,completada,2026-03-21 21:23:15,zona_a
VS-0004449,CLI-02131,PRD-0029,tienda_sur,1,75.43,25,75.43,efectivo,pendiente,2026-01-04 05:59:10,zona_d
VS-0004450,CLI-01923,PRD-0194,tienda_sur,3,175.92,0,527.76,efectivo,pendiente,2026-03-31 00:12:40,zona_a
VS-0004451,CLI-02434,PRD-0014,tienda_sur,7,236.69,25,1656.83,yape,completada,2026-03-14 12:00:40,zona_d
VS-0004452,CLI-01536,PRD-0015,tienda_sur,5,43.01,25,215.05,yape,completada,2026-03-21 03:40:31,zona_a
VS-0004453,CLI-02340,PRD-0079,tienda_sur,2,247.61,15,495.22,yape,devuelta,2026-03-10 00:21:04,zona_b
VS-0004454,CLI-01698,PRD-0049,tienda_sur,2,1047.28,0,2094.56,transferencia,completada,2026-01-30 01:21:16,zona_d
VS-0004455,CLI-02206,PRD-0085,tienda_sur,5,117.15,0,585.75,tarjeta,completada,2026-03-22 13:46:04,zona_d
VS-0004456,CLI-01122,PRD-0122,tienda_sur,2,237.03,5,474.06,yape,completada,2026-01-11 20:33:28,zona_a
VS-0004457,CLI-02641,PRD-0022,tienda_sur,8,61.24,5,489.92,transferencia,completada,2026-03-16 19:10:58,zona_a
VS-0004458,CLI-00044,PRD-0128,tienda_sur,5,40.49,20,202.45,efectivo,completada,2026-02-12 01:45:24,zona_b
VS-0004459,CLI-01059,PRD-0193,tienda_sur,5,46.6,0,233.0,tarjeta,completada,2026-02-24 08:42:32,zona_b
VS-0004460,CLI-01686,PRD-0025,tienda_sur,6,318.18,20,1909.08,efectivo,completada,2026-02-12 21:07:32,zona_c
VS-0004461,CLI-02868,PRD-0122,tienda_sur,3,249.51,0,748.53,yape,completada,2026-02-25 06:45:36,zona_b
VS-0004462,CLI-02615,PRD-0020,tienda_sur,4,325.09,0,1300.36,tarjeta,completada,2026-02-12 21:20:58,zona_c
VS-0004463,CLI-02750,PRD-0031,tienda_sur,4,295.26,5,1181.04,yape,completada,2026-01-27 03:02:47,zona_a
VS-0004464,CLI-00573,PRD-0078,tienda_sur,2,54.94,0,109.88,tarjeta,completada,2026-02-07 10:40:11,zona_b
VS-0004465,CLI-00262,PRD-0028,tienda_sur,3,6.39,25,19.17,tarjeta,completada,2026-02-09 22:33:19,zona_a
VS-0004466,CLI-00123,PRD-0132,tienda_sur,1,658.28,0,658.28,transferencia,completada,2026-03-14 00:07:37,zona_b
VS-0004467,CLI-02379,PRD-0124,tienda_sur,6,163.42,5,980.52,yape,completada,2026-01-19 03:26:09,zona_b
VS-0004468,CLI-01792,PRD-0132,tienda_sur,2,625.37,5,1250.74,tarjeta,completada,2026-02-28 09:05:24,zona_c
VS-0004469,CLI-02290,PRD-0147,tienda_sur,1,49.96,0,49.96,tarjeta,completada,2026-03-10 16:31:45,zona_b
VS-0004470,CLI-01762,PRD-0067,tienda_sur,4,101.45,0,405.8,yape,devuelta,2026-01-30 09:43:09,zona_a
VS-0004471,CLI-01457,PRD-0126,tienda_sur,4,834.58,20,3338.32,tarjeta,completada,2026-02-15 13:44:39,zona_c
VS-0004472,CLI-01389,PRD-0157,tienda_sur,1,242.32,10,242.32,tarjeta,completada,2026-02-10 14:30:23,zona_d
VS-0004473,CLI-00691,PRD-0192,tienda_sur,7,79.1,15,553.7,tarjeta,devuelta,2026-03-27 11:56:45,zona_c
VS-0004474,CLI-01080,PRD-0186,tienda_sur,4,72.35,5,289.4,yape,completada,2026-03-16 23:50:35,zona_d
VS-0004475,CLI-00183,PRD-0200,tienda_sur,5,32.25,5,161.25,efectivo,devuelta,2026-03-31 10:46:37,zona_d
VS-0004476,CLI-01518,PRD-0199,tienda_sur,7,356.34,5,2494.38,tarjeta,completada,2026-02-22 20:15:13,zona_b
VS-0004477,CLI-02242,PRD-0137,tienda_sur,2,131.59,0,263.18,efectivo,completada,2026-03-12 17:09:33,zona_b
VS-0004478,CLI-02691,PRD-0097,tienda_sur,2,168.78,0,337.56,efectivo,completada,2026-03-07 17:18:04,zona_b
VS-0004479,CLI-02084,PRD-0090,tienda_sur,4,9.01,25,36.04,yape,completada,2026-03-15 01:17:30,zona_c
VS-0004480,CLI-00627,PRD-0020,tienda_sur,5,325.09,0,1625.45,transferencia,completada,2026-01-19 22:39:32,zona_b
VS-0004481,CLI-02749,PRD-0020,tienda_sur,6,325.09,0,1950.54,yape,completada,2026-03-13 23:30:55,zona_c
VS-0004482,CLI-00570,PRD-0091,tienda_sur,3,44.83,10,134.49,efectivo,pendiente,2026-01-11 03:21:34,zona_c
VS-0004483,CLI-02280,PRD-0108,tienda_sur,8,139.33,0,1114.64,tarjeta,completada,2026-03-17 10:35:26,zona_a
VS-0004484,CLI-02878,PRD-0061,tienda_sur,7,728.71,15,5100.97,tarjeta,completada,2026-01-14 13:29:12,zona_b
VS-0004485,CLI-00867,PRD-0069,tienda_sur,5,49.71,10,248.55,yape,completada,2026-02-22 11:57:38,zona_d
VS-0004486,CLI-00809,PRD-0150,tienda_sur,7,656.18,20,4593.26,tarjeta,completada,2026-01-16 10:18:30,zona_d
VS-0004487,CLI-00423,PRD-0113,tienda_sur,3,122.41,25,367.23,yape,completada,2026-03-10 14:15:56,zona_c
VS-0004488,CLI-00194,PRD-0137,tienda_sur,4,98.69,25,394.76,yape,completada,2026-01-05 01:44:22,zona_d
VS-0004489,CLI-02218,PRD-0015,tienda_sur,4,54.47,5,217.88,transferencia,completada,2026-03-14 03:21:09,zona_c
VS-0004490,CLI-00159,PRD-0149,tienda_sur,4,260.03,5,1040.12,transferencia,completada,2026-03-18 09:54:41,zona_d
VS-0004491,CLI-01967,PRD-0052,tienda_sur,1,352.2,10,352.2,yape,completada,2026-01-27 14:38:45,zona_b
VS-0004492,CLI-00986,PRD-0083,tienda_sur,1,83.45,10,83.45,transferencia,completada,2026-01-21 05:33:53,zona_a
VS-0004493,CLI-02025,PRD-0120,tienda_sur,1,246.96,15,246.96,tarjeta,completada,2026-01-30 23:09:33,zona_a
VS-0004494,CLI-01584,PRD-0192,tienda_sur,6,93.06,0,558.36,yape,devuelta,2026-03-20 07:48:20,zona_b
VS-0004495,CLI-02277,PRD-0032,tienda_sur,6,132.44,0,794.64,tarjeta,completada,2026-03-21 11:31:30,zona_b
VS-0004496,CLI-01735,PRD-0053,tienda_sur,1,4.4,15,4.4,yape,completada,2026-02-03 03:32:47,zona_c
VS-0004497,CLI-03000,PRD-0179,tienda_sur,3,389.09,0,1167.27,efectivo,completada,2026-01-27 02:13:51,zona_b
VS-0004498,CLI-00407,PRD-0157,tienda_sur,1,255.78,5,255.78,efectivo,devuelta,2026-03-08 17:22:54,zona_d
VS-0004499,CLI-00650,PRD-0127,tienda_sur,5,38.99,5,194.95,tarjeta,completada,2026-01-08 04:48:23,zona_b
VS-0004500,CLI-00811,PRD-0048,tienda_sur,6,307.21,0,1843.26,transferencia,completada,2026-01-07 19:24:16,zona_b
VS-0004501,CLI-01244,PRD-0071,tienda_sur,2,67.52,5,135.04,yape,completada,2026-03-25 16:53:34,zona_b
VS-0004502,CLI-02255,PRD-0097,tienda_sur,4,151.9,10,607.6,tarjeta,devuelta,2026-01-27 06:38:22,zona_c
VS-0004503,CLI-02028,PRD-0016,tienda_sur,4,190.21,5,760.84,tarjeta,completada,2026-03-01 08:18:36,zona_a
VS-0004504,CLI-02282,PRD-0075,tienda_sur,7,61.33,10,429.31,tarjeta,completada,2026-01-10 07:09:47,zona_a
VS-0004505,CLI-00660,PRD-0073,tienda_sur,8,68.02,0,544.16,transferencia,completada,2026-02-04 23:06:49,zona_b
VS-0004506,CLI-00945,PRD-0069,tienda_sur,7,46.95,15,328.65,yape,completada,2026-02-03 18:43:03,zona_b
VS-0004507,CLI-01204,PRD-0015,tienda_sur,8,54.47,5,435.76,yape,completada,2026-03-25 12:15:21,zona_b
VS-0004508,CLI-01308,PRD-0075,tienda_sur,2,54.51,20,109.02,tarjeta,completada,2026-03-18 16:34:15,zona_a
VS-0004509,CLI-02218,PRD-0151,tienda_sur,2,145.96,5,291.92,tarjeta,completada,2026-01-27 17:11:18,zona_c
VS-0004510,CLI-02517,PRD-0167,tienda_sur,7,159.02,0,1113.14,efectivo,completada,2026-01-02 22:48:54,zona_a
VS-0004511,CLI-00959,PRD-0119,tienda_sur,8,136.14,20,1089.12,transferencia,completada,2026-02-13 21:14:03,zona_b
VS-0004512,CLI-02428,PRD-0002,tienda_sur,1,32.38,10,32.38,efectivo,completada,2026-03-27 15:29:52,zona_b
VS-0004513,CLI-01155,PRD-0099,tienda_sur,2,342.59,5,685.18,transferencia,completada,2026-03-19 21:41:12,zona_b
VS-0004514,CLI-02696,PRD-0028,tienda_sur,2,8.52,0,17.04,yape,completada,2026-01-26 12:15:24,zona_c
VS-0004515,CLI-02486,PRD-0174,tienda_sur,6,316.77,0,1900.62,transferencia,completada,2026-01-13 00:51:18,zona_c
VS-0004516,CLI-02213,PRD-0025,tienda_sur,1,338.07,15,338.07,efectivo,completada,2026-03-21 19:33:03,zona_b
VS-0004517,CLI-02298,PRD-0006,tienda_sur,4,395.52,0,1582.08,tarjeta,completada,2026-02-16 11:30:38,zona_c
VS-0004518,CLI-02245,PRD-0026,tienda_sur,2,1165.21,0,2330.42,yape,devuelta,2026-02-12 04:21:11,zona_b
VS-0004519,CLI-00043,PRD-0001,tienda_sur,7,361.29,5,2529.03,yape,completada,2026-02-27 04:33:51,zona_a
VS-0004520,CLI-02357,PRD-0151,tienda_sur,4,138.28,10,553.12,efectivo,completada,2026-02-06 01:33:39,zona_d
VS-0004521,CLI-00402,PRD-0117,tienda_sur,3,154.72,0,464.16,efectivo,completada,2026-03-31 00:52:22,zona_a
VS-0004522,CLI-00254,PRD-0123,tienda_sur,8,40.34,0,322.72,tarjeta,completada,2026-01-23 19:59:01,zona_a
VS-0004523,CLI-02463,PRD-0193,tienda_sur,5,46.6,0,233.0,tarjeta,completada,2026-02-25 18:23:16,zona_d
VS-0004524,CLI-02857,PRD-0030,tienda_sur,4,246.84,0,987.36,tarjeta,completada,2026-03-08 01:15:38,zona_b
VS-0004525,CLI-01293,PRD-0143,tienda_sur,8,19.03,15,152.24,tarjeta,completada,2026-02-22 05:30:39,zona_d
VS-0004526,CLI-01187,PRD-0071,tienda_sur,8,67.52,5,540.16,tarjeta,completada,2026-01-12 18:22:02,zona_a
VS-0004527,CLI-00579,PRD-0137,tienda_sur,8,125.01,5,1000.08,yape,completada,2026-02-23 22:22:30,zona_c
VS-0004528,CLI-02933,PRD-0001,tienda_sur,3,342.28,10,1026.84,yape,completada,2026-01-04 02:06:43,zona_c
VS-0004529,CLI-02373,PRD-0116,tienda_sur,4,9.21,0,36.84,tarjeta,completada,2026-01-24 15:31:42,zona_a
VS-0004530,CLI-00725,PRD-0093,tienda_sur,6,811.64,10,4869.84,tarjeta,completada,2026-01-06 07:43:08,zona_a
VS-0004531,CLI-01756,PRD-0182,tienda_sur,7,116.18,0,813.26,tarjeta,completada,2026-01-12 22:44:27,zona_c
VS-0004532,CLI-02210,PRD-0185,tienda_sur,8,169.81,5,1358.48,yape,completada,2026-02-25 20:56:14,zona_b
VS-0004533,CLI-01721,PRD-0199,tienda_sur,2,337.58,10,675.16,efectivo,completada,2026-03-30 11:34:15,zona_c
VS-0004534,CLI-01416,PRD-0073,tienda_sur,7,68.02,0,476.14,yape,completada,2026-03-06 22:01:43,zona_d
VS-0004535,CLI-01017,PRD-0004,tienda_sur,4,53.89,0,215.56,yape,completada,2026-03-20 19:29:43,zona_d
VS-0004536,CLI-02294,PRD-0158,tienda_sur,4,218.54,5,874.16,efectivo,completada,2026-01-22 10:21:31,zona_b
VS-0004537,CLI-02922,PRD-0069,tienda_sur,8,55.23,0,441.84,tarjeta,completada,2026-01-09 19:05:03,zona_d
VS-0004538,CLI-00603,PRD-0047,tienda_sur,7,218.76,10,1531.32,tarjeta,completada,2026-01-14 04:39:25,zona_d
VS-0004539,CLI-01248,PRD-0043,tienda_sur,4,22.93,5,91.72,yape,completada,2026-03-07 11:17:11,zona_b
VS-0004540,CLI-00889,PRD-0146,tienda_sur,2,77.24,10,154.48,tarjeta,completada,2026-01-16 04:20:15,zona_c
VS-0004541,CLI-02323,PRD-0189,tienda_sur,8,134.07,25,1072.56,yape,completada,2026-01-26 21:18:31,zona_b
VS-0004542,CLI-02824,PRD-0008,tienda_sur,5,1107.3,0,5536.5,yape,completada,2026-01-30 21:31:30,zona_d
VS-0004543,CLI-00373,PRD-0054,tienda_sur,1,98.65,0,98.65,efectivo,completada,2026-02-19 07:08:13,zona_a
VS-0004544,CLI-01767,PRD-0073,tienda_sur,3,68.02,0,204.06,efectivo,completada,2026-03-19 04:16:43,zona_d
VS-0004545,CLI-02054,PRD-0120,tienda_sur,2,232.43,20,464.86,tarjeta,completada,2026-01-04 21:36:20,zona_a
VS-0004546,CLI-02352,PRD-0136,tienda_sur,4,93.42,10,373.68,tarjeta,completada,2026-02-15 19:16:00,zona_d
VS-0004547,CLI-00645,PRD-0045,tienda_sur,4,27.86,25,111.44,tarjeta,completada,2026-02-13 10:35:07,zona_d
VS-0004548,CLI-00368,PRD-0177,tienda_sur,2,959.56,10,1919.12,transferencia,completada,2026-03-26 18:10:00,zona_b
VS-0004549,CLI-02618,PRD-0062,tienda_sur,1,127.56,0,127.56,tarjeta,completada,2026-03-30 04:34:49,zona_c
VS-0004550,CLI-02972,PRD-0138,tienda_sur,2,131.58,10,263.16,yape,completada,2026-01-26 22:22:24,zona_b
VS-0004551,CLI-01779,PRD-0078,tienda_sur,3,54.94,0,164.82,efectivo,completada,2026-03-11 02:11:24,zona_c
VS-0004552,CLI-00049,PRD-0023,tienda_sur,5,64.79,0,323.95,yape,completada,2026-01-23 16:15:55,zona_d
VS-0004553,CLI-00808,PRD-0130,tienda_sur,5,395.01,0,1975.05,yape,completada,2026-02-16 22:39:11,zona_a
VS-0004554,CLI-01162,PRD-0146,tienda_sur,7,85.82,0,600.74,yape,completada,2026-02-22 13:48:53,zona_a
VS-0004555,CLI-02233,PRD-0050,tienda_sur,3,11.33,0,33.99,tarjeta,completada,2026-01-21 19:24:04,zona_a
VS-0004556,CLI-02809,PRD-0141,tienda_sur,8,135.3,5,1082.4,tarjeta,completada,2026-02-24 20:29:05,zona_b
VS-0004557,CLI-02135,PRD-0181,tienda_sur,5,95.7,10,478.5,yape,devuelta,2026-02-26 18:23:49,zona_d
VS-0004558,CLI-01196,PRD-0119,tienda_sur,5,161.67,5,808.35,tarjeta,completada,2026-03-14 17:05:27,zona_b
VS-0004559,CLI-02592,PRD-0078,tienda_sur,3,52.19,5,156.57,yape,completada,2026-02-09 09:18:26,zona_a
VS-0004560,CLI-01373,PRD-0171,tienda_sur,6,29.17,5,175.02,efectivo,completada,2026-01-28 21:47:39,zona_c
VS-0004561,CLI-00424,PRD-0026,tienda_sur,7,1165.21,0,8156.47,efectivo,completada,2026-01-06 21:45:38,zona_b
VS-0004562,CLI-02801,PRD-0096,tienda_sur,7,78.09,0,546.63,efectivo,completada,2026-03-22 14:47:57,zona_b
VS-0004563,CLI-00318,PRD-0197,tienda_sur,8,46.5,0,372.0,tarjeta,completada,2026-01-05 12:20:17,zona_d
VS-0004564,CLI-01169,PRD-0075,tienda_sur,2,68.14,0,136.28,tarjeta,pendiente,2026-03-05 06:55:41,zona_c
VS-0004565,CLI-02709,PRD-0089,tienda_sur,5,58.61,15,293.05,yape,completada,2026-03-25 00:32:10,zona_d
VS-0004566,CLI-02213,PRD-0107,tienda_sur,3,47.57,10,142.71,tarjeta,completada,2026-03-30 18:48:46,zona_d
VS-0004567,CLI-01487,PRD-0029,tienda_sur,2,95.54,5,191.08,tarjeta,completada,2026-02-25 05:44:01,zona_c
VS-0004568,CLI-01088,PRD-0105,tienda_sur,5,78.57,0,392.85,tarjeta,pendiente,2026-03-04 19:03:09,zona_c
VS-0004569,CLI-01202,PRD-0050,tienda_sur,2,9.63,15,19.26,efectivo,completada,2026-03-13 17:28:57,zona_b
VS-0004570,CLI-00390,PRD-0192,tienda_sur,6,93.06,0,558.36,yape,completada,2026-02-08 17:56:21,zona_a
VS-0004571,CLI-01416,PRD-0112,tienda_sur,1,273.86,5,273.86,tarjeta,completada,2026-01-19 05:48:34,zona_d
VS-0004572,CLI-00270,PRD-0116,tienda_sur,4,9.21,0,36.84,tarjeta,completada,2026-02-02 19:39:27,zona_d
VS-0004573,CLI-01212,PRD-0057,tienda_sur,3,358.8,10,1076.4,yape,completada,2026-02-02 06:48:37,zona_d
VS-0004574,CLI-01910,PRD-0039,tienda_sur,2,58.03,5,116.06,efectivo,devuelta,2026-02-22 00:07:57,zona_d
VS-0004575,CLI-01377,PRD-0143,tienda_sur,7,21.27,5,148.89,yape,completada,2026-02-18 10:30:05,zona_b
VS-0004576,CLI-00554,PRD-0165,tienda_sur,7,821.86,10,5753.02,yape,completada,2026-01-10 16:55:28,zona_d
VS-0004577,CLI-00898,PRD-0107,tienda_sur,4,52.86,0,211.44,tarjeta,completada,2026-02-07 21:54:49,zona_b
VS-0004578,CLI-00839,PRD-0117,tienda_sur,8,154.72,0,1237.76,efectivo,pendiente,2026-03-09 23:26:49,zona_d
VS-0004579,CLI-02609,PRD-0008,tienda_sur,2,1051.93,5,2103.86,tarjeta,completada,2026-01-23 09:44:06,zona_d
VS-0004580,CLI-00952,PRD-0129,tienda_sur,3,99.95,0,299.85,efectivo,completada,2026-01-29 15:46:21,zona_a
VS-0004581,CLI-00783,PRD-0021,tienda_sur,4,14.57,20,58.28,transferencia,completada,2026-02-22 04:26:28,zona_b
VS-0004582,CLI-01327,PRD-0180,tienda_sur,2,16.31,0,32.62,tarjeta,completada,2026-02-01 02:22:32,zona_a
VS-0004583,CLI-02558,PRD-0059,tienda_sur,3,131.35,10,394.05,tarjeta,completada,2026-01-17 23:07:22,zona_a
VS-0004584,CLI-01328,PRD-0058,tienda_sur,5,157.98,10,789.9,yape,completada,2026-02-20 14:15:19,zona_b
VS-0004585,CLI-00005,PRD-0048,tienda_sur,8,307.21,0,2457.68,tarjeta,pendiente,2026-03-24 12:26:28,zona_d
VS-0004586,CLI-00337,PRD-0152,tienda_sur,3,94.91,5,284.73,yape,completada,2026-01-11 03:01:55,zona_c
VS-0004587,CLI-01244,PRD-0001,tienda_sur,1,342.28,10,342.28,tarjeta,completada,2026-01-25 15:25:57,zona_b
VS-0004588,CLI-00220,PRD-0025,tienda_sur,7,377.84,5,2644.88,yape,completada,2026-03-26 04:06:35,zona_a
VS-0004589,CLI-02431,PRD-0054,tienda_sur,2,98.65,0,197.3,yape,completada,2026-01-17 21:54:29,zona_a
VS-0004590,CLI-02063,PRD-0050,tienda_sur,4,10.2,10,40.8,efectivo,completada,2026-01-24 10:59:07,zona_d
VS-0004591,CLI-02763,PRD-0145,tienda_sur,6,323.61,5,1941.66,tarjeta,completada,2026-03-21 16:46:29,zona_a
VS-0004592,CLI-01474,PRD-0008,tienda_sur,6,1107.3,0,6643.8,yape,completada,2026-02-23 03:14:40,zona_b
VS-0004593,CLI-02162,PRD-0149,tienda_sur,7,273.72,0,1916.04,tarjeta,completada,2026-01-30 11:16:50,zona_c
VS-0004594,CLI-01163,PRD-0027,tienda_sur,3,30.66,0,91.98,yape,devuelta,2026-02-05 04:47:00,zona_d
VS-0004595,CLI-02937,PRD-0193,tienda_sur,3,46.6,0,139.8,tarjeta,completada,2026-02-22 00:34:24,zona_d
VS-0004596,CLI-01110,PRD-0048,tienda_sur,2,276.49,10,552.98,efectivo,completada,2026-03-13 06:15:07,zona_b
VS-0004597,CLI-01722,PRD-0105,tienda_sur,3,78.57,0,235.71,transferencia,completada,2026-01-31 15:07:29,zona_d
VS-0004598,CLI-01152,PRD-0002,tienda_sur,1,35.98,0,35.98,transferencia,completada,2026-01-01 08:43:55,zona_c
VS-0004599,CLI-02585,PRD-0120,tienda_sur,8,290.54,0,2324.32,yape,completada,2026-03-11 08:17:34,zona_c
VS-0004600,CLI-01842,PRD-0149,tienda_sur,3,246.35,10,739.05,transferencia,completada,2026-02-21 03:40:33,zona_c
VS-0004601,CLI-02949,PRD-0044,tienda_sur,5,79.47,25,397.35,transferencia,completada,2026-01-09 10:47:01,zona_a
VS-0004602,CLI-01629,PRD-0030,tienda_sur,2,222.16,10,444.32,transferencia,completada,2026-03-17 14:30:07,zona_c
VS-0004603,CLI-01500,PRD-0169,tienda_sur,3,1064.16,0,3192.48,transferencia,pendiente,2026-01-11 13:12:41,zona_a
VS-0004604,CLI-00972,PRD-0058,tienda_sur,3,175.53,0,526.59,tarjeta,completada,2026-01-02 18:28:33,zona_c
VS-0004605,CLI-02735,PRD-0177,tienda_sur,8,1066.18,0,8529.44,transferencia,completada,2026-01-03 17:18:22,zona_c
VS-0004606,CLI-01027,PRD-0034,tienda_sur,5,104.06,0,520.3,yape,completada,2026-02-28 22:42:48,zona_a
VS-0004607,CLI-02949,PRD-0123,tienda_sur,7,34.29,15,240.03,tarjeta,completada,2026-03-30 09:37:24,zona_b
VS-0004608,CLI-01407,PRD-0153,tienda_sur,7,1181.19,0,8268.33,transferencia,completada,2026-02-12 03:24:11,zona_b
VS-0004609,CLI-02448,PRD-0070,tienda_sur,3,508.33,0,1524.99,tarjeta,completada,2026-01-17 05:54:57,zona_d
VS-0004610,CLI-02866,PRD-0132,tienda_sur,7,658.28,0,4607.96,efectivo,completada,2026-01-28 21:35:30,zona_d
VS-0004611,CLI-00231,PRD-0108,tienda_sur,7,132.36,5,926.52,tarjeta,completada,2026-01-20 19:55:11,zona_d
VS-0004612,CLI-01899,PRD-0192,tienda_sur,1,88.41,5,88.41,efectivo,completada,2026-02-12 08:41:31,zona_b
VS-0004613,CLI-00548,PRD-0080,tienda_sur,7,135.57,5,948.99,transferencia,completada,2026-03-02 01:36:04,zona_d
VS-0004614,CLI-00987,PRD-0108,tienda_sur,7,111.46,20,780.22,tarjeta,completada,2026-02-21 06:38:59,zona_c
VS-0004615,CLI-01504,PRD-0125,tienda_sur,5,281.95,10,1409.75,tarjeta,pendiente,2026-02-27 06:40:47,zona_c
VS-0004616,CLI-00330,PRD-0173,tienda_sur,3,176.53,0,529.59,tarjeta,completada,2026-01-31 14:24:39,zona_b
VS-0004617,CLI-02722,PRD-0108,tienda_sur,5,125.4,10,627.0,yape,completada,2026-01-09 07:11:42,zona_a
VS-0004618,CLI-02819,PRD-0032,tienda_sur,8,105.95,20,847.6,yape,devuelta,2026-02-01 04:36:35,zona_c
VS-0004619,CLI-02625,PRD-0046,tienda_sur,5,326.48,10,1632.4,tarjeta,completada,2026-02-04 20:33:32,zona_a
VS-0004620,CLI-02741,PRD-0053,tienda_sur,7,4.66,10,32.62,tarjeta,completada,2026-02-03 18:52:19,zona_a
VS-0004621,CLI-02456,PRD-0110,tienda_sur,3,208.82,0,626.46,tarjeta,completada,2026-01-18 22:26:00,zona_a
VS-0004622,CLI-00057,PRD-0184,tienda_sur,3,149.4,0,448.2,yape,completada,2026-03-05 02:10:48,zona_b
VS-0004623,CLI-01218,PRD-0043,tienda_sur,7,24.14,0,168.98,transferencia,completada,2026-01-15 19:44:04,zona_b
VS-0004624,CLI-00013,PRD-0180,tienda_sur,8,13.86,15,110.88,yape,completada,2026-01-28 12:35:21,zona_b
VS-0004625,CLI-00968,PRD-0009,tienda_sur,7,46.87,0,328.09,tarjeta,completada,2026-02-24 03:17:16,zona_b
VS-0004626,CLI-02238,PRD-0137,tienda_sur,3,118.43,10,355.29,yape,completada,2026-03-18 05:58:02,zona_a
VS-0004627,CLI-02221,PRD-0180,tienda_sur,8,15.49,5,123.92,tarjeta,devuelta,2026-03-06 13:21:29,zona_d
VS-0004628,CLI-01154,PRD-0151,tienda_sur,1,138.28,10,138.28,tarjeta,devuelta,2026-02-06 21:46:19,zona_a
VS-0004629,CLI-01840,PRD-0182,tienda_sur,4,104.56,10,418.24,efectivo,completada,2026-01-07 14:23:23,zona_d
VS-0004630,CLI-00302,PRD-0047,tienda_sur,8,243.07,0,1944.56,tarjeta,completada,2026-03-21 03:58:26,zona_c
VS-0004631,CLI-02387,PRD-0027,tienda_sur,6,23.0,25,138.0,tarjeta,completada,2026-01-25 18:12:42,zona_b
VS-0004632,CLI-00403,PRD-0156,tienda_sur,8,94.72,0,757.76,efectivo,completada,2026-01-10 21:13:40,zona_a
VS-0004633,CLI-02857,PRD-0018,tienda_sur,7,128.89,10,902.23,efectivo,completada,2026-02-28 05:07:21,zona_c
VS-0004634,CLI-00782,PRD-0067,tienda_sur,4,101.45,0,405.8,efectivo,completada,2026-03-31 19:13:07,zona_c
VS-0004635,CLI-02416,PRD-0128,tienda_sur,4,45.55,10,182.2,tarjeta,devuelta,2026-03-21 13:33:11,zona_b
VS-0004636,CLI-01885,PRD-0059,tienda_sur,2,124.05,15,248.1,efectivo,devuelta,2026-01-22 22:50:43,zona_b
VS-0004637,CLI-02775,PRD-0060,tienda_sur,3,118.27,15,354.81,yape,completada,2026-02-13 01:25:39,zona_b
VS-0004638,CLI-01176,PRD-0066,tienda_sur,4,737.18,10,2948.72,transferencia,completada,2026-01-11 06:57:11,zona_d
VS-0004639,CLI-00443,PRD-0173,tienda_sur,8,158.88,10,1271.04,tarjeta,completada,2026-03-20 01:43:54,zona_a
VS-0004640,CLI-02508,PRD-0141,tienda_sur,1,121.06,15,121.06,tarjeta,completada,2026-03-03 09:37:51,zona_a
VS-0004641,CLI-00075,PRD-0013,tienda_sur,3,460.77,0,1382.31,yape,completada,2026-03-22 22:40:13,zona_d
VS-0004642,CLI-02048,PRD-0034,tienda_sur,6,98.86,5,593.16,tarjeta,completada,2026-01-28 02:39:07,zona_d
VS-0004643,CLI-01104,PRD-0182,tienda_sur,8,98.75,15,790.0,efectivo,completada,2026-03-14 18:10:09,zona_b
VS-0004644,CLI-01800,PRD-0173,tienda_sur,4,158.88,10,635.52,tarjeta,completada,2026-02-02 14:14:55,zona_d
VS-0004645,CLI-00467,PRD-0096,tienda_sur,6,78.09,0,468.54,transferencia,completada,2026-03-11 09:33:41,zona_b
VS-0004646,CLI-00154,PRD-0082,tienda_sur,4,303.1,0,1212.4,tarjeta,completada,2026-02-03 16:48:37,zona_b
VS-0004647,CLI-02866,PRD-0021,tienda_sur,8,18.21,0,145.68,yape,completada,2026-03-25 01:37:16,zona_c
VS-0004648,CLI-02837,PRD-0172,tienda_sur,6,143.3,0,859.8,yape,completada,2026-02-06 12:44:35,zona_b
VS-0004649,CLI-02250,PRD-0013,tienda_sur,5,368.62,20,1843.1,yape,completada,2026-02-02 15:01:24,zona_c
VS-0004650,CLI-00398,PRD-0057,tienda_sur,5,398.67,0,1993.35,tarjeta,completada,2026-01-21 11:27:03,zona_a
VS-0004651,CLI-01399,PRD-0061,tienda_sur,7,857.31,0,6001.17,yape,completada,2026-01-26 06:23:57,zona_d
VS-0004652,CLI-02841,PRD-0120,tienda_sur,6,261.49,10,1568.94,yape,completada,2026-01-30 13:20:56,zona_c
VS-0004653,CLI-00069,PRD-0086,tienda_sur,2,16.72,5,33.44,tarjeta,pendiente,2026-02-20 02:08:39,zona_d
VS-0004654,CLI-00660,PRD-0042,tienda_sur,8,72.31,5,578.48,transferencia,completada,2026-02-25 02:30:23,zona_d
VS-0004655,CLI-00088,PRD-0178,tienda_sur,6,83.22,5,499.32,tarjeta,completada,2026-02-11 05:13:55,zona_a
VS-0004656,CLI-00072,PRD-0185,tienda_sur,1,169.81,5,169.81,yape,completada,2026-01-06 17:28:12,zona_d
VS-0004657,CLI-00478,PRD-0016,tienda_sur,8,200.22,0,1601.76,efectivo,completada,2026-01-27 14:40:41,zona_b
VS-0004658,CLI-02768,PRD-0147,tienda_sur,3,49.96,0,149.88,tarjeta,completada,2026-03-13 08:43:44,zona_c
VS-0004659,CLI-02854,PRD-0177,tienda_sur,1,1012.87,5,1012.87,efectivo,completada,2026-01-12 07:51:26,zona_c
VS-0004660,CLI-00912,PRD-0100,tienda_sur,7,362.73,0,2539.11,tarjeta,completada,2026-01-09 16:39:20,zona_b
VS-0004661,CLI-01739,PRD-0114,tienda_sur,1,228.8,10,228.8,yape,completada,2026-02-01 10:33:13,zona_c
VS-0004662,CLI-00323,PRD-0117,tienda_sur,7,154.72,0,1083.04,yape,completada,2026-02-09 02:45:54,zona_d
VS-0004663,CLI-02277,PRD-0027,tienda_sur,1,29.13,5,29.13,tarjeta,completada,2026-03-27 09:05:18,zona_a
VS-0004664,CLI-02838,PRD-0133,tienda_sur,4,87.16,10,348.64,yape,completada,2026-01-18 00:33:45,zona_d
VS-0004665,CLI-00366,PRD-0072,tienda_sur,8,31.03,5,248.24,tarjeta,completada,2026-03-13 02:27:33,zona_c
VS-0004666,CLI-02690,PRD-0043,tienda_sur,7,21.73,10,152.11,efectivo,completada,2026-01-22 06:51:08,zona_b
VS-0004667,CLI-02227,PRD-0149,tienda_sur,2,273.72,0,547.44,transferencia,completada,2026-01-06 00:02:53,zona_d
VS-0004668,CLI-02200,PRD-0115,tienda_sur,2,972.54,15,1945.08,tarjeta,completada,2026-03-31 17:32:21,zona_d
VS-0004669,CLI-00098,PRD-0121,tienda_sur,3,881.74,0,2645.22,tarjeta,completada,2026-01-15 09:45:21,zona_d
VS-0004670,CLI-02799,PRD-0188,tienda_sur,7,94.84,10,663.88,tarjeta,completada,2026-02-12 02:00:12,zona_b
VS-0004671,CLI-01420,PRD-0044,tienda_sur,5,105.96,0,529.8,efectivo,completada,2026-01-30 19:16:26,zona_a
VS-0004672,CLI-00200,PRD-0169,tienda_sur,1,851.33,20,851.33,transferencia,completada,2026-02-04 20:31:50,zona_c
VS-0004673,CLI-01913,PRD-0097,tienda_sur,6,168.78,0,1012.68,tarjeta,completada,2026-02-01 14:06:43,zona_b
VS-0004674,CLI-02901,PRD-0127,tienda_sur,7,32.83,20,229.81,yape,completada,2026-01-30 03:47:23,zona_a
VS-0004675,CLI-01331,PRD-0031,tienda_sur,5,310.8,0,1554.0,tarjeta,devuelta,2026-01-05 08:24:37,zona_b
VS-0004676,CLI-00658,PRD-0184,tienda_sur,3,149.4,0,448.2,tarjeta,completada,2026-01-16 01:53:06,zona_b
VS-0004677,CLI-01632,PRD-0178,tienda_sur,7,78.84,10,551.88,yape,completada,2026-03-27 19:12:46,zona_c
VS-0004678,CLI-02665,PRD-0115,tienda_sur,6,1029.74,10,6178.44,efectivo,completada,2026-01-29 16:08:01,zona_c
VS-0004679,CLI-02829,PRD-0197,tienda_sur,8,46.5,0,372.0,tarjeta,completada,2026-02-15 19:20:03,zona_a
VS-0004680,CLI-02578,PRD-0150,tienda_sur,8,820.22,0,6561.76,tarjeta,completada,2026-03-11 13:08:37,zona_c
VS-0004681,CLI-02125,PRD-0010,tienda_sur,7,125.36,15,877.52,yape,completada,2026-01-11 03:52:42,zona_d
VS-0004682,CLI-02216,PRD-0125,tienda_sur,8,313.28,0,2506.24,yape,completada,2026-03-08 21:47:41,zona_a
VS-0004683,CLI-02530,PRD-0199,tienda_sur,4,300.07,20,1200.28,efectivo,completada,2026-01-24 20:34:13,zona_c
VS-0004684,CLI-02439,PRD-0057,tienda_sur,3,398.67,0,1196.01,tarjeta,completada,2026-01-06 00:23:47,zona_b
VS-0004685,CLI-00545,PRD-0174,tienda_sur,5,316.77,0,1583.85,efectivo,devuelta,2026-01-06 17:02:00,zona_c
VS-0004686,CLI-00494,PRD-0176,tienda_sur,2,71.08,0,142.16,efectivo,completada,2026-03-22 02:17:25,zona_c
VS-0004687,CLI-02962,PRD-0169,tienda_sur,3,1064.16,0,3192.48,transferencia,completada,2026-03-22 16:50:35,zona_d
VS-0004688,CLI-02578,PRD-0199,tienda_sur,3,375.09,0,1125.27,yape,completada,2026-01-18 09:58:31,zona_c
VS-0004689,CLI-01897,PRD-0200,tienda_sur,5,32.25,5,161.25,tarjeta,completada,2026-01-22 11:06:18,zona_a
VS-0004690,CLI-02883,PRD-0105,tienda_sur,2,74.64,5,149.28,tarjeta,completada,2026-03-20 20:17:25,zona_c
VS-0004691,CLI-00232,PRD-0178,tienda_sur,8,83.22,5,665.76,yape,completada,2026-02-03 17:07:37,zona_b
VS-0004692,CLI-00590,PRD-0151,tienda_sur,8,153.64,0,1229.12,yape,completada,2026-03-10 23:58:03,zona_a
VS-0004693,CLI-01763,PRD-0069,tienda_sur,3,46.95,15,140.85,tarjeta,completada,2026-02-13 21:04:30,zona_b
VS-0004694,CLI-00556,PRD-0189,tienda_sur,4,169.82,5,679.28,tarjeta,completada,2026-01-08 07:29:30,zona_a
VS-0004695,CLI-02457,PRD-0091,tienda_sur,4,44.83,10,179.32,efectivo,completada,2026-01-26 03:51:41,zona_c
VS-0004696,CLI-00242,PRD-0178,tienda_sur,1,87.6,0,87.6,tarjeta,completada,2026-03-05 19:24:58,zona_d
VS-0004697,CLI-02626,PRD-0163,tienda_sur,4,78.75,15,315.0,transferencia,completada,2026-01-07 13:43:14,zona_a
VS-0004698,CLI-02533,PRD-0080,tienda_sur,7,128.44,10,899.08,tarjeta,completada,2026-02-18 12:55:28,zona_a
VS-0004699,CLI-01230,PRD-0029,tienda_sur,2,95.54,5,191.08,efectivo,completada,2026-01-15 16:09:52,zona_a
VS-0004700,CLI-02530,PRD-0171,tienda_sur,2,30.71,0,61.42,tarjeta,completada,2026-02-06 18:53:59,zona_b
VS-0004701,CLI-01807,PRD-0016,tienda_sur,7,200.22,0,1401.54,tarjeta,completada,2026-03-04 01:14:53,zona_d
VS-0004702,CLI-00801,PRD-0004,tienda_sur,6,45.81,15,274.86,tarjeta,completada,2026-03-27 21:34:02,zona_d
VS-0004703,CLI-00320,PRD-0163,tienda_sur,1,74.12,20,74.12,yape,completada,2026-02-03 06:36:03,zona_b
VS-0004704,CLI-00685,PRD-0168,tienda_sur,6,242.26,20,1453.56,efectivo,completada,2026-02-27 19:12:02,zona_c
VS-0004705,CLI-01854,PRD-0051,tienda_sur,5,328.46,0,1642.3,transferencia,completada,2026-02-20 21:48:45,zona_d
VS-0004706,CLI-02453,PRD-0103,tienda_sur,2,356.84,5,713.68,tarjeta,completada,2026-02-26 19:21:07,zona_c
VS-0004707,CLI-01716,PRD-0159,tienda_sur,7,959.5,15,6716.5,tarjeta,devuelta,2026-03-25 09:10:33,zona_d
VS-0004708,CLI-00739,PRD-0104,tienda_sur,4,195.93,0,783.72,yape,completada,2026-01-20 17:48:38,zona_c
VS-0004709,CLI-02154,PRD-0049,tienda_sur,5,994.92,5,4974.6,tarjeta,completada,2026-01-20 17:42:04,zona_c
VS-0004710,CLI-00637,PRD-0136,tienda_sur,8,103.8,0,830.4,efectivo,completada,2026-02-01 19:32:58,zona_b
VS-0004711,CLI-01905,PRD-0009,tienda_sur,8,42.18,10,337.44,yape,completada,2026-03-31 11:33:07,zona_a
VS-0004712,CLI-02726,PRD-0071,tienda_sur,7,56.86,20,398.02,yape,completada,2026-01-28 19:12:38,zona_d
VS-0004713,CLI-02029,PRD-0177,tienda_sur,5,906.25,15,4531.25,transferencia,completada,2026-01-26 08:24:32,zona_c
VS-0004714,CLI-00624,PRD-0107,tienda_sur,5,47.57,10,237.85,tarjeta,completada,2026-02-13 17:37:54,zona_c
VS-0004715,CLI-00796,PRD-0086,tienda_sur,1,16.72,5,16.72,yape,devuelta,2026-02-11 01:41:42,zona_b
VS-0004716,CLI-02967,PRD-0140,tienda_sur,2,111.94,5,223.88,efectivo,completada,2026-02-19 19:39:18,zona_d
VS-0004717,CLI-00204,PRD-0181,tienda_sur,5,101.01,5,505.05,yape,completada,2026-02-22 14:43:12,zona_d
VS-0004718,CLI-00587,PRD-0093,tienda_sur,7,901.82,0,6312.74,efectivo,completada,2026-02-08 10:30:48,zona_a
VS-0004719,CLI-01472,PRD-0192,tienda_sur,6,79.1,15,474.6,transferencia,completada,2026-01-25 03:22:42,zona_a
VS-0004720,CLI-02272,PRD-0033,tienda_sur,2,626.67,10,1253.34,tarjeta,completada,2026-01-02 20:02:27,zona_b
VS-0004721,CLI-02013,PRD-0163,tienda_sur,3,92.65,0,277.95,tarjeta,devuelta,2026-02-24 08:37:23,zona_d
VS-0004722,CLI-00932,PRD-0022,tienda_sur,8,64.46,0,515.68,yape,completada,2026-03-12 22:19:13,zona_b
VS-0004723,CLI-00683,PRD-0051,tienda_sur,3,312.04,5,936.12,yape,completada,2026-01-06 01:21:06,zona_a
VS-0004724,CLI-00930,PRD-0198,tienda_sur,4,359.6,0,1438.4,efectivo,completada,2026-03-01 02:07:51,zona_d
VS-0004725,CLI-01359,PRD-0023,tienda_sur,4,61.55,5,246.2,transferencia,completada,2026-03-20 22:21:54,zona_c
VS-0004726,CLI-01845,PRD-0117,tienda_sur,3,139.25,10,417.75,tarjeta,devuelta,2026-03-28 10:36:15,zona_d
VS-0004727,CLI-00591,PRD-0051,tienda_sur,5,279.19,15,1395.95,tarjeta,completada,2026-01-22 09:45:46,zona_d
VS-0004728,CLI-01356,PRD-0157,tienda_sur,4,269.24,0,1076.96,tarjeta,completada,2026-01-27 12:30:18,zona_a
VS-0004729,CLI-01892,PRD-0197,tienda_sur,6,46.5,0,279.0,efectivo,completada,2026-02-25 23:19:33,zona_a
VS-0004730,CLI-01154,PRD-0129,tienda_sur,7,99.95,0,699.65,efectivo,devuelta,2026-02-16 03:11:34,zona_c
VS-0004731,CLI-00846,PRD-0113,tienda_sur,5,163.22,0,816.1,yape,completada,2026-02-21 13:38:16,zona_c
VS-0004732,CLI-01657,PRD-0160,tienda_sur,5,46.94,0,234.7,yape,devuelta,2026-01-29 10:18:49,zona_a
VS-0004733,CLI-01013,PRD-0052,tienda_sur,5,371.76,5,1858.8,transferencia,devuelta,2026-03-04 02:53:53,zona_c
VS-0004734,CLI-00819,PRD-0166,tienda_sur,5,491.34,0,2456.7,yape,completada,2026-02-12 19:28:27,zona_d
VS-0004735,CLI-02050,PRD-0171,tienda_sur,3,27.64,10,82.92,efectivo,pendiente,2026-01-30 23:38:14,zona_d
VS-0004736,CLI-01676,PRD-0027,tienda_sur,5,30.66,0,153.3,tarjeta,completada,2026-02-09 09:05:25,zona_a
VS-0004737,CLI-00802,PRD-0065,tienda_sur,8,199.53,0,1596.24,tarjeta,completada,2026-01-25 05:34:20,zona_d
VS-0004738,CLI-00878,PRD-0111,tienda_sur,7,73.87,0,517.09,yape,completada,2026-01-02 12:40:22,zona_d
VS-0004739,CLI-02976,PRD-0031,tienda_sur,7,264.18,15,1849.26,yape,completada,2026-01-27 04:27:36,zona_b
VS-0004740,CLI-02725,PRD-0101,tienda_sur,4,959.42,15,3837.68,tarjeta,completada,2026-03-05 08:08:09,zona_a
VS-0004741,CLI-01007,PRD-0016,tienda_sur,8,190.21,5,1521.68,yape,completada,2026-03-21 05:11:45,zona_d
VS-0004742,CLI-00105,PRD-0145,tienda_sur,4,306.58,10,1226.32,tarjeta,completada,2026-03-18 08:57:54,zona_c
VS-0004743,CLI-01552,PRD-0088,tienda_sur,6,53.3,20,319.8,tarjeta,completada,2026-01-12 17:48:44,zona_c
VS-0004744,CLI-02510,PRD-0191,tienda_sur,4,173.53,0,694.12,yape,completada,2026-02-16 19:30:43,zona_a
VS-0004745,CLI-01032,PRD-0066,tienda_sur,1,614.32,25,614.32,transferencia,completada,2026-03-27 06:18:48,zona_a
VS-0004746,CLI-00968,PRD-0137,tienda_sur,6,131.59,0,789.54,tarjeta,completada,2026-03-04 06:29:57,zona_a
VS-0004747,CLI-02607,PRD-0025,tienda_sur,7,377.84,5,2644.88,tarjeta,completada,2026-02-27 20:06:54,zona_b
VS-0004748,CLI-00765,PRD-0100,tienda_sur,3,362.73,0,1088.19,efectivo,completada,2026-01-22 03:13:54,zona_d
VS-0004749,CLI-00968,PRD-0012,tienda_sur,5,154.12,0,770.6,tarjeta,completada,2026-03-21 06:51:58,zona_c
VS-0004750,CLI-02685,PRD-0121,tienda_sur,4,881.74,0,3526.96,efectivo,completada,2026-02-10 09:43:03,zona_b
VS-0004751,CLI-01222,PRD-0167,tienda_sur,5,159.02,0,795.1,tarjeta,devuelta,2026-01-05 07:37:03,zona_c
VS-0004752,CLI-00012,PRD-0034,tienda_sur,4,88.45,15,353.8,tarjeta,completada,2026-02-01 23:53:03,zona_a
VS-0004753,CLI-00981,PRD-0059,tienda_sur,7,138.64,5,970.48,yape,completada,2026-03-28 10:54:50,zona_d
VS-0004754,CLI-00595,PRD-0070,tienda_sur,6,482.91,5,2897.46,efectivo,completada,2026-01-28 17:10:37,zona_c
VS-0004755,CLI-00411,PRD-0071,tienda_sur,8,53.3,25,426.4,tarjeta,completada,2026-03-23 09:45:15,zona_b
VS-0004756,CLI-02994,PRD-0190,tienda_sur,2,213.27,10,426.54,yape,devuelta,2026-01-17 17:29:09,zona_a
VS-0004757,CLI-01179,PRD-0176,tienda_sur,4,67.53,5,270.12,yape,completada,2026-03-02 23:09:39,zona_d
VS-0004758,CLI-02776,PRD-0070,tienda_sur,1,508.33,0,508.33,tarjeta,completada,2026-03-11 23:10:23,zona_d
VS-0004759,CLI-02954,PRD-0078,tienda_sur,1,54.94,0,54.94,yape,completada,2026-02-06 17:41:47,zona_c
VS-0004760,CLI-01259,PRD-0072,tienda_sur,4,32.66,0,130.64,efectivo,completada,2026-03-03 03:46:57,zona_b
VS-0004761,CLI-01367,PRD-0161,tienda_sur,6,33.75,0,202.5,transferencia,completada,2026-03-15 15:17:35,zona_c
VS-0004762,CLI-01950,PRD-0053,tienda_sur,5,4.92,5,24.6,efectivo,completada,2026-03-19 00:00:37,zona_c
VS-0004763,CLI-02739,PRD-0095,tienda_sur,8,42.54,15,340.32,yape,completada,2026-03-19 04:47:05,zona_d
VS-0004764,CLI-02865,PRD-0166,tienda_sur,1,466.77,5,466.77,efectivo,completada,2026-01-07 18:21:10,zona_c
VS-0004765,CLI-02026,PRD-0082,tienda_sur,1,272.79,10,272.79,transferencia,completada,2026-03-16 08:53:20,zona_d
VS-0004766,CLI-00098,PRD-0114,tienda_sur,2,190.66,25,381.32,tarjeta,completada,2026-03-20 23:50:51,zona_b
VS-0004767,CLI-00976,PRD-0021,tienda_sur,6,18.21,0,109.26,transferencia,completada,2026-03-14 05:04:29,zona_c
VS-0004768,CLI-00396,PRD-0183,tienda_sur,8,43.44,5,347.52,yape,completada,2026-01-23 20:36:20,zona_d
VS-0004769,CLI-02346,PRD-0181,tienda_sur,1,101.01,5,101.01,yape,completada,2026-02-25 01:26:18,zona_c
VS-0004770,CLI-01033,PRD-0077,tienda_sur,7,59.81,0,418.67,tarjeta,completada,2026-03-17 04:04:04,zona_a
VS-0004771,CLI-01763,PRD-0032,tienda_sur,1,119.2,10,119.2,tarjeta,completada,2026-01-09 12:38:04,zona_c
VS-0004772,CLI-02637,PRD-0021,tienda_sur,8,16.39,10,131.12,transferencia,completada,2026-03-13 21:55:00,zona_a
VS-0004773,CLI-01091,PRD-0090,tienda_sur,3,11.41,5,34.23,yape,completada,2026-03-27 05:49:14,zona_a
VS-0004774,CLI-00555,PRD-0153,tienda_sur,5,1181.19,0,5905.95,efectivo,completada,2026-01-04 11:26:40,zona_c
VS-0004775,CLI-01933,PRD-0165,tienda_sur,3,913.18,0,2739.54,tarjeta,completada,2026-03-03 03:20:31,zona_b
VS-0004776,CLI-02635,PRD-0056,tienda_sur,4,213.16,10,852.64,transferencia,completada,2026-01-21 10:56:43,zona_c
VS-0004777,CLI-00293,PRD-0013,tienda_sur,2,460.77,0,921.54,tarjeta,completada,2026-03-06 08:01:04,zona_b
VS-0004778,CLI-00221,PRD-0004,tienda_sur,4,51.2,5,204.8,tarjeta,completada,2026-01-20 23:53:08,zona_a
VS-0004779,CLI-00079,PRD-0166,tienda_sur,8,491.34,0,3930.72,efectivo,completada,2026-02-16 01:32:08,zona_d
VS-0004780,CLI-01185,PRD-0143,tienda_sur,2,19.03,15,38.06,efectivo,completada,2026-02-02 01:34:46,zona_c
VS-0004781,CLI-00223,PRD-0006,tienda_sur,4,395.52,0,1582.08,tarjeta,completada,2026-02-17 01:11:27,zona_c
VS-0004782,CLI-00918,PRD-0065,tienda_sur,1,169.6,15,169.6,yape,completada,2026-03-11 18:37:58,zona_d
VS-0004783,CLI-00304,PRD-0177,tienda_sur,5,1012.87,5,5064.35,tarjeta,completada,2026-01-22 00:42:08,zona_a
VS-0004784,CLI-00676,PRD-0011,tienda_sur,6,67.83,10,406.98,tarjeta,completada,2026-01-27 13:25:47,zona_c
VS-0004785,CLI-00325,PRD-0143,tienda_sur,5,22.39,0,111.95,efectivo,completada,2026-01-09 08:26:28,zona_c
VS-0004786,CLI-01005,PRD-0027,tienda_sur,2,27.59,10,55.18,tarjeta,completada,2026-02-01 02:05:29,zona_d
VS-0004787,CLI-02229,PRD-0130,tienda_sur,4,395.01,0,1580.04,tarjeta,completada,2026-02-03 09:22:15,zona_a
VS-0004788,CLI-02277,PRD-0075,tienda_sur,4,61.33,10,245.32,efectivo,completada,2026-02-05 13:10:06,zona_c
VS-0004789,CLI-00678,PRD-0082,tienda_sur,1,303.1,0,303.1,tarjeta,completada,2026-03-14 16:36:15,zona_c
VS-0004790,CLI-02783,PRD-0087,tienda_sur,1,37.44,5,37.44,transferencia,completada,2026-02-15 02:50:15,zona_d
VS-0004791,CLI-02374,PRD-0055,tienda_sur,3,19.28,5,57.84,tarjeta,completada,2026-03-16 21:15:29,zona_b
VS-0004792,CLI-02540,PRD-0021,tienda_sur,1,16.39,10,16.39,tarjeta,completada,2026-01-05 06:39:34,zona_c
VS-0004793,CLI-02669,PRD-0047,tienda_sur,5,218.76,10,1093.8,efectivo,completada,2026-03-21 05:38:45,zona_a
VS-0004794,CLI-00199,PRD-0069,tienda_sur,4,49.71,10,198.84,efectivo,completada,2026-03-10 21:04:30,zona_c
VS-0004795,CLI-02396,PRD-0141,tienda_sur,5,135.3,5,676.5,yape,completada,2026-02-25 20:16:15,zona_c
VS-0004796,CLI-00449,PRD-0049,tienda_sur,4,994.92,5,3979.68,transferencia,completada,2026-02-07 23:25:38,zona_d
VS-0004797,CLI-01271,PRD-0191,tienda_sur,1,164.85,5,164.85,transferencia,completada,2026-01-16 01:16:30,zona_c
VS-0004798,CLI-00274,PRD-0074,tienda_sur,8,75.17,25,601.36,tarjeta,completada,2026-02-09 12:09:05,zona_a
VS-0004799,CLI-01647,PRD-0183,tienda_sur,5,45.73,0,228.65,tarjeta,completada,2026-02-01 20:31:06,zona_b
VS-0004800,CLI-00675,PRD-0049,tienda_sur,3,942.55,10,2827.65,transferencia,completada,2026-03-01 21:50:29,zona_c
VS-0004801,CLI-00693,PRD-0078,tienda_sur,6,52.19,5,313.14,tarjeta,completada,2026-02-15 18:00:28,zona_a
VS-0004802,CLI-01394,PRD-0089,tienda_sur,8,65.5,5,524.0,tarjeta,completada,2026-02-27 07:26:18,zona_d
VS-0004803,CLI-00941,PRD-0050,tienda_sur,2,8.5,25,17.0,efectivo,completada,2026-03-19 06:25:35,zona_c
VS-0004804,CLI-02839,PRD-0163,tienda_sur,7,92.65,0,648.55,efectivo,devuelta,2026-01-11 03:02:19,zona_d
VS-0004805,CLI-00870,PRD-0067,tienda_sur,6,101.45,0,608.7,transferencia,completada,2026-03-14 13:25:12,zona_c
VS-0004806,CLI-02869,PRD-0043,tienda_sur,7,22.93,5,160.51,yape,completada,2026-02-26 22:45:41,zona_a
VS-0004807,CLI-01633,PRD-0077,tienda_sur,4,50.84,15,203.36,transferencia,completada,2026-03-19 18:41:16,zona_c
VS-0004808,CLI-02472,PRD-0132,tienda_sur,1,658.28,0,658.28,yape,pendiente,2026-03-26 04:32:02,zona_b
VS-0004809,CLI-02736,PRD-0042,tienda_sur,4,76.12,0,304.48,yape,completada,2026-01-20 12:13:40,zona_c
VS-0004810,CLI-02941,PRD-0045,tienda_sur,5,37.15,0,185.75,efectivo,completada,2026-02-24 10:11:02,zona_b
VS-0004811,CLI-01957,PRD-0148,tienda_sur,7,154.04,0,1078.28,tarjeta,completada,2026-02-09 18:54:00,zona_b
VS-0004812,CLI-00523,PRD-0050,tienda_sur,8,10.2,10,81.6,tarjeta,completada,2026-02-08 19:53:28,zona_a
VS-0004813,CLI-02211,PRD-0081,tienda_sur,5,115.75,0,578.75,efectivo,completada,2026-02-18 01:19:53,zona_d
VS-0004814,CLI-00601,PRD-0163,tienda_sur,5,78.75,15,393.75,transferencia,completada,2026-01-18 19:36:38,zona_d
VS-0004815,CLI-02752,PRD-0160,tienda_sur,2,39.9,15,79.8,transferencia,devuelta,2026-03-05 03:57:29,zona_d
VS-0004816,CLI-02337,PRD-0179,tienda_sur,8,389.09,0,3112.72,tarjeta,completada,2026-01-17 08:06:04,zona_c
VS-0004817,CLI-01467,PRD-0190,tienda_sur,8,225.12,5,1800.96,yape,completada,2026-01-20 03:50:21,zona_d
VS-0004818,CLI-00496,PRD-0156,tienda_sur,2,89.98,5,179.96,yape,completada,2026-01-18 08:25:12,zona_b
VS-0004819,CLI-02391,PRD-0092,tienda_sur,4,929.8,20,3719.2,tarjeta,completada,2026-03-11 07:58:48,zona_a
VS-0004820,CLI-00038,PRD-0031,tienda_sur,7,279.72,10,1958.04,tarjeta,completada,2026-03-24 04:26:32,zona_c
VS-0004821,CLI-02774,PRD-0007,tienda_sur,4,19.86,0,79.44,tarjeta,completada,2026-02-08 07:48:55,zona_b
VS-0004822,CLI-01189,PRD-0079,tienda_sur,6,291.31,0,1747.86,tarjeta,completada,2026-02-19 16:19:27,zona_c
VS-0004823,CLI-02469,PRD-0179,tienda_sur,7,350.18,10,2451.26,yape,completada,2026-02-17 22:14:28,zona_a
VS-0004824,CLI-01802,PRD-0089,tienda_sur,1,68.95,0,68.95,tarjeta,completada,2026-01-10 12:52:36,zona_a
VS-0004825,CLI-00749,PRD-0200,tienda_sur,7,33.95,0,237.65,yape,completada,2026-02-28 06:22:13,zona_a
VS-0004826,CLI-01472,PRD-0152,tienda_sur,6,99.91,0,599.46,yape,completada,2026-02-09 09:21:52,zona_d
VS-0004827,CLI-02743,PRD-0109,tienda_sur,8,127.43,0,1019.44,yape,pendiente,2026-03-09 00:09:28,zona_c
VS-0004828,CLI-00862,PRD-0165,tienda_sur,1,913.18,0,913.18,efectivo,completada,2026-03-04 15:05:41,zona_b
VS-0004829,CLI-02144,PRD-0167,tienda_sur,5,135.17,15,675.85,yape,completada,2026-02-18 01:47:08,zona_a
VS-0004830,CLI-00579,PRD-0055,tienda_sur,5,19.28,5,96.4,transferencia,completada,2026-01-05 08:50:04,zona_d
VS-0004831,CLI-00968,PRD-0103,tienda_sur,4,356.84,5,1427.36,yape,completada,2026-03-20 07:24:47,zona_d
VS-0004832,CLI-00778,PRD-0034,tienda_sur,7,88.45,15,619.15,tarjeta,completada,2026-01-14 14:36:12,zona_a
VS-0004833,CLI-00297,PRD-0047,tienda_sur,5,243.07,0,1215.35,transferencia,completada,2026-03-02 11:01:22,zona_b
VS-0004834,CLI-02221,PRD-0193,tienda_sur,7,44.27,5,309.89,yape,completada,2026-03-13 16:11:35,zona_a
VS-0004835,CLI-02540,PRD-0144,tienda_sur,8,70.27,10,562.16,tarjeta,completada,2026-02-18 10:59:44,zona_a
VS-0004836,CLI-02881,PRD-0151,tienda_sur,3,153.64,0,460.92,yape,completada,2026-03-22 05:30:03,zona_d
VS-0004837,CLI-02867,PRD-0136,tienda_sur,8,98.61,5,788.88,efectivo,pendiente,2026-02-12 13:22:56,zona_d
VS-0004838,CLI-02677,PRD-0058,tienda_sur,4,157.98,10,631.92,yape,completada,2026-03-07 08:16:48,zona_b
VS-0004839,CLI-00090,PRD-0011,tienda_sur,6,71.6,5,429.6,yape,completada,2026-01-17 01:03:48,zona_b
VS-0004840,CLI-00356,PRD-0043,tienda_sur,4,22.93,5,91.72,tarjeta,completada,2026-03-27 04:55:12,zona_d
VS-0004841,CLI-02292,PRD-0083,tienda_sur,8,92.72,0,741.76,tarjeta,completada,2026-03-03 17:25:54,zona_b
VS-0004842,CLI-01131,PRD-0120,tienda_sur,6,276.01,5,1656.06,tarjeta,pendiente,2026-03-09 17:22:29,zona_d
VS-0004843,CLI-01777,PRD-0155,tienda_sur,4,138.1,0,552.4,tarjeta,completada,2026-01-22 15:25:27,zona_b
VS-0004844,CLI-00301,PRD-0096,tienda_sur,7,78.09,0,546.63,efectivo,completada,2026-01-19 03:57:36,zona_a
VS-0004845,CLI-01167,PRD-0135,tienda_sur,7,123.81,0,866.67,yape,completada,2026-03-23 19:33:12,zona_c
VS-0004846,CLI-00608,PRD-0136,tienda_sur,7,93.42,10,653.94,tarjeta,completada,2026-03-09 17:27:22,zona_c
VS-0004847,CLI-00062,PRD-0080,tienda_sur,1,142.71,0,142.71,yape,completada,2026-03-26 05:59:14,zona_d
VS-0004848,CLI-02060,PRD-0079,tienda_sur,7,291.31,0,2039.17,yape,completada,2026-01-12 20:05:52,zona_a
VS-0004849,CLI-01389,PRD-0140,tienda_sur,2,106.05,10,212.1,transferencia,completada,2026-03-17 02:08:08,zona_a
VS-0004850,CLI-02298,PRD-0070,tienda_sur,3,508.33,0,1524.99,yape,completada,2026-02-16 10:24:19,zona_c
VS-0004851,CLI-02364,PRD-0147,tienda_sur,3,44.96,10,134.88,transferencia,completada,2026-03-11 04:50:02,zona_b
VS-0004852,CLI-02357,PRD-0056,tienda_sur,7,213.16,10,1492.12,efectivo,completada,2026-01-08 19:27:41,zona_b
VS-0004853,CLI-02554,PRD-0150,tienda_sur,4,820.22,0,3280.88,tarjeta,completada,2026-03-27 13:55:56,zona_b
VS-0004854,CLI-01664,PRD-0004,tienda_sur,2,45.81,15,91.62,yape,pendiente,2026-02-19 20:42:13,zona_a
VS-0004855,CLI-02498,PRD-0079,tienda_sur,8,291.31,0,2330.48,yape,completada,2026-01-08 01:38:37,zona_b
VS-0004856,CLI-00182,PRD-0096,tienda_sur,7,70.28,10,491.96,tarjeta,devuelta,2026-01-28 03:13:09,zona_a
VS-0004857,CLI-01238,PRD-0022,tienda_sur,7,64.46,0,451.22,tarjeta,completada,2026-03-20 13:25:14,zona_c
VS-0004858,CLI-00674,PRD-0007,tienda_sur,2,16.88,15,33.76,efectivo,completada,2026-03-15 10:31:05,zona_a
VS-0004859,CLI-01643,PRD-0115,tienda_sur,2,1144.16,0,2288.32,transferencia,completada,2026-01-23 15:38:28,zona_c
VS-0004860,CLI-01527,PRD-0115,tienda_sur,3,1029.74,10,3089.22,efectivo,completada,2026-03-02 20:10:15,zona_a
VS-0004861,CLI-00833,PRD-0119,tienda_sur,7,170.18,0,1191.26,yape,completada,2026-01-19 19:40:47,zona_d
VS-0004862,CLI-02913,PRD-0042,tienda_sur,6,68.51,10,411.06,tarjeta,completada,2026-02-27 13:24:19,zona_c
VS-0004863,CLI-01569,PRD-0053,tienda_sur,2,5.18,0,10.36,efectivo,completada,2026-02-12 18:37:09,zona_c
VS-0004864,CLI-00414,PRD-0040,tienda_sur,1,171.54,0,171.54,tarjeta,completada,2026-03-20 20:29:31,zona_d
VS-0004865,CLI-00954,PRD-0088,tienda_sur,8,59.96,10,479.68,transferencia,completada,2026-03-12 19:58:58,zona_d
VS-0004866,CLI-02579,PRD-0058,tienda_sur,5,157.98,10,789.9,transferencia,completada,2026-02-23 22:24:28,zona_d
VS-0004867,CLI-01803,PRD-0150,tienda_sur,1,697.19,15,697.19,efectivo,completada,2026-01-26 21:31:54,zona_c
VS-0004868,CLI-02180,PRD-0032,tienda_sur,8,132.44,0,1059.52,yape,completada,2026-02-18 11:51:34,zona_a
VS-0004869,CLI-02246,PRD-0075,tienda_sur,3,64.73,5,194.19,efectivo,completada,2026-03-29 19:57:44,zona_b
VS-0004870,CLI-00053,PRD-0063,tienda_sur,2,205.14,5,410.28,efectivo,devuelta,2026-01-29 18:52:14,zona_a
VS-0004871,CLI-02768,PRD-0140,tienda_sur,7,117.83,0,824.81,tarjeta,completada,2026-03-15 06:31:20,zona_b
VS-0004872,CLI-00119,PRD-0134,tienda_sur,6,97.62,0,585.72,efectivo,completada,2026-01-23 19:37:15,zona_b
VS-0004873,CLI-01324,PRD-0010,tienda_sur,3,140.11,5,420.33,efectivo,completada,2026-03-25 20:52:35,zona_a
VS-0004874,CLI-01077,PRD-0023,tienda_sur,3,61.55,5,184.65,efectivo,completada,2026-03-28 07:19:50,zona_b
VS-0004875,CLI-00838,PRD-0117,tienda_sur,4,139.25,10,557.0,tarjeta,completada,2026-02-06 02:28:45,zona_b
VS-0004876,CLI-01891,PRD-0028,tienda_sur,2,6.39,25,12.78,efectivo,completada,2026-03-24 15:04:47,zona_c
VS-0004877,CLI-01154,PRD-0163,tienda_sur,5,78.75,15,393.75,yape,completada,2026-03-05 05:23:58,zona_a
VS-0004878,CLI-01463,PRD-0184,tienda_sur,8,149.4,0,1195.2,tarjeta,devuelta,2026-02-24 21:24:53,zona_d
VS-0004879,CLI-00866,PRD-0054,tienda_sur,3,93.72,5,281.16,yape,completada,2026-01-22 16:49:05,zona_b
VS-0004880,CLI-01056,PRD-0097,tienda_sur,3,143.46,15,430.38,tarjeta,completada,2026-01-09 06:13:42,zona_b
VS-0004881,CLI-01503,PRD-0181,tienda_sur,6,95.7,10,574.2,efectivo,completada,2026-01-01 02:34:42,zona_d
VS-0004882,CLI-00098,PRD-0080,tienda_sur,7,128.44,10,899.08,tarjeta,completada,2026-01-22 07:15:37,zona_d
VS-0004883,CLI-01945,PRD-0063,tienda_sur,7,183.55,15,1284.85,yape,completada,2026-02-17 01:01:52,zona_c
VS-0004884,CLI-01301,PRD-0060,tienda_sur,1,125.23,10,125.23,efectivo,completada,2026-01-09 20:09:48,zona_c
VS-0004885,CLI-00167,PRD-0035,tienda_sur,7,108.66,0,760.62,transferencia,completada,2026-01-03 23:39:49,zona_d
VS-0004886,CLI-00361,PRD-0037,tienda_sur,5,71.55,5,357.75,tarjeta,completada,2026-03-02 13:45:54,zona_c
VS-0004887,CLI-01298,PRD-0164,tienda_sur,7,339.59,0,2377.13,yape,completada,2026-02-10 09:20:33,zona_b
VS-0004888,CLI-00941,PRD-0136,tienda_sur,8,93.42,10,747.36,efectivo,completada,2026-02-25 10:15:39,zona_a
VS-0004889,CLI-00679,PRD-0127,tienda_sur,1,38.99,5,38.99,efectivo,completada,2026-02-06 13:58:22,zona_b
VS-0004890,CLI-02603,PRD-0123,tienda_sur,5,34.29,15,171.45,transferencia,completada,2026-02-19 23:29:24,zona_d
VS-0004891,CLI-00367,PRD-0193,tienda_sur,5,46.6,0,233.0,tarjeta,completada,2026-02-24 16:27:21,zona_b
VS-0004892,CLI-02842,PRD-0049,tienda_sur,2,942.55,10,1885.1,tarjeta,completada,2026-03-19 16:04:47,zona_c
VS-0004893,CLI-01685,PRD-0087,tienda_sur,5,39.41,0,197.05,tarjeta,completada,2026-02-10 00:49:59,zona_c
VS-0004894,CLI-01631,PRD-0025,tienda_sur,8,397.73,0,3181.84,yape,completada,2026-01-04 03:50:07,zona_c
VS-0004895,CLI-02201,PRD-0150,tienda_sur,4,820.22,0,3280.88,yape,completada,2026-02-08 21:58:33,zona_b
VS-0004896,CLI-00835,PRD-0150,tienda_sur,8,656.18,20,5249.44,yape,completada,2026-01-10 09:22:04,zona_b
VS-0004897,CLI-02688,PRD-0068,tienda_sur,2,124.99,25,249.98,efectivo,completada,2026-01-17 11:04:51,zona_c
VS-0004898,CLI-00266,PRD-0065,tienda_sur,7,199.53,0,1396.71,transferencia,completada,2026-01-30 20:16:57,zona_d
VS-0004899,CLI-01752,PRD-0167,tienda_sur,6,143.12,10,858.72,tarjeta,completada,2026-01-20 13:22:12,zona_c
VS-0004900,CLI-02892,PRD-0188,tienda_sur,6,94.84,10,569.04,yape,completada,2026-02-25 23:20:33,zona_d
VS-0004901,CLI-01980,PRD-0145,tienda_sur,8,272.51,20,2180.08,tarjeta,completada,2026-02-24 06:24:34,zona_d
VS-0004902,CLI-00646,PRD-0061,tienda_sur,7,728.71,15,5100.97,yape,devuelta,2026-03-07 11:21:30,zona_d
VS-0004903,CLI-00493,PRD-0008,tienda_sur,3,1051.93,5,3155.79,tarjeta,completada,2026-02-05 02:15:51,zona_d
VS-0004904,CLI-02403,PRD-0064,tienda_sur,6,50.82,10,304.92,yape,completada,2026-01-20 23:29:17,zona_c
VS-0004905,CLI-02066,PRD-0086,tienda_sur,7,15.84,10,110.88,tarjeta,completada,2026-03-16 09:14:26,zona_d
VS-0004906,CLI-02659,PRD-0084,tienda_sur,1,111.13,0,111.13,tarjeta,completada,2026-02-09 23:45:40,zona_d
VS-0004907,CLI-01374,PRD-0056,tienda_sur,4,236.84,0,947.36,tarjeta,completada,2026-03-01 20:00:55,zona_a
VS-0004908,CLI-00717,PRD-0073,tienda_sur,8,64.62,5,516.96,tarjeta,completada,2026-03-08 15:23:24,zona_b
VS-0004909,CLI-00297,PRD-0103,tienda_sur,3,375.62,0,1126.86,transferencia,completada,2026-02-22 17:07:42,zona_c
VS-0004910,CLI-02136,PRD-0077,tienda_sur,1,59.81,0,59.81,tarjeta,completada,2026-03-15 20:02:13,zona_a
VS-0004911,CLI-00955,PRD-0188,tienda_sur,7,105.38,0,737.66,tarjeta,completada,2026-01-30 10:08:45,zona_c
VS-0004912,CLI-02256,PRD-0075,tienda_sur,5,68.14,0,340.7,tarjeta,devuelta,2026-03-03 00:36:44,zona_b
VS-0004913,CLI-01012,PRD-0024,tienda_sur,3,135.72,0,407.16,transferencia,devuelta,2026-02-20 09:06:01,zona_b
VS-0004914,CLI-01675,PRD-0085,tienda_sur,1,117.15,0,117.15,yape,completada,2026-02-24 05:39:43,zona_b
VS-0004915,CLI-00753,PRD-0012,tienda_sur,8,154.12,0,1232.96,efectivo,completada,2026-03-10 17:10:27,zona_a
VS-0004916,CLI-02718,PRD-0139,tienda_sur,3,18.66,0,55.98,tarjeta,completada,2026-02-20 13:33:53,zona_a
VS-0004917,CLI-01049,PRD-0152,tienda_sur,8,89.92,10,719.36,tarjeta,completada,2026-02-07 15:12:03,zona_a
VS-0004918,CLI-00356,PRD-0049,tienda_sur,6,942.55,10,5655.3,efectivo,completada,2026-03-26 07:17:33,zona_a
VS-0004919,CLI-00166,PRD-0021,tienda_sur,3,15.48,15,46.44,efectivo,completada,2026-03-20 12:56:25,zona_b
VS-0004920,CLI-00357,PRD-0064,tienda_sur,5,45.18,20,225.9,yape,completada,2026-02-16 04:41:50,zona_d
VS-0004921,CLI-00302,PRD-0023,tienda_sur,5,61.55,5,307.75,tarjeta,completada,2026-01-31 02:59:48,zona_b
VS-0004922,CLI-00763,PRD-0049,tienda_sur,1,942.55,10,942.55,tarjeta,completada,2026-01-07 09:03:00,zona_b
VS-0004923,CLI-02693,PRD-0068,tienda_sur,6,158.32,5,949.92,efectivo,completada,2026-02-12 01:37:39,zona_d
VS-0004924,CLI-02991,PRD-0071,tienda_sur,7,67.52,5,472.64,transferencia,completada,2026-02-14 20:03:34,zona_c
VS-0004925,CLI-01975,PRD-0111,tienda_sur,1,73.87,0,73.87,yape,completada,2026-01-09 16:21:14,zona_c
VS-0004926,CLI-01679,PRD-0073,tienda_sur,5,64.62,5,323.1,tarjeta,completada,2026-03-07 06:12:11,zona_b
VS-0004927,CLI-00308,PRD-0107,tienda_sur,7,50.22,5,351.54,tarjeta,devuelta,2026-02-22 12:56:15,zona_c
VS-0004928,CLI-01674,PRD-0028,tienda_sur,4,8.52,0,34.08,yape,completada,2026-02-28 21:37:18,zona_a
VS-0004929,CLI-01979,PRD-0143,tienda_sur,2,20.15,10,40.3,tarjeta,completada,2026-03-13 13:28:22,zona_c
VS-0004930,CLI-00259,PRD-0064,tienda_sur,8,53.65,5,429.2,tarjeta,completada,2026-03-14 19:00:09,zona_a
VS-0004931,CLI-02239,PRD-0196,tienda_sur,5,41.23,0,206.15,tarjeta,completada,2026-03-12 17:46:04,zona_a
VS-0004932,CLI-02116,PRD-0098,tienda_sur,1,753.53,5,753.53,tarjeta,completada,2026-03-29 12:30:31,zona_d
VS-0004933,CLI-02363,PRD-0062,tienda_sur,1,114.8,10,114.8,efectivo,completada,2026-01-11 23:30:50,zona_d
VS-0004934,CLI-02881,PRD-0157,tienda_sur,8,269.24,0,2153.92,yape,completada,2026-01-21 10:25:41,zona_d
VS-0004935,CLI-02786,PRD-0121,tienda_sur,1,881.74,0,881.74,tarjeta,completada,2026-01-25 20:24:48,zona_d
VS-0004936,CLI-01493,PRD-0028,tienda_sur,4,8.09,5,32.36,efectivo,pendiente,2026-01-21 23:04:57,zona_d
VS-0004937,CLI-02577,PRD-0144,tienda_sur,1,70.27,10,70.27,tarjeta,completada,2026-02-05 20:50:15,zona_a
VS-0004938,CLI-01191,PRD-0158,tienda_sur,4,195.53,15,782.12,efectivo,completada,2026-01-21 16:35:01,zona_d
VS-0004939,CLI-02342,PRD-0131,tienda_sur,4,345.73,0,1382.92,transferencia,completada,2026-02-27 16:32:55,zona_c
VS-0004940,CLI-01103,PRD-0062,tienda_sur,5,114.8,10,574.0,tarjeta,completada,2026-03-30 19:05:09,zona_c
VS-0004941,CLI-00647,PRD-0075,tienda_sur,6,68.14,0,408.84,yape,completada,2026-01-28 07:25:54,zona_a
VS-0004942,CLI-01588,PRD-0146,tienda_sur,4,85.82,0,343.28,efectivo,completada,2026-01-31 23:27:20,zona_a
VS-0004943,CLI-02696,PRD-0115,tienda_sur,1,1086.95,5,1086.95,transferencia,completada,2026-03-03 14:23:59,zona_a
VS-0004944,CLI-00571,PRD-0180,tienda_sur,6,13.05,20,78.3,tarjeta,completada,2026-03-11 01:36:05,zona_a
VS-0004945,CLI-01209,PRD-0017,tienda_sur,5,739.99,0,3699.95,yape,completada,2026-03-31 18:05:51,zona_a
VS-0004946,CLI-01022,PRD-0149,tienda_sur,1,273.72,0,273.72,efectivo,completada,2026-02-01 05:39:39,zona_b
VS-0004947,CLI-02961,PRD-0040,tienda_sur,1,154.39,10,154.39,efectivo,completada,2026-02-18 21:11:14,zona_c
VS-0004948,CLI-02803,PRD-0081,tienda_sur,5,109.96,5,549.8,yape,completada,2026-01-12 13:19:04,zona_a
VS-0004949,CLI-02685,PRD-0058,tienda_sur,8,157.98,10,1263.84,yape,devuelta,2026-02-24 06:38:51,zona_c
VS-0004950,CLI-00001,PRD-0031,tienda_sur,2,310.8,0,621.6,tarjeta,completada,2026-01-18 08:16:32,zona_a
VS-0004951,CLI-01642,PRD-0175,tienda_sur,3,74.48,0,223.44,tarjeta,completada,2026-02-02 07:02:03,zona_c
VS-0004952,CLI-02032,PRD-0008,tienda_sur,4,1051.93,5,4207.72,tarjeta,completada,2026-01-19 09:10:57,zona_c
VS-0004953,CLI-01559,PRD-0194,tienda_sur,6,149.53,15,897.18,tarjeta,completada,2026-02-17 22:34:16,zona_b
VS-0004954,CLI-00545,PRD-0151,tienda_sur,3,130.59,15,391.77,tarjeta,completada,2026-03-20 13:42:13,zona_c
VS-0004955,CLI-01331,PRD-0163,tienda_sur,8,88.02,5,704.16,efectivo,completada,2026-02-12 22:30:20,zona_b
VS-0004956,CLI-00266,PRD-0193,tienda_sur,4,44.27,5,177.08,tarjeta,completada,2026-03-02 03:57:55,zona_d
VS-0004957,CLI-00420,PRD-0006,tienda_sur,5,375.74,5,1878.7,tarjeta,completada,2026-03-19 01:32:15,zona_d
VS-0004958,CLI-02005,PRD-0179,tienda_sur,7,389.09,0,2723.63,efectivo,completada,2026-03-11 20:15:04,zona_b
VS-0004959,CLI-02162,PRD-0042,tienda_sur,7,72.31,5,506.17,transferencia,completada,2026-03-09 05:55:10,zona_d
VS-0004960,CLI-00159,PRD-0004,tienda_sur,2,43.11,20,86.22,tarjeta,completada,2026-02-17 00:39:40,zona_a
VS-0004961,CLI-00904,PRD-0175,tienda_sur,2,74.48,0,148.96,transferencia,completada,2026-03-03 14:37:06,zona_c
VS-0004962,CLI-00760,PRD-0198,tienda_sur,2,269.7,25,539.4,tarjeta,completada,2026-02-21 08:11:30,zona_a
VS-0004963,CLI-01811,PRD-0099,tienda_sur,8,360.62,0,2884.96,yape,completada,2026-01-19 02:24:44,zona_c
VS-0004964,CLI-02338,PRD-0051,tienda_sur,6,328.46,0,1970.76,tarjeta,completada,2026-02-27 07:56:52,zona_a
VS-0004965,CLI-02033,PRD-0135,tienda_sur,6,111.43,10,668.58,yape,completada,2026-03-27 14:19:28,zona_b
VS-0004966,CLI-00086,PRD-0080,tienda_sur,2,135.57,5,271.14,tarjeta,completada,2026-01-05 03:44:32,zona_d
VS-0004967,CLI-01880,PRD-0156,tienda_sur,5,89.98,5,449.9,tarjeta,completada,2026-01-29 02:27:16,zona_a
VS-0004968,CLI-00170,PRD-0049,tienda_sur,3,1047.28,0,3141.84,tarjeta,completada,2026-01-20 07:54:52,zona_b
VS-0004969,CLI-01925,PRD-0055,tienda_sur,6,20.29,0,121.74,yape,completada,2026-03-31 03:05:38,zona_b
VS-0004970,CLI-02890,PRD-0115,tienda_sur,3,1086.95,5,3260.85,transferencia,completada,2026-01-03 11:14:33,zona_c
VS-0004971,CLI-02651,PRD-0103,tienda_sur,5,356.84,5,1784.2,yape,completada,2026-03-01 09:34:43,zona_a
VS-0004972,CLI-01178,PRD-0035,tienda_sur,8,108.66,0,869.28,yape,completada,2026-03-24 17:05:49,zona_d
VS-0004973,CLI-00306,PRD-0027,tienda_sur,4,27.59,10,110.36,yape,devuelta,2026-02-04 10:48:07,zona_c
VS-0004974,CLI-01340,PRD-0158,tienda_sur,2,184.03,20,368.06,tarjeta,completada,2026-01-13 04:34:00,zona_d
VS-0004975,CLI-00665,PRD-0006,tienda_sur,6,395.52,0,2373.12,efectivo,completada,2026-01-24 15:04:09,zona_a
VS-0004976,CLI-01696,PRD-0079,tienda_sur,1,262.18,10,262.18,efectivo,completada,2026-01-04 22:54:30,zona_b
VS-0004977,CLI-00114,PRD-0110,tienda_sur,2,208.82,0,417.64,tarjeta,completada,2026-01-18 08:14:20,zona_d
VS-0004978,CLI-00788,PRD-0069,tienda_sur,6,55.23,0,331.38,efectivo,completada,2026-01-18 20:53:15,zona_d
VS-0004979,CLI-00098,PRD-0117,tienda_sur,5,123.78,20,618.9,tarjeta,completada,2026-03-29 09:44:19,zona_d
VS-0004980,CLI-02911,PRD-0148,tienda_sur,3,138.64,10,415.92,yape,completada,2026-03-25 06:02:56,zona_c
VS-0004981,CLI-02369,PRD-0100,tienda_sur,8,326.46,10,2611.68,tarjeta,completada,2026-02-25 05:46:21,zona_c
VS-0004982,CLI-00867,PRD-0015,tienda_sur,1,57.34,0,57.34,tarjeta,completada,2026-01-19 14:40:21,zona_b
VS-0004983,CLI-02050,PRD-0160,tienda_sur,6,42.25,10,253.5,tarjeta,completada,2026-03-24 01:44:43,zona_c
VS-0004984,CLI-00775,PRD-0193,tienda_sur,3,44.27,5,132.81,tarjeta,completada,2026-03-11 21:11:27,zona_c
VS-0004985,CLI-00916,PRD-0117,tienda_sur,4,131.51,15,526.04,yape,completada,2026-01-19 09:13:52,zona_b
VS-0004986,CLI-00157,PRD-0127,tienda_sur,1,41.04,0,41.04,tarjeta,completada,2026-03-08 10:09:16,zona_b
VS-0004987,CLI-00917,PRD-0128,tienda_sur,6,48.08,5,288.48,tarjeta,completada,2026-03-28 03:31:41,zona_d
VS-0004988,CLI-02647,PRD-0001,tienda_sur,8,285.23,25,2281.84,tarjeta,completada,2026-03-25 08:33:37,zona_b
VS-0004989,CLI-02227,PRD-0043,tienda_sur,6,20.52,15,123.12,tarjeta,completada,2026-01-30 15:30:28,zona_b
VS-0004990,CLI-02628,PRD-0142,tienda_sur,2,115.21,5,230.42,yape,completada,2026-01-02 21:52:58,zona_a
VS-0004991,CLI-02151,PRD-0130,tienda_sur,5,335.76,15,1678.8,yape,completada,2026-03-26 14:41:37,zona_a
VS-0004992,CLI-01611,PRD-0131,tienda_sur,7,311.16,10,2178.12,yape,completada,2026-02-08 01:26:46,zona_c
VS-0004993,CLI-02116,PRD-0125,tienda_sur,6,313.28,0,1879.68,yape,completada,2026-02-05 23:57:56,zona_d
VS-0004994,CLI-01760,PRD-0181,tienda_sur,3,90.38,15,271.14,transferencia,completada,2026-03-24 02:33:40,zona_d
VS-0004995,CLI-01679,PRD-0080,tienda_sur,2,142.71,0,285.42,tarjeta,completada,2026-01-18 03:06:16,zona_d
VS-0004996,CLI-02543,PRD-0105,tienda_sur,1,66.78,15,66.78,tarjeta,completada,2026-02-17 19:21:07,zona_b
VS-0004997,CLI-02364,PRD-0153,tienda_sur,6,944.95,20,5669.7,efectivo,completada,2026-02-20 16:23:29,zona_a
VS-0004998,CLI-02302,PRD-0110,tienda_sur,3,208.82,0,626.46,efectivo,pendiente,2026-03-31 03:52:55,zona_a
VS-0004999,CLI-00943,PRD-0088,tienda_sur,3,63.29,5,189.87,transferencia,completada,2026-02-27 18:33:39,zona_a
VS-0005000,CLI-00176,PRD-0026,tienda_sur,6,1165.21,0,6991.26,yape,completada,2026-03-07 21:18:26,zona_d
