venta_id,cliente_id,producto_id,canal,cantidad,precio_unitario,descuento_pct,total_venta,metodo_pago,estado_venta,fecha_venta,zona_tienda
VN-0000001,CLI-01383,PRD-0047,tienda_norte,2,182.3,25,364.6,tarjeta,completada,2026-03-23 03:52:27,zona_a
VN-0000002,CLI-01790,PRD-0110,tienda_norte,7,198.38,5,1388.66,tarjeta,completada,2026-01-11 06:11:57,zona_b
VN-0000003,CLI-00991,PRD-0093,tienda_norte,4,901.82,0,3607.28,efectivo,completada,2026-01-24 13:20:21,zona_d
VN-0000004,CLI-01487,PRD-0026,tienda_norte,4,1106.95,5,4427.8,efectivo,completada,2026-01-15 15:05:25,zona_c
VN-0000005,CLI-00424,PRD-0116,tienda_norte,6,8.75,5,52.5,efectivo,completada,2026-01-12 15:46:03,zona_c
VN-0000006,CLI-02440,PRD-0007,tienda_norte,2,19.86,0,39.72,tarjeta,completada,2026-01-18 07:54:56,zona_b
VN-0000007,CLI-00579,PRD-0073,tienda_norte,1,68.02,0,68.02,tarjeta,completada,2026-03-28 04:22:56,zona_a
VN-0000008,CLI-00897,PRD-0166,tienda_norte,8,466.77,5,3734.16,efectivo,pendiente,2026-01-20 20:05:35,zona_a
VN-0000009,CLI-02205,PRD-0112,tienda_norte,8,230.62,20,1844.96,tarjeta,completada,2026-02-02 19:04:48,zona_b
VN-0000010,CLI-02785,PRD-0193,tienda_norte,8,41.94,10,335.52,transferencia,completada,2026-03-27 05:30:42,zona_c
VN-0000011,CLI-01393,PRD-0145,tienda_norte,8,340.64,0,2725.12,tarjeta,devuelta,2026-03-13 10:57:03,zona_d
VN-0000012,CLI-01465,PRD-0062,tienda_norte,8,121.18,5,969.44,yape,completada,2026-01-09 17:07:03,zona_a
VN-0000013,CLI-02428,PRD-0035,tienda_norte,1,97.79,10,97.79,efectivo,devuelta,2026-02-18 05:00:40,zona_b
VN-0000014,CLI-00815,PRD-0146,tienda_norte,8,85.82,0,686.56,yape,completada,2026-02-26 13:14:32,zona_d
VN-0000015,CLI-00174,PRD-0158,tienda_norte,7,218.54,5,1529.78,yape,completada,2026-03-29 12:15:09,zona_a
VN-0000016,CLI-02387,PRD-0157,tienda_norte,1,242.32,10,242.32,tarjeta,completada,2026-02-19 09:44:33,zona_c
VN-0000017,CLI-01620,PRD-0052,tienda_norte,1,332.63,15,332.63,transferencia,completada,2026-03-17 08:48:11,zona_a
VN-0000018,CLI-02695,PRD-0022,tienda_norte,8,64.46,0,515.68,transferencia,completada,2026-01-31 09:36:13,zona_a
VN-0000019,CLI-02484,PRD-0083,tienda_norte,8,78.81,15,630.48,yape,pendiente,2026-02-10 16:23:06,zona_b
VN-0000020,CLI-02605,PRD-0063,tienda_norte,2,205.14,5,410.28,tarjeta,completada,2026-02-28 07:44:46,zona_c
VN-0000021,CLI-02655,PRD-0039,tienda_norte,4,58.03,5,232.12,yape,devuelta,2026-01-24 12:01:08,zona_c
VN-0000022,CLI-00661,PRD-0088,tienda_norte,3,66.62,0,199.86,tarjeta,completada,2026-03-08 13:06:20,zona_c
VN-0000023,CLI-01459,PRD-0062,tienda_norte,8,108.43,15,867.44,transferencia,completada,2026-03-11 18:42:39,zona_b
VN-0000024,CLI-01241,PRD-0091,tienda_norte,5,39.85,20,199.25,yape,completada,2026-03-30 04:26:58,zona_c
VN-0000025,CLI-01428,PRD-0035,tienda_norte,5,103.23,5,516.15,tarjeta,pendiente,2026-02-15 18:42:44,zona_d
VN-0000026,CLI-00741,PRD-0088,tienda_norte,3,59.96,10,179.88,tarjeta,completada,2026-02-23 13:56:53,zona_c
VN-0000027,CLI-02670,PRD-0030,tienda_norte,5,246.84,0,1234.2,efectivo,completada,2026-02-08 03:44:46,zona_d
VN-0000028,CLI-00940,PRD-0058,tienda_norte,1,175.53,0,175.53,tarjeta,completada,2026-02-11 11:27:43,zona_b
VN-0000029,CLI-00197,PRD-0165,tienda_norte,1,867.52,5,867.52,tarjeta,devuelta,2026-02-09 21:02:05,zona_b
VN-0000030,CLI-01487,PRD-0023,tienda_norte,3,58.31,10,174.93,transferencia,devuelta,2026-01-15 18:02:19,zona_b
VN-0000031,CLI-01115,PRD-0052,tienda_norte,7,371.76,5,2602.32,efectivo,completada,2026-01-04 06:37:32,zona_b
VN-0000032,CLI-01249,PRD-0177,tienda_norte,1,1066.18,0,1066.18,tarjeta,completada,2026-01-20 07:10:42,zona_a
VN-0000033,CLI-00624,PRD-0019,tienda_norte,3,261.02,10,783.06,efectivo,completada,2026-02-08 20:29:46,zona_d
VN-0000034,CLI-01091,PRD-0027,tienda_norte,4,29.13,5,116.52,yape,completada,2026-01-02 00:11:23,zona_b
VN-0000035,CLI-01863,PRD-0096,tienda_norte,7,70.28,10,491.96,transferencia,completada,2026-03-17 13:46:49,zona_b
VN-0000036,CLI-00636,PRD-0004,tienda_norte,5,53.89,0,269.45,tarjeta,devuelta,2026-03-04 09:37:05,zona_b
VN-0000037,CLI-00805,PRD-0156,tienda_norte,3,85.25,10,255.75,yape,completada,2026-01-13 02:53:34,zona_b
VN-0000038,CLI-00315,PRD-0163,tienda_norte,2,88.02,5,176.04,tarjeta,devuelta,2026-02-19 07:08:38,zona_d
VN-0000039,CLI-01308,PRD-0020,tienda_norte,8,308.84,5,2470.72,yape,completada,2026-02-21 00:34:36,zona_a
VN-0000040,CLI-02415,PRD-0150,tienda_norte,1,820.22,0,820.22,efectivo,completada,2026-01-18 17:54:08,zona_a
VN-0000041,CLI-01108,PRD-0166,tienda_norte,6,491.34,0,2948.04,tarjeta,completada,2026-03-29 15:50:04,zona_b
VN-0000042,CLI-00139,PRD-0131,tienda_norte,1,311.16,10,311.16,efectivo,completada,2026-02-02 23:30:48,zona_d
VN-0000043,CLI-02582,PRD-0035,tienda_norte,7,97.79,10,684.53,tarjeta,completada,2026-02-21 19:21:01,zona_c
VN-0000044,CLI-02411,PRD-0100,tienda_norte,7,362.73,0,2539.11,tarjeta,completada,2026-02-21 13:50:54,zona_c
VN-0000045,CLI-01242,PRD-0143,tienda_norte,7,17.91,20,125.37,yape,completada,2026-03-06 01:41:17,zona_b
VN-0000046,CLI-01288,PRD-0161,tienda_norte,7,33.75,0,236.25,yape,completada,2026-03-12 08:53:13,zona_d
VN-0000047,CLI-01124,PRD-0162,tienda_norte,2,84.67,0,169.34,tarjeta,completada,2026-01-03 17:03:36,zona_d
VN-0000048,CLI-02570,PRD-0119,tienda_norte,3,136.14,20,408.42,tarjeta,pendiente,2026-02-27 08:19:44,zona_d
VN-0000049,CLI-01825,PRD-0129,tienda_norte,2,84.96,15,169.92,tarjeta,completada,2026-02-09 23:00:53,zona_d
VN-0000050,CLI-02250,PRD-0011,tienda_norte,1,64.06,15,64.06,tarjeta,completada,2026-03-12 18:07:30,zona_d
VN-0000051,CLI-00836,PRD-0180,tienda_norte,5,15.49,5,77.45,tarjeta,devuelta,2026-01-04 09:47:56,zona_a
VN-0000052,CLI-00560,PRD-0159,tienda_norte,3,1128.82,0,3386.46,tarjeta,completada,2026-02-20 01:10:42,zona_a
VN-0000053,CLI-01819,PRD-0160,tienda_norte,1,46.94,0,46.94,tarjeta,completada,2026-01-23 19:17:20,zona_a
VN-0000054,CLI-02276,PRD-0068,tienda_norte,7,149.99,10,1049.93,tarjeta,completada,2026-03-23 07:04:04,zona_d
VN-0000055,CLI-02348,PRD-0168,tienda_norte,5,227.12,25,1135.6,yape,completada,2026-02-25 03:47:37,zona_b
VN-0000056,CLI-01864,PRD-0157,tienda_norte,8,255.78,5,2046.24,yape,completada,2026-01-22 20:06:41,zona_b
VN-0000057,CLI-02417,PRD-0182,tienda_norte,4,104.56,10,418.24,tarjeta,pendiente,2026-02-01 17:46:41,zona_a
VN-0000058,CLI-02377,PRD-0068,tienda_norte,7,141.65,15,991.55,tarjeta,completada,2026-03-30 15:31:25,zona_b
VN-0000059,CLI-01927,PRD-0184,tienda_norte,5,119.52,20,597.6,tarjeta,completada,2026-03-15 01:51:18,zona_a
VN-0000060,CLI-00983,PRD-0175,tienda_norte,2,74.48,0,148.96,transferencia,completada,2026-01-15 04:28:51,zona_a
VN-0000061,CLI-01679,PRD-0024,tienda_norte,3,135.72,0,407.16,yape,devuelta,2026-01-14 02:26:34,zona_c
VN-0000062,CLI-02658,PRD-0169,tienda_norte,1,1010.95,5,1010.95,transferencia,completada,2026-03-27 13:18:45,zona_c
VN-0000063,CLI-02463,PRD-0021,tienda_norte,3,17.3,5,51.9,tarjeta,devuelta,2026-01-17 18:25:32,zona_c
VN-0000064,CLI-01422,PRD-0046,tienda_norte,3,362.76,0,1088.28,transferencia,devuelta,2026-01-12 23:50:30,zona_a
VN-0000065,CLI-01720,PRD-0012,tienda_norte,4,154.12,0,616.48,yape,completada,2026-01-14 07:43:49,zona_c
VN-0000066,CLI-00917,PRD-0113,tienda_norte,8,130.58,20,1044.64,tarjeta,completada,2026-02-27 00:01:50,zona_b
VN-0000067,CLI-00732,PRD-0172,tienda_norte,5,143.3,0,716.5,yape,completada,2026-03-31 01:48:00,zona_b
VN-0000068,CLI-01027,PRD-0151,tienda_norte,5,153.64,0,768.2,efectivo,completada,2026-01-16 08:26:19,zona_d
VN-0000069,CLI-02313,PRD-0140,tienda_norte,5,117.83,0,589.15,yape,completada,2026-03-26 18:40:50,zona_d
VN-0000070,CLI-01119,PRD-0199,tienda_norte,8,375.09,0,3000.72,tarjeta,completada,2026-01-14 04:51:50,zona_a
VN-0000071,CLI-01668,PRD-0197,tienda_norte,3,39.52,15,118.56,yape,devuelta,2026-03-03 02:44:22,zona_d
VN-0000072,CLI-00525,PRD-0172,tienda_norte,6,136.13,5,816.78,tarjeta,completada,2026-03-10 17:46:02,zona_d
VN-0000073,CLI-00851,PRD-0113,tienda_norte,4,122.41,25,489.64,yape,completada,2026-02-11 03:32:59,zona_d
VN-0000074,CLI-00287,PRD-0169,tienda_norte,1,904.54,15,904.54,tarjeta,completada,2026-03-01 02:09:53,zona_d
VN-0000075,CLI-02324,PRD-0153,tienda_norte,4,1181.19,0,4724.76,tarjeta,completada,2026-03-26 20:22:47,zona_a
VN-0000076,CLI-00584,PRD-0116,tienda_norte,5,8.29,10,41.45,tarjeta,completada,2026-03-05 20:14:31,zona_c
VN-0000077,CLI-02917,PRD-0061,tienda_norte,8,771.58,10,6172.64,yape,completada,2026-03-06 16:53:26,zona_b
VN-0000078,CLI-01608,PRD-0032,tienda_norte,8,125.82,5,1006.56,yape,completada,2026-03-01 16:25:01,zona_d
VN-0000079,CLI-00039,PRD-0143,tienda_norte,2,22.39,0,44.78,tarjeta,completada,2026-02-28 21:33:42,zona_a
VN-0000080,CLI-00774,PRD-0060,tienda_norte,7,139.14,0,973.98,yape,devuelta,2026-03-05 11:21:39,zona_a
VN-0000081,CLI-01639,PRD-0007,tienda_norte,2,15.89,20,31.78,tarjeta,completada,2026-01-27 11:09:56,zona_c
VN-0000082,CLI-01312,PRD-0087,tienda_norte,6,35.47,10,212.82,efectivo,devuelta,2026-03-16 03:36:25,zona_a
VN-0000083,CLI-00821,PRD-0192,tienda_norte,5,93.06,0,465.3,tarjeta,completada,2026-01-01 08:43:19,zona_d
VN-0000084,CLI-01159,PRD-0023,tienda_norte,2,61.55,5,123.1,efectivo,completada,2026-03-19 22:47:55,zona_a
VN-0000085,CLI-02487,PRD-0130,tienda_norte,7,395.01,0,2765.07,efectivo,completada,2026-03-30 14:26:23,zona_b
VN-0000086,CLI-01530,PRD-0192,tienda_norte,8,83.75,10,670.0,yape,completada,2026-01-12 20:57:02,zona_b
VN-0000087,CLI-02631,PRD-0197,tienda_norte,8,39.52,15,316.16,yape,devuelta,2026-01-29 12:28:51,zona_b
VN-0000088,CLI-01109,PRD-0068,tienda_norte,3,166.65,0,499.95,tarjeta,completada,2026-02-11 12:59:56,zona_b
VN-0000089,CLI-00613,PRD-0047,tienda_norte,4,206.61,15,826.44,tarjeta,completada,2026-03-20 03:45:36,zona_c
VN-0000090,CLI-00597,PRD-0135,tienda_norte,6,117.62,5,705.72,tarjeta,completada,2026-03-24 08:26:04,zona_b
VN-0000091,CLI-02647,PRD-0026,tienda_norte,6,1106.95,5,6641.7,tarjeta,completada,2026-03-01 20:53:38,zona_c
VN-0000092,CLI-02483,PRD-0051,tienda_norte,3,328.46,0,985.38,efectivo,completada,2026-01-22 15:31:19,zona_c
VN-0000093,CLI-01746,PRD-0115,tienda_norte,7,915.33,20,6407.31,efectivo,completada,2026-01-20 11:50:11,zona_b
VN-0000094,CLI-02048,PRD-0069,tienda_norte,3,55.23,0,165.69,transferencia,completada,2026-02-06 12:09:50,zona_a
VN-0000095,CLI-01863,PRD-0108,tienda_norte,2,139.33,0,278.66,tarjeta,completada,2026-03-29 09:50:48,zona_d
VN-0000096,CLI-00337,PRD-0051,tienda_norte,6,295.61,10,1773.66,yape,completada,2026-03-27 23:28:29,zona_a
VN-0000097,CLI-02321,PRD-0043,tienda_norte,1,22.93,5,22.93,yape,completada,2026-02-07 06:11:36,zona_b
VN-0000098,CLI-02878,PRD-0162,tienda_norte,5,80.44,5,402.2,transferencia,completada,2026-01-30 03:34:51,zona_a
VN-0000099,CLI-00346,PRD-0044,tienda_norte,3,90.07,15,270.21,yape,completada,2026-03-08 06:07:53,zona_c
VN-0000100,CLI-00608,PRD-0178,tienda_norte,4,74.46,15,297.84,yape,completada,2026-03-19 08:59:28,zona_c
VN-0000101,CLI-00370,PRD-0046,tienda_norte,3,326.48,10,979.44,yape,completada,2026-01-19 16:21:47,zona_b
VN-0000102,CLI-01598,PRD-0084,tienda_norte,6,94.46,15,566.76,efectivo,completada,2026-01-02 11:01:49,zona_a
VN-0000103,CLI-01936,PRD-0048,tienda_norte,2,307.21,0,614.42,tarjeta,completada,2026-01-06 03:18:26,zona_d
VN-0000104,CLI-00946,PRD-0174,tienda_norte,7,316.77,0,2217.39,transferencia,completada,2026-03-27 02:23:57,zona_c
VN-0000105,CLI-01195,PRD-0174,tienda_norte,6,300.93,5,1805.58,yape,completada,2026-02-23 12:11:16,zona_b
VN-0000106,CLI-02460,PRD-0008,tienda_norte,2,1107.3,0,2214.6,tarjeta,completada,2026-01-20 19:06:37,zona_b
VN-0000107,CLI-02077,PRD-0171,tienda_norte,5,26.1,15,130.5,tarjeta,completada,2026-02-12 19:40:32,zona_a
VN-0000108,CLI-00698,PRD-0003,tienda_norte,2,176.5,0,353.0,transferencia,completada,2026-02-15 21:12:09,zona_a
VN-0000109,CLI-00431,PRD-0142,tienda_norte,1,109.14,10,109.14,yape,completada,2026-01-14 19:44:34,zona_b
VN-0000110,CLI-00626,PRD-0170,tienda_norte,1,89.41,20,89.41,yape,completada,2026-03-28 04:37:53,zona_d
VN-0000111,CLI-01053,PRD-0028,tienda_norte,8,8.52,0,68.16,yape,completada,2026-01-13 12:07:13,zona_c
VN-0000112,CLI-02664,PRD-0045,tienda_norte,7,35.29,5,247.03,tarjeta,completada,2026-01-31 11:12:03,zona_a
VN-0000113,CLI-01022,PRD-0188,tienda_norte,6,100.11,5,600.66,yape,completada,2026-02-25 03:54:58,zona_b
VN-0000114,CLI-02905,PRD-0122,tienda_norte,3,224.56,10,673.68,tarjeta,completada,2026-03-07 09:06:13,zona_b
VN-0000115,CLI-00561,PRD-0107,tienda_norte,5,52.86,0,264.3,transferencia,completada,2026-02-25 13:43:09,zona_b
VN-0000116,CLI-00180,PRD-0194,tienda_norte,8,140.74,20,1125.92,yape,completada,2026-01-25 11:38:15,zona_d
VN-0000117,CLI-02234,PRD-0023,tienda_norte,8,61.55,5,492.4,efectivo,completada,2026-03-04 21:42:27,zona_c
VN-0000118,CLI-02602,PRD-0074,tienda_norte,7,100.23,0,701.61,tarjeta,completada,2026-02-26 06:19:07,zona_d
VN-0000119,CLI-00759,PRD-0101,tienda_norte,5,1128.73,0,5643.65,efectivo,completada,2026-03-28 22:40:50,zona_c
VN-0000120,CLI-02772,PRD-0111,tienda_norte,6,73.87,0,443.22,transferencia,completada,2026-01-17 16:34:29,zona_c
VN-0000121,CLI-02368,PRD-0104,tienda_norte,4,195.93,0,783.72,tarjeta,completada,2026-01-20 06:22:22,zona_c
VN-0000122,CLI-01013,PRD-0072,tienda_norte,7,27.76,15,194.32,tarjeta,pendiente,2026-02-14 21:39:28,zona_d
VN-0000123,CLI-00822,PRD-0110,tienda_norte,1,208.82,0,208.82,yape,completada,2026-02-06 18:27:55,zona_d
VN-0000124,CLI-02695,PRD-0012,tienda_norte,7,146.41,5,1024.87,tarjeta,completada,2026-03-12 05:23:51,zona_c
VN-0000125,CLI-01487,PRD-0019,tienda_norte,6,261.02,10,1566.12,transferencia,completada,2026-03-22 05:53:33,zona_d
VN-0000126,CLI-02890,PRD-0083,tienda_norte,6,92.72,0,556.32,tarjeta,devuelta,2026-01-30 19:08:57,zona_d
VN-0000127,CLI-00273,PRD-0160,tienda_norte,8,46.94,0,375.52,tarjeta,completada,2026-01-04 02:56:57,zona_b
VN-0000128,CLI-00392,PRD-0187,tienda_norte,2,24.78,5,49.56,tarjeta,devuelta,2026-01-22 08:50:37,zona_c
VN-0000129,CLI-02924,PRD-0014,tienda_norte,6,315.58,0,1893.48,yape,completada,2026-03-24 08:16:59,zona_a
VN-0000130,CLI-00228,PRD-0076,tienda_norte,4,135.89,0,543.56,yape,completada,2026-02-07 21:22:17,zona_a
VN-0000131,CLI-00463,PRD-0175,tienda_norte,5,74.48,0,372.4,transferencia,completada,2026-01-29 22:35:27,zona_a
VN-0000132,CLI-01018,PRD-0169,tienda_norte,6,1010.95,5,6065.7,tarjeta,devuelta,2026-03-08 02:37:45,zona_c
VN-0000133,CLI-02727,PRD-0152,tienda_norte,8,99.91,0,799.28,tarjeta,completada,2026-02-03 00:37:21,zona_c
VN-0000134,CLI-02884,PRD-0191,tienda_norte,3,173.53,0,520.59,yape,completada,2026-03-21 15:58:49,zona_c
VN-0000135,CLI-01476,PRD-0041,tienda_norte,1,162.44,5,162.44,transferencia,completada,2026-03-01 11:53:54,zona_c
VN-0000136,CLI-02222,PRD-0060,tienda_norte,2,125.23,10,250.46,tarjeta,completada,2026-03-04 15:56:42,zona_b
VN-0000137,CLI-01252,PRD-0057,tienda_norte,1,358.8,10,358.8,efectivo,completada,2026-01-19 11:11:08,zona_a
VN-0000138,CLI-02608,PRD-0052,tienda_norte,1,371.76,5,371.76,efectivo,completada,2026-01-29 22:21:18,zona_a
VN-0000139,CLI-00020,PRD-0039,tienda_norte,6,61.08,0,366.48,tarjeta,completada,2026-03-13 02:50:17,zona_a
VN-0000140,CLI-01439,PRD-0036,tienda_norte,7,38.79,10,271.53,efectivo,completada,2026-03-05 00:51:37,zona_d
VN-0000141,CLI-00197,PRD-0091,tienda_norte,7,39.85,20,278.95,tarjeta,completada,2026-01-25 10:07:05,zona_c
VN-0000142,CLI-01547,PRD-0054,tienda_norte,8,98.65,0,789.2,tarjeta,completada,2026-03-30 10:13:03,zona_d
VN-0000143,CLI-01010,PRD-0090,tienda_norte,6,10.81,10,64.86,efectivo,completada,2026-03-30 14:17:26,zona_c
VN-0000144,CLI-00192,PRD-0115,tienda_norte,3,1086.95,5,3260.85,yape,devuelta,2026-01-11 03:40:09,zona_a
VN-0000145,CLI-02128,PRD-0051,tienda_norte,7,295.61,10,2069.27,yape,completada,2026-01-09 07:42:42,zona_b
VN-0000146,CLI-02474,PRD-0035,tienda_norte,7,86.93,20,608.51,yape,completada,2026-02-17 16:55:54,zona_c
VN-0000147,CLI-01090,PRD-0002,tienda_norte,2,35.98,0,71.96,yape,completada,2026-01-21 20:40:54,zona_b
VN-0000148,CLI-01050,PRD-0166,tienda_norte,6,491.34,0,2948.04,tarjeta,completada,2026-02-12 04:58:41,zona_d
VN-0000149,CLI-01067,PRD-0092,tienda_norte,5,1046.03,10,5230.15,tarjeta,completada,2026-03-02 21:25:54,zona_d
VN-0000150,CLI-01954,PRD-0001,tienda_norte,7,342.28,10,2395.96,tarjeta,completada,2026-02-09 23:36:20,zona_d
VN-0000151,CLI-02846,PRD-0070,tienda_norte,7,457.5,10,3202.5,efectivo,completada,2026-03-30 13:46:45,zona_b
VN-0000152,CLI-00116,PRD-0116,tienda_norte,3,8.29,10,24.87,tarjeta,completada,2026-01-20 17:05:19,zona_b
VN-0000153,CLI-00045,PRD-0070,tienda_norte,7,508.33,0,3558.31,efectivo,completada,2026-01-21 11:29:12,zona_d
VN-0000154,CLI-00249,PRD-0020,tienda_norte,7,260.07,20,1820.49,transferencia,completada,2026-02-05 07:40:24,zona_d
VN-0000155,CLI-00568,PRD-0081,tienda_norte,6,98.39,15,590.34,yape,completada,2026-01-11 22:39:14,zona_c
VN-0000156,CLI-01362,PRD-0087,tienda_norte,5,37.44,5,187.2,transferencia,completada,2026-03-17 02:28:28,zona_b
VN-0000157,CLI-02736,PRD-0132,tienda_norte,5,658.28,0,3291.4,yape,completada,2026-03-16 03:37:13,zona_b
VN-0000158,CLI-02285,PRD-0185,tienda_norte,1,160.88,10,160.88,tarjeta,completada,2026-02-22 17:05:58,zona_a
VN-0000159,CLI-01388,PRD-0119,tienda_norte,3,170.18,0,510.54,yape,devuelta,2026-01-28 18:18:44,zona_a
VN-0000160,CLI-02704,PRD-0095,tienda_norte,5,45.05,10,225.25,efectivo,completada,2026-03-13 07:46:28,zona_d
VN-0000161,CLI-01494,PRD-0020,tienda_norte,5,243.82,25,1219.1,yape,completada,2026-01-19 04:31:16,zona_d
VN-0000162,CLI-01042,PRD-0178,tienda_norte,3,87.6,0,262.8,tarjeta,completada,2026-03-03 21:09:05,zona_b
VN-0000163,CLI-02676,PRD-0160,tienda_norte,4,46.94,0,187.76,transferencia,completada,2026-02-26 08:46:29,zona_c
VN-0000164,CLI-01017,PRD-0055,tienda_norte,4,20.29,0,81.16,yape,completada,2026-01-08 14:17:57,zona_b
VN-0000165,CLI-02190,PRD-0079,tienda_norte,6,262.18,10,1573.08,efectivo,completada,2026-01-12 22:40:52,zona_c
VN-0000166,CLI-02360,PRD-0142,tienda_norte,8,97.02,20,776.16,transferencia,completada,2026-01-07 19:28:11,zona_b
VN-0000167,CLI-02717,PRD-0108,tienda_norte,6,111.46,20,668.76,yape,completada,2026-01-12 15:14:08,zona_a
VN-0000168,CLI-02829,PRD-0011,tienda_norte,8,71.6,5,572.8,transferencia,completada,2026-01-20 22:47:20,zona_a
VN-0000169,CLI-00360,PRD-0080,tienda_norte,5,135.57,5,677.85,transferencia,completada,2026-03-31 13:01:50,zona_b
VN-0000170,CLI-00547,PRD-0017,tienda_norte,5,739.99,0,3699.95,tarjeta,completada,2026-02-04 13:14:50,zona_b
VN-0000171,CLI-01812,PRD-0170,tienda_norte,3,95.0,15,285.0,yape,completada,2026-01-30 15:17:09,zona_a
VN-0000172,CLI-00313,PRD-0109,tienda_norte,3,127.43,0,382.29,yape,completada,2026-03-21 14:15:34,zona_c
VN-0000173,CLI-01342,PRD-0142,tienda_norte,6,121.27,0,727.62,tarjeta,completada,2026-03-16 09:08:37,zona_c
VN-0000174,CLI-02147,PRD-0158,tienda_norte,5,230.04,0,1150.2,tarjeta,completada,2026-03-06 10:23:42,zona_a
VN-0000175,CLI-01969,PRD-0114,tienda_norte,6,228.8,10,1372.8,yape,completada,2026-02-13 04:27:36,zona_d
VN-0000176,CLI-01183,PRD-0063,tienda_norte,2,215.94,0,431.88,tarjeta,completada,2026-01-16 17:05:33,zona_a
VN-0000177,CLI-02977,PRD-0180,tienda_norte,3,13.86,15,41.58,transferencia,completada,2026-01-10 15:40:36,zona_c
VN-0000178,CLI-00829,PRD-0151,tienda_norte,3,138.28,10,414.84,efectivo,completada,2026-03-06 19:20:46,zona_a
VN-0000179,CLI-00218,PRD-0178,tienda_norte,8,87.6,0,700.8,yape,completada,2026-01-04 03:47:48,zona_c
VN-0000180,CLI-01213,PRD-0150,tienda_norte,2,738.2,10,1476.4,yape,completada,2026-03-24 19:45:03,zona_d
VN-0000181,CLI-02431,PRD-0159,tienda_norte,8,1072.38,5,8579.04,yape,completada,2026-01-18 14:42:08,zona_b
VN-0000182,CLI-00955,PRD-0028,tienda_norte,5,8.52,0,42.6,efectivo,completada,2026-03-28 14:54:31,zona_d
VN-0000183,CLI-02701,PRD-0042,tienda_norte,1,76.12,0,76.12,efectivo,completada,2026-02-13 11:04:05,zona_d
VN-0000184,CLI-02155,PRD-0005,tienda_norte,4,180.66,15,722.64,efectivo,devuelta,2026-02-15 07:17:23,zona_a
VN-0000185,CLI-01941,PRD-0127,tienda_norte,1,41.04,0,41.04,tarjeta,completada,2026-01-16 05:47:42,zona_d
VN-0000186,CLI-01490,PRD-0029,tienda_norte,8,100.57,0,804.56,efectivo,completada,2026-03-02 09:50:33,zona_b
VN-0000187,CLI-02888,PRD-0181,tienda_norte,7,106.33,0,744.31,yape,completada,2026-02-28 21:27:39,zona_d
VN-0000188,CLI-02225,PRD-0147,tienda_norte,5,37.47,25,187.35,tarjeta,completada,2026-02-06 17:29:30,zona_d
VN-0000189,CLI-00764,PRD-0001,tienda_norte,6,380.31,0,2281.86,efectivo,completada,2026-03-05 02:15:53,zona_b
VN-0000190,CLI-02237,PRD-0179,tienda_norte,5,389.09,0,1945.45,tarjeta,completada,2026-02-13 07:16:35,zona_b
VN-0000191,CLI-02374,PRD-0145,tienda_norte,6,255.48,25,1532.88,tarjeta,devuelta,2026-02-15 16:18:36,zona_a
VN-0000192,CLI-00863,PRD-0156,tienda_norte,1,89.98,5,89.98,yape,completada,2026-03-28 11:09:02,zona_c
VN-0000193,CLI-00092,PRD-0019,tienda_norte,8,290.02,0,2320.16,efectivo,completada,2026-01-23 01:55:58,zona_d
VN-0000194,CLI-00491,PRD-0126,tienda_norte,8,991.07,5,7928.56,transferencia,completada,2026-02-03 20:20:05,zona_b
VN-0000195,CLI-00422,PRD-0008,tienda_norte,6,1107.3,0,6643.8,yape,pendiente,2026-02-23 14:26:12,zona_a
VN-0000196,CLI-02120,PRD-0121,tienda_norte,2,837.65,5,1675.3,tarjeta,pendiente,2026-01-30 14:32:57,zona_b
VN-0000197,CLI-02735,PRD-0110,tienda_norte,6,198.38,5,1190.28,tarjeta,completada,2026-03-05 12:16:11,zona_c
VN-0000198,CLI-02370,PRD-0051,tienda_norte,3,328.46,0,985.38,efectivo,completada,2026-01-11 20:47:37,zona_b
VN-0000199,CLI-00314,PRD-0091,tienda_norte,7,44.83,10,313.81,tarjeta,completada,2026-02-10 07:21:10,zona_d
VN-0000200,CLI-02020,PRD-0138,tienda_norte,2,146.2,0,292.4,tarjeta,completada,2026-02-02 17:14:30,zona_d
VN-0000201,CLI-00564,PRD-0004,tienda_norte,3,40.42,25,121.26,yape,completada,2026-02-08 11:43:36,zona_d
VN-0000202,CLI-02851,PRD-0036,tienda_norte,3,43.1,0,129.3,tarjeta,completada,2026-01-31 18:58:02,zona_b
VN-0000203,CLI-00524,PRD-0161,tienda_norte,1,33.75,0,33.75,yape,completada,2026-01-06 21:58:55,zona_d
VN-0000204,CLI-02728,PRD-0106,tienda_norte,5,233.66,0,1168.3,efectivo,completada,2026-02-02 10:29:31,zona_a
VN-0000205,CLI-00977,PRD-0110,tienda_norte,5,208.82,0,1044.1,efectivo,completada,2026-02-12 21:09:40,zona_c
VN-0000206,CLI-02698,PRD-0035,tienda_norte,8,108.66,0,869.28,efectivo,completada,2026-03-16 21:34:22,zona_c
VN-0000207,CLI-01584,PRD-0156,tienda_norte,8,85.25,10,682.0,tarjeta,completada,2026-01-12 11:36:27,zona_a
VN-0000208,CLI-02251,PRD-0161,tienda_norte,6,33.75,0,202.5,yape,completada,2026-01-01 18:48:39,zona_d
VN-0000209,CLI-02600,PRD-0089,tienda_norte,1,62.06,10,62.06,transferencia,completada,2026-01-16 08:12:05,zona_c
VN-0000210,CLI-02988,PRD-0145,tienda_norte,2,340.64,0,681.28,tarjeta,devuelta,2026-02-28 10:08:54,zona_c
VN-0000211,CLI-00816,PRD-0045,tienda_norte,6,29.72,20,178.32,transferencia,completada,2026-03-21 09:34:50,zona_a
VN-0000212,CLI-02724,PRD-0189,tienda_norte,2,169.82,5,339.64,tarjeta,completada,2026-03-16 08:05:26,zona_b
VN-0000213,CLI-00787,PRD-0156,tienda_norte,1,94.72,0,94.72,tarjeta,devuelta,2026-02-01 16:08:19,zona_c
VN-0000214,CLI-01531,PRD-0190,tienda_norte,3,236.97,0,710.91,tarjeta,completada,2026-02-26 11:29:46,zona_b
VN-0000215,CLI-00710,PRD-0170,tienda_norte,6,111.76,0,670.56,tarjeta,completada,2026-01-02 17:15:25,zona_d
VN-0000216,CLI-02117,PRD-0163,tienda_norte,7,78.75,15,551.25,transferencia,completada,2026-02-13 03:39:01,zona_c
VN-0000217,CLI-01890,PRD-0200,tienda_norte,7,30.56,10,213.92,tarjeta,completada,2026-01-30 15:41:55,zona_c
VN-0000218,CLI-02387,PRD-0045,tienda_norte,2,37.15,0,74.3,transferencia,completada,2026-01-03 23:22:23,zona_b
VN-0000219,CLI-01840,PRD-0103,tienda_norte,3,338.06,10,1014.18,efectivo,completada,2026-02-22 11:41:41,zona_a
VN-0000220,CLI-02752,PRD-0198,tienda_norte,8,341.62,5,2732.96,efectivo,pendiente,2026-01-24 16:44:43,zona_a
VN-0000221,CLI-02790,PRD-0074,tienda_norte,2,95.22,5,190.44,efectivo,completada,2026-02-02 17:49:55,zona_a
VN-0000222,CLI-01264,PRD-0053,tienda_norte,5,5.18,0,25.9,tarjeta,devuelta,2026-02-12 23:33:45,zona_c
VN-0000223,CLI-02675,PRD-0086,tienda_norte,4,15.84,10,63.36,tarjeta,completada,2026-02-03 11:01:20,zona_c
VN-0000224,CLI-00041,PRD-0081,tienda_norte,4,86.81,25,347.24,yape,devuelta,2026-02-22 17:00:41,zona_d
VN-0000225,CLI-00060,PRD-0086,tienda_norte,2,16.72,5,33.44,yape,devuelta,2026-03-31 10:33:07,zona_d
VN-0000226,CLI-01488,PRD-0040,tienda_norte,7,162.96,5,1140.72,yape,devuelta,2026-02-12 00:59:53,zona_a
VN-0000227,CLI-02842,PRD-0151,tienda_norte,6,145.96,5,875.76,transferencia,completada,2026-02-01 21:35:23,zona_a
VN-0000228,CLI-00689,PRD-0099,tienda_norte,5,360.62,0,1803.1,yape,completada,2026-02-11 15:15:24,zona_d
VN-0000229,CLI-00344,PRD-0013,tienda_norte,7,460.77,0,3225.39,tarjeta,completada,2026-02-27 09:09:01,zona_a
VN-0000230,CLI-02223,PRD-0082,tienda_norte,2,287.94,5,575.88,efectivo,completada,2026-03-17 10:41:29,zona_b
VN-0000231,CLI-00927,PRD-0055,tienda_norte,4,20.29,0,81.16,efectivo,completada,2026-02-14 07:58:08,zona_d
VN-0000232,CLI-02175,PRD-0027,tienda_norte,6,29.13,5,174.78,yape,pendiente,2026-01-07 13:00:08,zona_c
VN-0000233,CLI-01397,PRD-0142,tienda_norte,4,121.27,0,485.08,tarjeta,completada,2026-02-26 01:40:02,zona_d
VN-0000234,CLI-01677,PRD-0151,tienda_norte,6,130.59,15,783.54,tarjeta,completada,2026-02-06 01:20:52,zona_b
VN-0000235,CLI-00817,PRD-0159,tienda_norte,5,1072.38,5,5361.9,tarjeta,completada,2026-03-21 11:31:29,zona_d
VN-0000236,CLI-02935,PRD-0171,tienda_norte,2,30.71,0,61.42,tarjeta,devuelta,2026-01-22 19:30:46,zona_d
VN-0000237,CLI-02075,PRD-0150,tienda_norte,4,656.18,20,2624.72,yape,completada,2026-01-20 06:40:03,zona_a
VN-0000238,CLI-01600,PRD-0095,tienda_norte,2,42.54,15,85.08,tarjeta,completada,2026-01-19 20:02:45,zona_a
VN-0000239,CLI-01601,PRD-0045,tienda_norte,7,33.44,10,234.08,tarjeta,completada,2026-02-23 13:02:04,zona_b
VN-0000240,CLI-01896,PRD-0045,tienda_norte,8,27.86,25,222.88,yape,completada,2026-03-16 03:36:15,zona_b
VN-0000241,CLI-00991,PRD-0088,tienda_norte,1,66.62,0,66.62,yape,completada,2026-03-01 06:53:52,zona_a
VN-0000242,CLI-01241,PRD-0025,tienda_norte,1,397.73,0,397.73,efectivo,completada,2026-03-11 05:44:18,zona_a
VN-0000243,CLI-01802,PRD-0134,tienda_norte,8,92.74,5,741.92,efectivo,completada,2026-01-29 03:50:47,zona_a
VN-0000244,CLI-02509,PRD-0157,tienda_norte,1,228.85,15,228.85,tarjeta,completada,2026-01-05 04:02:59,zona_d
VN-0000245,CLI-00602,PRD-0071,tienda_norte,7,56.86,20,398.02,efectivo,completada,2026-03-01 03:55:29,zona_b
VN-0000246,CLI-02209,PRD-0150,tienda_norte,6,779.21,5,4675.26,tarjeta,completada,2026-02-13 09:02:23,zona_a
VN-0000247,CLI-00810,PRD-0096,tienda_norte,4,62.47,20,249.88,transferencia,completada,2026-03-25 18:24:40,zona_a
VN-0000248,CLI-01750,PRD-0087,tienda_norte,6,35.47,10,212.82,transferencia,completada,2026-02-07 19:09:33,zona_c
VN-0000249,CLI-00735,PRD-0058,tienda_norte,3,149.2,15,447.6,tarjeta,completada,2026-03-30 04:53:52,zona_d
VN-0000250,CLI-01358,PRD-0187,tienda_norte,7,26.08,0,182.56,yape,devuelta,2026-01-28 05:09:22,zona_d
VN-0000251,CLI-00811,PRD-0085,tienda_norte,3,117.15,0,351.45,tarjeta,completada,2026-03-13 11:37:10,zona_d
VN-0000252,CLI-02085,PRD-0186,tienda_norte,8,72.35,5,578.8,yape,completada,2026-01-20 15:52:55,zona_d
VN-0000253,CLI-02429,PRD-0131,tienda_norte,3,311.16,10,933.48,tarjeta,completada,2026-02-10 04:17:00,zona_a
VN-0000254,CLI-01172,PRD-0130,tienda_norte,6,355.51,10,2133.06,yape,pendiente,2026-02-23 13:48:13,zona_b
VN-0000255,CLI-01085,PRD-0138,tienda_norte,5,146.2,0,731.0,transferencia,completada,2026-03-30 13:43:04,zona_d
VN-0000256,CLI-01614,PRD-0148,tienda_norte,5,154.04,0,770.2,yape,completada,2026-02-24 07:08:55,zona_c
VN-0000257,CLI-02078,PRD-0084,tienda_norte,4,111.13,0,444.52,tarjeta,completada,2026-03-16 06:24:07,zona_d
VN-0000258,CLI-01138,PRD-0179,tienda_norte,1,369.64,5,369.64,tarjeta,completada,2026-03-09 06:06:59,zona_b
VN-0000259,CLI-00253,PRD-0126,tienda_norte,3,834.58,20,2503.74,tarjeta,completada,2026-02-19 00:44:09,zona_b
VN-0000260,CLI-01549,PRD-0127,tienda_norte,1,34.88,15,34.88,yape,completada,2026-02-08 08:07:13,zona_d
VN-0000261,CLI-00762,PRD-0047,tienda_norte,3,218.76,10,656.28,tarjeta,completada,2026-03-12 07:33:09,zona_a
VN-0000262,CLI-02630,PRD-0105,tienda_norte,1,62.86,20,62.86,transferencia,completada,2026-02-23 11:10:35,zona_c
VN-0000263,CLI-02420,PRD-0039,tienda_norte,3,54.97,10,164.91,transferencia,completada,2026-02-21 01:21:35,zona_d
VN-0000264,CLI-00538,PRD-0149,tienda_norte,8,246.35,10,1970.8,tarjeta,completada,2026-03-13 11:34:46,zona_a
VN-0000265,CLI-02701,PRD-0112,tienda_norte,6,288.27,0,1729.62,efectivo,completada,2026-01-03 09:55:17,zona_a
VN-0000266,CLI-02716,PRD-0139,tienda_norte,2,14.93,20,29.86,tarjeta,completada,2026-01-27 02:22:21,zona_d
VN-0000267,CLI-00291,PRD-0060,tienda_norte,1,139.14,0,139.14,yape,completada,2026-02-08 18:42:47,zona_d
VN-0000268,CLI-01775,PRD-0114,tienda_norte,8,254.22,0,2033.76,yape,completada,2026-03-26 16:13:22,zona_b
VN-0000269,CLI-01712,PRD-0191,tienda_norte,3,164.85,5,494.55,yape,completada,2026-01-10 19:14:27,zona_b
VN-0000270,CLI-02040,PRD-0003,tienda_norte,7,176.5,0,1235.5,transferencia,completada,2026-01-03 17:43:28,zona_a
VN-0000271,CLI-01372,PRD-0014,tienda_norte,7,284.02,10,1988.14,efectivo,devuelta,2026-01-27 13:02:24,zona_a
VN-0000272,CLI-01426,PRD-0103,tienda_norte,6,375.62,0,2253.72,efectivo,completada,2026-01-27 10:32:15,zona_b
VN-0000273,CLI-00839,PRD-0047,tienda_norte,8,243.07,0,1944.56,yape,completada,2026-03-16 17:33:21,zona_a
VN-0000274,CLI-00220,PRD-0172,tienda_norte,2,136.13,5,272.26,transferencia,completada,2026-02-21 05:42:27,zona_b
VN-0000275,CLI-01762,PRD-0151,tienda_norte,6,153.64,0,921.84,transferencia,devuelta,2026-02-27 15:53:11,zona_b
VN-0000276,CLI-00324,PRD-0044,tienda_norte,6,95.36,10,572.16,tarjeta,completada,2026-01-01 08:48:34,zona_d
VN-0000277,CLI-02909,PRD-0074,tienda_norte,1,95.22,5,95.22,transferencia,completada,2026-02-27 06:39:51,zona_d
VN-0000278,CLI-01471,PRD-0031,tienda_norte,2,310.8,0,621.6,yape,completada,2026-01-13 07:21:10,zona_d
VN-0000279,CLI-01294,PRD-0181,tienda_norte,3,101.01,5,303.03,tarjeta,completada,2026-03-27 19:12:41,zona_a
VN-0000280,CLI-02636,PRD-0044,tienda_norte,5,105.96,0,529.8,efectivo,completada,2026-01-07 03:56:34,zona_d
VN-0000281,CLI-02495,PRD-0103,tienda_norte,2,375.62,0,751.24,yape,completada,2026-02-01 02:23:02,zona_b
VN-0000282,CLI-02369,PRD-0122,tienda_norte,1,199.61,20,199.61,yape,completada,2026-03-06 08:27:38,zona_a
VN-0000283,CLI-02567,PRD-0110,tienda_norte,6,208.82,0,1252.92,tarjeta,completada,2026-03-28 03:45:18,zona_c
VN-0000284,CLI-02962,PRD-0151,tienda_norte,4,153.64,0,614.56,yape,completada,2026-01-02 08:26:56,zona_b
VN-0000285,CLI-01549,PRD-0027,tienda_norte,2,30.66,0,61.32,tarjeta,devuelta,2026-03-20 13:40:12,zona_a
VN-0000286,CLI-02333,PRD-0045,tienda_norte,3,35.29,5,105.87,tarjeta,completada,2026-01-15 18:36:08,zona_b
VN-0000287,CLI-01332,PRD-0017,tienda_norte,5,702.99,5,3514.95,efectivo,completada,2026-02-14 05:04:39,zona_d
VN-0000288,CLI-00692,PRD-0065,tienda_norte,5,199.53,0,997.65,tarjeta,completada,2026-03-30 12:16:58,zona_d
VN-0000289,CLI-02758,PRD-0061,tienda_norte,8,814.44,5,6515.52,tarjeta,completada,2026-02-21 02:10:03,zona_d
VN-0000290,CLI-00751,PRD-0092,tienda_norte,6,1046.03,10,6276.18,tarjeta,completada,2026-02-01 03:14:27,zona_d
VN-0000291,CLI-00657,PRD-0009,tienda_norte,1,46.87,0,46.87,yape,completada,2026-02-27 22:13:24,zona_a
VN-0000292,CLI-00995,PRD-0185,tienda_norte,6,178.75,0,1072.5,tarjeta,completada,2026-02-13 00:59:10,zona_b
VN-0000293,CLI-00480,PRD-0149,tienda_norte,3,218.98,20,656.94,efectivo,completada,2026-01-14 17:39:59,zona_a
VN-0000294,CLI-01004,PRD-0032,tienda_norte,5,132.44,0,662.2,tarjeta,completada,2026-02-07 11:52:58,zona_d
VN-0000295,CLI-01599,PRD-0060,tienda_norte,6,132.18,5,793.08,transferencia,completada,2026-02-08 11:34:15,zona_b
VN-0000296,CLI-01597,PRD-0148,tienda_norte,8,123.23,20,985.84,tarjeta,completada,2026-03-01 16:21:57,zona_b
VN-0000297,CLI-02013,PRD-0069,tienda_norte,7,55.23,0,386.61,tarjeta,completada,2026-03-11 04:32:45,zona_a
VN-0000298,CLI-02120,PRD-0070,tienda_norte,7,406.66,20,2846.62,transferencia,completada,2026-03-09 03:06:17,zona_a
VN-0000299,CLI-00512,PRD-0031,tienda_norte,3,310.8,0,932.4,transferencia,completada,2026-01-04 18:46:24,zona_b
VN-0000300,CLI-01237,PRD-0200,tienda_norte,5,33.95,0,169.75,yape,completada,2026-01-24 20:58:31,zona_d
VN-0000301,CLI-01614,PRD-0118,tienda_norte,3,47.91,10,143.73,tarjeta,completada,2026-03-24 17:08:16,zona_c
VN-0000302,CLI-00761,PRD-0119,tienda_norte,3,153.16,10,459.48,transferencia,completada,2026-02-03 05:07:54,zona_c
VN-0000303,CLI-02007,PRD-0126,tienda_norte,2,938.91,10,1877.82,tarjeta,completada,2026-01-29 04:37:42,zona_c
VN-0000304,CLI-01275,PRD-0105,tienda_norte,3,78.57,0,235.71,efectivo,completada,2026-01-26 18:12:40,zona_c
VN-0000305,CLI-02330,PRD-0124,tienda_norte,4,163.42,5,653.68,efectivo,devuelta,2026-03-30 17:13:50,zona_c
VN-0000306,CLI-01695,PRD-0193,tienda_norte,6,39.61,15,237.66,transferencia,completada,2026-02-09 08:24:07,zona_b
VN-0000307,CLI-02155,PRD-0035,tienda_norte,6,108.66,0,651.96,transferencia,completada,2026-02-17 14:52:54,zona_a
VN-0000308,CLI-00769,PRD-0136,tienda_norte,8,98.61,5,788.88,yape,completada,2026-03-27 08:01:57,zona_a
VN-0000309,CLI-02647,PRD-0196,tienda_norte,4,30.92,25,123.68,tarjeta,pendiente,2026-03-18 06:28:42,zona_d
VN-0000310,CLI-01212,PRD-0153,tienda_norte,5,1004.01,15,5020.05,transferencia,completada,2026-01-19 04:42:12,zona_d
VN-0000311,CLI-00293,PRD-0016,tienda_norte,8,200.22,0,1601.76,tarjeta,completada,2026-02-19 06:39:24,zona_d
VN-0000312,CLI-02913,PRD-0116,tienda_norte,3,9.21,0,27.63,yape,completada,2026-02-22 19:33:34,zona_c
VN-0000313,CLI-01242,PRD-0096,tienda_norte,6,74.19,5,445.14,tarjeta,completada,2026-01-06 21:13:29,zona_b
VN-0000314,CLI-02492,PRD-0031,tienda_norte,1,310.8,0,310.8,tarjeta,completada,2026-03-17 12:36:00,zona_a
VN-0000315,CLI-00551,PRD-0029,tienda_norte,7,90.51,10,633.57,tarjeta,completada,2026-02-10 23:31:29,zona_c
VN-0000316,CLI-00685,PRD-0009,tienda_norte,3,42.18,10,126.54,transferencia,completada,2026-01-23 14:51:42,zona_d
VN-0000317,CLI-00802,PRD-0030,tienda_norte,6,185.13,25,1110.78,transferencia,completada,2026-01-23 00:02:38,zona_b
VN-0000318,CLI-02960,PRD-0149,tienda_norte,7,218.98,20,1532.86,efectivo,completada,2026-01-18 22:00:32,zona_b
VN-0000319,CLI-02688,PRD-0066,tienda_norte,2,778.14,5,1556.28,efectivo,completada,2026-02-08 03:31:15,zona_a
VN-0000320,CLI-00572,PRD-0151,tienda_norte,6,122.91,20,737.46,tarjeta,completada,2026-01-09 16:54:23,zona_c
VN-0000321,CLI-00972,PRD-0042,tienda_norte,5,68.51,10,342.55,tarjeta,completada,2026-01-21 17:50:28,zona_b
VN-0000322,CLI-01318,PRD-0075,tienda_norte,3,68.14,0,204.42,tarjeta,completada,2026-03-04 14:39:09,zona_d
VN-0000323,CLI-00260,PRD-0147,tienda_norte,6,44.96,10,269.76,efectivo,completada,2026-03-27 08:15:39,zona_a
VN-0000324,CLI-00727,PRD-0164,tienda_norte,1,305.63,10,305.63,yape,devuelta,2026-03-24 20:15:26,zona_a
VN-0000325,CLI-02647,PRD-0016,tienda_norte,2,170.19,15,340.38,efectivo,completada,2026-01-04 22:29:21,zona_a
VN-0000326,CLI-01010,PRD-0125,tienda_norte,2,313.28,0,626.56,tarjeta,completada,2026-01-12 03:19:30,zona_b
VN-0000327,CLI-01610,PRD-0153,tienda_norte,2,944.95,20,1889.9,tarjeta,completada,2026-02-10 16:31:38,zona_b
VN-0000328,CLI-00184,PRD-0001,tienda_norte,4,380.31,0,1521.24,tarjeta,completada,2026-01-29 18:28:49,zona_a
VN-0000329,CLI-00343,PRD-0073,tienda_norte,4,68.02,0,272.08,transferencia,completada,2026-02-26 15:51:16,zona_d
VN-0000330,CLI-01848,PRD-0144,tienda_norte,3,74.18,5,222.54,tarjeta,completada,2026-01-16 13:04:19,zona_c
VN-0000331,CLI-00418,PRD-0199,tienda_norte,2,356.34,5,712.68,yape,completada,2026-03-02 05:40:00,zona_c
VN-0000332,CLI-01204,PRD-0181,tienda_norte,6,79.75,25,478.5,yape,completada,2026-03-14 13:44:31,zona_d
VN-0000333,CLI-01860,PRD-0001,tienda_norte,7,380.31,0,2662.17,transferencia,completada,2026-03-21 20:02:30,zona_c
VN-0000334,CLI-00738,PRD-0090,tienda_norte,8,12.01,0,96.08,tarjeta,completada,2026-01-02 01:06:31,zona_a
VN-0000335,CLI-02768,PRD-0034,tienda_norte,4,98.86,5,395.44,tarjeta,completada,2026-03-26 20:21:50,zona_c
VN-0000336,CLI-01895,PRD-0175,tienda_norte,2,67.03,10,134.06,tarjeta,completada,2026-02-20 01:47:06,zona_c
VN-0000337,CLI-01132,PRD-0176,tienda_norte,7,56.86,20,398.02,tarjeta,completada,2026-01-16 09:46:08,zona_b
VN-0000338,CLI-01110,PRD-0184,tienda_norte,3,149.4,0,448.2,tarjeta,pendiente,2026-03-21 01:15:30,zona_b
VN-0000339,CLI-01193,PRD-0081,tienda_norte,3,86.81,25,260.43,efectivo,completada,2026-02-12 01:59:07,zona_d
VN-0000340,CLI-01167,PRD-0120,tienda_norte,5,290.54,0,1452.7,yape,completada,2026-03-04 23:06:51,zona_d
VN-0000341,CLI-02522,PRD-0012,tienda_norte,5,146.41,5,732.05,tarjeta,completada,2026-01-23 00:06:12,zona_c
VN-0000342,CLI-00766,PRD-0066,tienda_norte,7,696.23,15,4873.61,efectivo,devuelta,2026-03-08 03:39:50,zona_b
VN-0000343,CLI-01795,PRD-0074,tienda_norte,8,90.21,10,721.68,yape,devuelta,2026-02-25 17:19:16,zona_a
VN-0000344,CLI-00453,PRD-0169,tienda_norte,4,1064.16,0,4256.64,yape,completada,2026-01-04 12:16:51,zona_a
VN-0000345,CLI-01349,PRD-0046,tienda_norte,2,362.76,0,725.52,yape,completada,2026-01-14 09:43:05,zona_d
VN-0000346,CLI-01832,PRD-0134,tienda_norte,1,97.62,0,97.62,transferencia,completada,2026-03-31 18:46:48,zona_a
VN-0000347,CLI-02241,PRD-0166,tienda_norte,1,442.21,10,442.21,transferencia,completada,2026-01-08 05:00:17,zona_c
VN-0000348,CLI-01006,PRD-0120,tienda_norte,1,261.49,10,261.49,tarjeta,devuelta,2026-03-01 00:36:47,zona_a
VN-0000349,CLI-02739,PRD-0090,tienda_norte,7,11.41,5,79.87,efectivo,completada,2026-01-27 18:02:43,zona_c
VN-0000350,CLI-00543,PRD-0001,tienda_norte,4,323.26,15,1293.04,tarjeta,completada,2026-02-18 18:09:43,zona_c
VN-0000351,CLI-00432,PRD-0040,tienda_norte,3,171.54,0,514.62,yape,completada,2026-02-14 01:48:34,zona_b
VN-0000352,CLI-00455,PRD-0121,tienda_norte,3,881.74,0,2645.22,tarjeta,completada,2026-01-12 10:13:34,zona_a
VN-0000353,CLI-02587,PRD-0095,tienda_norte,2,45.05,10,90.1,efectivo,completada,2026-01-06 13:16:01,zona_c
VN-0000354,CLI-02004,PRD-0142,tienda_norte,7,115.21,5,806.47,efectivo,completada,2026-01-13 13:30:22,zona_c
VN-0000355,CLI-02089,PRD-0096,tienda_norte,8,62.47,20,499.76,transferencia,pendiente,2026-01-25 17:36:12,zona_d
VN-0000356,CLI-00646,PRD-0103,tienda_norte,6,300.5,20,1803.0,efectivo,devuelta,2026-03-26 01:23:08,zona_c
VN-0000357,CLI-02187,PRD-0022,tienda_norte,2,64.46,0,128.92,efectivo,completada,2026-02-27 23:23:06,zona_a
VN-0000358,CLI-02908,PRD-0076,tienda_norte,6,129.1,5,774.6,transferencia,completada,2026-01-19 17:54:13,zona_a
VN-0000359,CLI-01983,PRD-0122,tienda_norte,7,224.56,10,1571.92,transferencia,completada,2026-03-21 13:55:25,zona_c
VN-0000360,CLI-02626,PRD-0062,tienda_norte,2,102.05,20,204.1,efectivo,completada,2026-02-23 04:31:55,zona_c
VN-0000361,CLI-00726,PRD-0013,tienda_norte,2,391.65,15,783.3,tarjeta,completada,2026-03-31 19:02:54,zona_b
VN-0000362,CLI-02195,PRD-0070,tienda_norte,8,482.91,5,3863.28,yape,completada,2026-02-06 21:12:24,zona_a
VN-0000363,CLI-00797,PRD-0093,tienda_norte,3,856.73,5,2570.19,yape,pendiente,2026-01-01 04:17:58,zona_b
VN-0000364,CLI-01940,PRD-0177,tienda_norte,4,1066.18,0,4264.72,tarjeta,completada,2026-03-29 05:25:16,zona_a
VN-0000365,CLI-00010,PRD-0076,tienda_norte,8,135.89,0,1087.12,tarjeta,completada,2026-01-07 00:41:17,zona_b
VN-0000366,CLI-01213,PRD-0144,tienda_norte,8,78.08,0,624.64,tarjeta,completada,2026-03-08 17:20:39,zona_b
VN-0000367,CLI-00609,PRD-0067,tienda_norte,1,96.38,5,96.38,tarjeta,completada,2026-01-28 11:26:47,zona_a
VN-0000368,CLI-02524,PRD-0073,tienda_norte,5,68.02,0,340.1,tarjeta,completada,2026-02-19 18:43:37,zona_d
VN-0000369,CLI-02332,PRD-0147,tienda_norte,2,49.96,0,99.92,efectivo,completada,2026-02-01 11:12:54,zona_a
VN-0000370,CLI-02520,PRD-0125,tienda_norte,8,313.28,0,2506.24,yape,completada,2026-02-07 11:42:54,zona_d
VN-0000371,CLI-01774,PRD-0177,tienda_norte,6,1012.87,5,6077.22,yape,completada,2026-03-16 13:06:11,zona_a
VN-0000372,CLI-02763,PRD-0011,tienda_norte,4,56.53,25,226.12,yape,completada,2026-02-08 18:49:51,zona_d
VN-0000373,CLI-00793,PRD-0022,tienda_norte,1,58.01,10,58.01,tarjeta,completada,2026-03-31 03:14:41,zona_c
VN-0000374,CLI-02092,PRD-0074,tienda_norte,7,85.2,15,596.4,yape,completada,2026-01-27 06:52:33,zona_c
VN-0000375,CLI-00989,PRD-0183,tienda_norte,7,45.73,0,320.11,transferencia,completada,2026-03-07 13:39:35,zona_c
VN-0000376,CLI-01721,PRD-0091,tienda_norte,5,49.81,0,249.05,yape,completada,2026-01-15 08:21:47,zona_a
VN-0000377,CLI-01051,PRD-0164,tienda_norte,2,271.67,20,543.34,tarjeta,completada,2026-02-23 05:42:25,zona_c
VN-0000378,CLI-02310,PRD-0183,tienda_norte,4,45.73,0,182.92,tarjeta,completada,2026-02-06 21:44:40,zona_a
VN-0000379,CLI-01081,PRD-0142,tienda_norte,8,115.21,5,921.68,yape,devuelta,2026-02-25 15:10:48,zona_c
VN-0000380,CLI-01305,PRD-0134,tienda_norte,2,92.74,5,185.48,efectivo,completada,2026-01-04 11:06:04,zona_d
VN-0000381,CLI-02211,PRD-0032,tienda_norte,7,119.2,10,834.4,yape,completada,2026-02-08 05:59:46,zona_c
VN-0000382,CLI-01935,PRD-0155,tienda_norte,1,103.57,25,103.57,yape,completada,2026-02-12 02:45:15,zona_a
VN-0000383,CLI-00795,PRD-0138,tienda_norte,8,131.58,10,1052.64,yape,completada,2026-01-02 08:48:00,zona_b
VN-0000384,CLI-01453,PRD-0183,tienda_norte,6,43.44,5,260.64,tarjeta,completada,2026-01-26 09:40:58,zona_d
VN-0000385,CLI-02413,PRD-0128,tienda_norte,7,50.61,0,354.27,yape,devuelta,2026-03-27 11:26:27,zona_c
VN-0000386,CLI-00240,PRD-0154,tienda_norte,8,47.82,0,382.56,tarjeta,completada,2026-03-22 21:25:28,zona_b
VN-0000387,CLI-01865,PRD-0025,tienda_norte,6,397.73,0,2386.38,tarjeta,devuelta,2026-01-27 16:26:25,zona_b
VN-0000388,CLI-02572,PRD-0012,tienda_norte,1,138.71,10,138.71,efectivo,completada,2026-01-01 07:08:34,zona_b
VN-0000389,CLI-01647,PRD-0199,tienda_norte,6,337.58,10,2025.48,yape,completada,2026-02-11 23:01:48,zona_a
VN-0000390,CLI-01780,PRD-0176,tienda_norte,8,71.08,0,568.64,efectivo,completada,2026-01-10 17:03:49,zona_d
VN-0000391,CLI-02007,PRD-0153,tienda_norte,2,885.89,25,1771.78,transferencia,devuelta,2026-03-02 15:59:38,zona_a
VN-0000392,CLI-00469,PRD-0097,tienda_norte,8,168.78,0,1350.24,transferencia,completada,2026-01-27 20:30:29,zona_c
VN-0000393,CLI-02964,PRD-0104,tienda_norte,2,166.54,15,333.08,efectivo,completada,2026-03-25 17:11:33,zona_c
VN-0000394,CLI-01022,PRD-0137,tienda_norte,3,125.01,5,375.03,tarjeta,completada,2026-02-19 03:23:26,zona_c
VN-0000395,CLI-02753,PRD-0053,tienda_norte,8,3.88,25,31.04,tarjeta,pendiente,2026-02-21 22:54:35,zona_c
VN-0000396,CLI-01740,PRD-0152,tienda_norte,7,99.91,0,699.37,tarjeta,completada,2026-01-06 16:44:17,zona_b
VN-0000397,CLI-00473,PRD-0007,tienda_norte,3,17.87,10,53.61,tarjeta,completada,2026-02-02 10:42:07,zona_a
VN-0000398,CLI-01670,PRD-0026,tienda_norte,6,1106.95,5,6641.7,transferencia,completada,2026-01-19 06:07:42,zona_b
VN-0000399,CLI-01820,PRD-0005,tienda_norte,8,201.91,5,1615.28,tarjeta,completada,2026-03-21 21:33:04,zona_c
VN-0000400,CLI-00225,PRD-0071,tienda_norte,3,71.07,0,213.21,yape,completada,2026-03-01 00:12:37,zona_b
VN-0000401,CLI-02851,PRD-0005,tienda_norte,3,201.91,5,605.73,yape,completada,2026-01-09 16:37:43,zona_c
VN-0000402,CLI-00075,PRD-0166,tienda_norte,2,442.21,10,884.42,tarjeta,completada,2026-03-14 15:38:55,zona_c
VN-0000403,CLI-01028,PRD-0087,tienda_norte,7,37.44,5,262.08,tarjeta,completada,2026-02-10 02:51:39,zona_d
VN-0000404,CLI-00917,PRD-0099,tienda_norte,5,306.53,15,1532.65,transferencia,pendiente,2026-01-14 12:25:15,zona_a
VN-0000405,CLI-02492,PRD-0090,tienda_norte,3,10.21,15,30.63,efectivo,devuelta,2026-02-20 03:11:21,zona_a
VN-0000406,CLI-00874,PRD-0130,tienda_norte,4,395.01,0,1580.04,tarjeta,pendiente,2026-03-22 09:48:49,zona_b
VN-0000407,CLI-00630,PRD-0129,tienda_norte,2,94.95,5,189.9,yape,completada,2026-03-13 07:59:52,zona_a
VN-0000408,CLI-00524,PRD-0104,tienda_norte,5,195.93,0,979.65,efectivo,completada,2026-03-17 01:30:34,zona_c
VN-0000409,CLI-01703,PRD-0051,tienda_norte,5,295.61,10,1478.05,tarjeta,completada,2026-01-15 03:09:17,zona_a
VN-0000410,CLI-02796,PRD-0152,tienda_norte,2,94.91,5,189.82,efectivo,devuelta,2026-03-02 17:43:06,zona_b
VN-0000411,CLI-00965,PRD-0167,tienda_norte,2,151.07,5,302.14,transferencia,completada,2026-03-25 02:52:35,zona_b
VN-0000412,CLI-00529,PRD-0076,tienda_norte,5,135.89,0,679.45,tarjeta,completada,2026-02-17 13:42:19,zona_d
VN-0000413,CLI-00526,PRD-0121,tienda_norte,6,749.48,15,4496.88,tarjeta,devuelta,2026-03-10 17:38:54,zona_c
VN-0000414,CLI-01344,PRD-0186,tienda_norte,2,68.54,10,137.08,efectivo,completada,2026-01-19 22:08:31,zona_d
VN-0000415,CLI-02847,PRD-0026,tienda_norte,3,1048.69,10,3146.07,tarjeta,devuelta,2026-03-19 10:10:59,zona_b
VN-0000416,CLI-01718,PRD-0085,tienda_norte,2,87.86,25,175.72,efectivo,completada,2026-03-15 08:18:17,zona_c
VN-0000417,CLI-01306,PRD-0082,tienda_norte,6,272.79,10,1636.74,transferencia,completada,2026-02-01 19:54:44,zona_d
VN-0000418,CLI-02746,PRD-0095,tienda_norte,4,50.05,0,200.2,tarjeta,completada,2026-03-09 00:44:04,zona_b
VN-0000419,CLI-00455,PRD-0168,tienda_norte,2,272.55,10,545.1,efectivo,completada,2026-01-17 17:22:41,zona_a
VN-0000420,CLI-00059,PRD-0056,tienda_norte,3,225.0,5,675.0,yape,completada,2026-03-10 20:01:53,zona_d
VN-0000421,CLI-01878,PRD-0174,tienda_norte,5,316.77,0,1583.85,tarjeta,completada,2026-01-28 16:02:08,zona_a
VN-0000422,CLI-00651,PRD-0045,tienda_norte,1,33.44,10,33.44,tarjeta,completada,2026-01-09 04:36:50,zona_d
VN-0000423,CLI-01974,PRD-0097,tienda_norte,5,168.78,0,843.9,tarjeta,completada,2026-02-02 15:11:35,zona_c
VN-0000424,CLI-00679,PRD-0081,tienda_norte,2,115.75,0,231.5,yape,completada,2026-03-03 10:38:34,zona_d
VN-0000425,CLI-01643,PRD-0156,tienda_norte,6,94.72,0,568.32,tarjeta,completada,2026-03-11 06:15:37,zona_c
VN-0000426,CLI-02397,PRD-0111,tienda_norte,4,70.18,5,280.72,tarjeta,completada,2026-01-05 22:00:39,zona_c
VN-0000427,CLI-00479,PRD-0188,tienda_norte,7,100.11,5,700.77,tarjeta,completada,2026-03-19 21:42:06,zona_d
VN-0000428,CLI-00868,PRD-0162,tienda_norte,8,84.67,0,677.36,efectivo,completada,2026-02-05 19:29:53,zona_b
VN-0000429,CLI-00417,PRD-0053,tienda_norte,3,4.92,5,14.76,tarjeta,completada,2026-01-14 02:07:12,zona_c
VN-0000430,CLI-01312,PRD-0041,tienda_norte,5,170.99,0,854.95,yape,completada,2026-01-29 12:07:02,zona_d
VN-0000431,CLI-01863,PRD-0031,tienda_norte,7,295.26,5,2066.82,tarjeta,completada,2026-01-19 20:19:55,zona_d
VN-0000432,CLI-02672,PRD-0044,tienda_norte,2,79.47,25,158.94,efectivo,completada,2026-03-25 09:27:17,zona_a
VN-0000433,CLI-02469,PRD-0010,tienda_norte,5,147.48,0,737.4,tarjeta,completada,2026-01-20 14:16:42,zona_c
VN-0000434,CLI-00391,PRD-0032,tienda_norte,7,125.82,5,880.74,transferencia,completada,2026-01-20 18:22:05,zona_c
VN-0000435,CLI-01174,PRD-0078,tienda_norte,5,49.45,10,247.25,tarjeta,completada,2026-03-02 21:31:15,zona_a
VN-0000436,CLI-00787,PRD-0071,tienda_norte,1,71.07,0,71.07,tarjeta,completada,2026-01-15 12:29:49,zona_d
VN-0000437,CLI-00469,PRD-0125,tienda_norte,2,266.29,15,532.58,yape,completada,2026-03-29 13:40:26,zona_b
VN-0000438,CLI-02615,PRD-0025,tienda_norte,8,377.84,5,3022.72,yape,completada,2026-02-13 05:31:52,zona_d
VN-0000439,CLI-00860,PRD-0200,tienda_norte,1,32.25,5,32.25,efectivo,completada,2026-03-15 00:06:52,zona_c
VN-0000440,CLI-01054,PRD-0171,tienda_norte,1,29.17,5,29.17,yape,completada,2026-01-03 11:25:57,zona_a
VN-0000441,CLI-01980,PRD-0182,tienda_norte,7,110.37,5,772.59,yape,completada,2026-01-15 01:03:36,zona_d
VN-0000442,CLI-00291,PRD-0089,tienda_norte,8,68.95,0,551.6,yape,completada,2026-02-08 07:10:56,zona_c
VN-0000443,CLI-02167,PRD-0182,tienda_norte,8,110.37,5,882.96,efectivo,completada,2026-02-24 23:48:13,zona_c
VN-0000444,CLI-00603,PRD-0042,tienda_norte,3,68.51,10,205.53,tarjeta,completada,2026-03-31 10:20:50,zona_d
VN-0000445,CLI-02148,PRD-0139,tienda_norte,7,17.73,5,124.11,tarjeta,completada,2026-03-28 06:09:03,zona_a
VN-0000446,CLI-00017,PRD-0164,tienda_norte,2,322.61,5,645.22,tarjeta,devuelta,2026-02-18 13:41:03,zona_b
VN-0000447,CLI-00539,PRD-0023,tienda_norte,2,51.83,20,103.66,yape,completada,2026-01-02 01:56:55,zona_d
VN-0000448,CLI-01582,PRD-0141,tienda_norte,4,113.94,20,455.76,efectivo,devuelta,2026-02-25 15:33:50,zona_b
VN-0000449,CLI-02867,PRD-0055,tienda_norte,2,18.26,10,36.52,efectivo,completada,2026-01-17 22:56:41,zona_b
VN-0000450,CLI-02180,PRD-0177,tienda_norte,3,959.56,10,2878.68,efectivo,completada,2026-03-10 21:19:57,zona_a
VN-0000451,CLI-01497,PRD-0039,tienda_norte,8,48.86,20,390.88,tarjeta,completada,2026-03-24 00:56:15,zona_a
VN-0000452,CLI-01019,PRD-0068,tienda_norte,7,133.32,20,933.24,efectivo,completada,2026-01-25 00:33:48,zona_d
VN-0000453,CLI-01596,PRD-0013,tienda_norte,5,414.69,10,2073.45,transferencia,completada,2026-01-08 01:15:23,zona_d
VN-0000454,CLI-00576,PRD-0033,tienda_norte,2,696.3,0,1392.6,tarjeta,completada,2026-03-10 02:39:16,zona_b
VN-0000455,CLI-00222,PRD-0100,tienda_norte,8,344.59,5,2756.72,efectivo,completada,2026-01-15 00:18:14,zona_a
VN-0000456,CLI-00249,PRD-0137,tienda_norte,2,118.43,10,236.86,tarjeta,completada,2026-02-03 08:13:37,zona_c
VN-0000457,CLI-00149,PRD-0119,tienda_norte,1,136.14,20,136.14,efectivo,completada,2026-01-21 00:02:37,zona_a
VN-0000458,CLI-01548,PRD-0058,tienda_norte,8,175.53,0,1404.24,transferencia,completada,2026-02-03 04:26:57,zona_d
VN-0000459,CLI-02732,PRD-0032,tienda_norte,6,112.57,15,675.42,yape,completada,2026-01-09 06:02:25,zona_b
VN-0000460,CLI-02961,PRD-0103,tienda_norte,4,338.06,10,1352.24,transferencia,completada,2026-03-16 14:36:19,zona_a
VN-0000461,CLI-01548,PRD-0139,tienda_norte,6,18.66,0,111.96,tarjeta,completada,2026-02-06 01:17:00,zona_d
VN-0000462,CLI-00754,PRD-0124,tienda_norte,2,146.22,15,292.44,tarjeta,completada,2026-01-18 15:21:18,zona_c
VN-0000463,CLI-02247,PRD-0136,tienda_norte,7,103.8,0,726.6,tarjeta,completada,2026-03-04 01:41:58,zona_d
VN-0000464,CLI-00682,PRD-0192,tienda_norte,6,88.41,5,530.46,efectivo,completada,2026-02-15 19:38:06,zona_d
VN-0000465,CLI-02732,PRD-0038,tienda_norte,6,41.76,0,250.56,tarjeta,completada,2026-02-03 05:43:29,zona_d
VN-0000466,CLI-01671,PRD-0131,tienda_norte,7,345.73,0,2420.11,tarjeta,completada,2026-01-28 17:05:07,zona_c
VN-0000467,CLI-00179,PRD-0083,tienda_norte,4,88.08,5,352.32,efectivo,completada,2026-01-12 14:05:32,zona_b
VN-0000468,CLI-02826,PRD-0062,tienda_norte,5,127.56,0,637.8,tarjeta,completada,2026-03-20 21:33:45,zona_a
VN-0000469,CLI-02651,PRD-0129,tienda_norte,5,99.95,0,499.75,efectivo,completada,2026-02-22 08:52:11,zona_a
VN-0000470,CLI-00473,PRD-0192,tienda_norte,4,69.8,25,279.2,tarjeta,completada,2026-03-01 00:49:01,zona_d
VN-0000471,CLI-00876,PRD-0176,tienda_norte,4,56.86,20,227.44,efectivo,devuelta,2026-03-06 03:41:34,zona_d
VN-0000472,CLI-00510,PRD-0019,tienda_norte,2,290.02,0,580.04,yape,completada,2026-03-25 05:08:44,zona_a
VN-0000473,CLI-00912,PRD-0111,tienda_norte,2,73.87,0,147.74,transferencia,completada,2026-03-06 18:51:07,zona_d
VN-0000474,CLI-02320,PRD-0087,tienda_norte,3,37.44,5,112.32,transferencia,completada,2026-01-22 22:29:50,zona_d
VN-0000475,CLI-00115,PRD-0124,tienda_norte,2,137.62,20,275.24,efectivo,completada,2026-03-08 12:59:38,zona_a
VN-0000476,CLI-02809,PRD-0150,tienda_norte,1,820.22,0,820.22,transferencia,completada,2026-02-04 16:49:53,zona_a
VN-0000477,CLI-01736,PRD-0051,tienda_norte,8,295.61,10,2364.88,tarjeta,devuelta,2026-02-21 19:35:26,zona_c
VN-0000478,CLI-01631,PRD-0150,tienda_norte,2,697.19,15,1394.38,yape,devuelta,2026-02-10 12:34:01,zona_a
VN-0000479,CLI-02692,PRD-0021,tienda_norte,5,18.21,0,91.05,transferencia,completada,2026-01-03 17:56:32,zona_d
VN-0000480,CLI-02177,PRD-0119,tienda_norte,4,136.14,20,544.56,tarjeta,completada,2026-01-08 13:53:15,zona_c
VN-0000481,CLI-02493,PRD-0172,tienda_norte,8,143.3,0,1146.4,tarjeta,completada,2026-02-02 19:09:25,zona_a
VN-0000482,CLI-00866,PRD-0138,tienda_norte,4,116.96,20,467.84,yape,completada,2026-03-09 02:46:12,zona_b
VN-0000483,CLI-00378,PRD-0011,tienda_norte,8,67.83,10,542.64,efectivo,completada,2026-02-17 05:29:22,zona_d
VN-0000484,CLI-01974,PRD-0097,tienda_norte,2,168.78,0,337.56,tarjeta,completada,2026-02-19 19:27:50,zona_b
VN-0000485,CLI-02257,PRD-0158,tienda_norte,7,195.53,15,1368.71,tarjeta,completada,2026-02-07 11:16:42,zona_d
VN-0000486,CLI-01595,PRD-0153,tienda_norte,5,1181.19,0,5905.95,efectivo,completada,2026-03-21 22:45:30,zona_c
VN-0000487,CLI-01458,PRD-0154,tienda_norte,5,35.87,25,179.35,efectivo,completada,2026-02-15 16:18:27,zona_d
VN-0000488,CLI-02052,PRD-0161,tienda_norte,2,33.75,0,67.5,transferencia,completada,2026-01-14 21:52:56,zona_d
VN-0000489,CLI-02912,PRD-0068,tienda_norte,7,166.65,0,1166.55,transferencia,completada,2026-02-03 16:37:23,zona_b
VN-0000490,CLI-02002,PRD-0035,tienda_norte,4,103.23,5,412.92,tarjeta,completada,2026-03-19 07:44:44,zona_d
VN-0000491,CLI-00201,PRD-0134,tienda_norte,8,92.74,5,741.92,yape,completada,2026-02-07 12:31:13,zona_c
VN-0000492,CLI-01345,PRD-0127,tienda_norte,4,32.83,20,131.32,efectivo,completada,2026-01-22 14:46:35,zona_d
VN-0000493,CLI-00416,PRD-0074,tienda_norte,3,90.21,10,270.63,transferencia,completada,2026-03-06 06:27:51,zona_c
VN-0000494,CLI-00583,PRD-0143,tienda_norte,8,17.91,20,143.28,efectivo,completada,2026-01-08 14:17:07,zona_d
VN-0000495,CLI-01625,PRD-0083,tienda_norte,1,92.72,0,92.72,tarjeta,completada,2026-03-29 07:44:22,zona_b
VN-0000496,CLI-00923,PRD-0054,tienda_norte,6,78.92,20,473.52,tarjeta,completada,2026-01-27 19:53:38,zona_b
VN-0000497,CLI-01678,PRD-0036,tienda_norte,8,43.1,0,344.8,tarjeta,completada,2026-02-26 00:53:28,zona_a
VN-0000498,CLI-01125,PRD-0104,tienda_norte,3,176.34,10,529.02,transferencia,devuelta,2026-03-08 08:32:46,zona_b
VN-0000499,CLI-02481,PRD-0011,tienda_norte,7,67.83,10,474.81,yape,completada,2026-02-27 17:03:55,zona_a
VN-0000500,CLI-02211,PRD-0199,tienda_norte,2,375.09,0,750.18,efectivo,completada,2026-03-16 12:50:53,zona_a
VN-0000501,CLI-00990,PRD-0018,tienda_norte,8,143.21,0,1145.68,efectivo,completada,2026-01-12 11:30:00,zona_b
VN-0000502,CLI-00992,PRD-0039,tienda_norte,5,61.08,0,305.4,tarjeta,completada,2026-01-09 03:52:04,zona_b
VN-0000503,CLI-02158,PRD-0019,tienda_norte,4,261.02,10,1044.08,tarjeta,completada,2026-02-26 04:36:02,zona_a
VN-0000504,CLI-02654,PRD-0096,tienda_norte,3,66.38,15,199.14,efectivo,completada,2026-01-05 20:28:32,zona_b
VN-0000505,CLI-02214,PRD-0138,tienda_norte,5,146.2,0,731.0,efectivo,completada,2026-03-20 19:38:17,zona_d
VN-0000506,CLI-02753,PRD-0154,tienda_norte,6,38.26,20,229.56,transferencia,completada,2026-01-27 03:37:12,zona_a
VN-0000507,CLI-02465,PRD-0115,tienda_norte,6,1144.16,0,6864.96,yape,completada,2026-01-09 03:13:25,zona_b
VN-0000508,CLI-00543,PRD-0023,tienda_norte,5,64.79,0,323.95,tarjeta,completada,2026-01-23 13:28:41,zona_c
VN-0000509,CLI-00822,PRD-0106,tienda_norte,2,221.98,5,443.96,tarjeta,completada,2026-02-20 00:08:12,zona_b
VN-0000510,CLI-02551,PRD-0166,tienda_norte,8,491.34,0,3930.72,tarjeta,completada,2026-03-31 18:24:34,zona_a
VN-0000511,CLI-02644,PRD-0144,tienda_norte,2,70.27,10,140.54,yape,completada,2026-02-16 17:59:50,zona_c
VN-0000512,CLI-01746,PRD-0183,tienda_norte,7,45.73,0,320.11,efectivo,completada,2026-03-20 04:53:36,zona_a
VN-0000513,CLI-02850,PRD-0108,tienda_norte,7,139.33,0,975.31,tarjeta,completada,2026-02-06 18:48:21,zona_b
VN-0000514,CLI-01294,PRD-0001,tienda_norte,3,323.26,15,969.78,tarjeta,completada,2026-02-18 16:53:08,zona_c
VN-0000515,CLI-01991,PRD-0080,tienda_norte,8,142.71,0,1141.68,tarjeta,completada,2026-01-02 17:15:20,zona_d
VN-0000516,CLI-02551,PRD-0027,tienda_norte,8,30.66,0,245.28,tarjeta,devuelta,2026-01-02 03:55:05,zona_b
VN-0000517,CLI-00731,PRD-0145,tienda_norte,6,340.64,0,2043.84,efectivo,completada,2026-01-19 14:56:47,zona_a
VN-0000518,CLI-01545,PRD-0055,tienda_norte,7,20.29,0,142.03,tarjeta,completada,2026-01-10 11:03:25,zona_d
VN-0000519,CLI-00691,PRD-0009,tienda_norte,2,46.87,0,93.74,tarjeta,completada,2026-01-09 06:30:36,zona_d
VN-0000520,CLI-02094,PRD-0136,tienda_norte,1,98.61,5,98.61,yape,completada,2026-03-04 10:47:24,zona_a
VN-0000521,CLI-01128,PRD-0135,tienda_norte,6,123.81,0,742.86,efectivo,completada,2026-01-29 18:52:33,zona_b
VN-0000522,CLI-00784,PRD-0116,tienda_norte,5,9.21,0,46.05,efectivo,completada,2026-03-12 21:08:45,zona_d
VN-0000523,CLI-01401,PRD-0061,tienda_norte,3,814.44,5,2443.32,yape,pendiente,2026-03-03 23:32:18,zona_c
VN-0000524,CLI-00996,PRD-0032,tienda_norte,2,132.44,0,264.88,tarjeta,completada,2026-01-27 01:53:50,zona_a
VN-0000525,CLI-01104,PRD-0119,tienda_norte,5,153.16,10,765.8,efectivo,completada,2026-02-24 17:04:47,zona_a
VN-0000526,CLI-02727,PRD-0122,tienda_norte,1,212.08,15,212.08,yape,completada,2026-01-14 10:02:06,zona_a
VN-0000527,CLI-02005,PRD-0061,tienda_norte,6,728.71,15,4372.26,tarjeta,completada,2026-02-05 15:22:49,zona_d
VN-0000528,CLI-02966,PRD-0006,tienda_norte,6,395.52,0,2373.12,efectivo,devuelta,2026-03-04 02:48:29,zona_d
VN-0000529,CLI-00033,PRD-0014,tienda_norte,1,315.58,0,315.58,tarjeta,completada,2026-02-05 06:39:04,zona_d
VN-0000530,CLI-00823,PRD-0058,tienda_norte,1,149.2,15,149.2,yape,completada,2026-01-11 08:07:50,zona_b
VN-0000531,CLI-02237,PRD-0101,tienda_norte,6,1128.73,0,6772.38,efectivo,completada,2026-02-10 12:10:53,zona_c
VN-0000532,CLI-02924,PRD-0169,tienda_norte,5,1064.16,0,5320.8,efectivo,completada,2026-02-05 02:17:41,zona_d
VN-0000533,CLI-00234,PRD-0070,tienda_norte,6,432.08,15,2592.48,tarjeta,completada,2026-02-01 10:45:10,zona_c
VN-0000534,CLI-02444,PRD-0028,tienda_norte,2,8.52,0,17.04,transferencia,completada,2026-03-12 20:28:09,zona_c
VN-0000535,CLI-00798,PRD-0076,tienda_norte,6,129.1,5,774.6,tarjeta,completada,2026-01-13 14:09:07,zona_b
VN-0000536,CLI-02333,PRD-0044,tienda_norte,3,100.66,5,301.98,yape,completada,2026-03-17 20:26:14,zona_d
VN-0000537,CLI-00975,PRD-0032,tienda_norte,7,125.82,5,880.74,tarjeta,completada,2026-02-13 04:32:21,zona_d
VN-0000538,CLI-00497,PRD-0034,tienda_norte,2,104.06,0,208.12,transferencia,completada,2026-03-06 13:31:57,zona_b
VN-0000539,CLI-02298,PRD-0178,tienda_norte,7,74.46,15,521.22,yape,completada,2026-01-12 19:17:16,zona_a
VN-0000540,CLI-00086,PRD-0137,tienda_norte,8,125.01,5,1000.08,yape,completada,2026-03-23 00:40:43,zona_b
VN-0000541,CLI-02990,PRD-0144,tienda_norte,6,62.46,20,374.76,transferencia,completada,2026-01-25 03:56:09,zona_c
VN-0000542,CLI-01013,PRD-0098,tienda_norte,6,793.19,0,4759.14,tarjeta,completada,2026-03-01 02:14:21,zona_d
VN-0000543,CLI-00274,PRD-0110,tienda_norte,8,187.94,10,1503.52,tarjeta,completada,2026-01-16 14:19:34,zona_d
VN-0000544,CLI-02389,PRD-0099,tienda_norte,3,324.56,10,973.68,tarjeta,completada,2026-02-08 11:28:38,zona_a
VN-0000545,CLI-01659,PRD-0032,tienda_norte,6,125.82,5,754.92,tarjeta,completada,2026-02-25 21:02:05,zona_a
VN-0000546,CLI-02170,PRD-0106,tienda_norte,4,233.66,0,934.64,transferencia,completada,2026-01-02 08:10:13,zona_a
VN-0000547,CLI-00444,PRD-0187,tienda_norte,6,26.08,0,156.48,tarjeta,devuelta,2026-03-21 23:33:58,zona_c
VN-0000548,CLI-02205,PRD-0178,tienda_norte,5,87.6,0,438.0,yape,completada,2026-01-10 14:35:39,zona_a
VN-0000549,CLI-00994,PRD-0012,tienda_norte,8,131.0,15,1048.0,yape,completada,2026-02-15 02:44:17,zona_a
VN-0000550,CLI-01394,PRD-0196,tienda_norte,4,41.23,0,164.92,efectivo,devuelta,2026-03-09 09:44:25,zona_c
VN-0000551,CLI-02012,PRD-0153,tienda_norte,1,1181.19,0,1181.19,yape,completada,2026-03-18 07:05:49,zona_c
VN-0000552,CLI-00367,PRD-0060,tienda_norte,7,118.27,15,827.89,tarjeta,completada,2026-01-19 22:46:15,zona_b
VN-0000553,CLI-02588,PRD-0068,tienda_norte,6,166.65,0,999.9,tarjeta,pendiente,2026-01-10 00:42:59,zona_c
VN-0000554,CLI-00134,PRD-0128,tienda_norte,5,48.08,5,240.4,yape,devuelta,2026-03-03 17:45:18,zona_d
VN-0000555,CLI-01828,PRD-0063,tienda_norte,4,183.55,15,734.2,yape,devuelta,2026-01-04 09:41:58,zona_d
VN-0000556,CLI-00317,PRD-0184,tienda_norte,6,134.46,10,806.76,tarjeta,completada,2026-01-15 12:52:54,zona_a
VN-0000557,CLI-02663,PRD-0109,tienda_norte,2,127.43,0,254.86,tarjeta,completada,2026-02-28 08:32:00,zona_b
VN-0000558,CLI-00921,PRD-0019,tienda_norte,7,290.02,0,2030.14,tarjeta,completada,2026-02-28 01:16:33,zona_b
VN-0000559,CLI-02244,PRD-0141,tienda_norte,8,135.3,5,1082.4,transferencia,completada,2026-01-05 14:24:05,zona_c
VN-0000560,CLI-01353,PRD-0060,tienda_norte,6,125.23,10,751.38,yape,completada,2026-01-25 22:11:02,zona_a
VN-0000561,CLI-01576,PRD-0065,tienda_norte,7,169.6,15,1187.2,tarjeta,completada,2026-01-26 01:10:04,zona_c
VN-0000562,CLI-02507,PRD-0059,tienda_norte,4,124.05,15,496.2,transferencia,completada,2026-02-28 04:55:08,zona_c
VN-0000563,CLI-02650,PRD-0147,tienda_norte,6,42.47,15,254.82,tarjeta,completada,2026-01-05 13:00:26,zona_c
VN-0000564,CLI-01311,PRD-0048,tienda_norte,5,291.85,5,1459.25,tarjeta,devuelta,2026-02-22 00:14:43,zona_c
VN-0000565,CLI-00482,PRD-0053,tienda_norte,3,4.92,5,14.76,efectivo,completada,2026-01-09 23:27:35,zona_a
VN-0000566,CLI-01506,PRD-0081,tienda_norte,5,109.96,5,549.8,yape,completada,2026-02-25 22:11:39,zona_c
VN-0000567,CLI-00882,PRD-0150,tienda_norte,5,779.21,5,3896.05,tarjeta,completada,2026-01-16 20:02:39,zona_c
VN-0000568,CLI-02810,PRD-0001,tienda_norte,4,380.31,0,1521.24,yape,completada,2026-03-23 10:00:33,zona_a
VN-0000569,CLI-02076,PRD-0041,tienda_norte,2,170.99,0,341.98,tarjeta,completada,2026-01-28 06:56:54,zona_c
VN-0000570,CLI-00639,PRD-0039,tienda_norte,2,58.03,5,116.06,transferencia,completada,2026-01-16 10:01:03,zona_b
VN-0000571,CLI-02723,PRD-0196,tienda_norte,7,32.98,20,230.86,efectivo,completada,2026-02-19 10:28:21,zona_b
VN-0000572,CLI-01362,PRD-0005,tienda_norte,8,212.54,0,1700.32,efectivo,devuelta,2026-03-10 11:13:41,zona_d
VN-0000573,CLI-00570,PRD-0032,tienda_norte,8,99.33,25,794.64,yape,pendiente,2026-03-02 12:29:24,zona_d
VN-0000574,CLI-02223,PRD-0143,tienda_norte,4,22.39,0,89.56,tarjeta,completada,2026-02-20 02:13:10,zona_d
VN-0000575,CLI-00634,PRD-0019,tienda_norte,4,246.52,15,986.08,efectivo,completada,2026-01-12 04:44:02,zona_a
VN-0000576,CLI-02977,PRD-0189,tienda_norte,7,151.95,15,1063.65,efectivo,completada,2026-03-13 19:39:04,zona_c
VN-0000577,CLI-01740,PRD-0016,tienda_norte,1,160.18,20,160.18,tarjeta,completada,2026-03-23 11:14:52,zona_a
VN-0000578,CLI-02450,PRD-0026,tienda_norte,6,1106.95,5,6641.7,transferencia,completada,2026-01-17 09:01:14,zona_b
VN-0000579,CLI-00999,PRD-0092,tienda_norte,8,1162.25,0,9298.0,transferencia,completada,2026-02-02 08:09:26,zona_c
VN-0000580,CLI-00097,PRD-0101,tienda_norte,5,1128.73,0,5643.65,yape,completada,2026-02-24 08:58:52,zona_a
VN-0000581,CLI-01101,PRD-0191,tienda_norte,5,173.53,0,867.65,tarjeta,completada,2026-03-20 21:49:38,zona_a
VN-0000582,CLI-00682,PRD-0190,tienda_norte,6,213.27,10,1279.62,efectivo,completada,2026-01-03 06:40:51,zona_c
VN-0000583,CLI-01736,PRD-0160,tienda_norte,1,46.94,0,46.94,transferencia,completada,2026-03-26 07:27:11,zona_b
VN-0000584,CLI-00033,PRD-0071,tienda_norte,6,67.52,5,405.12,efectivo,completada,2026-03-23 21:40:04,zona_d
VN-0000585,CLI-00173,PRD-0004,tienda_norte,3,53.89,0,161.67,yape,completada,2026-01-26 21:21:20,zona_b
VN-0000586,CLI-01490,PRD-0134,tienda_norte,8,97.62,0,780.96,transferencia,completada,2026-03-06 13:00:46,zona_a
VN-0000587,CLI-00817,PRD-0064,tienda_norte,2,42.35,25,84.7,tarjeta,completada,2026-03-27 03:49:51,zona_a
VN-0000588,CLI-01889,PRD-0101,tienda_norte,6,1128.73,0,6772.38,yape,completada,2026-01-16 17:18:38,zona_b
VN-0000589,CLI-01322,PRD-0080,tienda_norte,6,128.44,10,770.64,transferencia,completada,2026-01-14 19:22:54,zona_d
VN-0000590,CLI-01169,PRD-0185,tienda_norte,1,178.75,0,178.75,tarjeta,completada,2026-03-16 03:57:43,zona_a
VN-0000591,CLI-02415,PRD-0188,tienda_norte,5,89.57,15,447.85,yape,completada,2026-03-26 10:14:31,zona_d
VN-0000592,CLI-01808,PRD-0066,tienda_norte,2,737.18,10,1474.36,transferencia,completada,2026-01-10 22:17:52,zona_a
VN-0000593,CLI-01736,PRD-0004,tienda_norte,1,51.2,5,51.2,tarjeta,devuelta,2026-03-19 21:22:20,zona_a
VN-0000594,CLI-00524,PRD-0032,tienda_norte,4,105.95,20,423.8,tarjeta,completada,2026-02-04 02:17:43,zona_a
VN-0000595,CLI-02816,PRD-0196,tienda_norte,1,37.11,10,37.11,tarjeta,completada,2026-02-16 08:28:59,zona_a
VN-0000596,CLI-00395,PRD-0040,tienda_norte,7,171.54,0,1200.78,tarjeta,completada,2026-03-11 17:58:35,zona_d
VN-0000597,CLI-02036,PRD-0195,tienda_norte,2,173.27,0,346.54,efectivo,completada,2026-01-25 19:43:16,zona_d
VN-0000598,CLI-01281,PRD-0125,tienda_norte,2,313.28,0,626.56,tarjeta,completada,2026-03-11 17:02:20,zona_c
VN-0000599,CLI-01237,PRD-0128,tienda_norte,4,48.08,5,192.32,tarjeta,devuelta,2026-01-03 16:19:25,zona_a
VN-0000600,CLI-00338,PRD-0034,tienda_norte,5,104.06,0,520.3,efectivo,completada,2026-03-23 11:39:41,zona_a
VN-0000601,CLI-01147,PRD-0169,tienda_norte,4,1010.95,5,4043.8,transferencia,completada,2026-02-20 00:22:13,zona_b
VN-0000602,CLI-02337,PRD-0085,tienda_norte,6,105.44,10,632.64,tarjeta,completada,2026-03-30 00:29:30,zona_d
VN-0000603,CLI-01302,PRD-0112,tienda_norte,8,230.62,20,1844.96,efectivo,pendiente,2026-03-21 10:05:38,zona_d
VN-0000604,CLI-00149,PRD-0200,tienda_norte,6,33.95,0,203.7,tarjeta,completada,2026-03-23 16:53:32,zona_c
VN-0000605,CLI-01293,PRD-0141,tienda_norte,6,128.18,10,769.08,tarjeta,completada,2026-02-08 20:11:24,zona_d
VN-0000606,CLI-00881,PRD-0158,tienda_norte,3,184.03,20,552.09,transferencia,completada,2026-03-16 19:42:02,zona_d
VN-0000607,CLI-00937,PRD-0010,tienda_norte,3,147.48,0,442.44,tarjeta,completada,2026-01-14 18:31:28,zona_c
VN-0000608,CLI-01142,PRD-0135,tienda_norte,2,123.81,0,247.62,tarjeta,pendiente,2026-02-01 18:12:02,zona_b
VN-0000609,CLI-00291,PRD-0079,tienda_norte,5,291.31,0,1456.55,tarjeta,completada,2026-01-28 03:39:29,zona_d
VN-0000610,CLI-00904,PRD-0015,tienda_norte,8,54.47,5,435.76,efectivo,devuelta,2026-02-18 21:13:04,zona_d
VN-0000611,CLI-01218,PRD-0148,tienda_norte,1,146.34,5,146.34,tarjeta,completada,2026-03-09 12:12:09,zona_b
VN-0000612,CLI-00740,PRD-0055,tienda_norte,5,20.29,0,101.45,efectivo,completada,2026-01-22 05:33:44,zona_c
VN-0000613,CLI-00393,PRD-0132,tienda_norte,1,559.54,15,559.54,yape,completada,2026-03-09 04:08:18,zona_c
VN-0000614,CLI-02490,PRD-0195,tienda_norte,1,173.27,0,173.27,transferencia,completada,2026-02-14 09:04:01,zona_b
VN-0000615,CLI-02338,PRD-0124,tienda_norte,6,172.02,0,1032.12,yape,completada,2026-01-14 23:14:52,zona_c
VN-0000616,CLI-00184,PRD-0144,tienda_norte,7,78.08,0,546.56,tarjeta,completada,2026-02-11 21:40:18,zona_c
VN-0000617,CLI-02111,PRD-0191,tienda_norte,5,147.5,15,737.5,tarjeta,completada,2026-02-24 21:59:55,zona_a
VN-0000618,CLI-00415,PRD-0064,tienda_norte,2,45.18,20,90.36,yape,completada,2026-01-06 13:09:01,zona_c
VN-0000619,CLI-02265,PRD-0179,tienda_norte,4,369.64,5,1478.56,transferencia,completada,2026-02-27 00:28:32,zona_d
VN-0000620,CLI-01927,PRD-0146,tienda_norte,2,68.66,20,137.32,yape,completada,2026-01-03 06:27:54,zona_b
VN-0000621,CLI-01343,PRD-0057,tienda_norte,2,398.67,0,797.34,efectivo,completada,2026-03-11 10:15:32,zona_d
VN-0000622,CLI-01949,PRD-0013,tienda_norte,5,368.62,20,1843.1,yape,completada,2026-01-01 14:39:29,zona_b
VN-0000623,CLI-00035,PRD-0072,tienda_norte,6,32.66,0,195.96,yape,completada,2026-02-22 23:16:44,zona_a
VN-0000624,CLI-00110,PRD-0186,tienda_norte,4,60.93,20,243.72,tarjeta,completada,2026-03-05 17:05:34,zona_b
VN-0000625,CLI-01784,PRD-0165,tienda_norte,1,776.2,15,776.2,tarjeta,completada,2026-02-27 03:58:46,zona_d
VN-0000626,CLI-02489,PRD-0135,tienda_norte,1,117.62,5,117.62,tarjeta,devuelta,2026-01-01 17:59:49,zona_a
VN-0000627,CLI-02760,PRD-0044,tienda_norte,1,95.36,10,95.36,transferencia,completada,2026-01-18 02:37:35,zona_c
VN-0000628,CLI-00282,PRD-0163,tienda_norte,8,92.65,0,741.2,yape,completada,2026-01-28 09:52:56,zona_b
VN-0000629,CLI-01036,PRD-0132,tienda_norte,7,625.37,5,4377.59,yape,completada,2026-03-07 18:01:01,zona_d
VN-0000630,CLI-01169,PRD-0046,tienda_norte,4,362.76,0,1451.04,yape,completada,2026-01-21 20:07:39,zona_a
VN-0000631,CLI-00862,PRD-0151,tienda_norte,1,138.28,10,138.28,yape,completada,2026-03-21 11:29:58,zona_c
VN-0000632,CLI-00270,PRD-0186,tienda_norte,7,76.16,0,533.12,efectivo,completada,2026-02-08 12:24:21,zona_c
VN-0000633,CLI-01772,PRD-0138,tienda_norte,6,131.58,10,789.48,tarjeta,completada,2026-02-03 04:52:23,zona_d
VN-0000634,CLI-00902,PRD-0078,tienda_norte,3,52.19,5,156.57,transferencia,completada,2026-01-08 16:26:33,zona_c
VN-0000635,CLI-00171,PRD-0167,tienda_norte,6,143.12,10,858.72,tarjeta,completada,2026-01-19 12:35:42,zona_b
VN-0000636,CLI-01393,PRD-0189,tienda_norte,5,169.82,5,849.1,efectivo,completada,2026-02-24 09:18:21,zona_d
VN-0000637,CLI-02374,PRD-0195,tienda_norte,1,173.27,0,173.27,tarjeta,pendiente,2026-02-18 22:08:33,zona_b
VN-0000638,CLI-01456,PRD-0191,tienda_norte,3,173.53,0,520.59,efectivo,completada,2026-01-29 09:19:57,zona_c
VN-0000639,CLI-00750,PRD-0064,tienda_norte,3,56.47,0,169.41,efectivo,completada,2026-01-06 14:52:25,zona_d
VN-0000640,CLI-02118,PRD-0005,tienda_norte,4,212.54,0,850.16,yape,devuelta,2026-02-08 19:50:08,zona_b
VN-0000641,CLI-02444,PRD-0038,tienda_norte,4,37.58,10,150.32,tarjeta,pendiente,2026-01-12 09:22:36,zona_b
VN-0000642,CLI-02207,PRD-0114,tienda_norte,4,241.51,5,966.04,tarjeta,completada,2026-01-31 22:19:51,zona_d
VN-0000643,CLI-01483,PRD-0074,tienda_norte,8,95.22,5,761.76,efectivo,completada,2026-03-17 18:26:23,zona_b
VN-0000644,CLI-02062,PRD-0052,tienda_norte,2,293.5,25,587.0,yape,completada,2026-01-23 10:04:56,zona_a
VN-0000645,CLI-00162,PRD-0192,tienda_norte,6,69.8,25,418.8,transferencia,completada,2026-02-18 23:43:30,zona_c
VN-0000646,CLI-00854,PRD-0109,tienda_norte,6,127.43,0,764.58,tarjeta,completada,2026-01-04 01:42:33,zona_d
VN-0000647,CLI-00857,PRD-0146,tienda_norte,8,77.24,10,617.92,tarjeta,completada,2026-01-03 23:34:37,zona_c
VN-0000648,CLI-00730,PRD-0123,tienda_norte,2,36.31,10,72.62,tarjeta,completada,2026-03-04 07:37:30,zona_b
VN-0000649,CLI-01434,PRD-0138,tienda_norte,1,138.89,5,138.89,efectivo,completada,2026-02-27 07:04:20,zona_c
VN-0000650,CLI-01093,PRD-0034,tienda_norte,3,104.06,0,312.18,yape,completada,2026-01-17 22:33:40,zona_c
VN-0000651,CLI-01045,PRD-0071,tienda_norte,5,60.41,15,302.05,efectivo,completada,2026-02-15 01:25:54,zona_b
VN-0000652,CLI-00148,PRD-0003,tienda_norte,6,176.5,0,1059.0,tarjeta,completada,2026-02-27 19:46:19,zona_c
VN-0000653,CLI-01335,PRD-0054,tienda_norte,6,88.79,10,532.74,yape,completada,2026-02-26 00:47:02,zona_d
VN-0000654,CLI-01370,PRD-0134,tienda_norte,1,78.1,20,78.1,efectivo,completada,2026-02-08 11:38:04,zona_d
VN-0000655,CLI-00341,PRD-0035,tienda_norte,5,103.23,5,516.15,yape,completada,2026-03-15 03:50:42,zona_a
VN-0000656,CLI-00724,PRD-0166,tienda_norte,5,466.77,5,2333.85,tarjeta,completada,2026-01-08 14:32:59,zona_c
VN-0000657,CLI-00658,PRD-0088,tienda_norte,6,66.62,0,399.72,tarjeta,completada,2026-01-31 22:05:07,zona_d
VN-0000658,CLI-02328,PRD-0080,tienda_norte,4,128.44,10,513.76,yape,completada,2026-02-14 19:03:21,zona_b
VN-0000659,CLI-00881,PRD-0015,tienda_norte,6,45.87,20,275.22,transferencia,completada,2026-01-08 05:50:28,zona_a
VN-0000660,CLI-02392,PRD-0005,tienda_norte,8,191.29,10,1530.32,efectivo,completada,2026-02-08 21:07:53,zona_a
VN-0000661,CLI-01663,PRD-0095,tienda_norte,8,47.55,5,380.4,efectivo,completada,2026-03-12 12:26:29,zona_a
VN-0000662,CLI-01079,PRD-0142,tienda_norte,4,109.14,10,436.56,yape,completada,2026-03-21 23:01:05,zona_a
VN-0000663,CLI-02334,PRD-0170,tienda_norte,6,100.58,10,603.48,yape,completada,2026-02-28 14:50:14,zona_a
VN-0000664,CLI-02292,PRD-0058,tienda_norte,4,175.53,0,702.12,transferencia,completada,2026-03-15 06:09:07,zona_c
VN-0000665,CLI-00518,PRD-0130,tienda_norte,1,355.51,10,355.51,yape,completada,2026-01-07 09:39:06,zona_b
VN-0000666,CLI-01313,PRD-0047,tienda_norte,4,206.61,15,826.44,tarjeta,completada,2026-02-16 15:31:39,zona_c
VN-0000667,CLI-01055,PRD-0155,tienda_norte,6,138.1,0,828.6,tarjeta,completada,2026-01-19 21:30:32,zona_a
VN-0000668,CLI-02106,PRD-0137,tienda_norte,1,98.69,25,98.69,tarjeta,completada,2026-02-09 16:16:01,zona_b
VN-0000669,CLI-02480,PRD-0079,tienda_norte,8,262.18,10,2097.44,yape,completada,2026-02-18 12:39:35,zona_c
VN-0000670,CLI-02930,PRD-0040,tienda_norte,7,154.39,10,1080.73,yape,completada,2026-01-04 11:01:22,zona_b
VN-0000671,CLI-01366,PRD-0011,tienda_norte,1,71.6,5,71.6,efectivo,completada,2026-01-21 12:33:12,zona_a
VN-0000672,CLI-01807,PRD-0034,tienda_norte,8,88.45,15,707.6,tarjeta,completada,2026-01-02 04:09:10,zona_c
VN-0000673,CLI-01913,PRD-0148,tienda_norte,4,154.04,0,616.16,yape,completada,2026-03-01 20:05:13,zona_c
VN-0000674,CLI-02194,PRD-0078,tienda_norte,3,54.94,0,164.82,transferencia,completada,2026-02-01 20:02:51,zona_a
VN-0000675,CLI-02166,PRD-0197,tienda_norte,2,46.5,0,93.0,tarjeta,completada,2026-02-19 12:58:23,zona_b
VN-0000676,CLI-02297,PRD-0042,tienda_norte,8,68.51,10,548.08,tarjeta,completada,2026-03-17 03:29:22,zona_d
VN-0000677,CLI-01423,PRD-0007,tienda_norte,1,15.89,20,15.89,tarjeta,completada,2026-01-09 22:24:26,zona_a
VN-0000678,CLI-00654,PRD-0025,tienda_norte,4,298.3,25,1193.2,tarjeta,completada,2026-01-10 22:51:29,zona_b
VN-0000679,CLI-00745,PRD-0031,tienda_norte,3,310.8,0,932.4,yape,completada,2026-02-03 09:50:52,zona_b
VN-0000680,CLI-01494,PRD-0076,tienda_norte,8,129.1,5,1032.8,tarjeta,completada,2026-02-09 21:33:06,zona_a
VN-0000681,CLI-02622,PRD-0074,tienda_norte,6,90.21,10,541.26,tarjeta,completada,2026-01-09 16:11:04,zona_c
VN-0000682,CLI-00422,PRD-0192,tienda_norte,5,83.75,10,418.75,yape,completada,2026-01-27 21:10:15,zona_a
VN-0000683,CLI-02143,PRD-0139,tienda_norte,6,14.93,20,89.58,transferencia,completada,2026-02-21 19:25:23,zona_c
VN-0000684,CLI-00803,PRD-0058,tienda_norte,4,175.53,0,702.12,yape,completada,2026-02-04 00:52:26,zona_b
VN-0000685,CLI-02097,PRD-0017,tienda_norte,4,628.99,15,2515.96,tarjeta,completada,2026-03-14 19:44:04,zona_c
VN-0000686,CLI-02761,PRD-0076,tienda_norte,6,108.71,20,652.26,tarjeta,devuelta,2026-01-06 17:41:55,zona_b
VN-0000687,CLI-01623,PRD-0069,tienda_norte,1,52.47,5,52.47,efectivo,completada,2026-03-15 12:19:13,zona_a
VN-0000688,CLI-01355,PRD-0171,tienda_norte,4,29.17,5,116.68,tarjeta,completada,2026-01-25 09:38:34,zona_b
VN-0000689,CLI-00576,PRD-0023,tienda_norte,2,64.79,0,129.58,transferencia,completada,2026-03-01 22:31:30,zona_c
VN-0000690,CLI-00241,PRD-0105,tienda_norte,2,70.71,10,141.42,tarjeta,completada,2026-02-02 06:01:09,zona_b
VN-0000691,CLI-02580,PRD-0067,tienda_norte,8,96.38,5,771.04,tarjeta,completada,2026-02-03 07:31:10,zona_b
VN-0000692,CLI-01750,PRD-0083,tienda_norte,7,92.72,0,649.04,transferencia,completada,2026-03-18 14:42:40,zona_c
VN-0000693,CLI-00306,PRD-0139,tienda_norte,2,16.79,10,33.58,tarjeta,completada,2026-01-04 10:40:29,zona_d
VN-0000694,CLI-02238,PRD-0090,tienda_norte,6,10.21,15,61.26,tarjeta,completada,2026-03-20 14:10:35,zona_a
VN-0000695,CLI-02111,PRD-0001,tienda_norte,7,342.28,10,2395.96,transferencia,completada,2026-02-02 06:26:57,zona_a
VN-0000696,CLI-01097,PRD-0144,tienda_norte,3,78.08,0,234.24,efectivo,completada,2026-03-20 11:40:22,zona_c
VN-0000697,CLI-02478,PRD-0138,tienda_norte,1,146.2,0,146.2,tarjeta,completada,2026-03-15 23:57:18,zona_b
VN-0000698,CLI-00513,PRD-0156,tienda_norte,6,94.72,0,568.32,efectivo,completada,2026-03-07 22:07:20,zona_c
VN-0000699,CLI-01517,PRD-0166,tienda_norte,5,491.34,0,2456.7,efectivo,completada,2026-03-20 14:44:01,zona_a
VN-0000700,CLI-02749,PRD-0128,tienda_norte,2,48.08,5,96.16,tarjeta,completada,2026-01-15 05:09:29,zona_b
VN-0000701,CLI-01455,PRD-0185,tienda_norte,1,143.0,20,143.0,tarjeta,completada,2026-03-28 12:46:36,zona_a
VN-0000702,CLI-00673,PRD-0103,tienda_norte,1,356.84,5,356.84,efectivo,completada,2026-02-22 13:28:09,zona_b
VN-0000703,CLI-01649,PRD-0006,tienda_norte,6,336.19,15,2017.14,yape,completada,2026-01-05 04:42:58,zona_c
VN-0000704,CLI-02898,PRD-0138,tienda_norte,4,146.2,0,584.8,tarjeta,pendiente,2026-01-29 15:50:08,zona_b
VN-0000705,CLI-01547,PRD-0085,tienda_norte,8,105.44,10,843.52,transferencia,completada,2026-03-27 05:40:00,zona_d
VN-0000706,CLI-02081,PRD-0136,tienda_norte,2,103.8,0,207.6,yape,completada,2026-03-09 18:30:25,zona_d
VN-0000707,CLI-00380,PRD-0070,tienda_norte,3,508.33,0,1524.99,yape,completada,2026-01-31 19:18:37,zona_d
VN-0000708,CLI-02962,PRD-0023,tienda_norte,7,51.83,20,362.81,tarjeta,completada,2026-03-26 20:14:35,zona_c
VN-0000709,CLI-00611,PRD-0111,tienda_norte,3,73.87,0,221.61,yape,completada,2026-02-22 22:11:37,zona_c
VN-0000710,CLI-00708,PRD-0027,tienda_norte,4,30.66,0,122.64,yape,completada,2026-03-19 00:22:23,zona_c
VN-0000711,CLI-02399,PRD-0168,tienda_norte,5,257.41,15,1287.05,transferencia,completada,2026-01-24 05:04:15,zona_a
VN-0000712,CLI-01556,PRD-0051,tienda_norte,6,262.77,20,1576.62,tarjeta,completada,2026-02-21 00:35:53,zona_d
VN-0000713,CLI-00545,PRD-0060,tienda_norte,4,132.18,5,528.72,transferencia,pendiente,2026-03-27 23:30:17,zona_b
VN-0000714,CLI-01718,PRD-0158,tienda_norte,6,230.04,0,1380.24,yape,completada,2026-02-20 04:51:18,zona_c
VN-0000715,CLI-00787,PRD-0064,tienda_norte,2,56.47,0,112.94,tarjeta,completada,2026-02-18 10:03:56,zona_d
VN-0000716,CLI-00270,PRD-0032,tienda_norte,2,132.44,0,264.88,tarjeta,completada,2026-02-06 16:56:01,zona_b
VN-0000717,CLI-01701,PRD-0009,tienda_norte,6,44.53,5,267.18,yape,completada,2026-01-05 00:04:36,zona_d
VN-0000718,CLI-02268,PRD-0126,tienda_norte,2,834.58,20,1669.16,tarjeta,completada,2026-01-29 07:27:07,zona_c
VN-0000719,CLI-00067,PRD-0079,tienda_norte,1,262.18,10,262.18,tarjeta,completada,2026-01-26 08:21:25,zona_c
VN-0000720,CLI-00531,PRD-0013,tienda_norte,2,460.77,0,921.54,yape,completada,2026-02-25 01:51:06,zona_a
VN-0000721,CLI-01648,PRD-0143,tienda_norte,2,20.15,10,40.3,transferencia,devuelta,2026-03-09 02:47:44,zona_a
VN-0000722,CLI-01488,PRD-0026,tienda_norte,6,1165.21,0,6991.26,tarjeta,completada,2026-02-11 16:45:39,zona_a
VN-0000723,CLI-01079,PRD-0168,tienda_norte,7,302.83,0,2119.81,tarjeta,completada,2026-03-20 04:08:04,zona_a
VN-0000724,CLI-01814,PRD-0196,tienda_norte,1,37.11,10,37.11,yape,pendiente,2026-02-01 06:09:59,zona_c
VN-0000725,CLI-01842,PRD-0184,tienda_norte,1,134.46,10,134.46,tarjeta,completada,2026-03-03 05:57:04,zona_b
VN-0000726,CLI-00979,PRD-0121,tienda_norte,7,881.74,0,6172.18,yape,pendiente,2026-03-12 03:21:56,zona_c
VN-0000727,CLI-02943,PRD-0051,tienda_norte,7,328.46,0,2299.22,tarjeta,completada,2026-01-05 10:58:57,zona_b
VN-0000728,CLI-01607,PRD-0034,tienda_norte,4,88.45,15,353.8,yape,pendiente,2026-03-30 20:48:15,zona_c
VN-0000729,CLI-01292,PRD-0027,tienda_norte,5,30.66,0,153.3,tarjeta,completada,2026-02-01 22:28:00,zona_d
VN-0000730,CLI-00419,PRD-0008,tienda_norte,7,1107.3,0,7751.1,tarjeta,completada,2026-02-21 02:32:42,zona_b
VN-0000731,CLI-01600,PRD-0120,tienda_norte,8,276.01,5,2208.08,efectivo,completada,2026-03-01 07:21:54,zona_b
VN-0000732,CLI-02679,PRD-0110,tienda_norte,8,208.82,0,1670.56,tarjeta,completada,2026-03-29 03:05:27,zona_d
VN-0000733,CLI-02448,PRD-0060,tienda_norte,7,132.18,5,925.26,efectivo,completada,2026-01-12 14:39:33,zona_a
VN-0000734,CLI-01767,PRD-0060,tienda_norte,6,139.14,0,834.84,efectivo,completada,2026-03-16 17:53:37,zona_a
VN-0000735,CLI-01330,PRD-0187,tienda_norte,7,26.08,0,182.56,tarjeta,completada,2026-03-12 20:26:05,zona_c
VN-0000736,CLI-00335,PRD-0118,tienda_norte,6,45.25,15,271.5,transferencia,devuelta,2026-03-08 10:19:37,zona_d
VN-0000737,CLI-00157,PRD-0011,tienda_norte,1,67.83,10,67.83,yape,completada,2026-03-08 14:26:16,zona_d
VN-0000738,CLI-02005,PRD-0151,tienda_norte,4,138.28,10,553.12,efectivo,completada,2026-02-09 03:02:15,zona_c
VN-0000739,CLI-01352,PRD-0164,tienda_norte,4,305.63,10,1222.52,yape,completada,2026-02-16 09:43:59,zona_b
VN-0000740,CLI-00898,PRD-0023,tienda_norte,1,58.31,10,58.31,yape,completada,2026-01-14 13:06:22,zona_b
VN-0000741,CLI-02404,PRD-0066,tienda_norte,7,737.18,10,5160.26,efectivo,completada,2026-03-07 13:09:41,zona_c
VN-0000742,CLI-00429,PRD-0136,tienda_norte,2,98.61,5,197.22,tarjeta,completada,2026-03-21 07:43:52,zona_a
VN-0000743,CLI-01185,PRD-0070,tienda_norte,4,381.25,25,1525.0,tarjeta,pendiente,2026-02-14 20:10:07,zona_a
VN-0000744,CLI-00858,PRD-0033,tienda_norte,3,696.3,0,2088.9,yape,completada,2026-02-25 05:13:28,zona_d
VN-0000745,CLI-02377,PRD-0098,tienda_norte,1,674.21,15,674.21,tarjeta,completada,2026-01-01 10:03:01,zona_c
VN-0000746,CLI-00802,PRD-0022,tienda_norte,5,61.24,5,306.2,efectivo,completada,2026-01-12 00:01:41,zona_a
VN-0000747,CLI-01408,PRD-0053,tienda_norte,2,5.18,0,10.36,yape,completada,2026-03-22 13:20:13,zona_d
VN-0000748,CLI-02870,PRD-0144,tienda_norte,4,74.18,5,296.72,efectivo,completada,2026-02-28 03:15:37,zona_c
VN-0000749,CLI-00869,PRD-0158,tienda_norte,3,218.54,5,655.62,yape,completada,2026-02-27 18:16:53,zona_d
VN-0000750,CLI-01980,PRD-0017,tienda_norte,3,739.99,0,2219.97,transferencia,pendiente,2026-03-27 09:12:53,zona_d
VN-0000751,CLI-02096,PRD-0053,tienda_norte,6,5.18,0,31.08,yape,pendiente,2026-01-19 07:10:44,zona_b
VN-0000752,CLI-00070,PRD-0089,tienda_norte,4,62.06,10,248.24,transferencia,completada,2026-02-18 14:32:22,zona_c
VN-0000753,CLI-01431,PRD-0151,tienda_norte,8,153.64,0,1229.12,transferencia,completada,2026-03-19 16:55:54,zona_d
VN-0000754,CLI-00930,PRD-0058,tienda_norte,3,175.53,0,526.59,tarjeta,completada,2026-03-20 16:06:02,zona_d
VN-0000755,CLI-02602,PRD-0052,tienda_norte,3,391.33,0,1173.99,tarjeta,completada,2026-01-27 19:41:10,zona_b
VN-0000756,CLI-02586,PRD-0089,tienda_norte,2,68.95,0,137.9,efectivo,completada,2026-02-04 13:53:19,zona_c
VN-0000757,CLI-00136,PRD-0120,tienda_norte,7,232.43,20,1627.01,yape,completada,2026-01-02 01:17:54,zona_b
VN-0000758,CLI-00860,PRD-0081,tienda_norte,7,98.39,15,688.73,efectivo,completada,2026-01-23 17:15:15,zona_b
VN-0000759,CLI-01518,PRD-0127,tienda_norte,6,38.99,5,233.94,tarjeta,completada,2026-01-21 11:43:06,zona_c
VN-0000760,CLI-01720,PRD-0199,tienda_norte,6,337.58,10,2025.48,tarjeta,completada,2026-01-04 06:44:43,zona_c
VN-0000761,CLI-00587,PRD-0181,tienda_norte,2,90.38,15,180.76,tarjeta,completada,2026-02-12 17:18:28,zona_a
VN-0000762,CLI-00523,PRD-0109,tienda_norte,8,114.69,10,917.52,tarjeta,completada,2026-03-28 04:16:52,zona_c
VN-0000763,CLI-01912,PRD-0115,tienda_norte,6,1086.95,5,6521.7,efectivo,completada,2026-01-23 17:42:37,zona_b
VN-0000764,CLI-00530,PRD-0134,tienda_norte,1,97.62,0,97.62,tarjeta,completada,2026-01-19 10:17:51,zona_d
VN-0000765,CLI-01190,PRD-0034,tienda_norte,1,93.65,10,93.65,yape,completada,2026-02-19 09:22:38,zona_c
VN-0000766,CLI-00615,PRD-0061,tienda_norte,1,857.31,0,857.31,tarjeta,completada,2026-03-25 22:07:38,zona_b
VN-0000767,CLI-00064,PRD-0029,tienda_norte,7,95.54,5,668.78,yape,devuelta,2026-02-03 19:35:36,zona_a
VN-0000768,CLI-00074,PRD-0037,tienda_norte,3,71.55,5,214.65,yape,completada,2026-01-16 19:00:02,zona_c
VN-0000769,CLI-01665,PRD-0001,tienda_norte,6,380.31,0,2281.86,yape,completada,2026-03-09 17:38:14,zona_b
VN-0000770,CLI-02211,PRD-0034,tienda_norte,6,98.86,5,593.16,transferencia,completada,2026-01-01 11:28:51,zona_a
VN-0000771,CLI-01862,PRD-0154,tienda_norte,8,43.04,10,344.32,yape,completada,2026-03-23 17:57:52,zona_c
VN-0000772,CLI-02621,PRD-0198,tienda_norte,8,341.62,5,2732.96,transferencia,devuelta,2026-02-12 20:04:03,zona_c
VN-0000773,CLI-01411,PRD-0110,tienda_norte,4,177.5,15,710.0,tarjeta,completada,2026-03-14 05:50:52,zona_a
VN-0000774,CLI-01060,PRD-0086,tienda_norte,4,17.6,0,70.4,transferencia,completada,2026-03-27 16:10:05,zona_c
VN-0000775,CLI-00971,PRD-0002,tienda_norte,8,35.98,0,287.84,transferencia,pendiente,2026-01-17 09:03:34,zona_a
VN-0000776,CLI-02704,PRD-0157,tienda_norte,1,269.24,0,269.24,tarjeta,completada,2026-02-01 09:27:20,zona_d
VN-0000777,CLI-00496,PRD-0137,tienda_norte,3,125.01,5,375.03,transferencia,completada,2026-02-22 21:58:44,zona_a
VN-0000778,CLI-01635,PRD-0020,tienda_norte,2,325.09,0,650.18,tarjeta,completada,2026-01-01 20:48:08,zona_d
VN-0000779,CLI-00623,PRD-0041,tienda_norte,5,170.99,0,854.95,yape,completada,2026-02-23 10:15:09,zona_b
VN-0000780,CLI-01969,PRD-0138,tienda_norte,7,146.2,0,1023.4,tarjeta,completada,2026-03-01 12:47:27,zona_d
VN-0000781,CLI-01991,PRD-0141,tienda_norte,5,142.42,0,712.1,yape,completada,2026-02-15 04:00:12,zona_a
VN-0000782,CLI-02564,PRD-0165,tienda_norte,4,913.18,0,3652.72,tarjeta,devuelta,2026-01-26 11:08:54,zona_a
VN-0000783,CLI-00831,PRD-0119,tienda_norte,5,170.18,0,850.9,yape,completada,2026-03-05 23:49:07,zona_b
VN-0000784,CLI-01323,PRD-0054,tienda_norte,1,98.65,0,98.65,tarjeta,completada,2026-02-26 05:36:19,zona_d
VN-0000785,CLI-02992,PRD-0178,tienda_norte,2,83.22,5,166.44,yape,completada,2026-02-06 06:58:55,zona_b
VN-0000786,CLI-00888,PRD-0100,tienda_norte,3,272.05,25,816.15,tarjeta,completada,2026-03-08 18:51:56,zona_d
VN-0000787,CLI-01801,PRD-0142,tienda_norte,7,121.27,0,848.89,tarjeta,completada,2026-01-24 11:06:06,zona_b
VN-0000788,CLI-01276,PRD-0023,tienda_norte,2,64.79,0,129.58,tarjeta,completada,2026-03-17 04:04:07,zona_a
VN-0000789,CLI-01283,PRD-0107,tienda_norte,4,52.86,0,211.44,yape,completada,2026-01-01 03:12:25,zona_a
VN-0000790,CLI-02004,PRD-0046,tienda_norte,5,308.35,15,1541.75,efectivo,completada,2026-03-23 05:58:31,zona_a
VN-0000791,CLI-01453,PRD-0181,tienda_norte,3,106.33,0,318.99,efectivo,completada,2026-01-22 08:01:37,zona_b
VN-0000792,CLI-00030,PRD-0068,tienda_norte,2,149.99,10,299.98,tarjeta,completada,2026-02-12 04:48:00,zona_c
VN-0000793,CLI-02885,PRD-0132,tienda_norte,1,559.54,15,559.54,efectivo,pendiente,2026-02-15 11:50:26,zona_a
VN-0000794,CLI-01323,PRD-0114,tienda_norte,3,254.22,0,762.66,transferencia,pendiente,2026-02-09 20:04:19,zona_c
VN-0000795,CLI-01702,PRD-0181,tienda_norte,8,85.06,20,680.48,transferencia,completada,2026-01-29 11:00:12,zona_c
VN-0000796,CLI-00892,PRD-0018,tienda_norte,4,143.21,0,572.84,yape,completada,2026-02-14 05:39:48,zona_d
VN-0000797,CLI-01265,PRD-0062,tienda_norte,7,127.56,0,892.92,transferencia,completada,2026-02-25 14:04:08,zona_a
VN-0000798,CLI-02236,PRD-0112,tienda_norte,4,288.27,0,1153.08,transferencia,completada,2026-01-12 17:35:41,zona_a
VN-0000799,CLI-01131,PRD-0044,tienda_norte,7,105.96,0,741.72,yape,devuelta,2026-03-26 23:19:12,zona_a
VN-0000800,CLI-01058,PRD-0065,tienda_norte,6,169.6,15,1017.6,transferencia,completada,2026-01-03 12:35:21,zona_a
VN-0000801,CLI-00697,PRD-0032,tienda_norte,4,132.44,0,529.76,tarjeta,completada,2026-03-13 12:02:19,zona_c
VN-0000802,CLI-00906,PRD-0036,tienda_norte,7,43.1,0,301.7,tarjeta,completada,2026-02-10 06:19:07,zona_a
VN-0000803,CLI-02344,PRD-0014,tienda_norte,3,299.8,5,899.4,tarjeta,pendiente,2026-03-13 12:17:32,zona_c
VN-0000804,CLI-00510,PRD-0182,tienda_norte,2,116.18,0,232.36,efectivo,completada,2026-02-20 10:46:20,zona_a
VN-0000805,CLI-00940,PRD-0164,tienda_norte,2,322.61,5,645.22,tarjeta,completada,2026-03-12 01:23:02,zona_d
VN-0000806,CLI-02675,PRD-0108,tienda_norte,8,111.46,20,891.68,transferencia,completada,2026-02-21 05:47:55,zona_d
VN-0000807,CLI-00508,PRD-0060,tienda_norte,6,139.14,0,834.84,efectivo,completada,2026-02-07 18:21:57,zona_c
VN-0000808,CLI-01703,PRD-0175,tienda_norte,4,74.48,0,297.92,efectivo,completada,2026-01-18 19:45:21,zona_a
VN-0000809,CLI-00222,PRD-0139,tienda_norte,1,17.73,5,17.73,tarjeta,completada,2026-03-12 10:21:56,zona_b
VN-0000810,CLI-01056,PRD-0098,tienda_norte,5,753.53,5,3767.65,efectivo,completada,2026-02-19 00:39:45,zona_a
VN-0000811,CLI-00299,PRD-0147,tienda_norte,5,47.46,5,237.3,tarjeta,completada,2026-03-24 00:53:15,zona_d
VN-0000812,CLI-00702,PRD-0011,tienda_norte,4,75.37,0,301.48,tarjeta,completada,2026-03-07 12:04:51,zona_d
VN-0000813,CLI-01288,PRD-0167,tienda_norte,4,135.17,15,540.68,tarjeta,completada,2026-03-01 04:37:03,zona_c
VN-0000814,CLI-00319,PRD-0175,tienda_norte,2,63.31,15,126.62,tarjeta,completada,2026-01-12 15:41:19,zona_b
VN-0000815,CLI-01236,PRD-0080,tienda_norte,5,135.57,5,677.85,transferencia,completada,2026-03-27 20:58:03,zona_a
VN-0000816,CLI-00868,PRD-0035,tienda_norte,5,108.66,0,543.3,yape,completada,2026-03-31 03:26:20,zona_a
VN-0000817,CLI-00367,PRD-0140,tienda_norte,1,111.94,5,111.94,yape,completada,2026-02-02 06:02:03,zona_a
VN-0000818,CLI-01444,PRD-0156,tienda_norte,4,89.98,5,359.92,yape,completada,2026-03-05 01:18:08,zona_c
VN-0000819,CLI-00392,PRD-0093,tienda_norte,1,901.82,0,901.82,transferencia,devuelta,2026-03-31 13:24:28,zona_a
VN-0000820,CLI-00276,PRD-0197,tienda_norte,1,46.5,0,46.5,tarjeta,devuelta,2026-02-28 18:05:57,zona_d
VN-0000821,CLI-01322,PRD-0181,tienda_norte,7,95.7,10,669.9,yape,completada,2026-03-29 08:17:47,zona_c
VN-0000822,CLI-02957,PRD-0106,tienda_norte,7,186.93,20,1308.51,tarjeta,completada,2026-02-15 03:29:55,zona_c
VN-0000823,CLI-01243,PRD-0185,tienda_norte,2,178.75,0,357.5,efectivo,completada,2026-03-01 07:41:25,zona_d
VN-0000824,CLI-01587,PRD-0085,tienda_norte,5,93.72,20,468.6,tarjeta,pendiente,2026-02-07 22:55:28,zona_c
VN-0000825,CLI-02836,PRD-0133,tienda_norte,7,87.16,10,610.12,tarjeta,completada,2026-02-07 09:52:20,zona_d
VN-0000826,CLI-01662,PRD-0142,tienda_norte,3,109.14,10,327.42,efectivo,completada,2026-03-17 04:47:40,zona_b
VN-0000827,CLI-02806,PRD-0090,tienda_norte,3,11.41,5,34.23,yape,completada,2026-02-20 15:26:06,zona_c
VN-0000828,CLI-01067,PRD-0164,tienda_norte,1,305.63,10,305.63,yape,completada,2026-03-05 13:51:48,zona_c
VN-0000829,CLI-01511,PRD-0012,tienda_norte,7,138.71,10,970.97,efectivo,devuelta,2026-01-01 06:56:43,zona_c
VN-0000830,CLI-01066,PRD-0110,tienda_norte,4,208.82,0,835.28,yape,completada,2026-01-25 11:28:10,zona_d
VN-0000831,CLI-00938,PRD-0109,tienda_norte,4,127.43,0,509.72,yape,completada,2026-01-03 01:08:43,zona_c
VN-0000832,CLI-02065,PRD-0029,tienda_norte,5,95.54,5,477.7,yape,completada,2026-03-16 13:46:15,zona_d
VN-0000833,CLI-01409,PRD-0112,tienda_norte,2,245.03,15,490.06,yape,devuelta,2026-03-05 12:44:30,zona_c
VN-0000834,CLI-01835,PRD-0071,tienda_norte,3,71.07,0,213.21,efectivo,devuelta,2026-03-01 21:47:39,zona_a
VN-0000835,CLI-02627,PRD-0098,tienda_norte,7,713.87,10,4997.09,tarjeta,devuelta,2026-01-03 00:23:44,zona_b
VN-0000836,CLI-02603,PRD-0137,tienda_norte,8,111.85,15,894.8,tarjeta,completada,2026-03-02 22:35:57,zona_b
VN-0000837,CLI-02968,PRD-0021,tienda_norte,8,17.3,5,138.4,tarjeta,completada,2026-01-28 17:05:53,zona_c
VN-0000838,CLI-00568,PRD-0066,tienda_norte,5,778.14,5,3890.7,efectivo,completada,2026-01-05 16:32:13,zona_c
VN-0000839,CLI-01696,PRD-0066,tienda_norte,6,778.14,5,4668.84,yape,completada,2026-03-22 15:25:56,zona_b
VN-0000840,CLI-02982,PRD-0096,tienda_norte,2,58.57,25,117.14,efectivo,completada,2026-01-30 13:09:38,zona_c
VN-0000841,CLI-01327,PRD-0109,tienda_norte,2,127.43,0,254.86,yape,devuelta,2026-01-22 22:41:48,zona_d
VN-0000842,CLI-00613,PRD-0025,tienda_norte,8,377.84,5,3022.72,tarjeta,completada,2026-03-19 11:30:21,zona_b
VN-0000843,CLI-00965,PRD-0137,tienda_norte,6,118.43,10,710.58,tarjeta,completada,2026-01-02 22:30:04,zona_a
VN-0000844,CLI-00391,PRD-0049,tienda_norte,3,890.19,15,2670.57,tarjeta,pendiente,2026-01-15 19:22:05,zona_d
VN-0000845,CLI-01564,PRD-0027,tienda_norte,8,29.13,5,233.04,transferencia,completada,2026-02-20 19:10:03,zona_b
VN-0000846,CLI-00597,PRD-0184,tienda_norte,8,149.4,0,1195.2,tarjeta,completada,2026-02-13 21:50:01,zona_b
VN-0000847,CLI-00812,PRD-0075,tienda_norte,6,57.92,15,347.52,transferencia,completada,2026-01-27 09:40:30,zona_a
VN-0000848,CLI-01216,PRD-0112,tienda_norte,6,288.27,0,1729.62,yape,completada,2026-01-29 13:29:24,zona_d
VN-0000849,CLI-02371,PRD-0059,tienda_norte,2,145.94,0,291.88,efectivo,completada,2026-01-03 22:26:45,zona_c
VN-0000850,CLI-02095,PRD-0023,tienda_norte,4,51.83,20,207.32,yape,completada,2026-03-08 23:53:56,zona_b
VN-0000851,CLI-02871,PRD-0171,tienda_norte,4,24.57,20,98.28,tarjeta,completada,2026-03-28 23:34:46,zona_d
VN-0000852,CLI-01342,PRD-0077,tienda_norte,8,59.81,0,478.48,tarjeta,completada,2026-01-15 20:19:08,zona_c
VN-0000853,CLI-02163,PRD-0142,tienda_norte,3,90.95,25,272.85,efectivo,devuelta,2026-03-27 18:23:11,zona_c
VN-0000854,CLI-00592,PRD-0080,tienda_norte,5,128.44,10,642.2,tarjeta,completada,2026-02-14 10:22:40,zona_d
VN-0000855,CLI-01299,PRD-0098,tienda_norte,6,793.19,0,4759.14,efectivo,devuelta,2026-01-04 03:03:59,zona_a
VN-0000856,CLI-00128,PRD-0006,tienda_norte,4,395.52,0,1582.08,yape,completada,2026-03-13 14:05:24,zona_c
VN-0000857,CLI-00792,PRD-0127,tienda_norte,7,41.04,0,287.28,tarjeta,completada,2026-02-28 12:07:14,zona_b
VN-0000858,CLI-01697,PRD-0050,tienda_norte,8,11.33,0,90.64,yape,completada,2026-03-13 18:16:12,zona_b
VN-0000859,CLI-01826,PRD-0172,tienda_norte,5,143.3,0,716.5,transferencia,completada,2026-03-14 17:44:59,zona_d
VN-0000860,CLI-00466,PRD-0034,tienda_norte,7,104.06,0,728.42,yape,completada,2026-01-14 21:56:29,zona_c
VN-0000861,CLI-01749,PRD-0071,tienda_norte,4,71.07,0,284.28,yape,completada,2026-01-12 10:19:04,zona_a
VN-0000862,CLI-00673,PRD-0039,tienda_norte,8,51.92,15,415.36,tarjeta,completada,2026-01-04 12:29:22,zona_a
VN-0000863,CLI-00556,PRD-0091,tienda_norte,8,47.32,5,378.56,tarjeta,completada,2026-01-12 23:35:23,zona_d
VN-0000864,CLI-01720,PRD-0017,tienda_norte,5,739.99,0,3699.95,yape,pendiente,2026-03-31 12:20:41,zona_a
VN-0000865,CLI-00728,PRD-0096,tienda_norte,6,78.09,0,468.54,efectivo,completada,2026-01-18 15:31:32,zona_b
VN-0000866,CLI-02169,PRD-0013,tienda_norte,7,414.69,10,2902.83,tarjeta,completada,2026-02-15 20:58:03,zona_a
VN-0000867,CLI-01945,PRD-0022,tienda_norte,4,64.46,0,257.84,efectivo,completada,2026-01-11 02:35:17,zona_b
VN-0000868,CLI-02448,PRD-0140,tienda_norte,2,106.05,10,212.1,transferencia,completada,2026-01-03 15:55:33,zona_d
VN-0000869,CLI-00056,PRD-0026,tienda_norte,4,932.17,20,3728.68,tarjeta,completada,2026-02-28 04:49:33,zona_c
VN-0000870,CLI-01671,PRD-0070,tienda_norte,6,508.33,0,3049.98,efectivo,devuelta,2026-03-24 00:37:48,zona_c
VN-0000871,CLI-02698,PRD-0139,tienda_norte,5,18.66,0,93.3,transferencia,completada,2026-02-06 01:34:28,zona_c
VN-0000872,CLI-00780,PRD-0164,tienda_norte,6,305.63,10,1833.78,transferencia,completada,2026-01-05 03:45:47,zona_c
VN-0000873,CLI-02031,PRD-0086,tienda_norte,2,16.72,5,33.44,efectivo,completada,2026-02-28 08:59:36,zona_d
VN-0000874,CLI-01594,PRD-0078,tienda_norte,3,46.7,15,140.1,yape,completada,2026-02-03 21:24:06,zona_b
VN-0000875,CLI-02819,PRD-0148,tienda_norte,5,138.64,10,693.2,yape,devuelta,2026-03-21 04:42:32,zona_a
VN-0000876,CLI-02822,PRD-0098,tienda_norte,4,753.53,5,3014.12,tarjeta,completada,2026-03-18 15:24:00,zona_d
VN-0000877,CLI-00221,PRD-0086,tienda_norte,1,15.84,10,15.84,tarjeta,completada,2026-02-20 21:23:13,zona_c
VN-0000878,CLI-00066,PRD-0195,tienda_norte,7,147.28,15,1030.96,transferencia,completada,2026-03-21 05:48:42,zona_a
VN-0000879,CLI-01235,PRD-0016,tienda_norte,4,200.22,0,800.88,tarjeta,pendiente,2026-01-10 16:00:10,zona_d
VN-0000880,CLI-01979,PRD-0045,tienda_norte,6,35.29,5,211.74,tarjeta,completada,2026-01-31 08:34:54,zona_c
VN-0000881,CLI-01239,PRD-0189,tienda_norte,2,169.82,5,339.64,efectivo,completada,2026-02-16 00:16:13,zona_a
VN-0000882,CLI-00481,PRD-0151,tienda_norte,7,130.59,15,914.13,tarjeta,completada,2026-03-16 17:30:42,zona_b
VN-0000883,CLI-01778,PRD-0110,tienda_norte,1,198.38,5,198.38,efectivo,completada,2026-01-18 09:01:54,zona_a
VN-0000884,CLI-02039,PRD-0044,tienda_norte,8,95.36,10,762.88,yape,completada,2026-02-13 12:29:36,zona_b
VN-0000885,CLI-02108,PRD-0092,tienda_norte,2,1162.25,0,2324.5,yape,completada,2026-03-08 03:01:25,zona_a
VN-0000886,CLI-00367,PRD-0106,tienda_norte,3,198.61,15,595.83,yape,completada,2026-03-26 17:49:12,zona_d
VN-0000887,CLI-00840,PRD-0097,tienda_norte,6,135.02,20,810.12,tarjeta,completada,2026-02-08 07:29:38,zona_a
VN-0000888,CLI-02420,PRD-0085,tienda_norte,3,117.15,0,351.45,efectivo,completada,2026-03-16 22:40:41,zona_b
VN-0000889,CLI-01074,PRD-0063,tienda_norte,3,215.94,0,647.82,tarjeta,completada,2026-01-30 08:16:37,zona_c
VN-0000890,CLI-00031,PRD-0020,tienda_norte,2,325.09,0,650.18,yape,completada,2026-01-06 13:25:24,zona_b
VN-0000891,CLI-01333,PRD-0180,tienda_norte,4,16.31,0,65.24,transferencia,completada,2026-02-26 18:41:01,zona_c
VN-0000892,CLI-02342,PRD-0109,tienda_norte,6,121.06,5,726.36,yape,completada,2026-01-01 22:16:22,zona_d
VN-0000893,CLI-02898,PRD-0165,tienda_norte,3,913.18,0,2739.54,efectivo,completada,2026-03-07 13:49:36,zona_c
VN-0000894,CLI-02228,PRD-0170,tienda_norte,1,106.17,5,106.17,tarjeta,devuelta,2026-02-20 11:39:05,zona_d
VN-0000895,CLI-00067,PRD-0084,tienda_norte,5,111.13,0,555.65,yape,completada,2026-03-14 01:38:31,zona_a
VN-0000896,CLI-01297,PRD-0005,tienda_norte,3,212.54,0,637.62,yape,completada,2026-01-13 05:19:40,zona_b
VN-0000897,CLI-02375,PRD-0150,tienda_norte,3,779.21,5,2337.63,tarjeta,completada,2026-03-02 13:00:50,zona_b
VN-0000898,CLI-01235,PRD-0129,tienda_norte,1,99.95,0,99.95,yape,completada,2026-03-13 21:45:35,zona_b
VN-0000899,CLI-01704,PRD-0200,tienda_norte,8,28.86,15,230.88,yape,completada,2026-01-05 22:48:28,zona_d
VN-0000900,CLI-01157,PRD-0111,tienda_norte,5,73.87,0,369.35,tarjeta,completada,2026-01-11 23:45:11,zona_c
VN-0000901,CLI-02502,PRD-0059,tienda_norte,5,145.94,0,729.7,efectivo,completada,2026-03-29 05:48:52,zona_b
VN-0000902,CLI-01219,PRD-0003,tienda_norte,1,176.5,0,176.5,tarjeta,completada,2026-03-05 01:04:22,zona_a
VN-0000903,CLI-00297,PRD-0128,tienda_norte,5,45.55,10,227.75,transferencia,completada,2026-01-09 10:01:05,zona_b
VN-0000904,CLI-00889,PRD-0196,tienda_norte,2,41.23,0,82.46,transferencia,devuelta,2026-02-26 02:20:57,zona_d
VN-0000905,CLI-00414,PRD-0141,tienda_norte,7,142.42,0,996.94,efectivo,completada,2026-02-02 07:37:36,zona_a
VN-0000906,CLI-00168,PRD-0125,tienda_norte,4,266.29,15,1065.16,tarjeta,pendiente,2026-01-04 06:44:48,zona_d
VN-0000907,CLI-01122,PRD-0145,tienda_norte,7,340.64,0,2384.48,tarjeta,completada,2026-03-22 11:57:51,zona_c
VN-0000908,CLI-02172,PRD-0100,tienda_norte,4,362.73,0,1450.92,yape,completada,2026-03-25 06:28:06,zona_c
VN-0000909,CLI-02813,PRD-0095,tienda_norte,4,45.05,10,180.2,tarjeta,completada,2026-02-13 10:43:22,zona_c
VN-0000910,CLI-00156,PRD-0104,tienda_norte,3,176.34,10,529.02,tarjeta,devuelta,2026-03-15 23:02:52,zona_c
VN-0000911,CLI-00297,PRD-0012,tienda_norte,2,131.0,15,262.0,transferencia,completada,2026-03-18 14:12:50,zona_a
VN-0000912,CLI-00600,PRD-0158,tienda_norte,4,218.54,5,874.16,tarjeta,completada,2026-01-24 04:11:43,zona_a
VN-0000913,CLI-01547,PRD-0102,tienda_norte,6,67.2,10,403.2,transferencia,completada,2026-02-09 12:15:21,zona_d
VN-0000914,CLI-01513,PRD-0146,tienda_norte,5,81.53,5,407.65,tarjeta,completada,2026-03-11 06:51:19,zona_c
VN-0000915,CLI-02681,PRD-0165,tienda_norte,1,684.88,25,684.88,tarjeta,completada,2026-03-26 21:19:13,zona_d
VN-0000916,CLI-02203,PRD-0162,tienda_norte,1,84.67,0,84.67,tarjeta,completada,2026-01-27 01:50:35,zona_a
VN-0000917,CLI-01334,PRD-0175,tienda_norte,6,74.48,0,446.88,tarjeta,completada,2026-02-26 10:34:29,zona_d
VN-0000918,CLI-00636,PRD-0034,tienda_norte,6,93.65,10,561.9,yape,completada,2026-03-31 11:42:42,zona_b
VN-0000919,CLI-00205,PRD-0139,tienda_norte,3,18.66,0,55.98,yape,completada,2026-03-23 07:20:01,zona_d
VN-0000920,CLI-00983,PRD-0041,tienda_norte,2,170.99,0,341.98,yape,completada,2026-02-05 16:18:39,zona_b
VN-0000921,CLI-01603,PRD-0110,tienda_norte,2,208.82,0,417.64,yape,completada,2026-02-16 08:38:37,zona_c
VN-0000922,CLI-02367,PRD-0122,tienda_norte,5,212.08,15,1060.4,transferencia,completada,2026-03-18 12:34:18,zona_d
VN-0000923,CLI-02469,PRD-0116,tienda_norte,1,7.83,15,7.83,efectivo,completada,2026-01-04 15:26:51,zona_c
VN-0000924,CLI-02431,PRD-0048,tienda_norte,2,291.85,5,583.7,tarjeta,completada,2026-03-31 16:46:00,zona_d
VN-0000925,CLI-02089,PRD-0023,tienda_norte,8,58.31,10,466.48,yape,completada,2026-03-09 05:49:09,zona_d
VN-0000926,CLI-00315,PRD-0170,tienda_norte,5,111.76,0,558.8,efectivo,completada,2026-02-02 13:01:11,zona_a
VN-0000927,CLI-01475,PRD-0127,tienda_norte,5,41.04,0,205.2,yape,completada,2026-01-11 17:42:34,zona_a
VN-0000928,CLI-02179,PRD-0099,tienda_norte,6,360.62,0,2163.72,tarjeta,completada,2026-03-28 14:35:28,zona_c
VN-0000929,CLI-00207,PRD-0078,tienda_norte,2,43.95,20,87.9,yape,completada,2026-02-08 05:50:47,zona_b
VN-0000930,CLI-02155,PRD-0013,tienda_norte,1,460.77,0,460.77,tarjeta,pendiente,2026-01-29 13:47:37,zona_a
VN-0000931,CLI-00699,PRD-0192,tienda_norte,2,79.1,15,158.2,tarjeta,completada,2026-03-11 15:51:18,zona_b
VN-0000932,CLI-01935,PRD-0143,tienda_norte,2,21.27,5,42.54,transferencia,completada,2026-03-04 18:45:55,zona_a
VN-0000933,CLI-00433,PRD-0098,tienda_norte,3,753.53,5,2260.59,efectivo,completada,2026-01-21 16:13:19,zona_b
VN-0000934,CLI-02876,PRD-0179,tienda_norte,8,389.09,0,3112.72,tarjeta,completada,2026-02-18 22:35:30,zona_d
VN-0000935,CLI-00761,PRD-0088,tienda_norte,4,49.97,25,199.88,tarjeta,completada,2026-01-19 03:19:18,zona_c
VN-0000936,CLI-02762,PRD-0029,tienda_norte,7,95.54,5,668.78,yape,completada,2026-01-07 13:04:30,zona_d
VN-0000937,CLI-00032,PRD-0191,tienda_norte,1,173.53,0,173.53,yape,pendiente,2026-03-20 19:30:13,zona_a
VN-0000938,CLI-02177,PRD-0115,tienda_norte,2,1086.95,5,2173.9,tarjeta,completada,2026-02-15 12:42:11,zona_c
VN-0000939,CLI-01506,PRD-0100,tienda_norte,1,362.73,0,362.73,efectivo,completada,2026-03-14 13:32:29,zona_b
VN-0000940,CLI-00158,PRD-0161,tienda_norte,3,28.69,15,86.07,yape,completada,2026-02-25 08:46:43,zona_d
VN-0000941,CLI-01772,PRD-0188,tienda_norte,6,79.03,25,474.18,yape,completada,2026-01-25 07:53:45,zona_d
VN-0000942,CLI-00713,PRD-0064,tienda_norte,5,56.47,0,282.35,transferencia,completada,2026-02-14 22:55:00,zona_b
VN-0000943,CLI-01055,PRD-0138,tienda_norte,3,131.58,10,394.74,tarjeta,devuelta,2026-02-01 04:44:07,zona_c
VN-0000944,CLI-02031,PRD-0002,tienda_norte,1,35.98,0,35.98,tarjeta,completada,2026-01-06 05:46:41,zona_c
VN-0000945,CLI-02618,PRD-0193,tienda_norte,3,41.94,10,125.82,tarjeta,devuelta,2026-03-26 17:06:35,zona_a
VN-0000946,CLI-02501,PRD-0171,tienda_norte,7,30.71,0,214.97,transferencia,completada,2026-03-28 02:32:23,zona_d
VN-0000947,CLI-01720,PRD-0156,tienda_norte,2,94.72,0,189.44,tarjeta,completada,2026-02-02 12:41:09,zona_c
VN-0000948,CLI-02417,PRD-0115,tienda_norte,8,972.54,15,7780.32,tarjeta,completada,2026-03-03 16:52:53,zona_d
VN-0000949,CLI-01579,PRD-0071,tienda_norte,8,71.07,0,568.56,transferencia,completada,2026-03-18 07:46:34,zona_d
VN-0000950,CLI-02821,PRD-0156,tienda_norte,2,75.78,20,151.56,yape,devuelta,2026-03-10 22:00:39,zona_c
VN-0000951,CLI-01949,PRD-0045,tienda_norte,4,37.15,0,148.6,yape,completada,2026-03-21 09:16:41,zona_c
VN-0000952,CLI-02140,PRD-0129,tienda_norte,1,89.95,10,89.95,transferencia,completada,2026-02-10 20:46:19,zona_b
VN-0000953,CLI-00381,PRD-0144,tienda_norte,4,78.08,0,312.32,transferencia,completada,2026-01-18 06:23:41,zona_b
VN-0000954,CLI-00232,PRD-0126,tienda_norte,8,834.58,20,6676.64,tarjeta,pendiente,2026-02-15 04:39:50,zona_a
VN-0000955,CLI-01344,PRD-0028,tienda_norte,4,8.52,0,34.08,tarjeta,completada,2026-03-27 17:42:39,zona_b
VN-0000956,CLI-01710,PRD-0140,tienda_norte,5,117.83,0,589.15,efectivo,completada,2026-02-25 11:43:26,zona_a
VN-0000957,CLI-01064,PRD-0152,tienda_norte,3,99.91,0,299.73,efectivo,completada,2026-01-09 06:48:34,zona_b
VN-0000958,CLI-01581,PRD-0057,tienda_norte,7,378.74,5,2651.18,efectivo,completada,2026-03-05 04:16:40,zona_a
VN-0000959,CLI-01891,PRD-0078,tienda_norte,6,52.19,5,313.14,yape,completada,2026-03-21 08:26:53,zona_d
VN-0000960,CLI-01700,PRD-0016,tienda_norte,1,190.21,5,190.21,transferencia,completada,2026-01-08 23:16:53,zona_a
VN-0000961,CLI-02476,PRD-0154,tienda_norte,4,47.82,0,191.28,tarjeta,completada,2026-03-29 02:26:03,zona_b
VN-0000962,CLI-02526,PRD-0015,tienda_norte,5,43.01,25,215.05,tarjeta,completada,2026-03-21 19:16:35,zona_c
VN-0000963,CLI-02906,PRD-0037,tienda_norte,2,67.79,10,135.58,efectivo,completada,2026-02-08 18:59:05,zona_b
VN-0000964,CLI-02081,PRD-0057,tienda_norte,3,318.94,20,956.82,tarjeta,completada,2026-03-19 09:38:21,zona_b
VN-0000965,CLI-00483,PRD-0156,tienda_norte,6,85.25,10,511.5,transferencia,devuelta,2026-02-13 17:15:28,zona_a
VN-0000966,CLI-01366,PRD-0151,tienda_norte,6,122.91,20,737.46,yape,completada,2026-02-09 17:37:17,zona_a
VN-0000967,CLI-00593,PRD-0168,tienda_norte,4,257.41,15,1029.64,yape,completada,2026-02-12 20:39:43,zona_b
VN-0000968,CLI-02137,PRD-0026,tienda_norte,8,1106.95,5,8855.6,efectivo,completada,2026-02-08 01:44:29,zona_b
VN-0000969,CLI-01012,PRD-0081,tienda_norte,2,115.75,0,231.5,yape,completada,2026-03-07 13:55:32,zona_d
VN-0000970,CLI-00316,PRD-0152,tienda_norte,6,99.91,0,599.46,efectivo,completada,2026-01-27 23:34:58,zona_b
VN-0000971,CLI-01489,PRD-0190,tienda_norte,3,236.97,0,710.91,tarjeta,completada,2026-02-15 10:36:19,zona_b
VN-0000972,CLI-02760,PRD-0022,tienda_norte,8,64.46,0,515.68,tarjeta,completada,2026-03-02 13:32:55,zona_c
VN-0000973,CLI-00198,PRD-0132,tienda_norte,1,592.45,10,592.45,tarjeta,completada,2026-03-28 14:14:51,zona_b
VN-0000974,CLI-00682,PRD-0018,tienda_norte,5,143.21,0,716.05,yape,completada,2026-03-22 23:56:55,zona_a
VN-0000975,CLI-02261,PRD-0068,tienda_norte,3,158.32,5,474.96,tarjeta,completada,2026-03-01 04:50:49,zona_d
VN-0000976,CLI-02775,PRD-0176,tienda_norte,8,71.08,0,568.64,tarjeta,completada,2026-01-12 07:25:27,zona_d
VN-0000977,CLI-01160,PRD-0164,tienda_norte,1,322.61,5,322.61,yape,completada,2026-03-02 06:07:56,zona_b
VN-0000978,CLI-02131,PRD-0053,tienda_norte,4,4.4,15,17.6,efectivo,completada,2026-01-13 20:35:22,zona_a
VN-0000979,CLI-01158,PRD-0055,tienda_norte,8,18.26,10,146.08,efectivo,completada,2026-03-31 04:03:32,zona_a
VN-0000980,CLI-01184,PRD-0155,tienda_norte,8,103.57,25,828.56,yape,devuelta,2026-01-09 03:46:16,zona_c
VN-0000981,CLI-00009,PRD-0124,tienda_norte,6,172.02,0,1032.12,tarjeta,completada,2026-01-23 04:10:34,zona_a
VN-0000982,CLI-00694,PRD-0072,tienda_norte,8,32.66,0,261.28,tarjeta,completada,2026-01-31 19:52:52,zona_c
VN-0000983,CLI-01800,PRD-0150,tienda_norte,4,820.22,0,3280.88,transferencia,completada,2026-01-16 20:37:38,zona_b
VN-0000984,CLI-02723,PRD-0011,tienda_norte,4,67.83,10,271.32,tarjeta,completada,2026-02-05 14:10:34,zona_c
VN-0000985,CLI-02714,PRD-0142,tienda_norte,2,121.27,0,242.54,tarjeta,completada,2026-02-21 19:22:52,zona_b
VN-0000986,CLI-02197,PRD-0061,tienda_norte,6,771.58,10,4629.48,transferencia,completada,2026-03-05 09:00:28,zona_a
VN-0000987,CLI-02439,PRD-0054,tienda_norte,6,83.85,15,503.1,yape,pendiente,2026-03-03 21:06:22,zona_a
VN-0000988,CLI-02061,PRD-0064,tienda_norte,5,53.65,5,268.25,tarjeta,completada,2026-03-25 21:11:24,zona_c
VN-0000989,CLI-02963,PRD-0107,tienda_norte,1,52.86,0,52.86,tarjeta,completada,2026-03-24 16:09:35,zona_d
VN-0000990,CLI-00077,PRD-0085,tienda_norte,3,105.44,10,316.32,yape,completada,2026-03-30 03:10:53,zona_b
VN-0000991,CLI-00759,PRD-0014,tienda_norte,4,284.02,10,1136.08,tarjeta,completada,2026-03-27 08:00:43,zona_a
VN-0000992,CLI-02711,PRD-0133,tienda_norte,2,96.84,0,193.68,tarjeta,devuelta,2026-03-02 17:06:06,zona_d
VN-0000993,CLI-01875,PRD-0140,tienda_norte,5,106.05,10,530.25,yape,completada,2026-03-03 14:44:12,zona_b
VN-0000994,CLI-01935,PRD-0058,tienda_norte,8,175.53,0,1404.24,tarjeta,completada,2026-02-19 09:09:56,zona_b
VN-0000995,CLI-00601,PRD-0159,tienda_norte,7,846.62,25,5926.34,tarjeta,completada,2026-03-26 05:54:03,zona_a
VN-0000996,CLI-01861,PRD-0163,tienda_norte,1,83.39,10,83.39,efectivo,completada,2026-01-02 09:08:26,zona_a
VN-0000997,CLI-00758,PRD-0158,tienda_norte,6,207.04,10,1242.24,tarjeta,completada,2026-03-24 07:27:57,zona_d
VN-0000998,CLI-02355,PRD-0007,tienda_norte,6,19.86,0,119.16,tarjeta,completada,2026-03-27 19:57:51,zona_b
VN-0000999,CLI-02614,PRD-0116,tienda_norte,6,9.21,0,55.26,yape,completada,2026-01-13 09:01:21,zona_c
VN-0001000,CLI-00282,PRD-0045,tienda_norte,4,29.72,20,118.88,tarjeta,completada,2026-02-25 14:40:18,zona_c
VN-0001001,CLI-02990,PRD-0075,tienda_norte,7,68.14,0,476.98,tarjeta,completada,2026-02-26 03:11:07,zona_c
VN-0001002,CLI-01466,PRD-0063,tienda_norte,2,215.94,0,431.88,yape,completada,2026-01-18 03:39:28,zona_a
VN-0001003,CLI-02899,PRD-0095,tienda_norte,4,40.04,20,160.16,tarjeta,completada,2026-01-23 21:02:39,zona_b
VN-0001004,CLI-00508,PRD-0123,tienda_norte,3,38.32,5,114.96,tarjeta,completada,2026-03-21 02:17:51,zona_c
VN-0001005,CLI-01165,PRD-0018,tienda_norte,4,136.05,5,544.2,yape,completada,2026-03-13 20:54:20,zona_b
VN-0001006,CLI-00379,PRD-0013,tienda_norte,7,437.73,5,3064.11,efectivo,completada,2026-02-06 19:34:59,zona_a
VN-0001007,CLI-01079,PRD-0177,tienda_norte,7,852.94,20,5970.58,tarjeta,completada,2026-01-29 05:03:05,zona_d
VN-0001008,CLI-02503,PRD-0144,tienda_norte,5,66.37,15,331.85,transferencia,completada,2026-01-01 15:48:03,zona_a
VN-0001009,CLI-01214,PRD-0062,tienda_norte,3,108.43,15,325.29,yape,completada,2026-03-10 17:03:44,zona_a
VN-0001010,CLI-01306,PRD-0122,tienda_norte,7,224.56,10,1571.92,efectivo,completada,2026-01-20 18:45:51,zona_b
VN-0001011,CLI-01698,PRD-0165,tienda_norte,3,684.88,25,2054.64,yape,completada,2026-02-02 15:06:11,zona_c
VN-0001012,CLI-00304,PRD-0067,tienda_norte,5,81.16,20,405.8,tarjeta,devuelta,2026-01-06 16:17:54,zona_a
VN-0001013,CLI-00885,PRD-0030,tienda_norte,1,246.84,0,246.84,tarjeta,completada,2026-01-07 13:53:27,zona_a
VN-0001014,CLI-00521,PRD-0091,tienda_norte,5,39.85,20,199.25,transferencia,completada,2026-01-05 01:43:22,zona_b
VN-0001015,CLI-02597,PRD-0121,tienda_norte,5,749.48,15,3747.4,efectivo,completada,2026-03-05 14:04:02,zona_b
VN-0001016,CLI-00256,PRD-0110,tienda_norte,5,167.06,20,835.3,tarjeta,pendiente,2026-01-04 13:53:48,zona_b
VN-0001017,CLI-02196,PRD-0003,tienda_norte,6,176.5,0,1059.0,yape,completada,2026-01-17 15:40:40,zona_c
VN-0001018,CLI-02386,PRD-0125,tienda_norte,5,313.28,0,1566.4,yape,completada,2026-01-10 20:01:13,zona_b
VN-0001019,CLI-02167,PRD-0169,tienda_norte,4,1064.16,0,4256.64,tarjeta,completada,2026-03-13 15:43:52,zona_c
VN-0001020,CLI-00560,PRD-0047,tienda_norte,6,230.92,5,1385.52,yape,completada,2026-03-18 21:11:25,zona_c
VN-0001021,CLI-00692,PRD-0004,tienda_norte,1,45.81,15,45.81,tarjeta,completada,2026-01-18 10:35:22,zona_d
VN-0001022,CLI-00477,PRD-0175,tienda_norte,1,74.48,0,74.48,yape,devuelta,2026-02-01 20:09:37,zona_a
VN-0001023,CLI-01526,PRD-0192,tienda_norte,7,88.41,5,618.87,tarjeta,completada,2026-03-03 19:11:27,zona_d
VN-0001024,CLI-02670,PRD-0042,tienda_norte,2,76.12,0,152.24,tarjeta,devuelta,2026-02-13 01:49:25,zona_a
VN-0001025,CLI-00561,PRD-0135,tienda_norte,1,111.43,10,111.43,efectivo,completada,2026-03-25 02:43:12,zona_c
VN-0001026,CLI-02282,PRD-0194,tienda_norte,4,158.33,10,633.32,tarjeta,completada,2026-01-05 07:33:41,zona_a
VN-0001027,CLI-02494,PRD-0151,tienda_norte,2,153.64,0,307.28,efectivo,completada,2026-02-20 00:43:05,zona_a
VN-0001028,CLI-01971,PRD-0055,tienda_norte,3,17.25,15,51.75,tarjeta,completada,2026-01-05 18:39:03,zona_c
VN-0001029,CLI-01025,PRD-0025,tienda_norte,6,397.73,0,2386.38,tarjeta,completada,2026-03-31 21:55:02,zona_d
VN-0001030,CLI-01205,PRD-0149,tienda_norte,1,260.03,5,260.03,transferencia,completada,2026-02-04 08:10:19,zona_b
VN-0001031,CLI-02015,PRD-0005,tienda_norte,2,191.29,10,382.58,yape,pendiente,2026-02-15 18:38:03,zona_b
VN-0001032,CLI-01672,PRD-0004,tienda_norte,8,48.5,10,388.0,tarjeta,completada,2026-03-03 23:17:54,zona_c
VN-0001033,CLI-02310,PRD-0059,tienda_norte,4,145.94,0,583.76,tarjeta,completada,2026-03-09 21:32:26,zona_a
VN-0001034,CLI-00958,PRD-0095,tienda_norte,5,40.04,20,200.2,yape,completada,2026-02-03 02:46:24,zona_d
VN-0001035,CLI-00423,PRD-0072,tienda_norte,1,31.03,5,31.03,efectivo,completada,2026-02-09 15:08:32,zona_b
VN-0001036,CLI-02212,PRD-0057,tienda_norte,7,398.67,0,2790.69,yape,completada,2026-01-02 23:50:03,zona_b
VN-0001037,CLI-00262,PRD-0130,tienda_norte,5,335.76,15,1678.8,yape,completada,2026-01-14 14:18:53,zona_b
VN-0001038,CLI-00929,PRD-0171,tienda_norte,8,26.1,15,208.8,efectivo,completada,2026-03-13 18:03:16,zona_d
VN-0001039,CLI-01838,PRD-0143,tienda_norte,2,19.03,15,38.06,yape,completada,2026-03-29 21:52:08,zona_b
VN-0001040,CLI-02502,PRD-0056,tienda_norte,8,225.0,5,1800.0,tarjeta,completada,2026-03-12 21:09:17,zona_b
VN-0001041,CLI-02477,PRD-0150,tienda_norte,1,697.19,15,697.19,yape,completada,2026-03-19 09:07:37,zona_b
VN-0001042,CLI-00296,PRD-0127,tienda_norte,6,41.04,0,246.24,tarjeta,completada,2026-03-26 23:36:38,zona_c
VN-0001043,CLI-02965,PRD-0188,tienda_norte,7,84.3,20,590.1,yape,completada,2026-03-14 08:52:28,zona_b
VN-0001044,CLI-00124,PRD-0199,tienda_norte,5,337.58,10,1687.9,efectivo,completada,2026-02-22 05:31:42,zona_d
VN-0001045,CLI-00302,PRD-0008,tienda_norte,3,1107.3,0,3321.9,yape,completada,2026-02-10 08:33:51,zona_b
VN-0001046,CLI-00626,PRD-0092,tienda_norte,2,1162.25,0,2324.5,tarjeta,completada,2026-02-13 07:42:44,zona_a
VN-0001047,CLI-01402,PRD-0039,tienda_norte,6,58.03,5,348.18,tarjeta,completada,2026-02-04 21:14:14,zona_d
VN-0001048,CLI-01873,PRD-0003,tienda_norte,2,158.85,10,317.7,tarjeta,completada,2026-03-17 01:24:48,zona_d
VN-0001049,CLI-02649,PRD-0019,tienda_norte,7,290.02,0,2030.14,transferencia,completada,2026-03-06 22:48:24,zona_c
VN-0001050,CLI-02982,PRD-0004,tienda_norte,5,40.42,25,202.1,yape,completada,2026-03-29 09:17:44,zona_d
VN-0001051,CLI-02371,PRD-0145,tienda_norte,3,340.64,0,1021.92,tarjeta,completada,2026-01-29 03:24:54,zona_c
VN-0001052,CLI-02640,PRD-0150,tienda_norte,5,779.21,5,3896.05,transferencia,completada,2026-01-06 02:54:39,zona_c
VN-0001053,CLI-02253,PRD-0098,tienda_norte,4,674.21,15,2696.84,transferencia,completada,2026-01-31 01:38:56,zona_c
VN-0001054,CLI-01484,PRD-0150,tienda_norte,3,779.21,5,2337.63,tarjeta,completada,2026-02-08 11:09:11,zona_a
VN-0001055,CLI-00449,PRD-0171,tienda_norte,2,30.71,0,61.42,efectivo,completada,2026-03-21 20:46:31,zona_c
VN-0001056,CLI-00164,PRD-0010,tienda_norte,1,132.73,10,132.73,efectivo,completada,2026-03-16 16:47:48,zona_d
VN-0001057,CLI-01443,PRD-0161,tienda_norte,8,33.75,0,270.0,yape,completada,2026-02-06 23:46:16,zona_d
VN-0001058,CLI-01882,PRD-0098,tienda_norte,8,634.55,20,5076.4,tarjeta,completada,2026-01-24 07:10:42,zona_d
VN-0001059,CLI-00260,PRD-0082,tienda_norte,6,303.1,0,1818.6,yape,completada,2026-01-25 12:25:03,zona_a
VN-0001060,CLI-01572,PRD-0013,tienda_norte,6,437.73,5,2626.38,tarjeta,completada,2026-02-02 08:49:02,zona_d
VN-0001061,CLI-02226,PRD-0145,tienda_norte,7,255.48,25,1788.36,efectivo,pendiente,2026-03-07 23:25:26,zona_a
VN-0001062,CLI-00398,PRD-0179,tienda_norte,8,291.82,25,2334.56,transferencia,completada,2026-02-27 23:51:53,zona_a
VN-0001063,CLI-02585,PRD-0007,tienda_norte,5,18.87,5,94.35,tarjeta,completada,2026-01-08 15:37:14,zona_d
VN-0001064,CLI-00293,PRD-0048,tienda_norte,6,307.21,0,1843.26,yape,completada,2026-03-08 15:58:50,zona_a
VN-0001065,CLI-00605,PRD-0099,tienda_norte,1,360.62,0,360.62,efectivo,completada,2026-01-13 09:08:11,zona_d
VN-0001066,CLI-02103,PRD-0137,tienda_norte,7,105.27,20,736.89,yape,completada,2026-02-23 00:14:01,zona_b
VN-0001067,CLI-00642,PRD-0111,tienda_norte,1,66.48,10,66.48,efectivo,completada,2026-02-05 14:17:41,zona_b
VN-0001068,CLI-02081,PRD-0174,tienda_norte,8,285.09,10,2280.72,tarjeta,completada,2026-03-15 22:26:25,zona_c
VN-0001069,CLI-01331,PRD-0170,tienda_norte,2,100.58,10,201.16,efectivo,completada,2026-02-14 06:55:37,zona_a
VN-0001070,CLI-00682,PRD-0014,tienda_norte,3,299.8,5,899.4,tarjeta,completada,2026-02-12 00:28:22,zona_a
VN-0001071,CLI-01683,PRD-0096,tienda_norte,4,78.09,0,312.36,tarjeta,completada,2026-01-15 00:39:15,zona_d
VN-0001072,CLI-01862,PRD-0190,tienda_norte,8,213.27,10,1706.16,efectivo,completada,2026-02-13 22:46:27,zona_b
VN-0001073,CLI-02011,PRD-0039,tienda_norte,6,45.81,25,274.86,yape,completada,2026-01-18 07:14:53,zona_a
VN-0001074,CLI-01180,PRD-0089,tienda_norte,8,65.5,5,524.0,efectivo,completada,2026-01-19 05:23:23,zona_a
VN-0001075,CLI-00757,PRD-0095,tienda_norte,1,50.05,0,50.05,tarjeta,completada,2026-01-25 13:04:18,zona_a
VN-0001076,CLI-00744,PRD-0028,tienda_norte,4,7.67,10,30.68,yape,devuelta,2026-02-03 01:35:15,zona_a
VN-0001077,CLI-02555,PRD-0140,tienda_norte,2,111.94,5,223.88,tarjeta,completada,2026-03-11 09:38:14,zona_a
VN-0001078,CLI-00777,PRD-0078,tienda_norte,6,43.95,20,263.7,tarjeta,completada,2026-03-17 01:48:27,zona_d
VN-0001079,CLI-02026,PRD-0052,tienda_norte,7,371.76,5,2602.32,tarjeta,completada,2026-03-30 06:41:07,zona_c
VN-0001080,CLI-00048,PRD-0172,tienda_norte,2,128.97,10,257.94,efectivo,completada,2026-01-01 03:16:12,zona_a
VN-0001081,CLI-02763,PRD-0084,tienda_norte,8,100.02,10,800.16,transferencia,devuelta,2026-01-23 19:12:15,zona_c
VN-0001082,CLI-00304,PRD-0170,tienda_norte,4,100.58,10,402.32,tarjeta,completada,2026-03-19 21:25:48,zona_c
VN-0001083,CLI-01795,PRD-0153,tienda_norte,6,1181.19,0,7087.14,yape,completada,2026-01-04 20:18:00,zona_d
VN-0001084,CLI-00226,PRD-0056,tienda_norte,4,236.84,0,947.36,efectivo,completada,2026-03-13 23:51:12,zona_b
VN-0001085,CLI-02656,PRD-0062,tienda_norte,8,121.18,5,969.44,yape,completada,2026-02-05 13:51:26,zona_d
VN-0001086,CLI-00912,PRD-0013,tienda_norte,6,414.69,10,2488.14,efectivo,pendiente,2026-02-06 02:43:35,zona_a
VN-0001087,CLI-00808,PRD-0096,tienda_norte,6,62.47,20,374.82,transferencia,completada,2026-01-05 22:48:14,zona_b
VN-0001088,CLI-00616,PRD-0170,tienda_norte,4,111.76,0,447.04,tarjeta,completada,2026-02-06 09:51:41,zona_c
VN-0001089,CLI-02214,PRD-0130,tienda_norte,8,355.51,10,2844.08,tarjeta,completada,2026-01-01 14:41:38,zona_d
VN-0001090,CLI-00716,PRD-0149,tienda_norte,4,273.72,0,1094.88,efectivo,completada,2026-02-01 06:29:15,zona_c
VN-0001091,CLI-02868,PRD-0047,tienda_norte,5,243.07,0,1215.35,tarjeta,pendiente,2026-01-07 20:15:43,zona_b
VN-0001092,CLI-01150,PRD-0194,tienda_norte,4,149.53,15,598.12,yape,pendiente,2026-02-11 00:47:08,zona_b
VN-0001093,CLI-01205,PRD-0197,tienda_norte,3,46.5,0,139.5,efectivo,completada,2026-02-16 08:51:57,zona_a
VN-0001094,CLI-00422,PRD-0103,tienda_norte,6,375.62,0,2253.72,tarjeta,completada,2026-02-26 08:41:10,zona_d
VN-0001095,CLI-02204,PRD-0199,tienda_norte,7,375.09,0,2625.63,tarjeta,devuelta,2026-01-16 18:09:35,zona_b
VN-0001096,CLI-00281,PRD-0140,tienda_norte,7,106.05,10,742.35,transferencia,completada,2026-02-08 03:05:09,zona_d
VN-0001097,CLI-00811,PRD-0119,tienda_norte,1,153.16,10,153.16,tarjeta,completada,2026-02-04 14:14:16,zona_a
VN-0001098,CLI-00992,PRD-0134,tienda_norte,2,97.62,0,195.24,yape,completada,2026-03-31 13:17:15,zona_a
VN-0001099,CLI-01991,PRD-0021,tienda_norte,7,16.39,10,114.73,transferencia,completada,2026-01-26 04:35:40,zona_a
VN-0001100,CLI-00165,PRD-0198,tienda_norte,7,341.62,5,2391.34,efectivo,completada,2026-02-05 19:17:55,zona_a
VN-0001101,CLI-02528,PRD-0183,tienda_norte,2,34.3,25,68.6,tarjeta,completada,2026-01-27 17:53:12,zona_b
VN-0001102,CLI-02580,PRD-0032,tienda_norte,4,112.57,15,450.28,tarjeta,completada,2026-02-05 01:24:53,zona_b
VN-0001103,CLI-01528,PRD-0102,tienda_norte,1,70.94,5,70.94,efectivo,completada,2026-02-17 04:55:05,zona_b
VN-0001104,CLI-00412,PRD-0147,tienda_norte,1,44.96,10,44.96,tarjeta,completada,2026-03-12 19:58:46,zona_b
VN-0001105,CLI-02961,PRD-0196,tienda_norte,3,41.23,0,123.69,efectivo,completada,2026-01-12 17:40:03,zona_d
VN-0001106,CLI-00009,PRD-0018,tienda_norte,2,136.05,5,272.1,efectivo,completada,2026-02-18 01:42:01,zona_d
VN-0001107,CLI-02154,PRD-0157,tienda_norte,5,228.85,15,1144.25,transferencia,completada,2026-02-09 23:14:10,zona_c
VN-0001108,CLI-01050,PRD-0091,tienda_norte,1,49.81,0,49.81,tarjeta,completada,2026-03-11 00:10:38,zona_b
VN-0001109,CLI-02896,PRD-0162,tienda_norte,8,76.2,10,609.6,yape,devuelta,2026-01-15 19:36:38,zona_d
VN-0001110,CLI-00619,PRD-0042,tienda_norte,7,72.31,5,506.17,tarjeta,completada,2026-02-10 12:28:08,zona_d
VN-0001111,CLI-00392,PRD-0179,tienda_norte,4,350.18,10,1400.72,tarjeta,completada,2026-03-30 13:42:48,zona_c
VN-0001112,CLI-01805,PRD-0147,tienda_norte,3,47.46,5,142.38,yape,completada,2026-01-12 01:38:10,zona_b
VN-0001113,CLI-01510,PRD-0183,tienda_norte,6,45.73,0,274.38,yape,completada,2026-01-04 15:09:46,zona_b
VN-0001114,CLI-00964,PRD-0110,tienda_norte,4,208.82,0,835.28,transferencia,completada,2026-01-20 01:52:12,zona_a
VN-0001115,CLI-01993,PRD-0004,tienda_norte,1,45.81,15,45.81,efectivo,completada,2026-01-19 18:44:38,zona_d
VN-0001116,CLI-02053,PRD-0136,tienda_norte,3,98.61,5,295.83,efectivo,completada,2026-03-06 09:23:30,zona_b
VN-0001117,CLI-01298,PRD-0097,tienda_norte,3,160.34,5,481.02,tarjeta,completada,2026-03-30 06:39:31,zona_c
VN-0001118,CLI-00194,PRD-0061,tienda_norte,6,857.31,0,5143.86,tarjeta,completada,2026-01-04 20:29:50,zona_d
VN-0001119,CLI-01934,PRD-0052,tienda_norte,7,391.33,0,2739.31,yape,completada,2026-02-24 09:46:58,zona_c
VN-0001120,CLI-00330,PRD-0174,tienda_norte,4,316.77,0,1267.08,tarjeta,devuelta,2026-02-23 13:47:11,zona_b
VN-0001121,CLI-00393,PRD-0133,tienda_norte,8,96.84,0,774.72,tarjeta,completada,2026-03-04 06:04:08,zona_b
VN-0001122,CLI-00068,PRD-0167,tienda_norte,6,135.17,15,811.02,tarjeta,completada,2026-01-04 04:22:34,zona_b
VN-0001123,CLI-00952,PRD-0001,tienda_norte,2,380.31,0,760.62,efectivo,completada,2026-02-12 15:00:43,zona_d
VN-0001124,CLI-00612,PRD-0042,tienda_norte,1,76.12,0,76.12,yape,devuelta,2026-03-17 14:04:57,zona_a
VN-0001125,CLI-01514,PRD-0086,tienda_norte,1,16.72,5,16.72,transferencia,completada,2026-02-09 20:38:39,zona_d
VN-0001126,CLI-02720,PRD-0104,tienda_norte,4,146.95,25,587.8,tarjeta,completada,2026-03-20 00:47:54,zona_a
VN-0001127,CLI-01808,PRD-0158,tienda_norte,8,230.04,0,1840.32,tarjeta,completada,2026-03-31 16:42:17,zona_d
VN-0001128,CLI-02586,PRD-0190,tienda_norte,6,236.97,0,1421.82,transferencia,completada,2026-03-18 02:50:30,zona_d
VN-0001129,CLI-01810,PRD-0148,tienda_norte,1,154.04,0,154.04,efectivo,completada,2026-03-13 13:06:51,zona_d
VN-0001130,CLI-00191,PRD-0035,tienda_norte,4,92.36,15,369.44,efectivo,completada,2026-02-26 04:05:53,zona_b
VN-0001131,CLI-02683,PRD-0024,tienda_norte,6,135.72,0,814.32,tarjeta,completada,2026-01-03 07:01:37,zona_a
VN-0001132,CLI-00467,PRD-0099,tienda_norte,5,360.62,0,1803.1,transferencia,pendiente,2026-01-24 08:02:25,zona_b
VN-0001133,CLI-02049,PRD-0089,tienda_norte,3,68.95,0,206.85,efectivo,pendiente,2026-02-26 21:53:52,zona_a
VN-0001134,CLI-00035,PRD-0169,tienda_norte,4,904.54,15,3618.16,tarjeta,completada,2026-01-06 12:20:55,zona_b
VN-0001135,CLI-02228,PRD-0151,tienda_norte,3,122.91,20,368.73,tarjeta,completada,2026-03-14 01:31:15,zona_b
VN-0001136,CLI-01330,PRD-0039,tienda_norte,6,54.97,10,329.82,yape,completada,2026-01-23 08:03:30,zona_a
VN-0001137,CLI-02962,PRD-0129,tienda_norte,7,94.95,5,664.65,tarjeta,completada,2026-02-02 13:53:47,zona_b
VN-0001138,CLI-01262,PRD-0065,tienda_norte,7,169.6,15,1187.2,transferencia,completada,2026-03-17 17:41:57,zona_c
VN-0001139,CLI-01824,PRD-0102,tienda_norte,6,63.47,15,380.82,transferencia,completada,2026-01-23 14:10:13,zona_d
VN-0001140,CLI-01446,PRD-0192,tienda_norte,6,93.06,0,558.36,transferencia,completada,2026-03-08 16:34:45,zona_b
VN-0001141,CLI-00504,PRD-0150,tienda_norte,7,738.2,10,5167.4,yape,completada,2026-01-30 01:21:08,zona_b
VN-0001142,CLI-02074,PRD-0162,tienda_norte,6,76.2,10,457.2,tarjeta,completada,2026-01-04 11:06:41,zona_b
VN-0001143,CLI-01643,PRD-0120,tienda_norte,3,276.01,5,828.03,tarjeta,completada,2026-03-22 22:10:00,zona_b
VN-0001144,CLI-01369,PRD-0057,tienda_norte,7,398.67,0,2790.69,yape,completada,2026-01-29 16:22:12,zona_a
VN-0001145,CLI-01534,PRD-0148,tienda_norte,7,154.04,0,1078.28,tarjeta,pendiente,2026-02-11 23:54:53,zona_a
VN-0001146,CLI-02524,PRD-0027,tienda_norte,2,30.66,0,61.32,yape,completada,2026-02-24 02:52:52,zona_b
VN-0001147,CLI-02870,PRD-0061,tienda_norte,7,685.85,20,4800.95,tarjeta,completada,2026-02-10 20:10:39,zona_d
VN-0001148,CLI-00716,PRD-0174,tienda_norte,3,300.93,5,902.79,yape,completada,2026-03-24 02:36:22,zona_a
VN-0001149,CLI-00655,PRD-0085,tienda_norte,3,117.15,0,351.45,efectivo,completada,2026-01-01 20:37:08,zona_d
VN-0001150,CLI-00052,PRD-0119,tienda_norte,2,161.67,5,323.34,efectivo,completada,2026-01-21 02:09:18,zona_d
VN-0001151,CLI-02448,PRD-0048,tienda_norte,3,307.21,0,921.63,efectivo,completada,2026-02-17 08:17:03,zona_c
VN-0001152,CLI-00323,PRD-0007,tienda_norte,5,19.86,0,99.3,transferencia,completada,2026-03-10 20:44:30,zona_d
VN-0001153,CLI-02726,PRD-0181,tienda_norte,8,95.7,10,765.6,yape,completada,2026-01-01 06:12:13,zona_a
VN-0001154,CLI-00992,PRD-0185,tienda_norte,1,169.81,5,169.81,efectivo,devuelta,2026-02-13 19:34:18,zona_c
VN-0001155,CLI-02990,PRD-0168,tienda_norte,5,302.83,0,1514.15,tarjeta,completada,2026-03-04 23:01:37,zona_d
VN-0001156,CLI-01266,PRD-0051,tienda_norte,8,312.04,5,2496.32,tarjeta,completada,2026-02-01 05:50:51,zona_c
VN-0001157,CLI-01030,PRD-0149,tienda_norte,7,260.03,5,1820.21,transferencia,completada,2026-02-02 16:24:44,zona_b
VN-0001158,CLI-02957,PRD-0112,tienda_norte,2,288.27,0,576.54,tarjeta,completada,2026-03-06 00:12:50,zona_a
VN-0001159,CLI-00124,PRD-0065,tienda_norte,8,189.55,5,1516.4,tarjeta,completada,2026-01-24 15:00:25,zona_b
VN-0001160,CLI-01881,PRD-0124,tienda_norte,8,154.82,10,1238.56,transferencia,completada,2026-02-17 19:13:33,zona_b
VN-0001161,CLI-01029,PRD-0036,tienda_norte,1,38.79,10,38.79,efectivo,devuelta,2026-03-27 11:06:41,zona_a
VN-0001162,CLI-00814,PRD-0030,tienda_norte,8,197.47,20,1579.76,efectivo,completada,2026-01-06 06:26:35,zona_d
VN-0001163,CLI-02095,PRD-0158,tienda_norte,4,207.04,10,828.16,tarjeta,completada,2026-02-24 02:28:02,zona_b
VN-0001164,CLI-00186,PRD-0089,tienda_norte,5,65.5,5,327.5,yape,completada,2026-02-08 23:59:58,zona_b
VN-0001165,CLI-02136,PRD-0132,tienda_norte,7,559.54,15,3916.78,yape,completada,2026-01-07 19:00:54,zona_a
VN-0001166,CLI-01892,PRD-0161,tienda_norte,8,33.75,0,270.0,transferencia,completada,2026-03-22 01:34:09,zona_b
VN-0001167,CLI-02932,PRD-0119,tienda_norte,6,161.67,5,970.02,yape,completada,2026-01-25 03:18:49,zona_c
VN-0001168,CLI-00433,PRD-0194,tienda_norte,7,167.12,5,1169.84,tarjeta,completada,2026-01-09 01:34:58,zona_b
VN-0001169,CLI-02734,PRD-0198,tienda_norte,4,323.64,10,1294.56,yape,completada,2026-02-03 00:59:49,zona_b
VN-0001170,CLI-01076,PRD-0180,tienda_norte,6,15.49,5,92.94,yape,completada,2026-02-21 05:31:53,zona_a
VN-0001171,CLI-02344,PRD-0198,tienda_norte,6,323.64,10,1941.84,tarjeta,devuelta,2026-03-29 06:43:32,zona_d
VN-0001172,CLI-01927,PRD-0086,tienda_norte,7,16.72,5,117.04,efectivo,completada,2026-02-20 10:01:10,zona_d
VN-0001173,CLI-02833,PRD-0026,tienda_norte,7,1165.21,0,8156.47,tarjeta,completada,2026-01-02 05:56:43,zona_d
VN-0001174,CLI-00803,PRD-0145,tienda_norte,2,289.54,15,579.08,efectivo,completada,2026-03-26 11:08:45,zona_b
VN-0001175,CLI-00603,PRD-0025,tienda_norte,7,377.84,5,2644.88,tarjeta,completada,2026-02-19 07:29:23,zona_d
VN-0001176,CLI-01043,PRD-0055,tienda_norte,2,19.28,5,38.56,yape,completada,2026-01-17 00:50:04,zona_b
VN-0001177,CLI-00557,PRD-0158,tienda_norte,6,184.03,20,1104.18,yape,completada,2026-03-08 11:22:04,zona_a
VN-0001178,CLI-00735,PRD-0053,tienda_norte,8,4.14,20,33.12,tarjeta,devuelta,2026-01-31 18:44:36,zona_a
VN-0001179,CLI-00070,PRD-0177,tienda_norte,3,959.56,10,2878.68,transferencia,completada,2026-02-13 06:18:39,zona_a
VN-0001180,CLI-02400,PRD-0170,tienda_norte,4,111.76,0,447.04,tarjeta,completada,2026-02-07 07:59:30,zona_c
VN-0001181,CLI-02880,PRD-0105,tienda_norte,3,78.57,0,235.71,tarjeta,completada,2026-03-14 19:01:51,zona_d
VN-0001182,CLI-00954,PRD-0032,tienda_norte,2,132.44,0,264.88,tarjeta,completada,2026-02-20 19:48:20,zona_a
VN-0001183,CLI-02866,PRD-0128,tienda_norte,1,45.55,10,45.55,transferencia,completada,2026-01-21 13:21:47,zona_b
VN-0001184,CLI-00407,PRD-0008,tienda_norte,1,941.2,15,941.2,tarjeta,completada,2026-02-18 18:21:30,zona_c
VN-0001185,CLI-00846,PRD-0131,tienda_norte,3,311.16,10,933.48,tarjeta,devuelta,2026-03-10 21:53:33,zona_a
VN-0001186,CLI-01106,PRD-0023,tienda_norte,4,64.79,0,259.16,efectivo,completada,2026-02-14 08:00:54,zona_a
VN-0001187,CLI-00542,PRD-0008,tienda_norte,7,1051.93,5,7363.51,yape,completada,2026-03-23 07:29:44,zona_c
VN-0001188,CLI-02212,PRD-0197,tienda_norte,2,41.85,10,83.7,tarjeta,devuelta,2026-01-10 05:33:13,zona_c
VN-0001189,CLI-02988,PRD-0181,tienda_norte,8,95.7,10,765.6,efectivo,completada,2026-03-25 15:51:49,zona_d
VN-0001190,CLI-00616,PRD-0146,tienda_norte,4,81.53,5,326.12,transferencia,completada,2026-01-13 15:40:02,zona_a
VN-0001191,CLI-01310,PRD-0012,tienda_norte,6,131.0,15,786.0,tarjeta,completada,2026-01-13 00:28:02,zona_d
VN-0001192,CLI-01990,PRD-0112,tienda_norte,5,288.27,0,1441.35,efectivo,completada,2026-03-31 08:17:52,zona_c
VN-0001193,CLI-02696,PRD-0171,tienda_norte,1,24.57,20,24.57,yape,completada,2026-02-18 06:08:54,zona_b
VN-0001194,CLI-01253,PRD-0161,tienda_norte,4,33.75,0,135.0,tarjeta,completada,2026-03-30 00:40:27,zona_a
VN-0001195,CLI-01245,PRD-0053,tienda_norte,3,4.66,10,13.98,efectivo,completada,2026-02-25 22:17:14,zona_a
VN-0001196,CLI-02049,PRD-0119,tienda_norte,2,153.16,10,306.32,tarjeta,devuelta,2026-01-19 03:39:28,zona_a
VN-0001197,CLI-00870,PRD-0125,tienda_norte,1,297.62,5,297.62,efectivo,completada,2026-03-20 13:26:07,zona_a
VN-0001198,CLI-01409,PRD-0150,tienda_norte,6,820.22,0,4921.32,yape,completada,2026-02-16 02:24:10,zona_d
VN-0001199,CLI-00386,PRD-0079,tienda_norte,5,276.74,5,1383.7,yape,completada,2026-02-23 13:51:02,zona_d
VN-0001200,CLI-00702,PRD-0111,tienda_norte,7,73.87,0,517.09,tarjeta,devuelta,2026-02-12 12:35:34,zona_a
VN-0001201,CLI-02156,PRD-0027,tienda_norte,8,30.66,0,245.28,efectivo,completada,2026-03-04 01:20:08,zona_d
VN-0001202,CLI-01126,PRD-0016,tienda_norte,3,200.22,0,600.66,transferencia,devuelta,2026-02-20 00:41:03,zona_c
VN-0001203,CLI-01837,PRD-0089,tienda_norte,7,65.5,5,458.5,yape,completada,2026-03-16 14:25:53,zona_c
VN-0001204,CLI-01612,PRD-0066,tienda_norte,6,778.14,5,4668.84,tarjeta,completada,2026-03-10 09:02:11,zona_a
VN-0001205,CLI-00259,PRD-0096,tienda_norte,8,70.28,10,562.24,yape,completada,2026-01-18 03:53:36,zona_b
VN-0001206,CLI-01587,PRD-0101,tienda_norte,2,1128.73,0,2257.46,tarjeta,completada,2026-01-13 06:43:01,zona_a
VN-0001207,CLI-00669,PRD-0073,tienda_norte,4,68.02,0,272.08,transferencia,completada,2026-01-26 11:13:54,zona_a
VN-0001208,CLI-01489,PRD-0197,tienda_norte,2,46.5,0,93.0,tarjeta,completada,2026-01-06 14:57:44,zona_a
VN-0001209,CLI-00117,PRD-0094,tienda_norte,8,36.83,5,294.64,efectivo,completada,2026-02-01 17:55:33,zona_a
VN-0001210,CLI-01346,PRD-0010,tienda_norte,6,147.48,0,884.88,tarjeta,completada,2026-03-05 19:18:01,zona_d
VN-0001211,CLI-00343,PRD-0084,tienda_norte,6,105.57,5,633.42,tarjeta,completada,2026-03-29 19:14:51,zona_d
VN-0001212,CLI-01353,PRD-0049,tienda_norte,3,994.92,5,2984.76,yape,completada,2026-01-19 02:46:24,zona_a
VN-0001213,CLI-01635,PRD-0136,tienda_norte,7,88.23,15,617.61,transferencia,completada,2026-03-18 21:52:40,zona_a
VN-0001214,CLI-01047,PRD-0137,tienda_norte,5,118.43,10,592.15,transferencia,completada,2026-02-22 01:59:31,zona_b
VN-0001215,CLI-01317,PRD-0132,tienda_norte,1,625.37,5,625.37,yape,completada,2026-03-20 06:35:05,zona_d
VN-0001216,CLI-01037,PRD-0020,tienda_norte,8,260.07,20,2080.56,transferencia,completada,2026-02-14 16:45:05,zona_d
VN-0001217,CLI-00102,PRD-0113,tienda_norte,4,163.22,0,652.88,transferencia,completada,2026-02-08 23:35:57,zona_a
VN-0001218,CLI-02079,PRD-0007,tienda_norte,7,19.86,0,139.02,yape,completada,2026-02-22 02:15:29,zona_d
VN-0001219,CLI-02806,PRD-0057,tienda_norte,6,398.67,0,2392.02,tarjeta,devuelta,2026-02-23 13:45:03,zona_d
VN-0001220,CLI-00571,PRD-0041,tienda_norte,6,153.89,10,923.34,yape,completada,2026-03-15 01:53:58,zona_a
VN-0001221,CLI-02764,PRD-0154,tienda_norte,3,43.04,10,129.12,tarjeta,completada,2026-01-26 17:40:47,zona_c
VN-0001222,CLI-00766,PRD-0199,tienda_norte,1,375.09,0,375.09,tarjeta,completada,2026-01-12 03:33:33,zona_a
VN-0001223,CLI-02795,PRD-0067,tienda_norte,8,101.45,0,811.6,tarjeta,completada,2026-03-22 04:57:14,zona_c
VN-0001224,CLI-00623,PRD-0030,tienda_norte,1,222.16,10,222.16,tarjeta,pendiente,2026-01-08 14:55:18,zona_d
VN-0001225,CLI-01634,PRD-0029,tienda_norte,8,95.54,5,764.32,tarjeta,completada,2026-02-26 02:51:37,zona_a
VN-0001226,CLI-00300,PRD-0177,tienda_norte,4,1066.18,0,4264.72,yape,completada,2026-03-20 02:08:29,zona_d
VN-0001227,CLI-02824,PRD-0058,tienda_norte,1,149.2,15,149.2,efectivo,completada,2026-01-16 23:19:15,zona_a
VN-0001228,CLI-02683,PRD-0055,tienda_norte,5,20.29,0,101.45,yape,completada,2026-03-04 02:37:08,zona_c
VN-0001229,CLI-02224,PRD-0015,tienda_norte,3,51.61,10,154.83,tarjeta,completada,2026-03-07 11:51:20,zona_c
VN-0001230,CLI-00277,PRD-0098,tienda_norte,5,793.19,0,3965.95,transferencia,completada,2026-01-19 13:58:54,zona_d
VN-0001231,CLI-01321,PRD-0058,tienda_norte,1,175.53,0,175.53,tarjeta,completada,2026-02-18 23:02:49,zona_c
VN-0001232,CLI-01354,PRD-0148,tienda_norte,3,154.04,0,462.12,efectivo,completada,2026-01-15 05:37:56,zona_a
VN-0001233,CLI-00903,PRD-0176,tienda_norte,8,63.97,10,511.76,tarjeta,completada,2026-02-17 02:26:46,zona_b
VN-0001234,CLI-02865,PRD-0029,tienda_norte,3,100.57,0,301.71,tarjeta,completada,2026-03-31 19:30:21,zona_d
VN-0001235,CLI-00635,PRD-0001,tienda_norte,7,380.31,0,2662.17,tarjeta,completada,2026-01-17 11:25:38,zona_d
VN-0001236,CLI-01382,PRD-0115,tienda_norte,1,858.12,25,858.12,yape,completada,2026-02-01 10:36:54,zona_d
VN-0001237,CLI-02331,PRD-0195,tienda_norte,6,173.27,0,1039.62,yape,completada,2026-03-05 07:53:12,zona_a
VN-0001238,CLI-01866,PRD-0082,tienda_norte,7,242.48,20,1697.36,tarjeta,completada,2026-01-18 04:12:29,zona_b
VN-0001239,CLI-01924,PRD-0012,tienda_norte,7,138.71,10,970.97,tarjeta,completada,2026-01-15 01:27:29,zona_a
VN-0001240,CLI-02670,PRD-0183,tienda_norte,4,45.73,0,182.92,tarjeta,completada,2026-03-23 18:46:38,zona_c
VN-0001241,CLI-00154,PRD-0139,tienda_norte,2,17.73,5,35.46,tarjeta,completada,2026-02-17 22:25:43,zona_b
VN-0001242,CLI-01164,PRD-0169,tienda_norte,7,1064.16,0,7449.12,transferencia,completada,2026-03-12 08:57:56,zona_a
VN-0001243,CLI-00091,PRD-0112,tienda_norte,3,245.03,15,735.09,efectivo,completada,2026-01-15 09:01:44,zona_d
VN-0001244,CLI-01494,PRD-0013,tienda_norte,4,437.73,5,1750.92,yape,completada,2026-01-29 07:52:14,zona_c
VN-0001245,CLI-01921,PRD-0191,tienda_norte,2,138.82,20,277.64,transferencia,completada,2026-02-18 04:42:12,zona_a
VN-0001246,CLI-02654,PRD-0034,tienda_norte,1,104.06,0,104.06,transferencia,completada,2026-02-21 06:20:07,zona_c
VN-0001247,CLI-00187,PRD-0139,tienda_norte,7,18.66,0,130.62,transferencia,completada,2026-02-09 19:57:22,zona_c
VN-0001248,CLI-02155,PRD-0141,tienda_norte,3,142.42,0,427.26,transferencia,completada,2026-01-11 02:04:33,zona_d
VN-0001249,CLI-01622,PRD-0070,tienda_norte,1,406.66,20,406.66,yape,completada,2026-01-06 01:16:57,zona_a
VN-0001250,CLI-02893,PRD-0068,tienda_norte,3,166.65,0,499.95,yape,completada,2026-01-13 02:40:23,zona_a
VN-0001251,CLI-00317,PRD-0172,tienda_norte,4,121.81,15,487.24,tarjeta,completada,2026-01-24 08:37:52,zona_a
VN-0001252,CLI-02279,PRD-0200,tienda_norte,7,32.25,5,225.75,transferencia,completada,2026-03-25 23:07:41,zona_a
VN-0001253,CLI-00246,PRD-0044,tienda_norte,5,100.66,5,503.3,transferencia,completada,2026-03-04 11:21:04,zona_a
VN-0001254,CLI-01133,PRD-0180,tienda_norte,1,16.31,0,16.31,transferencia,completada,2026-02-11 04:26:56,zona_d
VN-0001255,CLI-00113,PRD-0136,tienda_norte,1,98.61,5,98.61,transferencia,completada,2026-01-26 05:44:45,zona_a
VN-0001256,CLI-01956,PRD-0190,tienda_norte,7,225.12,5,1575.84,yape,completada,2026-03-21 22:13:36,zona_a
VN-0001257,CLI-02931,PRD-0163,tienda_norte,3,74.12,20,222.36,yape,completada,2026-01-22 17:32:53,zona_a
VN-0001258,CLI-02091,PRD-0180,tienda_norte,6,13.86,15,83.16,tarjeta,completada,2026-02-10 23:48:32,zona_b
VN-0001259,CLI-02170,PRD-0050,tienda_norte,3,10.2,10,30.6,efectivo,completada,2026-03-15 14:18:34,zona_a
VN-0001260,CLI-01030,PRD-0182,tienda_norte,7,104.56,10,731.92,yape,completada,2026-02-26 15:20:57,zona_a
VN-0001261,CLI-02335,PRD-0145,tienda_norte,6,272.51,20,1635.06,tarjeta,completada,2026-02-17 12:27:53,zona_d
VN-0001262,CLI-00613,PRD-0173,tienda_norte,3,176.53,0,529.59,efectivo,completada,2026-01-05 04:21:41,zona_b
VN-0001263,CLI-00636,PRD-0078,tienda_norte,4,43.95,20,175.8,transferencia,completada,2026-03-23 05:22:24,zona_a
VN-0001264,CLI-00746,PRD-0054,tienda_norte,7,98.65,0,690.55,efectivo,completada,2026-03-06 13:39:10,zona_b
VN-0001265,CLI-00976,PRD-0136,tienda_norte,8,103.8,0,830.4,tarjeta,completada,2026-03-26 04:41:44,zona_a
VN-0001266,CLI-02745,PRD-0024,tienda_norte,6,108.58,20,651.48,tarjeta,completada,2026-02-26 22:14:43,zona_c
VN-0001267,CLI-00728,PRD-0176,tienda_norte,5,71.08,0,355.4,tarjeta,completada,2026-01-26 01:18:54,zona_d
VN-0001268,CLI-02333,PRD-0049,tienda_norte,7,994.92,5,6964.44,yape,pendiente,2026-03-30 21:07:56,zona_a
VN-0001269,CLI-01654,PRD-0188,tienda_norte,4,94.84,10,379.36,efectivo,completada,2026-03-10 13:03:15,zona_a
VN-0001270,CLI-00489,PRD-0106,tienda_norte,5,210.29,10,1051.45,transferencia,completada,2026-03-15 10:18:46,zona_c
VN-0001271,CLI-00192,PRD-0015,tienda_norte,6,54.47,5,326.82,tarjeta,devuelta,2026-02-28 19:51:39,zona_d
VN-0001272,CLI-01700,PRD-0131,tienda_norte,1,328.44,5,328.44,transferencia,completada,2026-01-23 21:40:10,zona_c
VN-0001273,CLI-01543,PRD-0047,tienda_norte,7,230.92,5,1616.44,yape,completada,2026-01-19 02:12:36,zona_c
VN-0001274,CLI-00979,PRD-0015,tienda_norte,1,54.47,5,54.47,transferencia,completada,2026-02-13 20:25:50,zona_d
VN-0001275,CLI-02884,PRD-0028,tienda_norte,3,7.24,15,21.72,efectivo,completada,2026-01-02 15:31:43,zona_a
VN-0001276,CLI-00516,PRD-0148,tienda_norte,5,154.04,0,770.2,tarjeta,completada,2026-01-09 17:16:39,zona_d
VN-0001277,CLI-01041,PRD-0198,tienda_norte,3,341.62,5,1024.86,efectivo,completada,2026-01-09 21:51:57,zona_b
VN-0001278,CLI-01731,PRD-0007,tienda_norte,4,18.87,5,75.48,transferencia,completada,2026-02-20 19:25:45,zona_c
VN-0001279,CLI-02022,PRD-0155,tienda_norte,8,131.19,5,1049.52,tarjeta,completada,2026-03-18 01:21:29,zona_c
VN-0001280,CLI-00949,PRD-0027,tienda_norte,8,27.59,10,220.72,tarjeta,completada,2026-02-03 18:59:10,zona_b
VN-0001281,CLI-00757,PRD-0134,tienda_norte,6,87.86,10,527.16,transferencia,completada,2026-01-30 12:08:55,zona_d
VN-0001282,CLI-02694,PRD-0072,tienda_norte,3,29.39,10,88.17,efectivo,completada,2026-01-19 11:20:56,zona_b
VN-0001283,CLI-02880,PRD-0182,tienda_norte,5,116.18,0,580.9,transferencia,completada,2026-02-05 15:28:08,zona_c
VN-0001284,CLI-00335,PRD-0088,tienda_norte,2,53.3,20,106.6,tarjeta,devuelta,2026-01-13 09:31:38,zona_b
VN-0001285,CLI-00490,PRD-0178,tienda_norte,5,87.6,0,438.0,transferencia,completada,2026-03-28 23:01:57,zona_a
VN-0001286,CLI-01425,PRD-0024,tienda_norte,1,115.36,15,115.36,yape,completada,2026-03-03 01:08:57,zona_c
VN-0001287,CLI-00949,PRD-0172,tienda_norte,4,136.13,5,544.52,tarjeta,completada,2026-02-22 13:34:21,zona_d
VN-0001288,CLI-01803,PRD-0147,tienda_norte,4,47.46,5,189.84,tarjeta,completada,2026-01-31 06:55:33,zona_d
VN-0001289,CLI-01698,PRD-0154,tienda_norte,3,47.82,0,143.46,tarjeta,completada,2026-03-14 21:22:11,zona_d
VN-0001290,CLI-02290,PRD-0166,tienda_norte,2,491.34,0,982.68,tarjeta,devuelta,2026-01-07 13:42:59,zona_a
VN-0001291,CLI-02919,PRD-0130,tienda_norte,5,355.51,10,1777.55,tarjeta,completada,2026-03-19 15:10:26,zona_a
VN-0001292,CLI-02033,PRD-0109,tienda_norte,7,127.43,0,892.01,tarjeta,completada,2026-03-08 19:18:26,zona_d
VN-0001293,CLI-00001,PRD-0120,tienda_norte,7,261.49,10,1830.43,yape,completada,2026-03-14 03:04:38,zona_b
VN-0001294,CLI-00565,PRD-0166,tienda_norte,2,491.34,0,982.68,yape,completada,2026-02-03 08:42:09,zona_b
VN-0001295,CLI-01271,PRD-0174,tienda_norte,4,285.09,10,1140.36,efectivo,completada,2026-01-03 02:30:20,zona_a
VN-0001296,CLI-02522,PRD-0003,tienda_norte,1,176.5,0,176.5,tarjeta,completada,2026-03-11 02:44:36,zona_d
VN-0001297,CLI-02362,PRD-0019,tienda_norte,7,232.02,20,1624.14,yape,completada,2026-02-09 17:49:28,zona_b
VN-0001298,CLI-02126,PRD-0151,tienda_norte,7,138.28,10,967.96,tarjeta,completada,2026-02-14 08:13:17,zona_c
VN-0001299,CLI-02408,PRD-0156,tienda_norte,3,85.25,10,255.75,yape,completada,2026-03-11 13:08:54,zona_a
VN-0001300,CLI-01656,PRD-0064,tienda_norte,7,42.35,25,296.45,tarjeta,completada,2026-01-12 22:45:22,zona_b
VN-0001301,CLI-00090,PRD-0038,tienda_norte,3,39.67,5,119.01,yape,completada,2026-01-06 14:05:48,zona_d
VN-0001302,CLI-01160,PRD-0027,tienda_norte,6,30.66,0,183.96,tarjeta,completada,2026-02-20 00:31:44,zona_a
VN-0001303,CLI-00822,PRD-0084,tienda_norte,5,111.13,0,555.65,tarjeta,completada,2026-03-25 04:39:06,zona_a
VN-0001304,CLI-02738,PRD-0044,tienda_norte,2,95.36,10,190.72,transferencia,completada,2026-03-22 21:37:37,zona_a
VN-0001305,CLI-02503,PRD-0119,tienda_norte,2,153.16,10,306.32,tarjeta,completada,2026-02-13 20:29:39,zona_b
VN-0001306,CLI-00628,PRD-0132,tienda_norte,7,592.45,10,4147.15,efectivo,completada,2026-03-18 17:50:49,zona_b
VN-0001307,CLI-00920,PRD-0011,tienda_norte,8,75.37,0,602.96,efectivo,completada,2026-02-07 11:13:43,zona_a
VN-0001308,CLI-00831,PRD-0101,tienda_norte,5,1015.86,10,5079.3,yape,completada,2026-01-14 09:19:45,zona_c
VN-0001309,CLI-01418,PRD-0066,tienda_norte,2,696.23,15,1392.46,yape,devuelta,2026-02-03 02:31:41,zona_c
VN-0001310,CLI-01067,PRD-0157,tienda_norte,6,269.24,0,1615.44,tarjeta,completada,2026-02-20 18:41:33,zona_d
VN-0001311,CLI-01847,PRD-0133,tienda_norte,7,82.31,15,576.17,tarjeta,devuelta,2026-01-26 20:51:12,zona_b
VN-0001312,CLI-00390,PRD-0041,tienda_norte,3,153.89,10,461.67,transferencia,completada,2026-02-25 22:16:16,zona_b
VN-0001313,CLI-01288,PRD-0037,tienda_norte,6,75.32,0,451.92,yape,completada,2026-01-23 00:24:04,zona_b
VN-0001314,CLI-00127,PRD-0039,tienda_norte,6,61.08,0,366.48,yape,completada,2026-01-06 08:25:22,zona_c
VN-0001315,CLI-00146,PRD-0139,tienda_norte,6,17.73,5,106.38,yape,completada,2026-03-22 15:21:10,zona_b
VN-0001316,CLI-01916,PRD-0127,tienda_norte,7,41.04,0,287.28,tarjeta,completada,2026-01-12 21:18:21,zona_c
VN-0001317,CLI-02803,PRD-0093,tienda_norte,7,856.73,5,5997.11,efectivo,completada,2026-03-10 01:40:39,zona_c
VN-0001318,CLI-01113,PRD-0149,tienda_norte,2,260.03,5,520.06,tarjeta,completada,2026-02-11 08:31:48,zona_b
VN-0001319,CLI-01974,PRD-0028,tienda_norte,2,8.52,0,17.04,yape,completada,2026-02-23 16:30:28,zona_b
VN-0001320,CLI-00067,PRD-0104,tienda_norte,1,146.95,25,146.95,yape,completada,2026-01-30 07:48:19,zona_d
VN-0001321,CLI-00156,PRD-0199,tienda_norte,8,375.09,0,3000.72,efectivo,completada,2026-03-06 06:05:20,zona_a
VN-0001322,CLI-02190,PRD-0082,tienda_norte,7,303.1,0,2121.7,yape,completada,2026-01-21 23:31:33,zona_a
VN-0001323,CLI-01730,PRD-0158,tienda_norte,5,184.03,20,920.15,transferencia,completada,2026-02-09 07:56:43,zona_c
VN-0001324,CLI-02215,PRD-0078,tienda_norte,3,46.7,15,140.1,yape,devuelta,2026-03-16 16:23:34,zona_d
VN-0001325,CLI-02620,PRD-0063,tienda_norte,6,215.94,0,1295.64,efectivo,completada,2026-02-10 21:54:13,zona_d
VN-0001326,CLI-00652,PRD-0020,tienda_norte,5,260.07,20,1300.35,tarjeta,completada,2026-02-21 15:04:02,zona_d
VN-0001327,CLI-00347,PRD-0147,tienda_norte,3,49.96,0,149.88,efectivo,completada,2026-01-15 23:28:24,zona_a
VN-0001328,CLI-01796,PRD-0094,tienda_norte,5,34.89,10,174.45,efectivo,completada,2026-01-19 11:59:39,zona_b
VN-0001329,CLI-02745,PRD-0027,tienda_norte,5,30.66,0,153.3,yape,completada,2026-03-13 19:22:06,zona_a
VN-0001330,CLI-01831,PRD-0025,tienda_norte,6,377.84,5,2267.04,yape,completada,2026-03-04 05:47:13,zona_c
VN-0001331,CLI-01734,PRD-0182,tienda_norte,1,110.37,5,110.37,tarjeta,completada,2026-01-28 23:14:52,zona_b
VN-0001332,CLI-00607,PRD-0041,tienda_norte,4,170.99,0,683.96,yape,completada,2026-03-12 16:20:50,zona_c
VN-0001333,CLI-02267,PRD-0086,tienda_norte,5,17.6,0,88.0,tarjeta,completada,2026-01-12 03:12:38,zona_c
VN-0001334,CLI-01854,PRD-0139,tienda_norte,7,14.93,20,104.51,tarjeta,completada,2026-02-27 12:58:58,zona_c
VN-0001335,CLI-01134,PRD-0087,tienda_norte,4,31.53,20,126.12,transferencia,devuelta,2026-02-07 12:31:05,zona_b
VN-0001336,CLI-01804,PRD-0060,tienda_norte,2,139.14,0,278.28,tarjeta,completada,2026-03-21 13:26:33,zona_c
VN-0001337,CLI-02622,PRD-0083,tienda_norte,4,92.72,0,370.88,efectivo,completada,2026-02-20 02:32:25,zona_c
VN-0001338,CLI-02228,PRD-0010,tienda_norte,2,132.73,10,265.46,efectivo,completada,2026-03-22 08:51:31,zona_d
VN-0001339,CLI-01039,PRD-0152,tienda_norte,2,99.91,0,199.82,tarjeta,completada,2026-01-18 10:20:33,zona_c
VN-0001340,CLI-01750,PRD-0028,tienda_norte,2,8.52,0,17.04,yape,completada,2026-03-19 14:13:23,zona_b
VN-0001341,CLI-00387,PRD-0193,tienda_norte,4,39.61,15,158.44,tarjeta,completada,2026-03-28 12:45:35,zona_b
VN-0001342,CLI-00764,PRD-0093,tienda_norte,8,811.64,10,6493.12,efectivo,completada,2026-03-29 16:36:12,zona_a
VN-0001343,CLI-01762,PRD-0127,tienda_norte,1,38.99,5,38.99,tarjeta,completada,2026-01-23 17:35:51,zona_d
VN-0001344,CLI-00155,PRD-0063,tienda_norte,4,215.94,0,863.76,efectivo,completada,2026-02-06 16:40:01,zona_c
VN-0001345,CLI-02069,PRD-0159,tienda_norte,6,1128.82,0,6772.92,transferencia,completada,2026-03-29 21:53:43,zona_a
VN-0001346,CLI-00804,PRD-0037,tienda_norte,5,71.55,5,357.75,efectivo,devuelta,2026-01-17 09:19:25,zona_c
VN-0001347,CLI-00003,PRD-0187,tienda_norte,2,26.08,0,52.16,tarjeta,completada,2026-01-25 22:04:57,zona_a
VN-0001348,CLI-02125,PRD-0182,tienda_norte,7,116.18,0,813.26,efectivo,completada,2026-01-29 10:17:25,zona_d
VN-0001349,CLI-00171,PRD-0193,tienda_norte,6,46.6,0,279.6,tarjeta,completada,2026-03-18 06:36:59,zona_b
VN-0001350,CLI-00399,PRD-0068,tienda_norte,3,141.65,15,424.95,yape,completada,2026-01-30 19:03:17,zona_d
VN-0001351,CLI-02975,PRD-0133,tienda_norte,7,96.84,0,677.88,transferencia,devuelta,2026-02-04 10:35:53,zona_b
VN-0001352,CLI-00744,PRD-0050,tienda_norte,1,10.76,5,10.76,tarjeta,completada,2026-03-28 21:46:10,zona_d
VN-0001353,CLI-01414,PRD-0197,tienda_norte,5,46.5,0,232.5,tarjeta,completada,2026-01-13 12:33:13,zona_c
VN-0001354,CLI-02590,PRD-0186,tienda_norte,6,76.16,0,456.96,tarjeta,completada,2026-03-07 16:36:43,zona_a
VN-0001355,CLI-02686,PRD-0013,tienda_norte,5,460.77,0,2303.85,tarjeta,completada,2026-02-23 16:45:49,zona_b
VN-0001356,CLI-00547,PRD-0005,tienda_norte,1,212.54,0,212.54,yape,completada,2026-01-23 12:57:31,zona_d
VN-0001357,CLI-01095,PRD-0013,tienda_norte,4,460.77,0,1843.08,tarjeta,completada,2026-01-16 17:56:05,zona_c
VN-0001358,CLI-02582,PRD-0008,tienda_norte,4,1107.3,0,4429.2,tarjeta,completada,2026-01-08 12:50:01,zona_d
VN-0001359,CLI-02383,PRD-0090,tienda_norte,3,12.01,0,36.03,tarjeta,devuelta,2026-03-13 22:38:34,zona_b
VN-0001360,CLI-02732,PRD-0025,tienda_norte,7,357.96,10,2505.72,tarjeta,completada,2026-01-17 19:33:21,zona_c
VN-0001361,CLI-01164,PRD-0059,tienda_norte,7,145.94,0,1021.58,efectivo,completada,2026-02-24 13:43:14,zona_b
VN-0001362,CLI-02799,PRD-0155,tienda_norte,5,138.1,0,690.5,transferencia,completada,2026-01-27 10:23:36,zona_d
VN-0001363,CLI-02031,PRD-0111,tienda_norte,2,55.4,25,110.8,transferencia,completada,2026-01-13 12:03:26,zona_b
VN-0001364,CLI-02426,PRD-0130,tienda_norte,3,375.26,5,1125.78,efectivo,devuelta,2026-01-16 09:45:02,zona_a
VN-0001365,CLI-01077,PRD-0159,tienda_norte,2,1015.94,10,2031.88,tarjeta,devuelta,2026-01-02 03:32:07,zona_c
VN-0001366,CLI-00847,PRD-0086,tienda_norte,2,17.6,0,35.2,tarjeta,completada,2026-01-31 09:00:14,zona_d
VN-0001367,CLI-01898,PRD-0010,tienda_norte,2,117.98,20,235.96,tarjeta,completada,2026-01-29 17:02:18,zona_c
VN-0001368,CLI-02447,PRD-0095,tienda_norte,2,42.54,15,85.08,tarjeta,completada,2026-01-28 03:00:38,zona_d
VN-0001369,CLI-01654,PRD-0103,tienda_norte,3,300.5,20,901.5,yape,completada,2026-01-15 21:44:22,zona_c
VN-0001370,CLI-02593,PRD-0183,tienda_norte,7,45.73,0,320.11,tarjeta,completada,2026-03-28 05:03:14,zona_c
VN-0001371,CLI-02157,PRD-0040,tienda_norte,3,154.39,10,463.17,efectivo,pendiente,2026-03-10 06:06:22,zona_c
VN-0001372,CLI-00995,PRD-0029,tienda_norte,3,90.51,10,271.53,efectivo,completada,2026-01-23 18:13:59,zona_b
VN-0001373,CLI-01371,PRD-0173,tienda_norte,7,141.22,20,988.54,efectivo,completada,2026-01-06 08:02:33,zona_a
VN-0001374,CLI-00694,PRD-0004,tienda_norte,3,51.2,5,153.6,yape,completada,2026-02-03 11:20:41,zona_d
VN-0001375,CLI-01146,PRD-0154,tienda_norte,2,38.26,20,76.52,tarjeta,completada,2026-01-08 08:17:47,zona_c
VN-0001376,CLI-01055,PRD-0026,tienda_norte,2,1048.69,10,2097.38,tarjeta,devuelta,2026-01-19 20:20:46,zona_d
VN-0001377,CLI-00188,PRD-0126,tienda_norte,8,1043.23,0,8345.84,yape,completada,2026-03-19 01:21:48,zona_a
VN-0001378,CLI-00155,PRD-0156,tienda_norte,8,75.78,20,606.24,yape,completada,2026-03-24 16:32:18,zona_c
VN-0001379,CLI-00626,PRD-0034,tienda_norte,5,104.06,0,520.3,tarjeta,completada,2026-03-12 19:09:27,zona_c
VN-0001380,CLI-00339,PRD-0043,tienda_norte,7,22.93,5,160.51,efectivo,completada,2026-01-02 09:17:34,zona_d
VN-0001381,CLI-02657,PRD-0057,tienda_norte,3,299.0,25,897.0,tarjeta,completada,2026-01-05 06:37:23,zona_a
VN-0001382,CLI-02715,PRD-0151,tienda_norte,7,145.96,5,1021.72,tarjeta,completada,2026-03-22 15:39:50,zona_a
VN-0001383,CLI-00157,PRD-0003,tienda_norte,2,176.5,0,353.0,tarjeta,completada,2026-02-16 03:57:32,zona_c
VN-0001384,CLI-02834,PRD-0157,tienda_norte,4,215.39,20,861.56,transferencia,completada,2026-03-12 09:53:17,zona_c
VN-0001385,CLI-02841,PRD-0088,tienda_norte,8,63.29,5,506.32,yape,completada,2026-01-05 11:50:20,zona_c
VN-0001386,CLI-00009,PRD-0058,tienda_norte,6,175.53,0,1053.18,tarjeta,completada,2026-03-11 15:14:13,zona_d
VN-0001387,CLI-01934,PRD-0109,tienda_norte,3,114.69,10,344.07,transferencia,completada,2026-03-06 22:09:53,zona_c
VN-0001388,CLI-01339,PRD-0189,tienda_norte,1,178.76,0,178.76,yape,completada,2026-03-30 19:14:09,zona_a
VN-0001389,CLI-01120,PRD-0019,tienda_norte,8,217.51,25,1740.08,efectivo,completada,2026-01-23 05:50:39,zona_c
VN-0001390,CLI-02553,PRD-0051,tienda_norte,6,312.04,5,1872.24,tarjeta,completada,2026-02-01 21:01:54,zona_d
VN-0001391,CLI-01254,PRD-0046,tienda_norte,8,308.35,15,2466.8,tarjeta,completada,2026-01-08 03:16:52,zona_d
VN-0001392,CLI-02192,PRD-0004,tienda_norte,6,43.11,20,258.66,yape,completada,2026-03-19 05:34:47,zona_b
VN-0001393,CLI-02428,PRD-0193,tienda_norte,8,46.6,0,372.8,yape,completada,2026-01-09 09:21:44,zona_a
VN-0001394,CLI-01230,PRD-0021,tienda_norte,7,18.21,0,127.47,yape,completada,2026-01-14 13:25:25,zona_d
VN-0001395,CLI-01504,PRD-0092,tienda_norte,2,929.8,20,1859.6,efectivo,completada,2026-01-08 16:24:23,zona_d
VN-0001396,CLI-02604,PRD-0181,tienda_norte,6,106.33,0,637.98,efectivo,completada,2026-01-28 17:09:12,zona_a
VN-0001397,CLI-02865,PRD-0149,tienda_norte,1,205.29,25,205.29,yape,completada,2026-02-24 04:19:22,zona_c
VN-0001398,CLI-00935,PRD-0100,tienda_norte,5,308.32,15,1541.6,transferencia,completada,2026-01-27 11:06:33,zona_a
VN-0001399,CLI-00491,PRD-0077,tienda_norte,5,50.84,15,254.2,tarjeta,completada,2026-03-20 08:49:19,zona_d
VN-0001400,CLI-02983,PRD-0001,tienda_norte,3,323.26,15,969.78,efectivo,completada,2026-02-15 08:21:03,zona_b
VN-0001401,CLI-00659,PRD-0060,tienda_norte,4,111.31,20,445.24,yape,completada,2026-03-17 14:36:54,zona_d
VN-0001402,CLI-01962,PRD-0020,tienda_norte,4,308.84,5,1235.36,tarjeta,devuelta,2026-03-01 21:33:05,zona_d
VN-0001403,CLI-01077,PRD-0160,tienda_norte,6,37.55,20,225.3,transferencia,completada,2026-03-29 06:39:59,zona_c
VN-0001404,CLI-01804,PRD-0076,tienda_norte,7,122.3,10,856.1,transferencia,completada,2026-01-13 14:08:49,zona_a
VN-0001405,CLI-02532,PRD-0165,tienda_norte,4,776.2,15,3104.8,tarjeta,devuelta,2026-02-25 19:44:01,zona_a
VN-0001406,CLI-02302,PRD-0063,tienda_norte,8,194.35,10,1554.8,yape,completada,2026-01-03 06:16:09,zona_d
VN-0001407,CLI-00107,PRD-0118,tienda_norte,3,47.91,10,143.73,transferencia,completada,2026-03-21 10:18:31,zona_d
VN-0001408,CLI-01545,PRD-0061,tienda_norte,2,642.98,25,1285.96,efectivo,completada,2026-02-07 15:09:24,zona_c
VN-0001409,CLI-02767,PRD-0140,tienda_norte,6,117.83,0,706.98,transferencia,devuelta,2026-01-20 07:54:31,zona_b
VN-0001410,CLI-01611,PRD-0003,tienda_norte,6,158.85,10,953.1,transferencia,completada,2026-03-13 19:15:51,zona_c
VN-0001411,CLI-02098,PRD-0077,tienda_norte,4,59.81,0,239.24,efectivo,completada,2026-02-18 19:07:28,zona_d
VN-0001412,CLI-01510,PRD-0157,tienda_norte,2,242.32,10,484.64,transferencia,completada,2026-01-22 09:37:29,zona_d
VN-0001413,CLI-01971,PRD-0021,tienda_norte,6,18.21,0,109.26,tarjeta,completada,2026-03-11 22:49:45,zona_b
VN-0001414,CLI-01837,PRD-0156,tienda_norte,5,89.98,5,449.9,tarjeta,completada,2026-02-26 04:39:24,zona_a
VN-0001415,CLI-02832,PRD-0077,tienda_norte,1,53.83,10,53.83,tarjeta,completada,2026-01-11 05:07:05,zona_d
VN-0001416,CLI-01401,PRD-0004,tienda_norte,2,45.81,15,91.62,transferencia,completada,2026-03-25 01:51:12,zona_c
VN-0001417,CLI-01572,PRD-0103,tienda_norte,5,375.62,0,1878.1,yape,completada,2026-01-06 14:41:32,zona_c
VN-0001418,CLI-00312,PRD-0037,tienda_norte,6,64.02,15,384.12,yape,devuelta,2026-01-21 09:15:54,zona_a
VN-0001419,CLI-01807,PRD-0022,tienda_norte,2,64.46,0,128.92,efectivo,completada,2026-03-02 04:44:26,zona_b
VN-0001420,CLI-02512,PRD-0106,tienda_norte,7,233.66,0,1635.62,transferencia,completada,2026-01-07 16:44:44,zona_d
VN-0001421,CLI-00465,PRD-0148,tienda_norte,2,115.53,25,231.06,tarjeta,completada,2026-02-02 16:29:59,zona_d
VN-0001422,CLI-00088,PRD-0199,tienda_norte,1,375.09,0,375.09,tarjeta,completada,2026-03-02 01:29:33,zona_d
VN-0001423,CLI-00996,PRD-0131,tienda_norte,4,345.73,0,1382.92,efectivo,pendiente,2026-03-27 13:27:27,zona_b
VN-0001424,CLI-01970,PRD-0134,tienda_norte,8,73.22,25,585.76,efectivo,completada,2026-03-31 18:45:36,zona_b
VN-0001425,CLI-00027,PRD-0164,tienda_norte,4,339.59,0,1358.36,yape,completada,2026-03-29 13:26:34,zona_c
VN-0001426,CLI-01877,PRD-0185,tienda_norte,2,151.94,15,303.88,tarjeta,completada,2026-03-31 03:14:42,zona_a
VN-0001427,CLI-00982,PRD-0167,tienda_norte,4,159.02,0,636.08,yape,completada,2026-01-15 06:52:50,zona_b
VN-0001428,CLI-02299,PRD-0090,tienda_norte,2,10.21,15,20.42,transferencia,completada,2026-02-27 22:10:59,zona_b
VN-0001429,CLI-01857,PRD-0110,tienda_norte,4,187.94,10,751.76,transferencia,completada,2026-03-17 17:22:13,zona_a
VN-0001430,CLI-02681,PRD-0185,tienda_norte,5,178.75,0,893.75,yape,completada,2026-01-01 01:14:02,zona_a
VN-0001431,CLI-02979,PRD-0133,tienda_norte,7,96.84,0,677.88,tarjeta,completada,2026-02-22 03:14:06,zona_b
VN-0001432,CLI-01661,PRD-0157,tienda_norte,5,269.24,0,1346.2,tarjeta,completada,2026-02-16 17:23:09,zona_d
VN-0001433,CLI-01228,PRD-0031,tienda_norte,5,310.8,0,1554.0,yape,completada,2026-01-15 18:30:59,zona_d
VN-0001434,CLI-00637,PRD-0152,tienda_norte,7,89.92,10,629.44,transferencia,completada,2026-03-31 09:25:15,zona_b
VN-0001435,CLI-02264,PRD-0050,tienda_norte,1,9.63,15,9.63,efectivo,completada,2026-02-09 10:17:29,zona_b
VN-0001436,CLI-00732,PRD-0098,tienda_norte,8,713.87,10,5710.96,tarjeta,completada,2026-02-02 09:40:10,zona_c
VN-0001437,CLI-00216,PRD-0101,tienda_norte,1,1015.86,10,1015.86,efectivo,completada,2026-01-05 06:13:08,zona_d
VN-0001438,CLI-00956,PRD-0122,tienda_norte,2,249.51,0,499.02,tarjeta,completada,2026-03-11 04:40:01,zona_b
VN-0001439,CLI-00604,PRD-0129,tienda_norte,2,89.95,10,179.9,yape,completada,2026-01-31 03:45:29,zona_b
VN-0001440,CLI-02905,PRD-0195,tienda_norte,1,129.95,25,129.95,transferencia,completada,2026-03-21 23:34:10,zona_d
VN-0001441,CLI-01615,PRD-0009,tienda_norte,2,46.87,0,93.74,transferencia,completada,2026-03-22 07:14:09,zona_d
VN-0001442,CLI-00619,PRD-0042,tienda_norte,4,64.7,15,258.8,tarjeta,completada,2026-02-08 13:14:49,zona_a
VN-0001443,CLI-01296,PRD-0187,tienda_norte,7,24.78,5,173.46,tarjeta,completada,2026-03-04 16:20:44,zona_b
VN-0001444,CLI-02418,PRD-0022,tienda_norte,8,61.24,5,489.92,tarjeta,completada,2026-01-28 11:21:09,zona_a
VN-0001445,CLI-01065,PRD-0116,tienda_norte,8,9.21,0,73.68,efectivo,completada,2026-03-30 10:50:30,zona_b
VN-0001446,CLI-00016,PRD-0130,tienda_norte,8,335.76,15,2686.08,efectivo,completada,2026-03-02 01:59:03,zona_b
VN-0001447,CLI-00597,PRD-0081,tienda_norte,1,104.17,10,104.17,tarjeta,devuelta,2026-03-09 16:44:35,zona_d
VN-0001448,CLI-01271,PRD-0079,tienda_norte,3,291.31,0,873.93,yape,completada,2026-03-31 23:31:37,zona_c
VN-0001449,CLI-01255,PRD-0057,tienda_norte,1,398.67,0,398.67,efectivo,completada,2026-02-18 17:25:02,zona_a
VN-0001450,CLI-00797,PRD-0179,tienda_norte,7,389.09,0,2723.63,tarjeta,completada,2026-01-05 20:45:06,zona_d
VN-0001451,CLI-00715,PRD-0061,tienda_norte,1,728.71,15,728.71,tarjeta,completada,2026-01-11 17:41:47,zona_a
VN-0001452,CLI-01713,PRD-0083,tienda_norte,7,92.72,0,649.04,tarjeta,completada,2026-02-23 22:12:18,zona_d
VN-0001453,CLI-00431,PRD-0129,tienda_norte,6,89.95,10,539.7,tarjeta,completada,2026-03-09 22:33:04,zona_a
VN-0001454,CLI-02605,PRD-0002,tienda_norte,5,28.78,20,143.9,yape,completada,2026-01-07 21:05:28,zona_d
VN-0001455,CLI-00871,PRD-0104,tienda_norte,4,186.13,5,744.52,tarjeta,completada,2026-01-03 00:01:24,zona_a
VN-0001456,CLI-02853,PRD-0096,tienda_norte,2,74.19,5,148.38,efectivo,devuelta,2026-01-10 06:25:38,zona_b
VN-0001457,CLI-00726,PRD-0135,tienda_norte,1,123.81,0,123.81,transferencia,completada,2026-02-03 01:43:27,zona_a
VN-0001458,CLI-00695,PRD-0080,tienda_norte,5,128.44,10,642.2,yape,devuelta,2026-01-19 00:02:24,zona_a
VN-0001459,CLI-00702,PRD-0113,tienda_norte,2,122.41,25,244.82,yape,completada,2026-01-10 06:16:28,zona_c
VN-0001460,CLI-01459,PRD-0104,tienda_norte,4,176.34,10,705.36,efectivo,completada,2026-03-13 03:50:27,zona_d
VN-0001461,CLI-01549,PRD-0129,tienda_norte,4,94.95,5,379.8,tarjeta,completada,2026-02-02 15:16:26,zona_d
VN-0001462,CLI-02709,PRD-0172,tienda_norte,2,136.13,5,272.26,transferencia,completada,2026-03-31 09:26:03,zona_a
VN-0001463,CLI-02638,PRD-0045,tienda_norte,2,35.29,5,70.58,transferencia,completada,2026-03-18 19:20:01,zona_a
VN-0001464,CLI-02142,PRD-0069,tienda_norte,3,44.18,20,132.54,transferencia,completada,2026-01-21 01:02:16,zona_d
VN-0001465,CLI-01012,PRD-0047,tienda_norte,7,218.76,10,1531.32,efectivo,devuelta,2026-01-10 14:11:42,zona_c
VN-0001466,CLI-01159,PRD-0054,tienda_norte,1,88.79,10,88.79,efectivo,completada,2026-03-10 12:14:56,zona_b
VN-0001467,CLI-02829,PRD-0192,tienda_norte,1,83.75,10,83.75,yape,pendiente,2026-01-01 22:23:22,zona_a
VN-0001468,CLI-01710,PRD-0182,tienda_norte,2,116.18,0,232.36,tarjeta,completada,2026-03-25 13:23:51,zona_b
VN-0001469,CLI-01671,PRD-0108,tienda_norte,1,132.36,5,132.36,yape,completada,2026-03-10 11:42:03,zona_a
VN-0001470,CLI-01709,PRD-0025,tienda_norte,2,397.73,0,795.46,tarjeta,completada,2026-02-28 02:56:45,zona_c
VN-0001471,CLI-01717,PRD-0064,tienda_norte,2,53.65,5,107.3,tarjeta,completada,2026-01-27 11:35:24,zona_d
VN-0001472,CLI-01113,PRD-0085,tienda_norte,6,117.15,0,702.9,yape,devuelta,2026-02-13 14:43:56,zona_a
VN-0001473,CLI-01194,PRD-0141,tienda_norte,2,142.42,0,284.84,tarjeta,completada,2026-01-30 02:59:17,zona_c
VN-0001474,CLI-00360,PRD-0117,tienda_norte,1,146.98,5,146.98,transferencia,completada,2026-02-24 22:40:30,zona_c
VN-0001475,CLI-01921,PRD-0061,tienda_norte,7,857.31,0,6001.17,yape,completada,2026-02-26 00:16:18,zona_d
VN-0001476,CLI-02590,PRD-0025,tienda_norte,6,318.18,20,1909.08,tarjeta,completada,2026-03-11 18:23:32,zona_a
VN-0001477,CLI-02576,PRD-0160,tienda_norte,8,42.25,10,338.0,yape,devuelta,2026-01-21 19:21:32,zona_a
VN-0001478,CLI-00903,PRD-0164,tienda_norte,1,305.63,10,305.63,tarjeta,completada,2026-01-10 11:30:47,zona_c
VN-0001479,CLI-02744,PRD-0125,tienda_norte,2,313.28,0,626.56,efectivo,completada,2026-02-11 18:19:55,zona_b
VN-0001480,CLI-02363,PRD-0066,tienda_norte,3,819.09,0,2457.27,tarjeta,completada,2026-03-15 03:38:34,zona_b
VN-0001481,CLI-02443,PRD-0040,tienda_norte,5,171.54,0,857.7,transferencia,completada,2026-03-04 00:44:04,zona_a
VN-0001482,CLI-02283,PRD-0075,tienda_norte,1,61.33,10,61.33,yape,completada,2026-01-08 07:56:37,zona_c
VN-0001483,CLI-01511,PRD-0120,tienda_norte,2,290.54,0,581.08,efectivo,completada,2026-01-18 12:38:16,zona_b
VN-0001484,CLI-00035,PRD-0165,tienda_norte,8,776.2,15,6209.6,yape,completada,2026-03-27 11:04:34,zona_b
VN-0001485,CLI-01312,PRD-0200,tienda_norte,2,33.95,0,67.9,tarjeta,completada,2026-03-23 08:10:59,zona_a
VN-0001486,CLI-02783,PRD-0133,tienda_norte,3,77.47,20,232.41,efectivo,pendiente,2026-03-08 08:43:10,zona_a
VN-0001487,CLI-01744,PRD-0060,tienda_norte,1,118.27,15,118.27,tarjeta,completada,2026-01-17 08:52:00,zona_b
VN-0001488,CLI-00105,PRD-0022,tienda_norte,7,51.57,20,360.99,yape,completada,2026-03-13 12:00:53,zona_d
VN-0001489,CLI-01231,PRD-0111,tienda_norte,4,62.79,15,251.16,transferencia,completada,2026-03-26 18:01:00,zona_b
VN-0001490,CLI-00126,PRD-0193,tienda_norte,4,41.94,10,167.76,yape,completada,2026-03-18 01:22:12,zona_d
VN-0001491,CLI-01367,PRD-0141,tienda_norte,8,106.81,25,854.48,tarjeta,completada,2026-03-16 10:29:05,zona_d
VN-0001492,CLI-02325,PRD-0078,tienda_norte,8,54.94,0,439.52,efectivo,completada,2026-01-30 10:31:37,zona_c
VN-0001493,CLI-00350,PRD-0087,tienda_norte,3,31.53,20,94.59,efectivo,pendiente,2026-02-28 09:16:43,zona_c
VN-0001494,CLI-01553,PRD-0008,tienda_norte,6,1107.3,0,6643.8,yape,pendiente,2026-03-21 22:27:51,zona_a
VN-0001495,CLI-01216,PRD-0094,tienda_norte,3,36.83,5,110.49,tarjeta,completada,2026-01-05 22:11:12,zona_c
VN-0001496,CLI-00187,PRD-0012,tienda_norte,8,146.41,5,1171.28,tarjeta,completada,2026-03-18 01:42:03,zona_b
VN-0001497,CLI-01735,PRD-0015,tienda_norte,1,57.34,0,57.34,tarjeta,completada,2026-02-03 23:37:35,zona_a
VN-0001498,CLI-00790,PRD-0194,tienda_norte,6,158.33,10,949.98,tarjeta,completada,2026-02-20 19:16:37,zona_a
VN-0001499,CLI-02945,PRD-0030,tienda_norte,4,246.84,0,987.36,tarjeta,pendiente,2026-02-25 11:12:34,zona_d
VN-0001500,CLI-02089,PRD-0116,tienda_norte,8,7.83,15,62.64,efectivo,completada,2026-01-22 17:22:35,zona_b
VN-0001501,CLI-00278,PRD-0028,tienda_norte,4,7.67,10,30.68,transferencia,completada,2026-03-29 18:18:45,zona_d
VN-0001502,CLI-01004,PRD-0101,tienda_norte,2,1072.29,5,2144.58,efectivo,completada,2026-03-08 14:00:01,zona_b
VN-0001503,CLI-00361,PRD-0077,tienda_norte,7,59.81,0,418.67,efectivo,pendiente,2026-01-04 22:07:16,zona_b
VN-0001504,CLI-02584,PRD-0131,tienda_norte,6,328.44,5,1970.64,transferencia,completada,2026-01-23 01:11:52,zona_a
VN-0001505,CLI-00326,PRD-0050,tienda_norte,5,10.2,10,51.0,tarjeta,completada,2026-03-24 08:23:31,zona_d
VN-0001506,CLI-00390,PRD-0185,tienda_norte,1,143.0,20,143.0,tarjeta,completada,2026-02-14 18:45:53,zona_d
VN-0001507,CLI-00520,PRD-0115,tienda_norte,4,858.12,25,3432.48,tarjeta,completada,2026-02-16 06:59:55,zona_d
VN-0001508,CLI-02642,PRD-0032,tienda_norte,4,119.2,10,476.8,tarjeta,completada,2026-03-06 22:12:05,zona_d
VN-0001509,CLI-01456,PRD-0133,tienda_norte,1,92.0,5,92.0,efectivo,completada,2026-03-05 21:20:01,zona_c
VN-0001510,CLI-02085,PRD-0037,tienda_norte,3,67.79,10,203.37,yape,completada,2026-03-01 15:18:56,zona_d
VN-0001511,CLI-02699,PRD-0084,tienda_norte,5,100.02,10,500.1,transferencia,completada,2026-03-05 16:33:05,zona_d
VN-0001512,CLI-01898,PRD-0057,tienda_norte,1,338.87,15,338.87,yape,completada,2026-01-11 14:48:17,zona_c
VN-0001513,CLI-02363,PRD-0023,tienda_norte,3,64.79,0,194.37,efectivo,completada,2026-03-05 06:54:12,zona_b
VN-0001514,CLI-00988,PRD-0114,tienda_norte,7,216.09,15,1512.63,tarjeta,completada,2026-01-30 17:46:23,zona_a
VN-0001515,CLI-02885,PRD-0145,tienda_norte,2,340.64,0,681.28,efectivo,completada,2026-03-08 13:11:50,zona_c
VN-0001516,CLI-00666,PRD-0014,tienda_norte,2,315.58,0,631.16,tarjeta,devuelta,2026-01-20 22:52:08,zona_d
VN-0001517,CLI-02970,PRD-0155,tienda_norte,6,138.1,0,828.6,yape,devuelta,2026-02-07 10:00:22,zona_a
VN-0001518,CLI-00439,PRD-0197,tienda_norte,3,46.5,0,139.5,yape,completada,2026-03-25 11:35:25,zona_b
VN-0001519,CLI-01536,PRD-0096,tienda_norte,8,78.09,0,624.72,efectivo,completada,2026-01-18 22:30:15,zona_b
VN-0001520,CLI-02173,PRD-0143,tienda_norte,4,19.03,15,76.12,tarjeta,completada,2026-03-09 16:56:45,zona_a
VN-0001521,CLI-01102,PRD-0021,tienda_norte,1,18.21,0,18.21,efectivo,completada,2026-03-11 12:14:28,zona_a
VN-0001522,CLI-00517,PRD-0044,tienda_norte,5,100.66,5,503.3,tarjeta,completada,2026-01-10 14:46:50,zona_b
VN-0001523,CLI-01619,PRD-0156,tienda_norte,4,89.98,5,359.92,tarjeta,completada,2026-01-25 08:18:55,zona_a
VN-0001524,CLI-00147,PRD-0118,tienda_norte,1,53.23,0,53.23,tarjeta,completada,2026-01-18 09:17:17,zona_b
VN-0001525,CLI-00642,PRD-0160,tienda_norte,5,42.25,10,211.25,yape,completada,2026-02-15 16:44:17,zona_a
VN-0001526,CLI-01421,PRD-0142,tienda_norte,3,121.27,0,363.81,efectivo,completada,2026-01-24 11:33:50,zona_c
VN-0001527,CLI-02019,PRD-0031,tienda_norte,8,310.8,0,2486.4,tarjeta,completada,2026-01-14 10:12:34,zona_b
VN-0001528,CLI-00254,PRD-0079,tienda_norte,1,276.74,5,276.74,tarjeta,completada,2026-01-15 03:38:43,zona_c
VN-0001529,CLI-01502,PRD-0125,tienda_norte,4,250.62,20,1002.48,yape,devuelta,2026-03-30 22:58:04,zona_a
VN-0001530,CLI-01587,PRD-0126,tienda_norte,8,1043.23,0,8345.84,tarjeta,completada,2026-02-10 05:13:54,zona_b
VN-0001531,CLI-01062,PRD-0054,tienda_norte,2,88.79,10,177.58,yape,completada,2026-03-12 17:10:06,zona_c
VN-0001532,CLI-01607,PRD-0135,tienda_norte,7,99.05,20,693.35,yape,devuelta,2026-02-11 23:09:21,zona_d
VN-0001533,CLI-01427,PRD-0013,tienda_norte,7,460.77,0,3225.39,tarjeta,completada,2026-02-18 12:18:02,zona_d
VN-0001534,CLI-02728,PRD-0194,tienda_norte,3,175.92,0,527.76,yape,completada,2026-03-05 17:57:52,zona_a
VN-0001535,CLI-01946,PRD-0040,tienda_norte,6,154.39,10,926.34,yape,completada,2026-01-16 09:29:06,zona_a
VN-0001536,CLI-01133,PRD-0070,tienda_norte,4,508.33,0,2033.32,tarjeta,completada,2026-03-16 00:19:51,zona_c
VN-0001537,CLI-00351,PRD-0174,tienda_norte,1,300.93,5,300.93,efectivo,completada,2026-01-17 06:41:45,zona_c
VN-0001538,CLI-01065,PRD-0044,tienda_norte,6,105.96,0,635.76,tarjeta,completada,2026-02-14 07:25:46,zona_c
VN-0001539,CLI-02705,PRD-0128,tienda_norte,6,43.02,15,258.12,tarjeta,completada,2026-01-04 08:31:07,zona_c
VN-0001540,CLI-01473,PRD-0067,tienda_norte,5,101.45,0,507.25,tarjeta,completada,2026-03-11 07:13:56,zona_c
VN-0001541,CLI-02167,PRD-0165,tienda_norte,8,730.54,20,5844.32,tarjeta,completada,2026-03-20 15:21:45,zona_c
VN-0001542,CLI-02435,PRD-0188,tienda_norte,6,105.38,0,632.28,efectivo,completada,2026-03-30 14:32:14,zona_b
VN-0001543,CLI-00332,PRD-0016,tienda_norte,7,170.19,15,1191.33,tarjeta,completada,2026-02-09 02:13:14,zona_b
VN-0001544,CLI-00377,PRD-0030,tienda_norte,5,246.84,0,1234.2,tarjeta,completada,2026-03-24 19:48:18,zona_d
VN-0001545,CLI-01734,PRD-0064,tienda_norte,2,56.47,0,112.94,tarjeta,completada,2026-02-15 09:34:07,zona_a
VN-0001546,CLI-01602,PRD-0181,tienda_norte,4,106.33,0,425.32,tarjeta,completada,2026-01-30 03:27:23,zona_b
VN-0001547,CLI-02968,PRD-0098,tienda_norte,3,753.53,5,2260.59,tarjeta,completada,2026-02-03 09:18:46,zona_d
VN-0001548,CLI-00816,PRD-0149,tienda_norte,1,273.72,0,273.72,yape,completada,2026-01-30 13:44:59,zona_a
VN-0001549,CLI-02396,PRD-0031,tienda_norte,4,248.64,20,994.56,yape,completada,2026-02-13 15:12:47,zona_a
VN-0001550,CLI-00789,PRD-0176,tienda_norte,3,71.08,0,213.24,yape,completada,2026-02-22 15:09:09,zona_c
VN-0001551,CLI-01036,PRD-0021,tienda_norte,6,16.39,10,98.34,transferencia,completada,2026-02-17 05:55:05,zona_d
VN-0001552,CLI-01448,PRD-0082,tienda_norte,4,303.1,0,1212.4,tarjeta,completada,2026-03-13 09:11:57,zona_d
VN-0001553,CLI-01335,PRD-0023,tienda_norte,6,58.31,10,349.86,yape,completada,2026-01-14 13:12:23,zona_d
VN-0001554,CLI-01500,PRD-0075,tienda_norte,7,64.73,5,453.11,efectivo,devuelta,2026-03-07 14:30:44,zona_c
VN-0001555,CLI-01030,PRD-0035,tienda_norte,5,108.66,0,543.3,yape,devuelta,2026-03-19 03:47:45,zona_d
VN-0001556,CLI-01731,PRD-0152,tienda_norte,4,99.91,0,399.64,yape,completada,2026-03-31 23:07:32,zona_d
VN-0001557,CLI-00859,PRD-0045,tienda_norte,8,33.44,10,267.52,yape,completada,2026-01-31 16:57:10,zona_b
VN-0001558,CLI-02992,PRD-0071,tienda_norte,7,53.3,25,373.1,efectivo,completada,2026-03-04 02:48:42,zona_d
VN-0001559,CLI-01048,PRD-0031,tienda_norte,6,310.8,0,1864.8,tarjeta,completada,2026-01-10 12:35:58,zona_d
VN-0001560,CLI-02276,PRD-0063,tienda_norte,7,215.94,0,1511.58,yape,completada,2026-01-17 01:20:20,zona_a
VN-0001561,CLI-02235,PRD-0072,tienda_norte,6,26.13,20,156.78,tarjeta,completada,2026-03-26 02:00:07,zona_d
VN-0001562,CLI-02816,PRD-0186,tienda_norte,2,64.74,15,129.48,yape,completada,2026-02-26 22:05:58,zona_b
VN-0001563,CLI-01550,PRD-0001,tienda_norte,4,342.28,10,1369.12,efectivo,completada,2026-02-18 23:06:44,zona_b
VN-0001564,CLI-01567,PRD-0119,tienda_norte,1,153.16,10,153.16,tarjeta,completada,2026-02-11 10:55:29,zona_a
VN-0001565,CLI-02121,PRD-0153,tienda_norte,3,1063.07,10,3189.21,tarjeta,completada,2026-02-17 01:46:24,zona_b
VN-0001566,CLI-02845,PRD-0019,tienda_norte,8,275.52,5,2204.16,transferencia,completada,2026-02-14 12:10:53,zona_a
VN-0001567,CLI-02473,PRD-0168,tienda_norte,4,287.69,5,1150.76,tarjeta,completada,2026-01-27 22:46:51,zona_a
VN-0001568,CLI-02814,PRD-0129,tienda_norte,8,94.95,5,759.6,yape,completada,2026-02-06 21:27:03,zona_d
VN-0001569,CLI-00895,PRD-0138,tienda_norte,1,146.2,0,146.2,efectivo,completada,2026-02-23 19:58:54,zona_b
VN-0001570,CLI-02139,PRD-0058,tienda_norte,5,175.53,0,877.65,tarjeta,completada,2026-01-26 21:44:25,zona_a
VN-0001571,CLI-00113,PRD-0123,tienda_norte,3,40.34,0,121.02,efectivo,completada,2026-01-19 12:38:41,zona_b
VN-0001572,CLI-02433,PRD-0191,tienda_norte,5,130.15,25,650.75,tarjeta,devuelta,2026-02-05 23:32:58,zona_b
VN-0001573,CLI-01260,PRD-0078,tienda_norte,1,54.94,0,54.94,efectivo,completada,2026-02-06 09:35:15,zona_d
VN-0001574,CLI-00174,PRD-0132,tienda_norte,2,658.28,0,1316.56,efectivo,completada,2026-02-26 11:45:25,zona_c
VN-0001575,CLI-01723,PRD-0173,tienda_norte,8,150.05,15,1200.4,efectivo,completada,2026-03-29 23:18:02,zona_a
VN-0001576,CLI-00561,PRD-0002,tienda_norte,6,35.98,0,215.88,tarjeta,completada,2026-01-09 16:15:08,zona_a
VN-0001577,CLI-00045,PRD-0035,tienda_norte,3,97.79,10,293.37,transferencia,completada,2026-01-29 21:59:57,zona_b
VN-0001578,CLI-01917,PRD-0079,tienda_norte,8,233.05,20,1864.4,tarjeta,completada,2026-01-31 20:33:14,zona_b
VN-0001579,CLI-00546,PRD-0034,tienda_norte,7,104.06,0,728.42,yape,completada,2026-02-15 06:55:58,zona_a
VN-0001580,CLI-02766,PRD-0093,tienda_norte,2,856.73,5,1713.46,yape,completada,2026-01-31 11:50:58,zona_a
VN-0001581,CLI-02195,PRD-0057,tienda_norte,3,378.74,5,1136.22,tarjeta,completada,2026-03-18 21:20:29,zona_b
VN-0001582,CLI-01376,PRD-0175,tienda_norte,6,70.76,5,424.56,transferencia,completada,2026-01-06 20:44:01,zona_c
VN-0001583,CLI-02884,PRD-0157,tienda_norte,5,269.24,0,1346.2,transferencia,completada,2026-01-13 04:02:36,zona_c
VN-0001584,CLI-01423,PRD-0043,tienda_norte,5,20.52,15,102.6,tarjeta,completada,2026-01-18 19:56:57,zona_b
VN-0001585,CLI-02167,PRD-0119,tienda_norte,2,161.67,5,323.34,tarjeta,completada,2026-02-26 08:45:14,zona_a
VN-0001586,CLI-00605,PRD-0109,tienda_norte,5,108.32,15,541.6,efectivo,completada,2026-01-13 14:18:39,zona_d
VN-0001587,CLI-00325,PRD-0165,tienda_norte,3,684.88,25,2054.64,efectivo,completada,2026-01-11 05:46:03,zona_c
VN-0001588,CLI-02034,PRD-0128,tienda_norte,1,40.49,20,40.49,tarjeta,completada,2026-01-14 14:08:17,zona_b
VN-0001589,CLI-01032,PRD-0106,tienda_norte,3,210.29,10,630.87,tarjeta,devuelta,2026-03-14 01:23:50,zona_a
VN-0001590,CLI-00554,PRD-0023,tienda_norte,6,61.55,5,369.3,tarjeta,completada,2026-03-25 19:32:04,zona_a
VN-0001591,CLI-02871,PRD-0101,tienda_norte,6,1128.73,0,6772.38,tarjeta,devuelta,2026-03-09 16:06:27,zona_c
VN-0001592,CLI-00676,PRD-0154,tienda_norte,2,47.82,0,95.64,tarjeta,completada,2026-02-11 07:46:28,zona_c
VN-0001593,CLI-02065,PRD-0065,tienda_norte,2,199.53,0,399.06,yape,completada,2026-03-20 02:55:47,zona_c
VN-0001594,CLI-00299,PRD-0188,tienda_norte,1,84.3,20,84.3,tarjeta,completada,2026-02-10 00:39:48,zona_c
VN-0001595,CLI-02965,PRD-0007,tienda_norte,6,18.87,5,113.22,yape,completada,2026-02-21 19:31:12,zona_b
VN-0001596,CLI-00641,PRD-0126,tienda_norte,2,886.75,15,1773.5,efectivo,completada,2026-03-24 12:52:36,zona_a
VN-0001597,CLI-02784,PRD-0089,tienda_norte,6,62.06,10,372.36,tarjeta,completada,2026-02-25 03:16:03,zona_c
VN-0001598,CLI-00136,PRD-0131,tienda_norte,7,345.73,0,2420.11,tarjeta,completada,2026-01-12 00:15:43,zona_c
VN-0001599,CLI-02620,PRD-0178,tienda_norte,2,70.08,20,140.16,tarjeta,completada,2026-01-06 07:33:59,zona_a
VN-0001600,CLI-01561,PRD-0154,tienda_norte,4,45.43,5,181.72,efectivo,completada,2026-02-23 15:07:02,zona_a
VN-0001601,CLI-02719,PRD-0198,tienda_norte,7,323.64,10,2265.48,efectivo,completada,2026-01-03 07:19:58,zona_c
VN-0001602,CLI-00309,PRD-0092,tienda_norte,7,987.91,15,6915.37,yape,completada,2026-03-14 18:37:46,zona_d
VN-0001603,CLI-00975,PRD-0074,tienda_norte,4,100.23,0,400.92,transferencia,completada,2026-03-30 06:39:21,zona_d
VN-0001604,CLI-00368,PRD-0167,tienda_norte,7,127.22,20,890.54,tarjeta,completada,2026-01-29 05:00:38,zona_c
VN-0001605,CLI-01004,PRD-0015,tienda_norte,7,54.47,5,381.29,tarjeta,completada,2026-03-22 21:36:26,zona_a
VN-0001606,CLI-02823,PRD-0053,tienda_norte,3,4.66,10,13.98,yape,completada,2026-02-07 20:13:36,zona_d
VN-0001607,CLI-01534,PRD-0005,tienda_norte,3,201.91,5,605.73,efectivo,completada,2026-02-08 00:16:41,zona_b
VN-0001608,CLI-01979,PRD-0077,tienda_norte,4,59.81,0,239.24,tarjeta,completada,2026-01-17 01:23:39,zona_c
VN-0001609,CLI-00645,PRD-0132,tienda_norte,4,658.28,0,2633.12,yape,completada,2026-01-15 05:04:27,zona_d
VN-0001610,CLI-00443,PRD-0088,tienda_norte,5,49.97,25,249.85,efectivo,completada,2026-02-20 06:54:15,zona_c
VN-0001611,CLI-02184,PRD-0047,tienda_norte,4,243.07,0,972.28,transferencia,completada,2026-03-18 22:40:54,zona_c
VN-0001612,CLI-01476,PRD-0017,tienda_norte,5,739.99,0,3699.95,yape,completada,2026-03-05 21:03:01,zona_d
VN-0001613,CLI-00283,PRD-0120,tienda_norte,6,246.96,15,1481.76,tarjeta,completada,2026-03-08 17:18:54,zona_c
VN-0001614,CLI-01093,PRD-0197,tienda_norte,7,46.5,0,325.5,efectivo,completada,2026-03-15 20:56:07,zona_c
VN-0001615,CLI-01486,PRD-0087,tienda_norte,6,29.56,25,177.36,transferencia,completada,2026-03-26 16:02:40,zona_a
VN-0001616,CLI-01025,PRD-0016,tienda_norte,6,170.19,15,1021.14,tarjeta,completada,2026-02-16 17:41:12,zona_a
VN-0001617,CLI-00443,PRD-0113,tienda_norte,2,155.06,5,310.12,tarjeta,completada,2026-01-30 05:45:02,zona_b
VN-0001618,CLI-01141,PRD-0024,tienda_norte,6,108.58,20,651.48,tarjeta,devuelta,2026-01-17 01:17:13,zona_a
VN-0001619,CLI-02786,PRD-0107,tienda_norte,2,52.86,0,105.72,tarjeta,completada,2026-02-25 08:25:23,zona_c
VN-0001620,CLI-01698,PRD-0142,tienda_norte,4,121.27,0,485.08,efectivo,completada,2026-01-26 03:05:52,zona_c
VN-0001621,CLI-02657,PRD-0099,tienda_norte,1,324.56,10,324.56,efectivo,completada,2026-03-29 05:20:50,zona_c
VN-0001622,CLI-01279,PRD-0015,tienda_norte,1,57.34,0,57.34,tarjeta,devuelta,2026-03-27 15:58:35,zona_a
VN-0001623,CLI-02824,PRD-0194,tienda_norte,3,175.92,0,527.76,efectivo,completada,2026-03-22 08:30:12,zona_a
VN-0001624,CLI-01099,PRD-0088,tienda_norte,7,66.62,0,466.34,tarjeta,completada,2026-03-21 23:34:42,zona_d
VN-0001625,CLI-01556,PRD-0019,tienda_norte,7,290.02,0,2030.14,transferencia,completada,2026-03-06 16:29:08,zona_b
VN-0001626,CLI-02007,PRD-0148,tienda_norte,8,146.34,5,1170.72,tarjeta,completada,2026-02-08 15:48:58,zona_a
VN-0001627,CLI-02298,PRD-0186,tienda_norte,4,72.35,5,289.4,tarjeta,completada,2026-01-09 03:30:19,zona_a
VN-0001628,CLI-01926,PRD-0063,tienda_norte,8,194.35,10,1554.8,yape,completada,2026-02-18 22:19:06,zona_b
VN-0001629,CLI-01504,PRD-0133,tienda_norte,6,96.84,0,581.04,tarjeta,completada,2026-03-16 08:45:51,zona_a
VN-0001630,CLI-01182,PRD-0137,tienda_norte,4,125.01,5,500.04,efectivo,completada,2026-02-23 14:54:51,zona_c
VN-0001631,CLI-01043,PRD-0099,tienda_norte,5,324.56,10,1622.8,transferencia,completada,2026-03-28 13:03:37,zona_b
VN-0001632,CLI-00749,PRD-0121,tienda_norte,2,661.31,25,1322.62,yape,completada,2026-03-25 05:45:17,zona_c
VN-0001633,CLI-01539,PRD-0170,tienda_norte,7,89.41,20,625.87,efectivo,completada,2026-02-13 11:03:09,zona_b
VN-0001634,CLI-01909,PRD-0157,tienda_norte,4,228.85,15,915.4,efectivo,completada,2026-02-10 10:21:51,zona_c
VN-0001635,CLI-00741,PRD-0011,tienda_norte,4,75.37,0,301.48,tarjeta,completada,2026-01-04 09:23:47,zona_a
VN-0001636,CLI-02189,PRD-0086,tienda_norte,7,16.72,5,117.04,efectivo,completada,2026-01-04 21:38:18,zona_d
VN-0001637,CLI-02321,PRD-0019,tienda_norte,4,261.02,10,1044.08,efectivo,devuelta,2026-03-04 19:48:34,zona_d
VN-0001638,CLI-01675,PRD-0130,tienda_norte,7,395.01,0,2765.07,tarjeta,completada,2026-01-20 00:13:59,zona_c
VN-0001639,CLI-01612,PRD-0066,tienda_norte,4,819.09,0,3276.36,yape,completada,2026-03-12 17:48:00,zona_a
VN-0001640,CLI-01133,PRD-0114,tienda_norte,3,216.09,15,648.27,transferencia,completada,2026-01-04 04:45:52,zona_c
VN-0001641,CLI-01462,PRD-0175,tienda_norte,4,67.03,10,268.12,efectivo,completada,2026-01-16 10:22:49,zona_a
VN-0001642,CLI-00450,PRD-0060,tienda_norte,8,132.18,5,1057.44,yape,completada,2026-01-14 17:04:52,zona_d
VN-0001643,CLI-00744,PRD-0012,tienda_norte,2,146.41,5,292.82,efectivo,completada,2026-02-09 05:49:47,zona_a
VN-0001644,CLI-01068,PRD-0124,tienda_norte,8,154.82,10,1238.56,yape,completada,2026-03-12 01:29:24,zona_b
VN-0001645,CLI-00555,PRD-0069,tienda_norte,8,46.95,15,375.6,efectivo,completada,2026-03-11 12:41:05,zona_b
VN-0001646,CLI-02767,PRD-0106,tienda_norte,7,186.93,20,1308.51,yape,completada,2026-01-18 14:46:32,zona_a
VN-0001647,CLI-02741,PRD-0040,tienda_norte,8,154.39,10,1235.12,yape,completada,2026-03-26 12:48:06,zona_d
VN-0001648,CLI-00068,PRD-0078,tienda_norte,6,43.95,20,263.7,yape,completada,2026-03-03 05:08:15,zona_b
VN-0001649,CLI-02538,PRD-0057,tienda_norte,1,398.67,0,398.67,efectivo,devuelta,2026-03-27 08:08:25,zona_b
VN-0001650,CLI-02829,PRD-0072,tienda_norte,5,32.66,0,163.3,transferencia,completada,2026-02-22 00:48:04,zona_b
VN-0001651,CLI-02668,PRD-0092,tienda_norte,6,1162.25,0,6973.5,tarjeta,completada,2026-02-14 20:25:05,zona_d
VN-0001652,CLI-01742,PRD-0166,tienda_norte,5,491.34,0,2456.7,efectivo,completada,2026-02-27 21:52:51,zona_c
VN-0001653,CLI-02723,PRD-0082,tienda_norte,8,272.79,10,2182.32,efectivo,devuelta,2026-03-13 19:05:16,zona_a
VN-0001654,CLI-00899,PRD-0167,tienda_norte,3,127.22,20,381.66,yape,completada,2026-01-25 01:16:05,zona_d
VN-0001655,CLI-01575,PRD-0106,tienda_norte,1,198.61,15,198.61,yape,completada,2026-01-29 16:52:09,zona_b
VN-0001656,CLI-00390,PRD-0092,tienda_norte,6,1162.25,0,6973.5,efectivo,pendiente,2026-02-25 09:54:19,zona_b
VN-0001657,CLI-02224,PRD-0162,tienda_norte,5,84.67,0,423.35,yape,completada,2026-03-17 08:41:43,zona_c
VN-0001658,CLI-02958,PRD-0103,tienda_norte,5,338.06,10,1690.3,efectivo,completada,2026-02-15 05:41:43,zona_c
VN-0001659,CLI-00014,PRD-0163,tienda_norte,1,92.65,0,92.65,tarjeta,completada,2026-01-31 01:56:35,zona_c
VN-0001660,CLI-01288,PRD-0047,tienda_norte,5,243.07,0,1215.35,efectivo,completada,2026-03-22 12:26:48,zona_c
VN-0001661,CLI-02812,PRD-0088,tienda_norte,2,63.29,5,126.58,tarjeta,completada,2026-03-19 06:35:50,zona_d
VN-0001662,CLI-02910,PRD-0035,tienda_norte,6,103.23,5,619.38,tarjeta,completada,2026-01-31 18:47:22,zona_b
VN-0001663,CLI-00372,PRD-0181,tienda_norte,3,106.33,0,318.99,transferencia,completada,2026-03-11 12:11:40,zona_a
VN-0001664,CLI-00295,PRD-0166,tienda_norte,3,491.34,0,1474.02,efectivo,completada,2026-02-27 22:12:15,zona_b
VN-0001665,CLI-00934,PRD-0091,tienda_norte,1,39.85,20,39.85,efectivo,completada,2026-03-07 06:45:14,zona_d
VN-0001666,CLI-02655,PRD-0068,tienda_norte,3,158.32,5,474.96,yape,completada,2026-03-20 12:25:44,zona_b
VN-0001667,CLI-01901,PRD-0178,tienda_norte,2,87.6,0,175.2,tarjeta,completada,2026-01-16 20:14:19,zona_d
VN-0001668,CLI-02645,PRD-0166,tienda_norte,2,466.77,5,933.54,yape,completada,2026-01-15 02:04:50,zona_d
VN-0001669,CLI-00074,PRD-0070,tienda_norte,2,482.91,5,965.82,yape,completada,2026-02-28 18:22:45,zona_d
VN-0001670,CLI-02035,PRD-0102,tienda_norte,5,74.67,0,373.35,transferencia,completada,2026-02-18 10:14:35,zona_a
VN-0001671,CLI-01999,PRD-0194,tienda_norte,5,175.92,0,879.6,efectivo,completada,2026-03-30 15:39:49,zona_a
VN-0001672,CLI-01272,PRD-0032,tienda_norte,6,99.33,25,595.98,yape,completada,2026-01-08 04:28:52,zona_d
VN-0001673,CLI-01446,PRD-0026,tienda_norte,2,1165.21,0,2330.42,transferencia,devuelta,2026-02-14 03:24:00,zona_a
VN-0001674,CLI-01542,PRD-0158,tienda_norte,6,230.04,0,1380.24,tarjeta,completada,2026-01-25 06:29:53,zona_c
VN-0001675,CLI-02932,PRD-0167,tienda_norte,5,159.02,0,795.1,transferencia,pendiente,2026-03-28 18:10:12,zona_a
VN-0001676,CLI-01024,PRD-0185,tienda_norte,2,178.75,0,357.5,yape,completada,2026-01-12 01:23:42,zona_d
VN-0001677,CLI-01495,PRD-0117,tienda_norte,8,154.72,0,1237.76,tarjeta,completada,2026-01-23 14:20:47,zona_a
VN-0001678,CLI-02307,PRD-0129,tienda_norte,7,94.95,5,664.65,tarjeta,completada,2026-01-05 08:28:30,zona_c
VN-0001679,CLI-01736,PRD-0104,tienda_norte,3,195.93,0,587.79,tarjeta,completada,2026-03-12 19:42:39,zona_c
VN-0001680,CLI-01639,PRD-0175,tienda_norte,7,70.76,5,495.32,tarjeta,pendiente,2026-01-10 00:25:36,zona_b
VN-0001681,CLI-01292,PRD-0007,tienda_norte,7,17.87,10,125.09,efectivo,completada,2026-03-19 17:26:49,zona_d
VN-0001682,CLI-01088,PRD-0131,tienda_norte,8,311.16,10,2489.28,tarjeta,pendiente,2026-03-25 07:04:51,zona_b
VN-0001683,CLI-00645,PRD-0025,tienda_norte,5,318.18,20,1590.9,tarjeta,completada,2026-02-13 12:04:45,zona_b
VN-0001684,CLI-01618,PRD-0125,tienda_norte,1,313.28,0,313.28,transferencia,completada,2026-02-09 06:52:29,zona_b
VN-0001685,CLI-02521,PRD-0157,tienda_norte,1,201.93,25,201.93,efectivo,completada,2026-02-25 11:32:53,zona_c
VN-0001686,CLI-01630,PRD-0066,tienda_norte,4,696.23,15,2784.92,tarjeta,devuelta,2026-01-08 02:05:22,zona_d
VN-0001687,CLI-01018,PRD-0179,tienda_norte,4,369.64,5,1478.56,tarjeta,pendiente,2026-01-03 01:29:20,zona_d
VN-0001688,CLI-01193,PRD-0150,tienda_norte,1,615.16,25,615.16,tarjeta,completada,2026-03-25 03:58:13,zona_a
VN-0001689,CLI-00918,PRD-0089,tienda_norte,4,68.95,0,275.8,yape,completada,2026-03-13 01:29:10,zona_b
VN-0001690,CLI-02950,PRD-0065,tienda_norte,4,199.53,0,798.12,tarjeta,completada,2026-03-09 07:34:23,zona_b
VN-0001691,CLI-01643,PRD-0174,tienda_norte,1,300.93,5,300.93,efectivo,completada,2026-03-22 04:39:13,zona_a
VN-0001692,CLI-00333,PRD-0011,tienda_norte,1,71.6,5,71.6,yape,completada,2026-03-25 17:58:09,zona_a
VN-0001693,CLI-00530,PRD-0162,tienda_norte,2,84.67,0,169.34,tarjeta,completada,2026-03-29 15:30:55,zona_b
VN-0001694,CLI-02046,PRD-0088,tienda_norte,7,66.62,0,466.34,yape,completada,2026-02-07 04:58:29,zona_a
VN-0001695,CLI-01775,PRD-0086,tienda_norte,2,17.6,0,35.2,tarjeta,completada,2026-01-29 15:05:17,zona_c
VN-0001696,CLI-00778,PRD-0131,tienda_norte,3,328.44,5,985.32,efectivo,completada,2026-03-15 09:54:44,zona_b
VN-0001697,CLI-00933,PRD-0093,tienda_norte,8,901.82,0,7214.56,tarjeta,completada,2026-03-19 12:03:25,zona_d
VN-0001698,CLI-00333,PRD-0021,tienda_norte,7,13.66,25,95.62,tarjeta,pendiente,2026-03-19 16:30:44,zona_b
VN-0001699,CLI-01698,PRD-0066,tienda_norte,2,696.23,15,1392.46,yape,completada,2026-02-28 00:39:48,zona_d
VN-0001700,CLI-00943,PRD-0091,tienda_norte,4,47.32,5,189.28,yape,completada,2026-01-30 20:54:14,zona_c
VN-0001701,CLI-00292,PRD-0047,tienda_norte,5,230.92,5,1154.6,yape,completada,2026-03-05 05:58:44,zona_c
VN-0001702,CLI-01432,PRD-0126,tienda_norte,5,834.58,20,4172.9,transferencia,completada,2026-03-19 10:57:00,zona_a
VN-0001703,CLI-00224,PRD-0009,tienda_norte,8,42.18,10,337.44,efectivo,devuelta,2026-02-04 01:09:45,zona_d
VN-0001704,CLI-02227,PRD-0103,tienda_norte,8,356.84,5,2854.72,tarjeta,completada,2026-02-22 06:45:14,zona_b
VN-0001705,CLI-01705,PRD-0187,tienda_norte,8,24.78,5,198.24,yape,completada,2026-02-27 21:47:03,zona_b
VN-0001706,CLI-00224,PRD-0016,tienda_norte,4,200.22,0,800.88,tarjeta,completada,2026-02-14 12:15:24,zona_d
VN-0001707,CLI-00773,PRD-0177,tienda_norte,3,1066.18,0,3198.54,tarjeta,completada,2026-03-06 07:57:25,zona_a
VN-0001708,CLI-00970,PRD-0086,tienda_norte,7,17.6,0,123.2,tarjeta,completada,2026-01-30 11:26:03,zona_d
VN-0001709,CLI-02104,PRD-0197,tienda_norte,7,46.5,0,325.5,efectivo,completada,2026-03-21 12:57:15,zona_d
VN-0001710,CLI-01125,PRD-0166,tienda_norte,8,466.77,5,3734.16,yape,completada,2026-01-31 07:52:59,zona_c
VN-0001711,CLI-00692,PRD-0024,tienda_norte,5,122.15,10,610.75,tarjeta,completada,2026-02-04 10:53:28,zona_c
VN-0001712,CLI-02638,PRD-0001,tienda_norte,5,342.28,10,1711.4,transferencia,pendiente,2026-02-24 20:24:29,zona_b
VN-0001713,CLI-01461,PRD-0150,tienda_norte,3,738.2,10,2214.6,tarjeta,completada,2026-03-08 19:54:38,zona_c
VN-0001714,CLI-02002,PRD-0070,tienda_norte,4,381.25,25,1525.0,tarjeta,completada,2026-03-06 21:09:56,zona_a
VN-0001715,CLI-00721,PRD-0136,tienda_norte,2,103.8,0,207.6,transferencia,completada,2026-01-17 17:10:54,zona_d
VN-0001716,CLI-00879,PRD-0035,tienda_norte,8,97.79,10,782.32,efectivo,completada,2026-03-14 02:08:37,zona_c
VN-0001717,CLI-00205,PRD-0122,tienda_norte,4,212.08,15,848.32,efectivo,completada,2026-03-14 20:18:15,zona_b
VN-0001718,CLI-01289,PRD-0052,tienda_norte,1,391.33,0,391.33,yape,completada,2026-03-13 05:44:02,zona_d
VN-0001719,CLI-02507,PRD-0152,tienda_norte,8,79.93,20,639.44,transferencia,completada,2026-01-01 11:06:45,zona_b
VN-0001720,CLI-01219,PRD-0024,tienda_norte,5,135.72,0,678.6,yape,completada,2026-01-29 04:25:28,zona_c
VN-0001721,CLI-00685,PRD-0077,tienda_norte,8,59.81,0,478.48,yape,completada,2026-03-28 17:11:18,zona_b
VN-0001722,CLI-01755,PRD-0015,tienda_norte,8,57.34,0,458.72,yape,devuelta,2026-01-28 11:42:09,zona_c
VN-0001723,CLI-01329,PRD-0091,tienda_norte,7,49.81,0,348.67,efectivo,completada,2026-02-07 12:03:12,zona_d
VN-0001724,CLI-00797,PRD-0078,tienda_norte,4,41.2,25,164.8,tarjeta,completada,2026-02-07 06:41:47,zona_d
VN-0001725,CLI-01720,PRD-0189,tienda_norte,6,178.76,0,1072.56,tarjeta,completada,2026-03-07 11:07:33,zona_d
VN-0001726,CLI-00477,PRD-0128,tienda_norte,3,48.08,5,144.24,transferencia,completada,2026-01-17 12:22:34,zona_c
VN-0001727,CLI-00280,PRD-0170,tienda_norte,3,106.17,5,318.51,tarjeta,devuelta,2026-01-27 01:21:27,zona_a
VN-0001728,CLI-00418,PRD-0048,tienda_norte,2,245.77,20,491.54,transferencia,completada,2026-02-02 10:40:50,zona_d
VN-0001729,CLI-01428,PRD-0093,tienda_norte,2,901.82,0,1803.64,tarjeta,completada,2026-03-29 11:44:27,zona_d
VN-0001730,CLI-01434,PRD-0041,tienda_norte,4,153.89,10,615.56,efectivo,completada,2026-01-19 18:38:55,zona_c
VN-0001731,CLI-00419,PRD-0068,tienda_norte,8,166.65,0,1333.2,yape,completada,2026-03-09 23:18:40,zona_b
VN-0001732,CLI-00966,PRD-0181,tienda_norte,8,106.33,0,850.64,efectivo,devuelta,2026-02-11 01:22:19,zona_c
VN-0001733,CLI-00667,PRD-0010,tienda_norte,3,147.48,0,442.44,efectivo,completada,2026-02-22 11:55:47,zona_a
VN-0001734,CLI-01845,PRD-0172,tienda_norte,5,128.97,10,644.85,tarjeta,completada,2026-03-02 13:30:11,zona_d
VN-0001735,CLI-02441,PRD-0164,tienda_norte,1,271.67,20,271.67,efectivo,completada,2026-01-20 03:26:49,zona_c
VN-0001736,CLI-00894,PRD-0009,tienda_norte,7,37.5,20,262.5,efectivo,completada,2026-03-29 20:18:42,zona_b
VN-0001737,CLI-01118,PRD-0169,tienda_norte,5,1064.16,0,5320.8,transferencia,completada,2026-03-05 16:21:38,zona_b
VN-0001738,CLI-01635,PRD-0101,tienda_norte,8,1128.73,0,9029.84,transferencia,completada,2026-03-26 04:02:08,zona_b
VN-0001739,CLI-01882,PRD-0116,tienda_norte,1,6.91,25,6.91,transferencia,completada,2026-03-16 16:28:59,zona_a
VN-0001740,CLI-02186,PRD-0019,tienda_norte,8,290.02,0,2320.16,efectivo,completada,2026-02-07 11:42:33,zona_a
VN-0001741,CLI-01137,PRD-0168,tienda_norte,6,302.83,0,1816.98,tarjeta,completada,2026-02-08 15:43:26,zona_b
VN-0001742,CLI-01847,PRD-0073,tienda_norte,1,61.22,10,61.22,efectivo,completada,2026-01-08 14:01:49,zona_b
VN-0001743,CLI-00648,PRD-0158,tienda_norte,2,230.04,0,460.08,tarjeta,completada,2026-03-22 07:39:37,zona_d
VN-0001744,CLI-02086,PRD-0158,tienda_norte,5,207.04,10,1035.2,efectivo,completada,2026-02-22 05:09:06,zona_b
VN-0001745,CLI-02443,PRD-0183,tienda_norte,2,45.73,0,91.46,efectivo,completada,2026-02-03 06:36:33,zona_c
VN-0001746,CLI-02902,PRD-0078,tienda_norte,5,52.19,5,260.95,yape,completada,2026-03-20 02:34:00,zona_d
VN-0001747,CLI-00412,PRD-0113,tienda_norte,5,155.06,5,775.3,yape,completada,2026-01-19 06:54:55,zona_c
VN-0001748,CLI-01566,PRD-0134,tienda_norte,1,92.74,5,92.74,tarjeta,completada,2026-02-02 12:28:05,zona_c
VN-0001749,CLI-02071,PRD-0071,tienda_norte,6,67.52,5,405.12,yape,completada,2026-03-01 02:54:08,zona_a
VN-0001750,CLI-00277,PRD-0083,tienda_norte,7,69.54,25,486.78,yape,completada,2026-03-27 07:33:43,zona_b
VN-0001751,CLI-01704,PRD-0072,tienda_norte,7,27.76,15,194.32,efectivo,completada,2026-01-27 12:06:01,zona_c
VN-0001752,CLI-00252,PRD-0157,tienda_norte,1,215.39,20,215.39,tarjeta,completada,2026-03-29 23:21:04,zona_c
VN-0001753,CLI-01430,PRD-0085,tienda_norte,1,105.44,10,105.44,tarjeta,completada,2026-03-05 11:32:43,zona_a
VN-0001754,CLI-00947,PRD-0151,tienda_norte,2,145.96,5,291.92,transferencia,completada,2026-01-24 10:25:43,zona_d
VN-0001755,CLI-00889,PRD-0179,tienda_norte,8,389.09,0,3112.72,tarjeta,completada,2026-01-17 05:49:12,zona_b
VN-0001756,CLI-01181,PRD-0181,tienda_norte,2,95.7,10,191.4,yape,pendiente,2026-01-14 21:57:13,zona_d
VN-0001757,CLI-02194,PRD-0073,tienda_norte,3,68.02,0,204.06,yape,completada,2026-02-12 08:01:33,zona_c
VN-0001758,CLI-02437,PRD-0140,tienda_norte,7,106.05,10,742.35,tarjeta,completada,2026-03-20 14:45:35,zona_a
VN-0001759,CLI-00964,PRD-0011,tienda_norte,5,75.37,0,376.85,tarjeta,pendiente,2026-02-07 11:05:49,zona_c
VN-0001760,CLI-00343,PRD-0089,tienda_norte,8,65.5,5,524.0,yape,completada,2026-02-02 01:47:36,zona_d
VN-0001761,CLI-01728,PRD-0063,tienda_norte,8,215.94,0,1727.52,transferencia,completada,2026-03-20 03:40:25,zona_a
VN-0001762,CLI-00221,PRD-0149,tienda_norte,4,260.03,5,1040.12,yape,completada,2026-01-14 19:16:00,zona_b
VN-0001763,CLI-01722,PRD-0145,tienda_norte,7,289.54,15,2026.78,yape,completada,2026-01-12 04:14:58,zona_c
VN-0001764,CLI-02314,PRD-0190,tienda_norte,4,236.97,0,947.88,yape,completada,2026-02-18 11:46:12,zona_a
VN-0001765,CLI-01042,PRD-0182,tienda_norte,4,110.37,5,441.48,yape,completada,2026-01-05 05:08:36,zona_c
VN-0001766,CLI-01210,PRD-0112,tienda_norte,3,259.44,10,778.32,tarjeta,completada,2026-02-15 21:07:21,zona_d
VN-0001767,CLI-00080,PRD-0165,tienda_norte,1,821.86,10,821.86,yape,completada,2026-01-11 22:40:06,zona_d
VN-0001768,CLI-02520,PRD-0127,tienda_norte,7,36.94,10,258.58,yape,completada,2026-02-18 22:13:13,zona_a
VN-0001769,CLI-02294,PRD-0186,tienda_norte,6,72.35,5,434.1,tarjeta,completada,2026-01-24 17:35:47,zona_d
VN-0001770,CLI-02733,PRD-0181,tienda_norte,2,106.33,0,212.66,yape,completada,2026-03-22 13:51:57,zona_b
VN-0001771,CLI-01806,PRD-0090,tienda_norte,1,12.01,0,12.01,tarjeta,completada,2026-03-13 11:02:03,zona_a
VN-0001772,CLI-01314,PRD-0068,tienda_norte,8,166.65,0,1333.2,tarjeta,pendiente,2026-03-04 23:59:54,zona_a
VN-0001773,CLI-00634,PRD-0067,tienda_norte,7,96.38,5,674.66,tarjeta,completada,2026-03-17 11:27:28,zona_a
VN-0001774,CLI-00827,PRD-0112,tienda_norte,6,288.27,0,1729.62,yape,completada,2026-03-08 14:31:01,zona_c
VN-0001775,CLI-01924,PRD-0048,tienda_norte,7,307.21,0,2150.47,tarjeta,completada,2026-01-03 03:07:36,zona_b
VN-0001776,CLI-00074,PRD-0038,tienda_norte,4,39.67,5,158.68,tarjeta,completada,2026-02-02 13:05:07,zona_d
VN-0001777,CLI-00737,PRD-0052,tienda_norte,6,352.2,10,2113.2,transferencia,completada,2026-03-11 02:52:36,zona_a
VN-0001778,CLI-01600,PRD-0072,tienda_norte,8,32.66,0,261.28,yape,completada,2026-03-22 12:02:08,zona_a
VN-0001779,CLI-00914,PRD-0135,tienda_norte,2,99.05,20,198.1,yape,completada,2026-03-21 13:45:29,zona_c
VN-0001780,CLI-02391,PRD-0100,tienda_norte,5,362.73,0,1813.65,efectivo,completada,2026-02-14 07:11:57,zona_c
VN-0001781,CLI-00964,PRD-0052,tienda_norte,7,391.33,0,2739.31,tarjeta,completada,2026-02-24 22:43:22,zona_d
VN-0001782,CLI-02554,PRD-0131,tienda_norte,4,345.73,0,1382.92,tarjeta,completada,2026-02-22 13:09:14,zona_c
VN-0001783,CLI-02735,PRD-0184,tienda_norte,7,141.93,5,993.51,tarjeta,completada,2026-02-22 15:17:30,zona_a
VN-0001784,CLI-02793,PRD-0090,tienda_norte,1,10.81,10,10.81,efectivo,completada,2026-01-01 13:07:46,zona_b
VN-0001785,CLI-02629,PRD-0177,tienda_norte,1,906.25,15,906.25,tarjeta,completada,2026-03-02 01:49:48,zona_a
VN-0001786,CLI-00680,PRD-0073,tienda_norte,3,68.02,0,204.06,efectivo,completada,2026-01-17 23:59:16,zona_d
VN-0001787,CLI-02441,PRD-0129,tienda_norte,3,74.96,25,224.88,transferencia,completada,2026-03-02 07:24:36,zona_b
VN-0001788,CLI-02950,PRD-0159,tienda_norte,6,959.5,15,5757.0,yape,completada,2026-01-28 19:54:29,zona_a
VN-0001789,CLI-00645,PRD-0077,tienda_norte,5,50.84,15,254.2,tarjeta,devuelta,2026-01-18 17:36:59,zona_a
VN-0001790,CLI-02853,PRD-0173,tienda_norte,7,176.53,0,1235.71,tarjeta,completada,2026-03-31 03:49:11,zona_c
VN-0001791,CLI-00966,PRD-0040,tienda_norte,2,171.54,0,343.08,transferencia,completada,2026-03-15 03:58:37,zona_a
VN-0001792,CLI-02587,PRD-0194,tienda_norte,2,167.12,5,334.24,tarjeta,completada,2026-01-21 01:03:36,zona_b
VN-0001793,CLI-02531,PRD-0006,tienda_norte,8,336.19,15,2689.52,transferencia,completada,2026-03-05 04:41:21,zona_c
VN-0001794,CLI-00896,PRD-0131,tienda_norte,4,259.3,25,1037.2,yape,devuelta,2026-02-17 09:58:25,zona_d
VN-0001795,CLI-00527,PRD-0010,tienda_norte,2,147.48,0,294.96,transferencia,completada,2026-02-24 11:56:56,zona_d
VN-0001796,CLI-01606,PRD-0088,tienda_norte,2,59.96,10,119.92,yape,completada,2026-01-30 10:52:23,zona_c
VN-0001797,CLI-02578,PRD-0072,tienda_norte,8,32.66,0,261.28,tarjeta,completada,2026-01-30 13:03:45,zona_d
VN-0001798,CLI-01970,PRD-0131,tienda_norte,6,328.44,5,1970.64,transferencia,completada,2026-01-22 18:07:07,zona_d
VN-0001799,CLI-00538,PRD-0111,tienda_norte,2,55.4,25,110.8,yape,completada,2026-01-08 07:59:25,zona_c
VN-0001800,CLI-02523,PRD-0059,tienda_norte,5,145.94,0,729.7,yape,devuelta,2026-02-22 01:54:13,zona_a
VN-0001801,CLI-02556,PRD-0027,tienda_norte,7,29.13,5,203.91,efectivo,completada,2026-03-10 18:19:35,zona_c
VN-0001802,CLI-01309,PRD-0200,tienda_norte,4,28.86,15,115.44,yape,completada,2026-01-24 16:46:59,zona_c
VN-0001803,CLI-00138,PRD-0040,tienda_norte,7,162.96,5,1140.72,efectivo,completada,2026-02-03 07:52:13,zona_d
VN-0001804,CLI-01091,PRD-0101,tienda_norte,2,902.98,20,1805.96,yape,completada,2026-01-05 06:36:22,zona_a
VN-0001805,CLI-02695,PRD-0016,tienda_norte,1,180.2,10,180.2,tarjeta,devuelta,2026-02-17 12:13:55,zona_d
VN-0001806,CLI-02018,PRD-0001,tienda_norte,3,380.31,0,1140.93,transferencia,completada,2026-01-05 15:29:16,zona_c
VN-0001807,CLI-02989,PRD-0021,tienda_norte,6,18.21,0,109.26,yape,completada,2026-01-15 06:13:50,zona_c
VN-0001808,CLI-01995,PRD-0067,tienda_norte,1,101.45,0,101.45,yape,completada,2026-03-23 22:17:41,zona_b
VN-0001809,CLI-01347,PRD-0102,tienda_norte,3,59.74,20,179.22,transferencia,completada,2026-02-15 13:18:18,zona_c
VN-0001810,CLI-02572,PRD-0200,tienda_norte,2,30.56,10,61.12,efectivo,completada,2026-02-05 07:12:01,zona_d
VN-0001811,CLI-02034,PRD-0032,tienda_norte,2,125.82,5,251.64,yape,completada,2026-02-06 15:34:17,zona_c
VN-0001812,CLI-02141,PRD-0063,tienda_norte,7,205.14,5,1435.98,yape,completada,2026-02-03 11:54:12,zona_c
VN-0001813,CLI-00458,PRD-0098,tienda_norte,5,793.19,0,3965.95,tarjeta,completada,2026-02-18 06:06:46,zona_a
VN-0001814,CLI-00956,PRD-0058,tienda_norte,8,175.53,0,1404.24,tarjeta,completada,2026-01-02 04:04:32,zona_c
VN-0001815,CLI-00990,PRD-0114,tienda_norte,7,241.51,5,1690.57,tarjeta,completada,2026-03-05 03:54:24,zona_a
VN-0001816,CLI-02057,PRD-0145,tienda_norte,8,289.54,15,2316.32,yape,completada,2026-01-12 05:18:42,zona_c
VN-0001817,CLI-02445,PRD-0129,tienda_norte,4,84.96,15,339.84,yape,completada,2026-01-22 06:28:32,zona_b
VN-0001818,CLI-01782,PRD-0069,tienda_norte,5,49.71,10,248.55,tarjeta,completada,2026-02-06 03:41:45,zona_c
VN-0001819,CLI-01586,PRD-0086,tienda_norte,4,17.6,0,70.4,yape,completada,2026-03-08 07:36:16,zona_c
VN-0001820,CLI-00541,PRD-0072,tienda_norte,6,31.03,5,186.18,tarjeta,completada,2026-03-07 20:56:42,zona_a
VN-0001821,CLI-00217,PRD-0023,tienda_norte,4,64.79,0,259.16,transferencia,completada,2026-03-31 10:53:54,zona_b
VN-0001822,CLI-02809,PRD-0182,tienda_norte,8,110.37,5,882.96,tarjeta,completada,2026-01-26 09:15:21,zona_b
VN-0001823,CLI-00870,PRD-0186,tienda_norte,5,72.35,5,361.75,efectivo,completada,2026-03-26 00:57:10,zona_b
VN-0001824,CLI-02123,PRD-0198,tienda_norte,5,359.6,0,1798.0,tarjeta,devuelta,2026-03-01 14:46:56,zona_d
VN-0001825,CLI-01180,PRD-0173,tienda_norte,6,176.53,0,1059.18,efectivo,devuelta,2026-01-24 06:45:05,zona_c
VN-0001826,CLI-02911,PRD-0170,tienda_norte,6,111.76,0,670.56,tarjeta,pendiente,2026-03-30 05:41:31,zona_d
VN-0001827,CLI-01647,PRD-0113,tienda_norte,8,146.9,10,1175.2,transferencia,completada,2026-02-02 05:13:41,zona_c
VN-0001828,CLI-02319,PRD-0057,tienda_norte,2,338.87,15,677.74,transferencia,completada,2026-03-28 02:50:04,zona_c
VN-0001829,CLI-02507,PRD-0080,tienda_norte,4,135.57,5,542.28,efectivo,completada,2026-03-11 22:24:04,zona_a
VN-0001830,CLI-02545,PRD-0071,tienda_norte,8,67.52,5,540.16,yape,completada,2026-01-06 06:28:54,zona_d
VN-0001831,CLI-02333,PRD-0048,tienda_norte,6,261.13,15,1566.78,tarjeta,completada,2026-02-05 13:02:13,zona_c
VN-0001832,CLI-00817,PRD-0050,tienda_norte,8,9.06,20,72.48,tarjeta,completada,2026-02-26 05:08:43,zona_d
VN-0001833,CLI-02030,PRD-0088,tienda_norte,7,66.62,0,466.34,tarjeta,completada,2026-01-07 03:31:21,zona_d
VN-0001834,CLI-02977,PRD-0178,tienda_norte,5,70.08,20,350.4,yape,completada,2026-02-16 03:20:34,zona_b
VN-0001835,CLI-01546,PRD-0117,tienda_norte,4,146.98,5,587.92,tarjeta,completada,2026-03-17 15:56:25,zona_c
VN-0001836,CLI-01151,PRD-0187,tienda_norte,5,26.08,0,130.4,tarjeta,completada,2026-01-26 21:43:56,zona_c
VN-0001837,CLI-01598,PRD-0184,tienda_norte,8,141.93,5,1135.44,tarjeta,completada,2026-01-13 06:25:44,zona_d
VN-0001838,CLI-02318,PRD-0084,tienda_norte,1,100.02,10,100.02,transferencia,completada,2026-02-02 18:23:33,zona_b
VN-0001839,CLI-02182,PRD-0171,tienda_norte,3,30.71,0,92.13,transferencia,devuelta,2026-01-22 12:18:29,zona_c
VN-0001840,CLI-01915,PRD-0029,tienda_norte,7,100.57,0,703.99,tarjeta,completada,2026-02-21 18:37:28,zona_d
VN-0001841,CLI-01894,PRD-0185,tienda_norte,4,160.88,10,643.52,efectivo,completada,2026-01-14 14:23:55,zona_a
VN-0001842,CLI-02106,PRD-0087,tienda_norte,5,33.5,15,167.5,tarjeta,completada,2026-01-01 03:00:18,zona_c
VN-0001843,CLI-02268,PRD-0159,tienda_norte,5,1128.82,0,5644.1,tarjeta,completada,2026-01-23 19:33:54,zona_a
VN-0001844,CLI-01814,PRD-0126,tienda_norte,6,1043.23,0,6259.38,yape,completada,2026-01-29 20:53:01,zona_a
VN-0001845,CLI-02042,PRD-0072,tienda_norte,6,24.49,25,146.94,yape,completada,2026-03-18 04:40:29,zona_d
VN-0001846,CLI-02064,PRD-0183,tienda_norte,8,41.16,10,329.28,tarjeta,devuelta,2026-03-30 02:57:41,zona_d
VN-0001847,CLI-00787,PRD-0034,tienda_norte,5,104.06,0,520.3,efectivo,completada,2026-01-23 08:20:00,zona_b
VN-0001848,CLI-00356,PRD-0038,tienda_norte,7,41.76,0,292.32,tarjeta,completada,2026-01-16 13:28:16,zona_d
VN-0001849,CLI-00339,PRD-0017,tienda_norte,3,739.99,0,2219.97,efectivo,completada,2026-03-20 17:41:37,zona_a
VN-0001850,CLI-01590,PRD-0035,tienda_norte,5,108.66,0,543.3,yape,completada,2026-01-27 04:25:59,zona_c
VN-0001851,CLI-00587,PRD-0083,tienda_norte,6,92.72,0,556.32,yape,completada,2026-02-19 08:28:34,zona_a
VN-0001852,CLI-02973,PRD-0166,tienda_norte,4,491.34,0,1965.36,tarjeta,completada,2026-02-06 11:25:20,zona_c
VN-0001853,CLI-01196,PRD-0010,tienda_norte,8,147.48,0,1179.84,tarjeta,completada,2026-01-13 07:42:28,zona_d
VN-0001854,CLI-02537,PRD-0113,tienda_norte,8,138.74,15,1109.92,tarjeta,completada,2026-02-06 06:53:42,zona_c
VN-0001855,CLI-02623,PRD-0090,tienda_norte,1,9.61,20,9.61,tarjeta,completada,2026-01-22 19:53:21,zona_c
VN-0001856,CLI-01048,PRD-0019,tienda_norte,8,232.02,20,1856.16,tarjeta,completada,2026-02-20 13:52:20,zona_d
VN-0001857,CLI-00125,PRD-0168,tienda_norte,1,302.83,0,302.83,efectivo,pendiente,2026-01-25 09:10:30,zona_c
VN-0001858,CLI-01827,PRD-0072,tienda_norte,2,31.03,5,62.06,transferencia,completada,2026-02-04 02:49:17,zona_b
VN-0001859,CLI-02375,PRD-0019,tienda_norte,5,261.02,10,1305.1,yape,completada,2026-02-17 18:52:07,zona_a
VN-0001860,CLI-02308,PRD-0015,tienda_norte,5,57.34,0,286.7,yape,devuelta,2026-01-31 10:25:34,zona_c
VN-0001861,CLI-01335,PRD-0039,tienda_norte,8,58.03,5,464.24,tarjeta,completada,2026-02-24 13:49:00,zona_d
VN-0001862,CLI-02728,PRD-0176,tienda_norte,1,53.31,25,53.31,tarjeta,completada,2026-03-19 00:07:11,zona_a
VN-0001863,CLI-00074,PRD-0055,tienda_norte,7,20.29,0,142.03,tarjeta,completada,2026-02-21 01:07:44,zona_c
VN-0001864,CLI-00459,PRD-0106,tienda_norte,5,233.66,0,1168.3,transferencia,completada,2026-01-28 14:03:51,zona_b
VN-0001865,CLI-02681,PRD-0126,tienda_norte,1,1043.23,0,1043.23,transferencia,completada,2026-02-15 04:28:31,zona_b
VN-0001866,CLI-02671,PRD-0197,tienda_norte,6,41.85,10,251.1,tarjeta,completada,2026-03-06 13:16:36,zona_d
VN-0001867,CLI-01588,PRD-0011,tienda_norte,7,75.37,0,527.59,transferencia,completada,2026-01-02 18:07:36,zona_d
VN-0001868,CLI-00538,PRD-0089,tienda_norte,1,62.06,10,62.06,efectivo,completada,2026-02-08 17:29:23,zona_d
VN-0001869,CLI-02899,PRD-0052,tienda_norte,8,371.76,5,2974.08,tarjeta,completada,2026-03-13 16:55:25,zona_c
VN-0001870,CLI-00917,PRD-0125,tienda_norte,8,281.95,10,2255.6,yape,completada,2026-01-11 05:11:41,zona_d
VN-0001871,CLI-00910,PRD-0015,tienda_norte,1,45.87,20,45.87,tarjeta,completada,2026-02-08 12:22:41,zona_a
VN-0001872,CLI-00136,PRD-0043,tienda_norte,2,22.93,5,45.86,yape,completada,2026-02-14 09:21:08,zona_b
VN-0001873,CLI-00910,PRD-0086,tienda_norte,5,15.84,10,79.2,tarjeta,completada,2026-03-14 15:09:20,zona_d
VN-0001874,CLI-00036,PRD-0151,tienda_norte,2,145.96,5,291.92,efectivo,devuelta,2026-03-16 08:01:07,zona_d
VN-0001875,CLI-01868,PRD-0124,tienda_norte,1,129.02,25,129.02,transferencia,completada,2026-03-23 20:29:34,zona_b
VN-0001876,CLI-00375,PRD-0070,tienda_norte,7,508.33,0,3558.31,yape,completada,2026-01-27 17:04:08,zona_a
VN-0001877,CLI-00828,PRD-0038,tienda_norte,7,39.67,5,277.69,tarjeta,completada,2026-01-16 15:15:25,zona_b
VN-0001878,CLI-01825,PRD-0053,tienda_norte,2,4.66,10,9.32,efectivo,completada,2026-03-03 04:28:41,zona_c
VN-0001879,CLI-02818,PRD-0176,tienda_norte,1,71.08,0,71.08,tarjeta,completada,2026-02-12 11:50:59,zona_b
VN-0001880,CLI-00208,PRD-0133,tienda_norte,4,96.84,0,387.36,yape,completada,2026-02-21 14:23:58,zona_c
VN-0001881,CLI-00795,PRD-0088,tienda_norte,6,59.96,10,359.76,efectivo,completada,2026-03-21 05:56:04,zona_b
VN-0001882,CLI-01879,PRD-0020,tienda_norte,7,308.84,5,2161.88,yape,completada,2026-01-05 14:27:43,zona_b
VN-0001883,CLI-01058,PRD-0091,tienda_norte,2,49.81,0,99.62,tarjeta,completada,2026-03-07 06:00:02,zona_b
VN-0001884,CLI-02227,PRD-0137,tienda_norte,7,125.01,5,875.07,yape,completada,2026-02-01 12:48:41,zona_c
VN-0001885,CLI-02990,PRD-0165,tienda_norte,2,913.18,0,1826.36,yape,completada,2026-02-04 08:12:43,zona_b
VN-0001886,CLI-01461,PRD-0012,tienda_norte,1,138.71,10,138.71,tarjeta,completada,2026-01-16 12:49:05,zona_b
VN-0001887,CLI-00696,PRD-0147,tienda_norte,4,44.96,10,179.84,efectivo,devuelta,2026-03-06 13:10:09,zona_b
VN-0001888,CLI-02417,PRD-0085,tienda_norte,4,99.58,15,398.32,tarjeta,completada,2026-02-05 14:19:31,zona_a
VN-0001889,CLI-02483,PRD-0044,tienda_norte,5,100.66,5,503.3,tarjeta,completada,2026-02-25 09:46:23,zona_c
VN-0001890,CLI-01564,PRD-0128,tienda_norte,5,50.61,0,253.05,tarjeta,completada,2026-02-03 18:28:28,zona_c
VN-0001891,CLI-02606,PRD-0102,tienda_norte,8,70.94,5,567.52,transferencia,completada,2026-03-06 00:39:11,zona_d
VN-0001892,CLI-01498,PRD-0049,tienda_norte,3,994.92,5,2984.76,yape,completada,2026-03-10 04:12:17,zona_d
VN-0001893,CLI-00176,PRD-0029,tienda_norte,8,90.51,10,724.08,tarjeta,completada,2026-01-17 06:49:26,zona_d
VN-0001894,CLI-00941,PRD-0080,tienda_norte,8,121.3,15,970.4,yape,completada,2026-01-03 07:02:31,zona_d
VN-0001895,CLI-02121,PRD-0066,tienda_norte,3,778.14,5,2334.42,yape,completada,2026-02-28 21:21:32,zona_b
VN-0001896,CLI-02934,PRD-0177,tienda_norte,5,799.63,25,3998.15,tarjeta,completada,2026-01-22 04:21:22,zona_b
VN-0001897,CLI-02172,PRD-0042,tienda_norte,8,76.12,0,608.96,tarjeta,completada,2026-03-01 12:59:39,zona_a
VN-0001898,CLI-01144,PRD-0030,tienda_norte,3,234.5,5,703.5,transferencia,completada,2026-03-08 02:28:05,zona_a
VN-0001899,CLI-00668,PRD-0069,tienda_norte,7,52.47,5,367.29,yape,completada,2026-03-03 16:03:28,zona_c
VN-0001900,CLI-00769,PRD-0117,tienda_norte,2,154.72,0,309.44,yape,completada,2026-02-17 21:38:34,zona_d
VN-0001901,CLI-01423,PRD-0158,tienda_norte,5,172.53,25,862.65,transferencia,completada,2026-02-15 06:08:52,zona_d
VN-0001902,CLI-00414,PRD-0025,tienda_norte,3,338.07,15,1014.21,transferencia,completada,2026-01-17 13:43:42,zona_b
VN-0001903,CLI-01266,PRD-0027,tienda_norte,5,24.53,20,122.65,yape,completada,2026-01-14 23:28:32,zona_b
VN-0001904,CLI-02345,PRD-0135,tienda_norte,3,123.81,0,371.43,tarjeta,completada,2026-03-09 22:03:21,zona_b
VN-0001905,CLI-00341,PRD-0006,tienda_norte,5,395.52,0,1977.6,transferencia,completada,2026-01-20 02:30:26,zona_a
VN-0001906,CLI-01888,PRD-0123,tienda_norte,2,36.31,10,72.62,efectivo,completada,2026-01-15 19:32:36,zona_a
VN-0001907,CLI-01908,PRD-0058,tienda_norte,7,175.53,0,1228.71,tarjeta,devuelta,2026-03-28 10:04:06,zona_c
VN-0001908,CLI-02573,PRD-0091,tienda_norte,4,42.34,15,169.36,efectivo,completada,2026-02-21 03:09:02,zona_a
VN-0001909,CLI-00731,PRD-0179,tienda_norte,6,389.09,0,2334.54,yape,completada,2026-02-23 00:51:32,zona_a
VN-0001910,CLI-02737,PRD-0068,tienda_norte,1,149.99,10,149.99,yape,completada,2026-03-29 10:20:06,zona_c
VN-0001911,CLI-00651,PRD-0084,tienda_norte,6,88.9,20,533.4,tarjeta,completada,2026-03-12 08:10:26,zona_a
VN-0001912,CLI-02503,PRD-0165,tienda_norte,1,913.18,0,913.18,yape,completada,2026-02-10 07:13:39,zona_a
VN-0001913,CLI-00010,PRD-0170,tienda_norte,1,111.76,0,111.76,efectivo,completada,2026-02-09 01:27:10,zona_c
VN-0001914,CLI-02202,PRD-0040,tienda_norte,5,154.39,10,771.95,transferencia,completada,2026-03-07 01:04:44,zona_a
VN-0001915,CLI-00321,PRD-0070,tienda_norte,6,508.33,0,3049.98,yape,completada,2026-01-31 03:37:01,zona_c
VN-0001916,CLI-01595,PRD-0103,tienda_norte,5,356.84,5,1784.2,tarjeta,completada,2026-03-25 11:31:51,zona_d
VN-0001917,CLI-01628,PRD-0142,tienda_norte,6,115.21,5,691.26,yape,completada,2026-02-03 23:14:25,zona_c
VN-0001918,CLI-00935,PRD-0005,tienda_norte,8,201.91,5,1615.28,tarjeta,devuelta,2026-01-19 22:08:30,zona_c
VN-0001919,CLI-02030,PRD-0133,tienda_norte,6,96.84,0,581.04,efectivo,completada,2026-03-25 21:26:36,zona_b
VN-0001920,CLI-01634,PRD-0120,tienda_norte,1,290.54,0,290.54,yape,completada,2026-02-26 06:00:49,zona_d
VN-0001921,CLI-02421,PRD-0059,tienda_norte,4,124.05,15,496.2,yape,completada,2026-01-23 02:32:37,zona_d
VN-0001922,CLI-02333,PRD-0037,tienda_norte,4,64.02,15,256.08,yape,completada,2026-03-31 21:44:07,zona_b
VN-0001923,CLI-02356,PRD-0059,tienda_norte,8,138.64,5,1109.12,tarjeta,completada,2026-01-08 06:00:29,zona_a
VN-0001924,CLI-02014,PRD-0163,tienda_norte,5,83.39,10,416.95,transferencia,completada,2026-03-17 01:44:07,zona_d
VN-0001925,CLI-01944,PRD-0079,tienda_norte,6,291.31,0,1747.86,yape,completada,2026-03-15 19:56:46,zona_d
VN-0001926,CLI-01345,PRD-0127,tienda_norte,7,36.94,10,258.58,yape,completada,2026-01-21 12:20:44,zona_b
VN-0001927,CLI-01298,PRD-0053,tienda_norte,2,5.18,0,10.36,tarjeta,completada,2026-03-21 11:00:06,zona_d
VN-0001928,CLI-00914,PRD-0024,tienda_norte,7,122.15,10,855.05,tarjeta,completada,2026-02-14 23:53:35,zona_b
VN-0001929,CLI-02440,PRD-0123,tienda_norte,3,32.27,20,96.81,efectivo,completada,2026-02-06 22:39:14,zona_b
VN-0001930,CLI-00150,PRD-0046,tienda_norte,8,344.62,5,2756.96,yape,completada,2026-03-08 16:50:57,zona_d
VN-0001931,CLI-02319,PRD-0194,tienda_norte,3,175.92,0,527.76,efectivo,devuelta,2026-02-06 07:24:44,zona_d
VN-0001932,CLI-01237,PRD-0010,tienda_norte,5,147.48,0,737.4,efectivo,completada,2026-03-05 15:17:56,zona_c
VN-0001933,CLI-01427,PRD-0083,tienda_norte,5,83.45,10,417.25,efectivo,completada,2026-03-04 01:15:15,zona_b
VN-0001934,CLI-00476,PRD-0012,tienda_norte,2,154.12,0,308.24,tarjeta,completada,2026-01-16 12:11:13,zona_a
VN-0001935,CLI-01405,PRD-0197,tienda_norte,7,46.5,0,325.5,transferencia,pendiente,2026-01-08 04:21:12,zona_a
VN-0001936,CLI-02319,PRD-0198,tienda_norte,6,359.6,0,2157.6,tarjeta,completada,2026-03-01 08:01:01,zona_a
VN-0001937,CLI-01771,PRD-0189,tienda_norte,6,178.76,0,1072.56,efectivo,completada,2026-02-25 16:51:01,zona_b
VN-0001938,CLI-00722,PRD-0018,tienda_norte,8,128.89,10,1031.12,yape,completada,2026-01-02 14:16:41,zona_c
VN-0001939,CLI-02695,PRD-0037,tienda_norte,3,75.32,0,225.96,tarjeta,completada,2026-03-02 19:36:10,zona_b
VN-0001940,CLI-00315,PRD-0011,tienda_norte,1,67.83,10,67.83,yape,completada,2026-01-12 11:39:57,zona_a
VN-0001941,CLI-02547,PRD-0128,tienda_norte,8,48.08,5,384.64,tarjeta,completada,2026-03-04 15:52:52,zona_c
VN-0001942,CLI-01423,PRD-0108,tienda_norte,8,111.46,20,891.68,tarjeta,completada,2026-01-25 04:46:46,zona_a
VN-0001943,CLI-00716,PRD-0092,tienda_norte,5,871.69,25,4358.45,transferencia,completada,2026-03-28 02:55:43,zona_c
VN-0001944,CLI-01647,PRD-0072,tienda_norte,1,29.39,10,29.39,tarjeta,completada,2026-01-19 08:25:53,zona_d
VN-0001945,CLI-00624,PRD-0026,tienda_norte,8,1048.69,10,8389.52,efectivo,completada,2026-03-19 18:55:34,zona_c
VN-0001946,CLI-02762,PRD-0038,tienda_norte,1,39.67,5,39.67,tarjeta,completada,2026-03-20 02:52:04,zona_a
VN-0001947,CLI-01027,PRD-0044,tienda_norte,2,105.96,0,211.92,efectivo,completada,2026-02-20 01:55:40,zona_a
VN-0001948,CLI-02889,PRD-0158,tienda_norte,1,230.04,0,230.04,tarjeta,completada,2026-01-17 18:19:18,zona_c
VN-0001949,CLI-02834,PRD-0018,tienda_norte,6,143.21,0,859.26,efectivo,completada,2026-01-03 18:42:30,zona_d
VN-0001950,CLI-00129,PRD-0096,tienda_norte,2,78.09,0,156.18,transferencia,completada,2026-01-21 09:25:47,zona_d
VN-0001951,CLI-00809,PRD-0053,tienda_norte,2,5.18,0,10.36,yape,completada,2026-03-04 13:37:01,zona_a
VN-0001952,CLI-01586,PRD-0003,tienda_norte,2,176.5,0,353.0,tarjeta,completada,2026-03-19 16:02:06,zona_a
VN-0001953,CLI-01440,PRD-0094,tienda_norte,5,34.89,10,174.45,efectivo,completada,2026-03-22 04:46:31,zona_c
VN-0001954,CLI-00318,PRD-0067,tienda_norte,6,101.45,0,608.7,tarjeta,completada,2026-01-18 09:47:10,zona_d
VN-0001955,CLI-00085,PRD-0017,tienda_norte,3,739.99,0,2219.97,tarjeta,completada,2026-01-31 02:52:39,zona_c
VN-0001956,CLI-01810,PRD-0044,tienda_norte,1,95.36,10,95.36,tarjeta,pendiente,2026-02-23 03:49:58,zona_d
VN-0001957,CLI-00910,PRD-0014,tienda_norte,1,268.24,15,268.24,tarjeta,completada,2026-01-11 21:24:01,zona_a
VN-0001958,CLI-01865,PRD-0104,tienda_norte,4,176.34,10,705.36,tarjeta,completada,2026-03-09 23:13:49,zona_c
VN-0001959,CLI-02880,PRD-0060,tienda_norte,4,111.31,20,445.24,tarjeta,completada,2026-03-23 01:55:37,zona_d
VN-0001960,CLI-01452,PRD-0064,tienda_norte,2,50.82,10,101.64,yape,completada,2026-03-23 12:14:29,zona_a
VN-0001961,CLI-00312,PRD-0120,tienda_norte,2,232.43,20,464.86,tarjeta,devuelta,2026-01-09 09:10:42,zona_a
VN-0001962,CLI-01936,PRD-0051,tienda_norte,5,295.61,10,1478.05,yape,completada,2026-01-27 22:07:57,zona_a
VN-0001963,CLI-01622,PRD-0037,tienda_norte,3,75.32,0,225.96,efectivo,completada,2026-01-12 16:04:52,zona_a
VN-0001964,CLI-01874,PRD-0111,tienda_norte,1,70.18,5,70.18,transferencia,completada,2026-01-26 00:19:56,zona_c
VN-0001965,CLI-01746,PRD-0185,tienda_norte,2,178.75,0,357.5,tarjeta,completada,2026-01-23 21:03:50,zona_c
VN-0001966,CLI-00701,PRD-0089,tienda_norte,1,62.06,10,62.06,tarjeta,devuelta,2026-02-23 01:40:38,zona_d
VN-0001967,CLI-01927,PRD-0097,tienda_norte,6,168.78,0,1012.68,yape,devuelta,2026-01-28 00:24:47,zona_c
VN-0001968,CLI-02617,PRD-0052,tienda_norte,8,352.2,10,2817.6,yape,completada,2026-03-14 20:45:14,zona_c
VN-0001969,CLI-01223,PRD-0196,tienda_norte,7,37.11,10,259.77,transferencia,completada,2026-01-11 11:11:12,zona_b
VN-0001970,CLI-00197,PRD-0051,tienda_norte,5,328.46,0,1642.3,tarjeta,completada,2026-01-17 01:37:13,zona_a
VN-0001971,CLI-00570,PRD-0065,tienda_norte,7,199.53,0,1396.71,tarjeta,completada,2026-03-08 22:45:02,zona_c
VN-0001972,CLI-02406,PRD-0132,tienda_norte,3,658.28,0,1974.84,transferencia,completada,2026-02-15 17:11:09,zona_b
VN-0001973,CLI-01143,PRD-0095,tienda_norte,3,45.05,10,135.15,tarjeta,completada,2026-03-13 06:40:36,zona_c
VN-0001974,CLI-01352,PRD-0020,tienda_norte,1,325.09,0,325.09,transferencia,completada,2026-02-27 05:15:24,zona_c
VN-0001975,CLI-00869,PRD-0193,tienda_norte,5,46.6,0,233.0,transferencia,devuelta,2026-02-04 18:36:39,zona_d
VN-0001976,CLI-02785,PRD-0030,tienda_norte,1,246.84,0,246.84,yape,completada,2026-02-23 01:51:04,zona_a
VN-0001977,CLI-01966,PRD-0004,tienda_norte,2,53.89,0,107.78,tarjeta,completada,2026-03-04 23:02:10,zona_a
VN-0001978,CLI-02582,PRD-0133,tienda_norte,3,96.84,0,290.52,tarjeta,completada,2026-01-25 00:11:25,zona_c
VN-0001979,CLI-01559,PRD-0052,tienda_norte,1,371.76,5,371.76,tarjeta,completada,2026-02-16 02:38:39,zona_c
VN-0001980,CLI-01536,PRD-0100,tienda_norte,2,344.59,5,689.18,transferencia,completada,2026-01-13 17:22:04,zona_c
VN-0001981,CLI-00375,PRD-0051,tienda_norte,7,295.61,10,2069.27,yape,completada,2026-02-12 21:52:56,zona_a
VN-0001982,CLI-00856,PRD-0068,tienda_norte,1,166.65,0,166.65,efectivo,completada,2026-02-28 08:44:02,zona_b
VN-0001983,CLI-01802,PRD-0104,tienda_norte,8,195.93,0,1567.44,transferencia,completada,2026-03-02 09:29:30,zona_d
VN-0001984,CLI-02624,PRD-0164,tienda_norte,8,339.59,0,2716.72,transferencia,completada,2026-02-15 16:53:52,zona_d
VN-0001985,CLI-00270,PRD-0152,tienda_norte,2,94.91,5,189.82,efectivo,completada,2026-03-08 20:04:43,zona_a
VN-0001986,CLI-00299,PRD-0023,tienda_norte,7,61.55,5,430.85,efectivo,completada,2026-02-26 09:01:02,zona_c
VN-0001987,CLI-02578,PRD-0080,tienda_norte,3,128.44,10,385.32,yape,completada,2026-03-21 18:55:34,zona_a
VN-0001988,CLI-02691,PRD-0054,tienda_norte,5,78.92,20,394.6,tarjeta,completada,2026-01-07 23:34:28,zona_a
VN-0001989,CLI-00880,PRD-0133,tienda_norte,7,72.63,25,508.41,tarjeta,pendiente,2026-01-05 15:48:04,zona_d
VN-0001990,CLI-00107,PRD-0183,tienda_norte,3,45.73,0,137.19,efectivo,devuelta,2026-02-07 10:54:20,zona_d
VN-0001991,CLI-00672,PRD-0169,tienda_norte,4,1064.16,0,4256.64,transferencia,completada,2026-01-14 02:55:02,zona_a
VN-0001992,CLI-00028,PRD-0183,tienda_norte,4,45.73,0,182.92,yape,completada,2026-03-11 06:11:35,zona_b
VN-0001993,CLI-00581,PRD-0066,tienda_norte,8,737.18,10,5897.44,efectivo,completada,2026-03-25 18:06:25,zona_b
VN-0001994,CLI-00645,PRD-0162,tienda_norte,8,76.2,10,609.6,yape,completada,2026-02-19 02:37:52,zona_a
VN-0001995,CLI-01972,PRD-0132,tienda_norte,4,592.45,10,2369.8,yape,completada,2026-03-03 13:45:20,zona_c
VN-0001996,CLI-00381,PRD-0032,tienda_norte,4,125.82,5,503.28,tarjeta,completada,2026-03-03 19:38:08,zona_d
VN-0001997,CLI-01202,PRD-0118,tienda_norte,5,53.23,0,266.15,transferencia,devuelta,2026-03-01 01:23:10,zona_a
VN-0001998,CLI-02343,PRD-0018,tienda_norte,6,121.73,15,730.38,tarjeta,completada,2026-02-17 11:22:51,zona_c
VN-0001999,CLI-01461,PRD-0138,tienda_norte,3,124.27,15,372.81,yape,completada,2026-03-03 06:10:13,zona_b
VN-0002000,CLI-01221,PRD-0166,tienda_norte,3,491.34,0,1474.02,yape,completada,2026-03-05 05:19:01,zona_a
VN-0002001,CLI-01005,PRD-0003,tienda_norte,6,176.5,0,1059.0,efectivo,completada,2026-01-05 10:11:42,zona_b
VN-0002002,CLI-02316,PRD-0058,tienda_norte,4,140.42,20,561.68,tarjeta,completada,2026-02-05 03:15:45,zona_a
VN-0002003,CLI-01150,PRD-0084,tienda_norte,6,100.02,10,600.12,yape,completada,2026-01-20 06:46:44,zona_b
VN-0002004,CLI-00153,PRD-0065,tienda_norte,5,179.58,10,897.9,tarjeta,completada,2026-03-06 14:50:46,zona_a
VN-0002005,CLI-00525,PRD-0081,tienda_norte,8,98.39,15,787.12,transferencia,completada,2026-03-17 13:55:10,zona_a
VN-0002006,CLI-00872,PRD-0131,tienda_norte,8,311.16,10,2489.28,tarjeta,completada,2026-03-09 21:33:36,zona_b
VN-0002007,CLI-00730,PRD-0126,tienda_norte,4,886.75,15,3547.0,efectivo,pendiente,2026-03-06 21:05:39,zona_c
VN-0002008,CLI-02132,PRD-0048,tienda_norte,1,261.13,15,261.13,yape,completada,2026-02-09 22:52:37,zona_a
VN-0002009,CLI-01008,PRD-0148,tienda_norte,8,154.04,0,1232.32,efectivo,completada,2026-02-09 08:15:33,zona_a
VN-0002010,CLI-00607,PRD-0009,tienda_norte,6,46.87,0,281.22,tarjeta,completada,2026-01-03 01:52:51,zona_b
VN-0002011,CLI-00716,PRD-0138,tienda_norte,7,146.2,0,1023.4,tarjeta,completada,2026-02-06 10:18:28,zona_a
VN-0002012,CLI-00571,PRD-0197,tienda_norte,5,44.17,5,220.85,yape,completada,2026-03-24 23:59:51,zona_a
VN-0002013,CLI-00841,PRD-0103,tienda_norte,2,375.62,0,751.24,efectivo,completada,2026-03-11 15:13:42,zona_d
VN-0002014,CLI-02333,PRD-0154,tienda_norte,7,43.04,10,301.28,yape,completada,2026-03-29 21:05:46,zona_d
VN-0002015,CLI-02166,PRD-0055,tienda_norte,3,20.29,0,60.87,transferencia,devuelta,2026-01-31 22:54:40,zona_c
VN-0002016,CLI-00625,PRD-0100,tienda_norte,7,308.32,15,2158.24,efectivo,devuelta,2026-03-25 03:57:51,zona_c
VN-0002017,CLI-02189,PRD-0036,tienda_norte,8,38.79,10,310.32,yape,completada,2026-03-22 04:49:30,zona_d
VN-0002018,CLI-00079,PRD-0017,tienda_norte,8,591.99,20,4735.92,yape,completada,2026-01-27 13:52:52,zona_b
VN-0002019,CLI-00135,PRD-0166,tienda_norte,6,393.07,20,2358.42,tarjeta,completada,2026-03-12 09:55:39,zona_a
VN-0002020,CLI-02949,PRD-0015,tienda_norte,5,48.74,15,243.7,yape,pendiente,2026-01-02 05:02:56,zona_b
VN-0002021,CLI-02862,PRD-0041,tienda_norte,2,153.89,10,307.78,tarjeta,completada,2026-02-08 15:11:09,zona_d
VN-0002022,CLI-00923,PRD-0057,tienda_norte,1,398.67,0,398.67,yape,completada,2026-03-16 17:26:18,zona_d
VN-0002023,CLI-02112,PRD-0035,tienda_norte,5,108.66,0,543.3,efectivo,completada,2026-03-26 13:55:46,zona_d
VN-0002024,CLI-02326,PRD-0048,tienda_norte,5,291.85,5,1459.25,efectivo,completada,2026-02-08 14:57:29,zona_a
VN-0002025,CLI-01215,PRD-0098,tienda_norte,8,713.87,10,5710.96,tarjeta,completada,2026-02-25 11:09:31,zona_d
VN-0002026,CLI-01766,PRD-0168,tienda_norte,2,257.41,15,514.82,yape,devuelta,2026-01-28 10:28:17,zona_b
VN-0002027,CLI-02744,PRD-0194,tienda_norte,1,158.33,10,158.33,efectivo,pendiente,2026-03-17 23:19:06,zona_a
VN-0002028,CLI-01671,PRD-0172,tienda_norte,6,136.13,5,816.78,tarjeta,completada,2026-02-25 06:25:17,zona_d
VN-0002029,CLI-01817,PRD-0076,tienda_norte,6,115.51,15,693.06,yape,completada,2026-02-10 14:41:53,zona_b
VN-0002030,CLI-00863,PRD-0111,tienda_norte,8,73.87,0,590.96,tarjeta,completada,2026-03-30 11:32:18,zona_d
VN-0002031,CLI-02284,PRD-0158,tienda_norte,6,230.04,0,1380.24,tarjeta,completada,2026-01-28 13:36:30,zona_c
VN-0002032,CLI-01627,PRD-0118,tienda_norte,7,53.23,0,372.61,tarjeta,pendiente,2026-02-10 19:08:56,zona_a
VN-0002033,CLI-00661,PRD-0126,tienda_norte,1,1043.23,0,1043.23,efectivo,completada,2026-01-04 18:36:19,zona_c
VN-0002034,CLI-00142,PRD-0152,tienda_norte,5,99.91,0,499.55,tarjeta,completada,2026-03-04 17:27:31,zona_c
VN-0002035,CLI-00713,PRD-0182,tienda_norte,2,98.75,15,197.5,yape,completada,2026-03-05 22:33:34,zona_d
VN-0002036,CLI-00557,PRD-0004,tienda_norte,3,53.89,0,161.67,tarjeta,completada,2026-02-21 12:15:13,zona_a
VN-0002037,CLI-02416,PRD-0053,tienda_norte,1,4.14,20,4.14,efectivo,devuelta,2026-02-15 10:21:28,zona_b
VN-0002038,CLI-01226,PRD-0011,tienda_norte,2,75.37,0,150.74,efectivo,completada,2026-03-09 16:38:26,zona_d
VN-0002039,CLI-00761,PRD-0091,tienda_norte,3,49.81,0,149.43,yape,completada,2026-01-02 23:07:42,zona_c
VN-0002040,CLI-01556,PRD-0155,tienda_norte,6,138.1,0,828.6,yape,completada,2026-03-30 01:52:29,zona_c
VN-0002041,CLI-02023,PRD-0181,tienda_norte,3,79.75,25,239.25,yape,completada,2026-01-03 18:43:04,zona_b
VN-0002042,CLI-01178,PRD-0025,tienda_norte,8,318.18,20,2545.44,tarjeta,completada,2026-03-21 23:47:51,zona_c
VN-0002043,CLI-00150,PRD-0005,tienda_norte,6,212.54,0,1275.24,tarjeta,devuelta,2026-02-24 22:20:01,zona_b
VN-0002044,CLI-01026,PRD-0141,tienda_norte,4,142.42,0,569.68,tarjeta,completada,2026-03-07 20:50:10,zona_d
VN-0002045,CLI-00107,PRD-0144,tienda_norte,7,78.08,0,546.56,tarjeta,completada,2026-02-10 14:32:28,zona_c
VN-0002046,CLI-02324,PRD-0055,tienda_norte,2,20.29,0,40.58,tarjeta,completada,2026-01-19 15:48:34,zona_c
VN-0002047,CLI-01953,PRD-0014,tienda_norte,1,315.58,0,315.58,tarjeta,completada,2026-01-24 20:06:14,zona_a
VN-0002048,CLI-00108,PRD-0096,tienda_norte,5,70.28,10,351.4,transferencia,completada,2026-02-19 05:54:41,zona_a
VN-0002049,CLI-02000,PRD-0095,tienda_norte,6,47.55,5,285.3,tarjeta,devuelta,2026-01-30 20:23:27,zona_b
VN-0002050,CLI-02379,PRD-0031,tienda_norte,3,264.18,15,792.54,tarjeta,completada,2026-03-22 11:00:12,zona_b
VN-0002051,CLI-00477,PRD-0055,tienda_norte,6,18.26,10,109.56,transferencia,devuelta,2026-01-20 00:09:27,zona_b
VN-0002052,CLI-02920,PRD-0047,tienda_norte,7,243.07,0,1701.49,yape,completada,2026-02-23 14:43:51,zona_a
VN-0002053,CLI-00506,PRD-0126,tienda_norte,3,991.07,5,2973.21,tarjeta,devuelta,2026-02-15 18:32:25,zona_d
VN-0002054,CLI-01239,PRD-0022,tienda_norte,2,64.46,0,128.92,yape,completada,2026-01-18 13:22:01,zona_c
VN-0002055,CLI-01283,PRD-0041,tienda_norte,7,153.89,10,1077.23,transferencia,devuelta,2026-01-19 06:52:31,zona_c
VN-0002056,CLI-01331,PRD-0111,tienda_norte,7,73.87,0,517.09,yape,completada,2026-03-08 07:23:14,zona_c
VN-0002057,CLI-01490,PRD-0032,tienda_norte,7,112.57,15,787.99,yape,completada,2026-02-15 10:30:08,zona_b
VN-0002058,CLI-01404,PRD-0098,tienda_norte,7,793.19,0,5552.33,efectivo,completada,2026-03-06 01:07:48,zona_d
VN-0002059,CLI-02801,PRD-0005,tienda_norte,6,212.54,0,1275.24,tarjeta,completada,2026-01-31 17:52:15,zona_d
VN-0002060,CLI-02003,PRD-0175,tienda_norte,7,74.48,0,521.36,efectivo,completada,2026-03-09 03:18:56,zona_b
VN-0002061,CLI-00565,PRD-0035,tienda_norte,1,103.23,5,103.23,tarjeta,completada,2026-02-01 11:20:03,zona_d
VN-0002062,CLI-00497,PRD-0044,tienda_norte,6,100.66,5,603.96,efectivo,completada,2026-01-20 20:13:20,zona_a
VN-0002063,CLI-00350,PRD-0187,tienda_norte,7,26.08,0,182.56,transferencia,completada,2026-02-02 11:24:24,zona_c
VN-0002064,CLI-01767,PRD-0082,tienda_norte,8,272.79,10,2182.32,tarjeta,completada,2026-01-28 04:52:07,zona_c
VN-0002065,CLI-01253,PRD-0144,tienda_norte,4,78.08,0,312.32,transferencia,completada,2026-02-17 03:52:33,zona_c
VN-0002066,CLI-01901,PRD-0154,tienda_norte,8,35.87,25,286.96,tarjeta,completada,2026-03-29 05:23:17,zona_a
VN-0002067,CLI-00310,PRD-0100,tienda_norte,5,326.46,10,1632.3,transferencia,completada,2026-03-01 04:58:01,zona_d
VN-0002068,CLI-01600,PRD-0136,tienda_norte,1,88.23,15,88.23,tarjeta,completada,2026-03-06 12:57:00,zona_b
VN-0002069,CLI-01922,PRD-0128,tienda_norte,6,43.02,15,258.12,tarjeta,completada,2026-01-13 11:03:37,zona_c
VN-0002070,CLI-02367,PRD-0093,tienda_norte,8,901.82,0,7214.56,tarjeta,completada,2026-01-18 12:58:36,zona_d
VN-0002071,CLI-02699,PRD-0152,tienda_norte,2,89.92,10,179.84,tarjeta,devuelta,2026-01-27 12:08:26,zona_b
VN-0002072,CLI-00506,PRD-0122,tienda_norte,7,249.51,0,1746.57,transferencia,completada,2026-03-15 07:20:27,zona_b
VN-0002073,CLI-00376,PRD-0040,tienda_norte,8,171.54,0,1372.32,tarjeta,completada,2026-01-21 08:11:59,zona_b
VN-0002074,CLI-02499,PRD-0184,tienda_norte,4,119.52,20,478.08,tarjeta,completada,2026-02-15 07:26:20,zona_d
VN-0002075,CLI-00165,PRD-0056,tienda_norte,6,236.84,0,1421.04,efectivo,completada,2026-01-21 09:45:37,zona_c
VN-0002076,CLI-02273,PRD-0192,tienda_norte,1,93.06,0,93.06,efectivo,completada,2026-01-04 01:40:38,zona_a
VN-0002077,CLI-00948,PRD-0162,tienda_norte,2,76.2,10,152.4,yape,completada,2026-01-28 08:24:52,zona_d
VN-0002078,CLI-02650,PRD-0075,tienda_norte,1,64.73,5,64.73,tarjeta,completada,2026-02-17 08:39:02,zona_b
VN-0002079,CLI-01276,PRD-0128,tienda_norte,1,43.02,15,43.02,tarjeta,completada,2026-01-22 11:46:03,zona_b
VN-0002080,CLI-00826,PRD-0100,tienda_norte,2,362.73,0,725.46,tarjeta,completada,2026-01-26 05:42:33,zona_b
VN-0002081,CLI-02073,PRD-0166,tienda_norte,1,491.34,0,491.34,efectivo,completada,2026-03-17 18:29:52,zona_d
VN-0002082,CLI-00812,PRD-0159,tienda_norte,4,1072.38,5,4289.52,transferencia,pendiente,2026-03-18 00:15:06,zona_c
VN-0002083,CLI-00421,PRD-0112,tienda_norte,1,273.86,5,273.86,transferencia,completada,2026-02-22 04:30:04,zona_b
VN-0002084,CLI-02145,PRD-0066,tienda_norte,6,737.18,10,4423.08,yape,completada,2026-03-26 23:08:29,zona_c
VN-0002085,CLI-02672,PRD-0200,tienda_norte,6,30.56,10,183.36,tarjeta,completada,2026-02-06 19:21:11,zona_a
VN-0002086,CLI-00563,PRD-0081,tienda_norte,4,104.17,10,416.68,yape,completada,2026-03-16 09:06:21,zona_b
VN-0002087,CLI-01629,PRD-0126,tienda_norte,7,938.91,10,6572.37,tarjeta,completada,2026-02-28 23:35:51,zona_a
VN-0002088,CLI-02532,PRD-0196,tienda_norte,5,39.17,5,195.85,tarjeta,completada,2026-01-18 06:47:19,zona_a
VN-0002089,CLI-00344,PRD-0048,tienda_norte,7,291.85,5,2042.95,tarjeta,completada,2026-01-22 04:13:52,zona_c
VN-0002090,CLI-01116,PRD-0076,tienda_norte,8,122.3,10,978.4,efectivo,completada,2026-02-28 15:18:07,zona_d
VN-0002091,CLI-02876,PRD-0186,tienda_norte,3,76.16,0,228.48,tarjeta,completada,2026-02-25 15:04:43,zona_c
VN-0002092,CLI-00465,PRD-0026,tienda_norte,2,1165.21,0,2330.42,transferencia,completada,2026-02-23 19:38:06,zona_a
VN-0002093,CLI-00881,PRD-0154,tienda_norte,2,43.04,10,86.08,efectivo,completada,2026-01-31 22:12:25,zona_c
VN-0002094,CLI-00595,PRD-0113,tienda_norte,6,155.06,5,930.36,yape,completada,2026-01-31 13:07:04,zona_a
VN-0002095,CLI-00684,PRD-0196,tienda_norte,4,41.23,0,164.92,tarjeta,pendiente,2026-01-08 19:02:10,zona_b
VN-0002096,CLI-02448,PRD-0183,tienda_norte,7,43.44,5,304.08,tarjeta,completada,2026-02-22 17:37:23,zona_c
VN-0002097,CLI-01051,PRD-0044,tienda_norte,6,84.77,20,508.62,transferencia,completada,2026-01-03 11:14:25,zona_a
VN-0002098,CLI-01762,PRD-0068,tienda_norte,2,166.65,0,333.3,tarjeta,completada,2026-01-19 06:13:48,zona_d
VN-0002099,CLI-00475,PRD-0023,tienda_norte,6,55.07,15,330.42,tarjeta,completada,2026-02-23 08:44:44,zona_a
VN-0002100,CLI-00867,PRD-0023,tienda_norte,4,64.79,0,259.16,yape,completada,2026-02-01 13:13:00,zona_a
VN-0002101,CLI-02111,PRD-0188,tienda_norte,6,100.11,5,600.66,tarjeta,completada,2026-01-23 06:49:07,zona_d
VN-0002102,CLI-01116,PRD-0053,tienda_norte,4,4.66,10,18.64,yape,completada,2026-03-18 05:11:28,zona_a
VN-0002103,CLI-00448,PRD-0136,tienda_norte,4,93.42,10,373.68,tarjeta,completada,2026-02-27 14:51:39,zona_c
VN-0002104,CLI-00124,PRD-0007,tienda_norte,6,19.86,0,119.16,tarjeta,completada,2026-03-25 08:52:27,zona_a
VN-0002105,CLI-02241,PRD-0140,tienda_norte,1,106.05,10,106.05,tarjeta,completada,2026-02-03 13:01:22,zona_c
VN-0002106,CLI-00762,PRD-0148,tienda_norte,1,146.34,5,146.34,tarjeta,devuelta,2026-02-04 10:31:53,zona_a
VN-0002107,CLI-00232,PRD-0161,tienda_norte,5,27.0,20,135.0,tarjeta,completada,2026-01-30 04:51:13,zona_d
VN-0002108,CLI-01651,PRD-0069,tienda_norte,8,55.23,0,441.84,transferencia,completada,2026-03-05 03:00:59,zona_c
VN-0002109,CLI-01041,PRD-0090,tienda_norte,4,12.01,0,48.04,tarjeta,completada,2026-02-11 00:13:05,zona_c
VN-0002110,CLI-01091,PRD-0172,tienda_norte,2,143.3,0,286.6,yape,completada,2026-03-09 17:56:51,zona_c
VN-0002111,CLI-01236,PRD-0026,tienda_norte,6,1048.69,10,6292.14,tarjeta,completada,2026-03-09 08:01:40,zona_d
VN-0002112,CLI-02643,PRD-0179,tienda_norte,3,389.09,0,1167.27,transferencia,completada,2026-03-08 07:09:22,zona_d
VN-0002113,CLI-01069,PRD-0168,tienda_norte,5,242.26,20,1211.3,tarjeta,completada,2026-02-07 03:48:59,zona_a
VN-0002114,CLI-01344,PRD-0100,tienda_norte,7,272.05,25,1904.35,tarjeta,completada,2026-01-21 03:57:08,zona_b
VN-0002115,CLI-02667,PRD-0123,tienda_norte,8,40.34,0,322.72,transferencia,completada,2026-03-28 17:55:53,zona_d
VN-0002116,CLI-00203,PRD-0168,tienda_norte,2,302.83,0,605.66,yape,completada,2026-02-16 08:39:52,zona_c
VN-0002117,CLI-02313,PRD-0190,tienda_norte,3,236.97,0,710.91,efectivo,pendiente,2026-03-01 20:02:16,zona_a
VN-0002118,CLI-01644,PRD-0022,tienda_norte,6,58.01,10,348.06,tarjeta,completada,2026-02-07 01:11:02,zona_a
VN-0002119,CLI-01241,PRD-0008,tienda_norte,3,996.57,10,2989.71,tarjeta,completada,2026-03-04 12:52:59,zona_b
VN-0002120,CLI-01833,PRD-0149,tienda_norte,3,273.72,0,821.16,efectivo,completada,2026-01-01 00:38:24,zona_d
VN-0002121,CLI-01541,PRD-0150,tienda_norte,4,820.22,0,3280.88,tarjeta,completada,2026-03-14 17:22:47,zona_d
VN-0002122,CLI-01923,PRD-0013,tienda_norte,2,460.77,0,921.54,yape,completada,2026-03-08 16:50:11,zona_d
VN-0002123,CLI-00720,PRD-0118,tienda_norte,6,53.23,0,319.38,yape,completada,2026-02-10 08:26:54,zona_c
VN-0002124,CLI-02201,PRD-0008,tienda_norte,8,996.57,10,7972.56,tarjeta,completada,2026-01-28 21:24:34,zona_b
VN-0002125,CLI-00059,PRD-0167,tienda_norte,3,159.02,0,477.06,transferencia,completada,2026-03-31 09:39:46,zona_d
VN-0002126,CLI-01151,PRD-0177,tienda_norte,6,1066.18,0,6397.08,yape,completada,2026-03-07 21:13:54,zona_b
VN-0002127,CLI-02963,PRD-0090,tienda_norte,6,10.21,15,61.26,tarjeta,completada,2026-02-13 21:22:42,zona_a
VN-0002128,CLI-00423,PRD-0048,tienda_norte,2,245.77,20,491.54,tarjeta,completada,2026-02-28 07:42:02,zona_c
VN-0002129,CLI-00412,PRD-0195,tienda_norte,1,147.28,15,147.28,yape,completada,2026-02-12 10:08:31,zona_d
VN-0002130,CLI-01959,PRD-0070,tienda_norte,3,432.08,15,1296.24,yape,completada,2026-02-09 05:48:37,zona_a
VN-0002131,CLI-02125,PRD-0111,tienda_norte,3,73.87,0,221.61,yape,completada,2026-01-03 02:01:53,zona_d
VN-0002132,CLI-00360,PRD-0068,tienda_norte,6,133.32,20,799.92,efectivo,completada,2026-03-22 04:54:49,zona_c
VN-0002133,CLI-00945,PRD-0048,tienda_norte,3,291.85,5,875.55,tarjeta,completada,2026-02-14 19:06:53,zona_a
VN-0002134,CLI-00530,PRD-0161,tienda_norte,5,33.75,0,168.75,tarjeta,completada,2026-03-09 13:36:14,zona_b
VN-0002135,CLI-00488,PRD-0138,tienda_norte,6,146.2,0,877.2,efectivo,completada,2026-03-11 01:29:41,zona_a
VN-0002136,CLI-00406,PRD-0168,tienda_norte,2,287.69,5,575.38,tarjeta,completada,2026-02-28 13:30:06,zona_c
VN-0002137,CLI-00205,PRD-0031,tienda_norte,7,310.8,0,2175.6,yape,pendiente,2026-03-20 07:59:26,zona_c
VN-0002138,CLI-00622,PRD-0117,tienda_norte,7,139.25,10,974.75,efectivo,completada,2026-01-25 05:39:21,zona_d
VN-0002139,CLI-01001,PRD-0140,tienda_norte,7,106.05,10,742.35,tarjeta,completada,2026-01-07 07:19:10,zona_b
VN-0002140,CLI-01900,PRD-0097,tienda_norte,1,143.46,15,143.46,yape,completada,2026-03-09 22:31:27,zona_c
VN-0002141,CLI-00362,PRD-0092,tienda_norte,4,929.8,20,3719.2,yape,completada,2026-02-05 00:31:17,zona_d
VN-0002142,CLI-01263,PRD-0032,tienda_norte,3,132.44,0,397.32,tarjeta,completada,2026-01-28 23:22:08,zona_a
VN-0002143,CLI-02941,PRD-0073,tienda_norte,1,64.62,5,64.62,yape,completada,2026-03-02 12:50:23,zona_a
VN-0002144,CLI-00950,PRD-0191,tienda_norte,7,156.18,10,1093.26,tarjeta,completada,2026-03-01 01:50:41,zona_a
VN-0002145,CLI-01855,PRD-0171,tienda_norte,4,29.17,5,116.68,tarjeta,completada,2026-03-30 20:51:56,zona_a
VN-0002146,CLI-00431,PRD-0138,tienda_norte,8,131.58,10,1052.64,transferencia,completada,2026-01-06 18:53:22,zona_b
VN-0002147,CLI-01201,PRD-0181,tienda_norte,6,106.33,0,637.98,tarjeta,completada,2026-03-06 23:32:06,zona_d
VN-0002148,CLI-00500,PRD-0069,tienda_norte,6,52.47,5,314.82,transferencia,completada,2026-02-03 13:05:31,zona_b
VN-0002149,CLI-00916,PRD-0035,tienda_norte,2,92.36,15,184.72,tarjeta,completada,2026-01-07 01:38:42,zona_a
VN-0002150,CLI-00481,PRD-0154,tienda_norte,8,43.04,10,344.32,tarjeta,completada,2026-01-13 17:19:05,zona_b
VN-0002151,CLI-00090,PRD-0117,tienda_norte,1,131.51,15,131.51,transferencia,pendiente,2026-03-06 05:10:25,zona_b
VN-0002152,CLI-02001,PRD-0035,tienda_norte,6,103.23,5,619.38,tarjeta,completada,2026-01-09 08:39:35,zona_d
VN-0002153,CLI-01068,PRD-0129,tienda_norte,2,89.95,10,179.9,efectivo,completada,2026-01-03 01:01:46,zona_d
VN-0002154,CLI-02154,PRD-0042,tienda_norte,4,68.51,10,274.04,efectivo,completada,2026-01-29 11:06:08,zona_b
VN-0002155,CLI-02102,PRD-0135,tienda_norte,7,123.81,0,866.67,transferencia,completada,2026-03-07 17:54:50,zona_b
VN-0002156,CLI-00228,PRD-0045,tienda_norte,8,35.29,5,282.32,tarjeta,completada,2026-02-25 04:44:23,zona_a
VN-0002157,CLI-01737,PRD-0027,tienda_norte,7,27.59,10,193.13,yape,completada,2026-01-13 04:22:57,zona_a
VN-0002158,CLI-01214,PRD-0036,tienda_norte,2,43.1,0,86.2,efectivo,devuelta,2026-02-12 08:46:57,zona_a
VN-0002159,CLI-02818,PRD-0182,tienda_norte,7,104.56,10,731.92,yape,pendiente,2026-01-11 06:13:34,zona_b
VN-0002160,CLI-00994,PRD-0065,tienda_norte,8,179.58,10,1436.64,transferencia,completada,2026-03-22 22:13:11,zona_d
VN-0002161,CLI-00547,PRD-0038,tienda_norte,4,39.67,5,158.68,transferencia,devuelta,2026-02-16 17:32:26,zona_d
VN-0002162,CLI-00552,PRD-0034,tienda_norte,8,88.45,15,707.6,tarjeta,devuelta,2026-03-11 13:54:19,zona_b
VN-0002163,CLI-00870,PRD-0047,tienda_norte,8,230.92,5,1847.36,tarjeta,completada,2026-02-17 14:10:27,zona_a
VN-0002164,CLI-01366,PRD-0026,tienda_norte,8,873.91,25,6991.28,efectivo,completada,2026-01-13 05:44:15,zona_d
VN-0002165,CLI-01145,PRD-0186,tienda_norte,4,76.16,0,304.64,yape,completada,2026-03-11 11:45:27,zona_d
VN-0002166,CLI-01869,PRD-0099,tienda_norte,2,360.62,0,721.24,yape,completada,2026-02-04 12:05:04,zona_c
VN-0002167,CLI-02751,PRD-0135,tienda_norte,7,111.43,10,780.01,tarjeta,completada,2026-01-18 13:10:50,zona_d
VN-0002168,CLI-02973,PRD-0109,tienda_norte,1,101.94,20,101.94,tarjeta,completada,2026-02-10 20:38:42,zona_c
VN-0002169,CLI-01328,PRD-0088,tienda_norte,4,66.62,0,266.48,tarjeta,pendiente,2026-01-06 12:28:47,zona_a
VN-0002170,CLI-02635,PRD-0055,tienda_norte,2,20.29,0,40.58,efectivo,completada,2026-03-03 03:31:54,zona_b
VN-0002171,CLI-02601,PRD-0142,tienda_norte,2,109.14,10,218.28,yape,completada,2026-02-04 12:35:07,zona_a
VN-0002172,CLI-00693,PRD-0093,tienda_norte,8,721.46,20,5771.68,efectivo,completada,2026-02-23 22:24:41,zona_d
VN-0002173,CLI-00113,PRD-0122,tienda_norte,6,187.13,25,1122.78,yape,devuelta,2026-02-27 09:39:55,zona_a
VN-0002174,CLI-01035,PRD-0124,tienda_norte,6,172.02,0,1032.12,efectivo,pendiente,2026-02-05 02:35:03,zona_a
VN-0002175,CLI-02723,PRD-0137,tienda_norte,4,131.59,0,526.36,yape,devuelta,2026-03-20 17:39:54,zona_c
VN-0002176,CLI-00395,PRD-0021,tienda_norte,4,18.21,0,72.84,tarjeta,completada,2026-01-28 13:37:31,zona_d
VN-0002177,CLI-00908,PRD-0050,tienda_norte,8,11.33,0,90.64,tarjeta,completada,2026-02-11 15:22:20,zona_a
VN-0002178,CLI-02798,PRD-0156,tienda_norte,1,85.25,10,85.25,transferencia,completada,2026-03-19 13:34:47,zona_b
VN-0002179,CLI-02689,PRD-0101,tienda_norte,1,1072.29,5,1072.29,yape,pendiente,2026-03-21 07:36:17,zona_a
VN-0002180,CLI-02317,PRD-0176,tienda_norte,8,67.53,5,540.24,yape,completada,2026-02-15 23:35:33,zona_b
VN-0002181,CLI-02133,PRD-0093,tienda_norte,6,901.82,0,5410.92,yape,completada,2026-03-19 13:46:41,zona_c
VN-0002182,CLI-02185,PRD-0175,tienda_norte,7,67.03,10,469.21,transferencia,completada,2026-01-17 21:46:26,zona_d
VN-0002183,CLI-02005,PRD-0119,tienda_norte,2,136.14,20,272.28,efectivo,completada,2026-01-07 04:37:55,zona_d
VN-0002184,CLI-01398,PRD-0173,tienda_norte,6,176.53,0,1059.18,tarjeta,completada,2026-01-02 10:50:33,zona_c
VN-0002185,CLI-01394,PRD-0147,tienda_norte,3,42.47,15,127.41,tarjeta,completada,2026-03-06 04:29:10,zona_d
VN-0002186,CLI-01218,PRD-0134,tienda_norte,1,82.98,15,82.98,tarjeta,completada,2026-03-22 02:17:52,zona_c
VN-0002187,CLI-02683,PRD-0019,tienda_norte,1,261.02,10,261.02,tarjeta,completada,2026-03-20 08:55:23,zona_a
VN-0002188,CLI-01076,PRD-0158,tienda_norte,6,230.04,0,1380.24,efectivo,completada,2026-03-12 13:41:16,zona_c
VN-0002189,CLI-01172,PRD-0051,tienda_norte,2,295.61,10,591.22,tarjeta,completada,2026-02-05 02:25:56,zona_c
VN-0002190,CLI-02910,PRD-0102,tienda_norte,6,74.67,0,448.02,yape,completada,2026-02-12 04:46:46,zona_b
VN-0002191,CLI-01236,PRD-0100,tienda_norte,8,308.32,15,2466.56,efectivo,completada,2026-02-14 12:55:20,zona_c
VN-0002192,CLI-01479,PRD-0042,tienda_norte,8,64.7,15,517.6,transferencia,completada,2026-02-11 14:38:32,zona_a
VN-0002193,CLI-01619,PRD-0086,tienda_norte,2,14.08,20,28.16,yape,completada,2026-02-27 03:37:45,zona_d
VN-0002194,CLI-00405,PRD-0099,tienda_norte,6,360.62,0,2163.72,efectivo,completada,2026-01-06 13:39:46,zona_c
VN-0002195,CLI-00771,PRD-0143,tienda_norte,1,22.39,0,22.39,tarjeta,completada,2026-01-30 03:19:57,zona_b
VN-0002196,CLI-01194,PRD-0075,tienda_norte,8,68.14,0,545.12,tarjeta,completada,2026-03-02 13:15:08,zona_d
VN-0002197,CLI-01799,PRD-0177,tienda_norte,7,1066.18,0,7463.26,efectivo,devuelta,2026-01-23 19:58:40,zona_b
VN-0002198,CLI-00170,PRD-0102,tienda_norte,4,74.67,0,298.68,tarjeta,devuelta,2026-01-12 05:11:25,zona_c
VN-0002199,CLI-01378,PRD-0070,tienda_norte,2,406.66,20,813.32,yape,completada,2026-02-05 18:01:15,zona_d
VN-0002200,CLI-00623,PRD-0184,tienda_norte,7,134.46,10,941.22,transferencia,completada,2026-01-09 12:31:12,zona_d
VN-0002201,CLI-02120,PRD-0121,tienda_norte,1,881.74,0,881.74,tarjeta,completada,2026-01-27 09:25:45,zona_a
VN-0002202,CLI-02997,PRD-0062,tienda_norte,2,108.43,15,216.86,tarjeta,completada,2026-03-13 04:55:33,zona_d
VN-0002203,CLI-01225,PRD-0176,tienda_norte,7,67.53,5,472.71,efectivo,completada,2026-03-11 14:45:56,zona_a
VN-0002204,CLI-01955,PRD-0046,tienda_norte,1,326.48,10,326.48,tarjeta,completada,2026-03-26 15:37:28,zona_c
VN-0002205,CLI-02338,PRD-0194,tienda_norte,7,167.12,5,1169.84,yape,completada,2026-03-01 18:40:10,zona_b
VN-0002206,CLI-01011,PRD-0080,tienda_norte,8,142.71,0,1141.68,tarjeta,completada,2026-01-09 08:49:48,zona_b
VN-0002207,CLI-01434,PRD-0013,tienda_norte,7,414.69,10,2902.83,transferencia,completada,2026-01-15 13:20:08,zona_b
VN-0002208,CLI-00431,PRD-0006,tienda_norte,8,395.52,0,3164.16,tarjeta,completada,2026-02-20 11:38:33,zona_a
VN-0002209,CLI-01221,PRD-0101,tienda_norte,3,1128.73,0,3386.19,efectivo,completada,2026-03-04 21:31:28,zona_b
VN-0002210,CLI-01444,PRD-0155,tienda_norte,5,138.1,0,690.5,tarjeta,completada,2026-02-15 04:24:27,zona_d
VN-0002211,CLI-02925,PRD-0082,tienda_norte,4,303.1,0,1212.4,tarjeta,completada,2026-01-20 02:32:55,zona_d
VN-0002212,CLI-00421,PRD-0084,tienda_norte,7,105.57,5,738.99,efectivo,completada,2026-01-03 00:53:55,zona_d
VN-0002213,CLI-00264,PRD-0038,tienda_norte,5,41.76,0,208.8,transferencia,pendiente,2026-03-01 11:50:34,zona_c
VN-0002214,CLI-00399,PRD-0057,tienda_norte,1,378.74,5,378.74,tarjeta,completada,2026-02-01 14:46:42,zona_b
VN-0002215,CLI-02446,PRD-0103,tienda_norte,8,338.06,10,2704.48,yape,completada,2026-03-07 02:28:53,zona_d
VN-0002216,CLI-01309,PRD-0079,tienda_norte,4,247.61,15,990.44,efectivo,completada,2026-03-17 20:18:14,zona_b
VN-0002217,CLI-02811,PRD-0129,tienda_norte,8,99.95,0,799.6,efectivo,completada,2026-03-04 03:36:03,zona_c
VN-0002218,CLI-00972,PRD-0092,tienda_norte,6,1104.14,5,6624.84,transferencia,completada,2026-02-02 21:18:19,zona_c
VN-0002219,CLI-02811,PRD-0137,tienda_norte,5,125.01,5,625.05,transferencia,devuelta,2026-01-13 07:15:13,zona_a
VN-0002220,CLI-02816,PRD-0101,tienda_norte,7,1072.29,5,7506.03,transferencia,completada,2026-03-27 20:49:43,zona_b
VN-0002221,CLI-00188,PRD-0175,tienda_norte,3,70.76,5,212.28,yape,completada,2026-03-24 01:47:14,zona_d
VN-0002222,CLI-02328,PRD-0125,tienda_norte,8,250.62,20,2004.96,efectivo,completada,2026-03-30 18:21:51,zona_c
VN-0002223,CLI-02057,PRD-0181,tienda_norte,1,79.75,25,79.75,efectivo,completada,2026-03-20 22:34:01,zona_d
VN-0002224,CLI-02872,PRD-0057,tienda_norte,5,358.8,10,1794.0,tarjeta,completada,2026-01-30 05:54:08,zona_d
VN-0002225,CLI-01606,PRD-0178,tienda_norte,8,78.84,10,630.72,tarjeta,completada,2026-01-29 20:07:10,zona_a
VN-0002226,CLI-01803,PRD-0139,tienda_norte,3,18.66,0,55.98,transferencia,completada,2026-02-05 11:06:06,zona_d
VN-0002227,CLI-00109,PRD-0006,tienda_norte,3,355.97,10,1067.91,yape,completada,2026-01-06 21:36:12,zona_c
VN-0002228,CLI-00543,PRD-0119,tienda_norte,3,170.18,0,510.54,tarjeta,completada,2026-02-07 05:14:00,zona_c
VN-0002229,CLI-00287,PRD-0149,tienda_norte,1,273.72,0,273.72,tarjeta,completada,2026-02-25 21:14:53,zona_c
VN-0002230,CLI-01646,PRD-0132,tienda_norte,4,559.54,15,2238.16,efectivo,completada,2026-03-24 16:51:28,zona_b
VN-0002231,CLI-01578,PRD-0125,tienda_norte,1,297.62,5,297.62,tarjeta,completada,2026-03-12 05:23:10,zona_d
VN-0002232,CLI-00339,PRD-0068,tienda_norte,5,141.65,15,708.25,efectivo,completada,2026-03-29 19:14:43,zona_c
VN-0002233,CLI-02642,PRD-0190,tienda_norte,6,225.12,5,1350.72,tarjeta,completada,2026-01-21 20:41:54,zona_c
VN-0002234,CLI-01982,PRD-0088,tienda_norte,7,63.29,5,443.03,yape,completada,2026-01-18 17:17:04,zona_d
VN-0002235,CLI-02507,PRD-0017,tienda_norte,2,702.99,5,1405.98,tarjeta,completada,2026-02-08 23:26:00,zona_d
VN-0002236,CLI-01040,PRD-0120,tienda_norte,4,290.54,0,1162.16,tarjeta,completada,2026-03-08 16:07:39,zona_d
VN-0002237,CLI-01873,PRD-0125,tienda_norte,3,297.62,5,892.86,tarjeta,completada,2026-02-10 19:31:17,zona_a
VN-0002238,CLI-01761,PRD-0126,tienda_norte,6,834.58,20,5007.48,yape,devuelta,2026-03-17 17:05:19,zona_c
VN-0002239,CLI-00416,PRD-0025,tienda_norte,5,338.07,15,1690.35,efectivo,devuelta,2026-01-12 18:53:58,zona_b
VN-0002240,CLI-01310,PRD-0161,tienda_norte,3,30.38,10,91.14,tarjeta,completada,2026-02-26 13:22:46,zona_a
VN-0002241,CLI-01914,PRD-0024,tienda_norte,3,128.93,5,386.79,yape,completada,2026-01-10 13:43:11,zona_b
VN-0002242,CLI-01405,PRD-0181,tienda_norte,2,95.7,10,191.4,yape,devuelta,2026-01-25 15:14:19,zona_a
VN-0002243,CLI-01773,PRD-0057,tienda_norte,5,318.94,20,1594.7,transferencia,completada,2026-01-21 07:55:13,zona_b
VN-0002244,CLI-01598,PRD-0068,tienda_norte,4,133.32,20,533.28,tarjeta,completada,2026-01-08 00:34:35,zona_a
VN-0002245,CLI-01618,PRD-0188,tienda_norte,4,105.38,0,421.52,tarjeta,completada,2026-03-30 11:22:33,zona_d
VN-0002246,CLI-00566,PRD-0178,tienda_norte,6,87.6,0,525.6,tarjeta,completada,2026-02-25 18:55:42,zona_d
VN-0002247,CLI-00277,PRD-0076,tienda_norte,7,135.89,0,951.23,tarjeta,completada,2026-02-18 01:05:51,zona_b
VN-0002248,CLI-00948,PRD-0198,tienda_norte,1,323.64,10,323.64,tarjeta,devuelta,2026-03-25 19:45:28,zona_c
VN-0002249,CLI-00249,PRD-0069,tienda_norte,7,55.23,0,386.61,efectivo,devuelta,2026-01-03 14:59:03,zona_d
VN-0002250,CLI-01816,PRD-0162,tienda_norte,8,71.97,15,575.76,yape,completada,2026-02-05 16:52:19,zona_a
VN-0002251,CLI-01165,PRD-0168,tienda_norte,5,287.69,5,1438.45,tarjeta,completada,2026-03-09 12:38:42,zona_a
VN-0002252,CLI-00224,PRD-0153,tienda_norte,6,1122.13,5,6732.78,efectivo,completada,2026-01-20 12:30:55,zona_b
VN-0002253,CLI-00870,PRD-0006,tienda_norte,3,395.52,0,1186.56,efectivo,completada,2026-03-30 00:53:18,zona_b
VN-0002254,CLI-02479,PRD-0008,tienda_norte,2,996.57,10,1993.14,tarjeta,completada,2026-02-16 05:43:49,zona_d
VN-0002255,CLI-01979,PRD-0069,tienda_norte,6,46.95,15,281.7,tarjeta,completada,2026-01-03 02:00:30,zona_c
VN-0002256,CLI-02492,PRD-0026,tienda_norte,1,1165.21,0,1165.21,transferencia,completada,2026-01-16 01:05:38,zona_b
VN-0002257,CLI-01301,PRD-0147,tienda_norte,3,47.46,5,142.38,tarjeta,completada,2026-01-04 23:27:04,zona_a
VN-0002258,CLI-02792,PRD-0165,tienda_norte,3,684.88,25,2054.64,tarjeta,completada,2026-02-20 08:14:07,zona_b
VN-0002259,CLI-02893,PRD-0153,tienda_norte,8,1181.19,0,9449.52,tarjeta,completada,2026-01-27 07:13:43,zona_d
VN-0002260,CLI-01137,PRD-0064,tienda_norte,2,56.47,0,112.94,efectivo,completada,2026-03-10 00:35:20,zona_c
VN-0002261,CLI-01057,PRD-0189,tienda_norte,1,169.82,5,169.82,tarjeta,completada,2026-02-10 08:27:51,zona_b
VN-0002262,CLI-01898,PRD-0001,tienda_norte,5,323.26,15,1616.3,tarjeta,completada,2026-03-30 08:06:31,zona_d
VN-0002263,CLI-00070,PRD-0193,tienda_norte,3,44.27,5,132.81,transferencia,devuelta,2026-02-16 02:59:26,zona_c
VN-0002264,CLI-00645,PRD-0025,tienda_norte,1,318.18,20,318.18,yape,pendiente,2026-02-10 08:51:36,zona_c
VN-0002265,CLI-01184,PRD-0137,tienda_norte,5,118.43,10,592.15,efectivo,completada,2026-01-01 22:10:55,zona_b
VN-0002266,CLI-02121,PRD-0084,tienda_norte,8,83.35,25,666.8,tarjeta,completada,2026-03-31 15:17:54,zona_b
VN-0002267,CLI-00727,PRD-0088,tienda_norte,1,53.3,20,53.3,tarjeta,completada,2026-03-30 23:09:01,zona_a
VN-0002268,CLI-01556,PRD-0087,tienda_norte,8,29.56,25,236.48,transferencia,completada,2026-01-17 18:38:16,zona_c
VN-0002269,CLI-00498,PRD-0186,tienda_norte,1,72.35,5,72.35,yape,completada,2026-01-22 04:05:32,zona_c
VN-0002270,CLI-02467,PRD-0034,tienda_norte,7,98.86,5,692.02,efectivo,completada,2026-02-21 17:31:16,zona_c
VN-0002271,CLI-00900,PRD-0163,tienda_norte,2,83.39,10,166.78,tarjeta,completada,2026-02-13 21:28:31,zona_d
VN-0002272,CLI-01579,PRD-0200,tienda_norte,2,32.25,5,64.5,yape,completada,2026-02-11 03:17:16,zona_b
VN-0002273,CLI-00235,PRD-0041,tienda_norte,7,153.89,10,1077.23,tarjeta,devuelta,2026-02-05 19:12:21,zona_a
VN-0002274,CLI-01600,PRD-0132,tienda_norte,2,658.28,0,1316.56,yape,completada,2026-02-01 15:49:23,zona_d
VN-0002275,CLI-01462,PRD-0070,tienda_norte,3,432.08,15,1296.24,yape,completada,2026-03-18 21:52:36,zona_b
VN-0002276,CLI-00910,PRD-0039,tienda_norte,6,51.92,15,311.52,yape,completada,2026-03-30 10:58:46,zona_d
VN-0002277,CLI-00841,PRD-0190,tienda_norte,4,189.58,20,758.32,tarjeta,completada,2026-02-16 05:37:56,zona_a
VN-0002278,CLI-02328,PRD-0049,tienda_norte,2,942.55,10,1885.1,efectivo,completada,2026-03-05 02:33:39,zona_c
VN-0002279,CLI-00267,PRD-0007,tienda_norte,3,16.88,15,50.64,tarjeta,completada,2026-01-22 21:48:15,zona_a
VN-0002280,CLI-00291,PRD-0016,tienda_norte,1,190.21,5,190.21,tarjeta,completada,2026-02-09 10:12:52,zona_c
VN-0002281,CLI-02024,PRD-0090,tienda_norte,3,12.01,0,36.03,yape,completada,2026-02-10 21:10:25,zona_c
VN-0002282,CLI-00873,PRD-0086,tienda_norte,2,17.6,0,35.2,tarjeta,completada,2026-03-31 08:58:39,zona_d
VN-0002283,CLI-01653,PRD-0061,tienda_norte,3,728.71,15,2186.13,tarjeta,completada,2026-01-15 02:52:05,zona_a
VN-0002284,CLI-01259,PRD-0070,tienda_norte,8,482.91,5,3863.28,yape,completada,2026-01-11 06:53:30,zona_b
VN-0002285,CLI-02076,PRD-0180,tienda_norte,5,16.31,0,81.55,yape,completada,2026-02-17 18:10:01,zona_d
VN-0002286,CLI-00757,PRD-0003,tienda_norte,2,167.67,5,335.34,yape,completada,2026-03-20 23:03:06,zona_a
VN-0002287,CLI-02093,PRD-0046,tienda_norte,2,290.21,20,580.42,tarjeta,completada,2026-03-12 17:41:28,zona_c
VN-0002288,CLI-02905,PRD-0170,tienda_norte,6,100.58,10,603.48,tarjeta,completada,2026-01-07 15:10:57,zona_c
VN-0002289,CLI-01266,PRD-0080,tienda_norte,1,128.44,10,128.44,tarjeta,devuelta,2026-03-11 06:53:51,zona_c
VN-0002290,CLI-01010,PRD-0004,tienda_norte,1,53.89,0,53.89,transferencia,completada,2026-01-03 19:23:55,zona_c
VN-0002291,CLI-01788,PRD-0099,tienda_norte,5,360.62,0,1803.1,tarjeta,completada,2026-03-27 06:12:42,zona_c
VN-0002292,CLI-00671,PRD-0192,tienda_norte,4,83.75,10,335.0,efectivo,completada,2026-02-24 07:57:50,zona_d
VN-0002293,CLI-01706,PRD-0189,tienda_norte,1,151.95,15,151.95,tarjeta,completada,2026-01-09 09:54:00,zona_c
VN-0002294,CLI-01133,PRD-0051,tienda_norte,1,312.04,5,312.04,tarjeta,completada,2026-01-05 16:12:22,zona_a
VN-0002295,CLI-02786,PRD-0074,tienda_norte,2,90.21,10,180.42,efectivo,completada,2026-02-13 18:20:21,zona_d
VN-0002296,CLI-00234,PRD-0156,tienda_norte,1,94.72,0,94.72,efectivo,completada,2026-01-02 12:57:15,zona_c
VN-0002297,CLI-01530,PRD-0031,tienda_norte,8,310.8,0,2486.4,tarjeta,completada,2026-02-03 13:43:28,zona_b
VN-0002298,CLI-01757,PRD-0188,tienda_norte,4,94.84,10,379.36,tarjeta,completada,2026-01-16 16:02:42,zona_c
VN-0002299,CLI-02561,PRD-0013,tienda_norte,7,437.73,5,3064.11,transferencia,completada,2026-03-18 12:55:16,zona_a
VN-0002300,CLI-01587,PRD-0040,tienda_norte,8,171.54,0,1372.32,yape,completada,2026-03-11 06:53:31,zona_d
VN-0002301,CLI-00936,PRD-0182,tienda_norte,1,116.18,0,116.18,efectivo,completada,2026-01-15 07:39:01,zona_a
VN-0002302,CLI-00455,PRD-0009,tienda_norte,7,39.84,15,278.88,yape,devuelta,2026-01-25 22:57:06,zona_a
VN-0002303,CLI-00277,PRD-0063,tienda_norte,2,205.14,5,410.28,efectivo,completada,2026-03-28 06:41:04,zona_c
VN-0002304,CLI-00411,PRD-0005,tienda_norte,7,201.91,5,1413.37,tarjeta,completada,2026-03-01 10:49:08,zona_d
VN-0002305,CLI-01284,PRD-0035,tienda_norte,1,86.93,20,86.93,yape,completada,2026-03-12 11:07:20,zona_a
VN-0002306,CLI-02102,PRD-0186,tienda_norte,3,72.35,5,217.05,tarjeta,completada,2026-03-03 09:45:35,zona_d
VN-0002307,CLI-02628,PRD-0113,tienda_norte,5,155.06,5,775.3,efectivo,completada,2026-03-30 17:12:00,zona_c
VN-0002308,CLI-02523,PRD-0098,tienda_norte,6,793.19,0,4759.14,efectivo,completada,2026-02-01 00:23:01,zona_a
VN-0002309,CLI-00014,PRD-0022,tienda_norte,5,64.46,0,322.3,tarjeta,completada,2026-02-25 16:17:25,zona_a
VN-0002310,CLI-02549,PRD-0139,tienda_norte,3,17.73,5,53.19,yape,completada,2026-02-14 01:16:45,zona_b
VN-0002311,CLI-02476,PRD-0017,tienda_norte,4,628.99,15,2515.96,transferencia,completada,2026-01-29 03:36:02,zona_a
VN-0002312,CLI-02308,PRD-0158,tienda_norte,7,195.53,15,1368.71,tarjeta,completada,2026-01-30 17:29:14,zona_c
VN-0002313,CLI-01994,PRD-0056,tienda_norte,7,225.0,5,1575.0,yape,devuelta,2026-01-13 11:36:01,zona_c
VN-0002314,CLI-00364,PRD-0056,tienda_norte,2,236.84,0,473.68,yape,completada,2026-01-06 14:08:03,zona_c
VN-0002315,CLI-00338,PRD-0152,tienda_norte,4,94.91,5,379.64,transferencia,completada,2026-03-18 09:19:09,zona_c
VN-0002316,CLI-00663,PRD-0021,tienda_norte,1,15.48,15,15.48,tarjeta,completada,2026-03-09 04:22:40,zona_a
VN-0002317,CLI-01271,PRD-0044,tienda_norte,7,105.96,0,741.72,efectivo,completada,2026-01-30 13:37:35,zona_c
VN-0002318,CLI-02361,PRD-0004,tienda_norte,2,48.5,10,97.0,tarjeta,completada,2026-02-17 22:00:10,zona_c
VN-0002319,CLI-01042,PRD-0105,tienda_norte,1,62.86,20,62.86,transferencia,completada,2026-03-11 12:41:52,zona_b
VN-0002320,CLI-02237,PRD-0089,tienda_norte,1,58.61,15,58.61,efectivo,devuelta,2026-01-22 04:28:34,zona_b
VN-0002321,CLI-00516,PRD-0035,tienda_norte,2,103.23,5,206.46,tarjeta,completada,2026-03-23 02:20:22,zona_b
VN-0002322,CLI-01084,PRD-0088,tienda_norte,3,66.62,0,199.86,tarjeta,completada,2026-01-17 22:49:15,zona_b
VN-0002323,CLI-02689,PRD-0189,tienda_norte,1,160.88,10,160.88,yape,completada,2026-03-16 13:46:39,zona_a
VN-0002324,CLI-01192,PRD-0073,tienda_norte,1,51.02,25,51.02,tarjeta,completada,2026-03-19 12:28:13,zona_b
VN-0002325,CLI-02463,PRD-0054,tienda_norte,7,83.85,15,586.95,yape,completada,2026-01-27 21:20:29,zona_b
VN-0002326,CLI-00373,PRD-0042,tienda_norte,2,68.51,10,137.02,transferencia,completada,2026-02-11 13:55:44,zona_b
VN-0002327,CLI-02177,PRD-0023,tienda_norte,6,58.31,10,349.86,tarjeta,devuelta,2026-03-03 15:30:57,zona_c
VN-0002328,CLI-00566,PRD-0181,tienda_norte,5,101.01,5,505.05,efectivo,completada,2026-03-01 16:19:07,zona_c
VN-0002329,CLI-01732,PRD-0083,tienda_norte,3,88.08,5,264.24,tarjeta,completada,2026-01-17 16:36:39,zona_b
VN-0002330,CLI-01501,PRD-0176,tienda_norte,4,63.97,10,255.88,tarjeta,completada,2026-03-13 00:40:45,zona_b
VN-0002331,CLI-02692,PRD-0180,tienda_norte,2,14.68,10,29.36,yape,completada,2026-03-28 21:16:22,zona_b
VN-0002332,CLI-01058,PRD-0024,tienda_norte,4,135.72,0,542.88,efectivo,completada,2026-02-24 20:50:40,zona_c
VN-0002333,CLI-01963,PRD-0030,tienda_norte,6,246.84,0,1481.04,yape,completada,2026-01-29 08:40:29,zona_a
VN-0002334,CLI-00902,PRD-0065,tienda_norte,8,199.53,0,1596.24,tarjeta,completada,2026-01-16 20:46:19,zona_d
VN-0002335,CLI-00148,PRD-0180,tienda_norte,5,16.31,0,81.55,yape,completada,2026-03-09 21:01:12,zona_b
VN-0002336,CLI-00839,PRD-0110,tienda_norte,6,198.38,5,1190.28,yape,devuelta,2026-03-25 09:41:57,zona_c
VN-0002337,CLI-00107,PRD-0057,tienda_norte,4,378.74,5,1514.96,yape,completada,2026-01-27 20:33:07,zona_a
VN-0002338,CLI-00420,PRD-0009,tienda_norte,3,46.87,0,140.61,tarjeta,completada,2026-01-08 05:59:53,zona_a
VN-0002339,CLI-02550,PRD-0128,tienda_norte,1,50.61,0,50.61,transferencia,completada,2026-01-29 00:54:16,zona_b
VN-0002340,CLI-01317,PRD-0042,tienda_norte,7,76.12,0,532.84,efectivo,completada,2026-03-15 02:47:10,zona_b
VN-0002341,CLI-00777,PRD-0043,tienda_norte,1,21.73,10,21.73,tarjeta,completada,2026-02-15 21:36:37,zona_c
VN-0002342,CLI-00416,PRD-0123,tienda_norte,1,38.32,5,38.32,tarjeta,completada,2026-02-24 11:15:54,zona_a
VN-0002343,CLI-01244,PRD-0024,tienda_norte,7,101.79,25,712.53,efectivo,completada,2026-03-25 01:09:52,zona_a
VN-0002344,CLI-00094,PRD-0094,tienda_norte,8,32.95,15,263.6,tarjeta,completada,2026-01-18 03:03:14,zona_a
VN-0002345,CLI-00836,PRD-0079,tienda_norte,4,291.31,0,1165.24,tarjeta,completada,2026-02-11 12:32:52,zona_b
VN-0002346,CLI-00480,PRD-0156,tienda_norte,5,85.25,10,426.25,efectivo,completada,2026-03-10 02:01:47,zona_a
VN-0002347,CLI-01245,PRD-0125,tienda_norte,4,297.62,5,1190.48,transferencia,completada,2026-01-12 16:18:55,zona_b
VN-0002348,CLI-01617,PRD-0019,tienda_norte,5,290.02,0,1450.1,efectivo,completada,2026-01-23 22:07:07,zona_d
VN-0002349,CLI-02548,PRD-0048,tienda_norte,7,307.21,0,2150.47,yape,completada,2026-02-05 05:55:42,zona_d
VN-0002350,CLI-00846,PRD-0140,tienda_norte,7,111.94,5,783.58,efectivo,completada,2026-03-30 01:23:33,zona_c
VN-0002351,CLI-00731,PRD-0112,tienda_norte,8,245.03,15,1960.24,yape,completada,2026-01-27 11:48:46,zona_b
VN-0002352,CLI-01336,PRD-0072,tienda_norte,2,26.13,20,52.26,tarjeta,completada,2026-03-19 22:39:55,zona_a
VN-0002353,CLI-01620,PRD-0032,tienda_norte,1,132.44,0,132.44,tarjeta,pendiente,2026-01-26 10:30:49,zona_a
VN-0002354,CLI-02645,PRD-0132,tienda_norte,2,625.37,5,1250.74,transferencia,completada,2026-01-22 11:32:15,zona_d
VN-0002355,CLI-02634,PRD-0084,tienda_norte,6,105.57,5,633.42,tarjeta,completada,2026-01-03 05:48:26,zona_c
VN-0002356,CLI-02857,PRD-0131,tienda_norte,5,345.73,0,1728.65,efectivo,completada,2026-01-08 01:28:18,zona_b
VN-0002357,CLI-00571,PRD-0072,tienda_norte,5,29.39,10,146.95,transferencia,pendiente,2026-01-10 19:48:12,zona_a
VN-0002358,CLI-00098,PRD-0070,tienda_norte,7,508.33,0,3558.31,transferencia,completada,2026-03-02 20:42:17,zona_b
VN-0002359,CLI-00293,PRD-0087,tienda_norte,6,39.41,0,236.46,tarjeta,completada,2026-01-27 07:10:15,zona_b
VN-0002360,CLI-01471,PRD-0143,tienda_norte,3,22.39,0,67.17,yape,pendiente,2026-01-18 00:00:30,zona_a
VN-0002361,CLI-01013,PRD-0120,tienda_norte,4,217.91,25,871.64,tarjeta,completada,2026-01-10 04:41:23,zona_b
VN-0002362,CLI-00662,PRD-0147,tienda_norte,3,44.96,10,134.88,tarjeta,completada,2026-03-12 09:00:12,zona_d
VN-0002363,CLI-02018,PRD-0195,tienda_norte,1,155.94,10,155.94,transferencia,completada,2026-01-13 20:46:19,zona_a
VN-0002364,CLI-02371,PRD-0115,tienda_norte,2,1144.16,0,2288.32,yape,completada,2026-01-04 02:31:44,zona_c
VN-0002365,CLI-01438,PRD-0174,tienda_norte,7,316.77,0,2217.39,tarjeta,completada,2026-02-25 00:57:56,zona_c
VN-0002366,CLI-01200,PRD-0169,tienda_norte,4,1064.16,0,4256.64,transferencia,completada,2026-01-06 13:19:41,zona_a
VN-0002367,CLI-01419,PRD-0056,tienda_norte,6,236.84,0,1421.04,tarjeta,completada,2026-01-30 05:39:59,zona_d
VN-0002368,CLI-02999,PRD-0084,tienda_norte,6,100.02,10,600.12,tarjeta,completada,2026-03-21 19:32:53,zona_a
VN-0002369,CLI-02914,PRD-0007,tienda_norte,6,19.86,0,119.16,transferencia,completada,2026-02-22 18:40:14,zona_b
VN-0002370,CLI-02628,PRD-0189,tienda_norte,1,178.76,0,178.76,efectivo,completada,2026-01-08 06:35:45,zona_a
VN-0002371,CLI-01546,PRD-0040,tienda_norte,8,171.54,0,1372.32,tarjeta,completada,2026-02-19 08:20:38,zona_d
VN-0002372,CLI-00223,PRD-0094,tienda_norte,3,38.77,0,116.31,tarjeta,completada,2026-01-07 14:02:01,zona_c
VN-0002373,CLI-00523,PRD-0128,tienda_norte,6,50.61,0,303.66,tarjeta,completada,2026-01-27 09:27:49,zona_d
VN-0002374,CLI-00449,PRD-0076,tienda_norte,7,115.51,15,808.57,efectivo,completada,2026-02-11 01:47:20,zona_b
VN-0002375,CLI-00315,PRD-0132,tienda_norte,5,625.37,5,3126.85,tarjeta,completada,2026-02-18 01:11:34,zona_a
VN-0002376,CLI-01123,PRD-0162,tienda_norte,6,84.67,0,508.02,efectivo,completada,2026-02-14 22:16:29,zona_b
VN-0002377,CLI-01807,PRD-0116,tienda_norte,1,9.21,0,9.21,tarjeta,completada,2026-02-04 20:13:30,zona_d
VN-0002378,CLI-01659,PRD-0137,tienda_norte,7,118.43,10,829.01,tarjeta,completada,2026-02-16 13:40:56,zona_c
VN-0002379,CLI-01801,PRD-0104,tienda_norte,6,176.34,10,1058.04,tarjeta,completada,2026-01-28 00:31:57,zona_b
VN-0002380,CLI-02074,PRD-0199,tienda_norte,4,375.09,0,1500.36,tarjeta,completada,2026-01-12 09:01:32,zona_b
VN-0002381,CLI-02247,PRD-0138,tienda_norte,7,131.58,10,921.06,tarjeta,completada,2026-03-19 19:44:51,zona_d
VN-0002382,CLI-02783,PRD-0197,tienda_norte,4,46.5,0,186.0,efectivo,completada,2026-01-04 03:19:59,zona_c
VN-0002383,CLI-00045,PRD-0049,tienda_norte,7,837.82,20,5864.74,tarjeta,devuelta,2026-03-04 00:31:17,zona_d
VN-0002384,CLI-01639,PRD-0053,tienda_norte,7,4.66,10,32.62,tarjeta,completada,2026-03-20 19:03:41,zona_d
VN-0002385,CLI-01424,PRD-0162,tienda_norte,5,84.67,0,423.35,efectivo,completada,2026-01-09 17:48:58,zona_a
VN-0002386,CLI-02012,PRD-0118,tienda_norte,3,45.25,15,135.75,tarjeta,completada,2026-03-24 23:08:53,zona_d
VN-0002387,CLI-01469,PRD-0183,tienda_norte,5,45.73,0,228.65,tarjeta,completada,2026-02-06 03:23:28,zona_d
VN-0002388,CLI-02386,PRD-0168,tienda_norte,5,302.83,0,1514.15,tarjeta,completada,2026-01-24 03:06:29,zona_c
VN-0002389,CLI-02466,PRD-0133,tienda_norte,7,77.47,20,542.29,tarjeta,completada,2026-03-22 01:29:50,zona_d
VN-0002390,CLI-00954,PRD-0039,tienda_norte,4,51.92,15,207.68,tarjeta,completada,2026-02-07 23:02:15,zona_d
VN-0002391,CLI-00584,PRD-0045,tienda_norte,4,37.15,0,148.6,transferencia,completada,2026-03-20 01:56:52,zona_d
VN-0002392,CLI-02145,PRD-0176,tienda_norte,5,60.42,15,302.1,tarjeta,completada,2026-03-29 18:37:26,zona_c
VN-0002393,CLI-00304,PRD-0056,tienda_norte,5,236.84,0,1184.2,efectivo,completada,2026-01-27 00:38:52,zona_b
VN-0002394,CLI-00451,PRD-0017,tienda_norte,1,739.99,0,739.99,transferencia,completada,2026-03-31 00:43:20,zona_a
VN-0002395,CLI-01103,PRD-0111,tienda_norte,2,55.4,25,110.8,yape,completada,2026-01-15 20:41:23,zona_a
VN-0002396,CLI-01629,PRD-0187,tienda_norte,3,22.17,15,66.51,efectivo,completada,2026-02-05 20:19:52,zona_c
VN-0002397,CLI-01918,PRD-0076,tienda_norte,2,101.92,25,203.84,yape,completada,2026-03-17 13:11:21,zona_b
VN-0002398,CLI-01832,PRD-0172,tienda_norte,6,136.13,5,816.78,tarjeta,devuelta,2026-03-11 03:25:02,zona_b
VN-0002399,CLI-01211,PRD-0161,tienda_norte,7,30.38,10,212.66,efectivo,completada,2026-03-17 10:59:30,zona_a
VN-0002400,CLI-02694,PRD-0163,tienda_norte,5,74.12,20,370.6,tarjeta,completada,2026-03-05 20:21:57,zona_a
VN-0002401,CLI-02361,PRD-0193,tienda_norte,2,41.94,10,83.88,yape,completada,2026-02-08 16:44:19,zona_b
VN-0002402,CLI-00502,PRD-0189,tienda_norte,3,178.76,0,536.28,tarjeta,completada,2026-03-13 05:34:03,zona_d
VN-0002403,CLI-01707,PRD-0099,tienda_norte,4,342.59,5,1370.36,tarjeta,completada,2026-03-19 11:28:50,zona_d
VN-0002404,CLI-00102,PRD-0039,tienda_norte,6,54.97,10,329.82,efectivo,completada,2026-01-20 04:55:47,zona_c
VN-0002405,CLI-00090,PRD-0047,tienda_norte,3,206.61,15,619.83,yape,completada,2026-02-26 23:44:24,zona_a
VN-0002406,CLI-02466,PRD-0190,tienda_norte,6,236.97,0,1421.82,tarjeta,devuelta,2026-01-19 15:10:04,zona_a
VN-0002407,CLI-01294,PRD-0131,tienda_norte,8,328.44,5,2627.52,efectivo,completada,2026-02-09 07:58:57,zona_c
VN-0002408,CLI-02089,PRD-0144,tienda_norte,7,66.37,15,464.59,yape,completada,2026-03-15 17:35:35,zona_c
VN-0002409,CLI-00542,PRD-0126,tienda_norte,8,938.91,10,7511.28,tarjeta,completada,2026-01-07 03:56:42,zona_a
VN-0002410,CLI-02747,PRD-0056,tienda_norte,5,225.0,5,1125.0,tarjeta,completada,2026-02-28 11:41:16,zona_b
VN-0002411,CLI-01366,PRD-0036,tienda_norte,5,40.95,5,204.75,yape,devuelta,2026-03-31 06:27:00,zona_c
VN-0002412,CLI-01201,PRD-0049,tienda_norte,6,1047.28,0,6283.68,yape,completada,2026-02-28 00:48:16,zona_a
VN-0002413,CLI-02595,PRD-0187,tienda_norte,2,23.47,10,46.94,efectivo,completada,2026-02-03 12:05:34,zona_c
VN-0002414,CLI-00927,PRD-0200,tienda_norte,2,32.25,5,64.5,efectivo,completada,2026-01-30 13:44:00,zona_c
VN-0002415,CLI-02486,PRD-0055,tienda_norte,7,15.22,25,106.54,tarjeta,completada,2026-03-16 00:39:24,zona_c
VN-0002416,CLI-00230,PRD-0021,tienda_norte,7,18.21,0,127.47,tarjeta,completada,2026-03-20 09:42:27,zona_a
VN-0002417,CLI-01362,PRD-0171,tienda_norte,6,30.71,0,184.26,tarjeta,pendiente,2026-03-30 20:25:28,zona_b
VN-0002418,CLI-01522,PRD-0110,tienda_norte,2,208.82,0,417.64,yape,completada,2026-01-08 14:33:36,zona_c
VN-0002419,CLI-00933,PRD-0051,tienda_norte,5,279.19,15,1395.95,efectivo,completada,2026-03-04 21:35:22,zona_b
VN-0002420,CLI-02749,PRD-0004,tienda_norte,3,51.2,5,153.6,transferencia,completada,2026-01-25 08:02:18,zona_b
VN-0002421,CLI-00944,PRD-0165,tienda_norte,8,913.18,0,7305.44,tarjeta,completada,2026-01-04 20:59:57,zona_b
VN-0002422,CLI-02851,PRD-0011,tienda_norte,2,75.37,0,150.74,yape,completada,2026-01-20 21:54:19,zona_d
VN-0002423,CLI-00963,PRD-0085,tienda_norte,2,105.44,10,210.88,transferencia,completada,2026-02-09 14:39:19,zona_c
VN-0002424,CLI-00988,PRD-0060,tienda_norte,5,139.14,0,695.7,transferencia,completada,2026-02-08 09:13:55,zona_b
VN-0002425,CLI-01460,PRD-0038,tienda_norte,4,41.76,0,167.04,yape,completada,2026-02-07 20:51:12,zona_b
VN-0002426,CLI-01865,PRD-0161,tienda_norte,6,30.38,10,182.28,efectivo,pendiente,2026-01-18 05:14:37,zona_c
VN-0002427,CLI-00337,PRD-0041,tienda_norte,2,170.99,0,341.98,yape,completada,2026-01-02 11:00:35,zona_b
VN-0002428,CLI-01160,PRD-0047,tienda_norte,7,230.92,5,1616.44,yape,completada,2026-03-31 16:40:37,zona_a
VN-0002429,CLI-02401,PRD-0082,tienda_norte,3,287.94,5,863.82,transferencia,completada,2026-02-26 15:43:20,zona_d
VN-0002430,CLI-02611,PRD-0084,tienda_norte,5,100.02,10,500.1,transferencia,completada,2026-02-15 03:04:22,zona_c
VN-0002431,CLI-00183,PRD-0018,tienda_norte,6,143.21,0,859.26,yape,completada,2026-01-01 13:46:19,zona_d
VN-0002432,CLI-02757,PRD-0069,tienda_norte,3,44.18,20,132.54,tarjeta,completada,2026-01-11 21:50:44,zona_d
VN-0002433,CLI-02547,PRD-0164,tienda_norte,2,288.65,15,577.3,tarjeta,completada,2026-03-07 23:45:19,zona_a
VN-0002434,CLI-02719,PRD-0128,tienda_norte,3,40.49,20,121.47,efectivo,completada,2026-02-05 00:29:15,zona_d
VN-0002435,CLI-01454,PRD-0020,tienda_norte,2,325.09,0,650.18,efectivo,completada,2026-03-30 16:41:15,zona_b
VN-0002436,CLI-00587,PRD-0177,tienda_norte,7,1066.18,0,7463.26,tarjeta,completada,2026-02-08 04:10:11,zona_d
VN-0002437,CLI-02338,PRD-0056,tienda_norte,1,213.16,10,213.16,efectivo,completada,2026-01-10 22:23:57,zona_b
VN-0002438,CLI-02672,PRD-0173,tienda_norte,5,176.53,0,882.65,tarjeta,completada,2026-03-19 15:59:16,zona_a
VN-0002439,CLI-00035,PRD-0161,tienda_norte,1,28.69,15,28.69,tarjeta,completada,2026-01-26 02:52:53,zona_b
VN-0002440,CLI-00620,PRD-0149,tienda_norte,4,232.66,15,930.64,tarjeta,completada,2026-03-17 05:50:46,zona_a
VN-0002441,CLI-02254,PRD-0136,tienda_norte,1,103.8,0,103.8,tarjeta,completada,2026-03-28 21:23:01,zona_c
VN-0002442,CLI-02538,PRD-0108,tienda_norte,6,111.46,20,668.76,yape,devuelta,2026-01-27 01:42:59,zona_b
VN-0002443,CLI-00574,PRD-0198,tienda_norte,7,341.62,5,2391.34,tarjeta,completada,2026-01-19 14:31:48,zona_a
VN-0002444,CLI-00547,PRD-0155,tienda_norte,8,124.29,10,994.32,efectivo,completada,2026-02-08 18:15:22,zona_d
VN-0002445,CLI-02298,PRD-0046,tienda_norte,4,344.62,5,1378.48,tarjeta,completada,2026-02-26 08:28:33,zona_c
VN-0002446,CLI-00881,PRD-0051,tienda_norte,3,295.61,10,886.83,tarjeta,completada,2026-03-08 03:30:09,zona_c
VN-0002447,CLI-00384,PRD-0041,tienda_norte,2,170.99,0,341.98,yape,completada,2026-02-13 22:34:57,zona_a
VN-0002448,CLI-01791,PRD-0078,tienda_norte,6,54.94,0,329.64,efectivo,completada,2026-01-24 19:33:56,zona_d
VN-0002449,CLI-02313,PRD-0080,tienda_norte,8,128.44,10,1027.52,efectivo,completada,2026-02-23 05:12:03,zona_a
VN-0002450,CLI-00805,PRD-0075,tienda_norte,8,68.14,0,545.12,yape,completada,2026-03-12 22:59:38,zona_c
VN-0002451,CLI-00644,PRD-0155,tienda_norte,5,138.1,0,690.5,tarjeta,completada,2026-03-02 23:03:02,zona_b
VN-0002452,CLI-02667,PRD-0050,tienda_norte,3,11.33,0,33.99,transferencia,completada,2026-02-24 09:58:23,zona_d
VN-0002453,CLI-02285,PRD-0020,tienda_norte,3,325.09,0,975.27,tarjeta,completada,2026-03-16 23:27:24,zona_b
VN-0002454,CLI-01332,PRD-0049,tienda_norte,1,942.55,10,942.55,efectivo,completada,2026-03-07 21:36:37,zona_a
VN-0002455,CLI-02334,PRD-0013,tienda_norte,5,460.77,0,2303.85,efectivo,completada,2026-01-11 09:42:22,zona_b
VN-0002456,CLI-01090,PRD-0091,tienda_norte,1,49.81,0,49.81,tarjeta,completada,2026-01-30 22:26:24,zona_a
VN-0002457,CLI-00687,PRD-0125,tienda_norte,3,313.28,0,939.84,tarjeta,completada,2026-03-28 07:35:18,zona_a
VN-0002458,CLI-00677,PRD-0075,tienda_norte,6,68.14,0,408.84,tarjeta,completada,2026-02-02 04:10:23,zona_d
VN-0002459,CLI-02255,PRD-0170,tienda_norte,3,106.17,5,318.51,tarjeta,completada,2026-02-26 17:41:01,zona_a
VN-0002460,CLI-02487,PRD-0058,tienda_norte,5,166.75,5,833.75,yape,completada,2026-02-20 11:09:15,zona_d
VN-0002461,CLI-01209,PRD-0194,tienda_norte,4,175.92,0,703.68,tarjeta,completada,2026-01-31 09:50:29,zona_b
VN-0002462,CLI-00346,PRD-0052,tienda_norte,1,371.76,5,371.76,transferencia,completada,2026-03-17 05:04:07,zona_d
VN-0002463,CLI-02149,PRD-0059,tienda_norte,7,145.94,0,1021.58,tarjeta,completada,2026-02-20 13:30:47,zona_c
VN-0002464,CLI-02550,PRD-0022,tienda_norte,2,58.01,10,116.02,tarjeta,completada,2026-01-03 23:36:01,zona_c
VN-0002465,CLI-02884,PRD-0142,tienda_norte,6,97.02,20,582.12,yape,completada,2026-02-05 22:51:32,zona_d
VN-0002466,CLI-01245,PRD-0026,tienda_norte,6,1165.21,0,6991.26,tarjeta,completada,2026-02-28 14:54:09,zona_a
VN-0002467,CLI-01795,PRD-0194,tienda_norte,6,158.33,10,949.98,yape,devuelta,2026-03-12 15:37:48,zona_d
VN-0002468,CLI-02555,PRD-0039,tienda_norte,4,54.97,10,219.88,efectivo,completada,2026-02-25 22:10:59,zona_b
VN-0002469,CLI-02785,PRD-0072,tienda_norte,7,32.66,0,228.62,tarjeta,completada,2026-02-26 21:23:57,zona_d
VN-0002470,CLI-02861,PRD-0064,tienda_norte,8,48.0,15,384.0,yape,completada,2026-03-05 16:41:22,zona_c
VN-0002471,CLI-00960,PRD-0130,tienda_norte,4,296.26,25,1185.04,yape,completada,2026-01-02 10:37:10,zona_a
VN-0002472,CLI-01917,PRD-0100,tienda_norte,7,308.32,15,2158.24,yape,completada,2026-02-15 14:44:40,zona_a
VN-0002473,CLI-00025,PRD-0070,tienda_norte,1,508.33,0,508.33,transferencia,completada,2026-03-26 00:55:22,zona_d
VN-0002474,CLI-02767,PRD-0010,tienda_norte,5,147.48,0,737.4,tarjeta,completada,2026-01-14 23:35:55,zona_b
VN-0002475,CLI-01085,PRD-0107,tienda_norte,8,52.86,0,422.88,transferencia,completada,2026-03-06 08:29:35,zona_c
VN-0002476,CLI-00064,PRD-0023,tienda_norte,5,64.79,0,323.95,transferencia,devuelta,2026-03-15 22:22:07,zona_a
VN-0002477,CLI-00335,PRD-0077,tienda_norte,8,59.81,0,478.48,tarjeta,completada,2026-02-03 16:58:35,zona_b
VN-0002478,CLI-01244,PRD-0193,tienda_norte,5,44.27,5,221.35,transferencia,completada,2026-02-15 06:38:18,zona_b
VN-0002479,CLI-00340,PRD-0168,tienda_norte,7,302.83,0,2119.81,efectivo,completada,2026-03-21 06:46:26,zona_a
VN-0002480,CLI-00373,PRD-0174,tienda_norte,5,316.77,0,1583.85,tarjeta,devuelta,2026-03-29 06:48:00,zona_b
VN-0002481,CLI-00254,PRD-0126,tienda_norte,4,1043.23,0,4172.92,yape,devuelta,2026-01-07 19:03:48,zona_b
VN-0002482,CLI-02872,PRD-0124,tienda_norte,4,146.22,15,584.88,transferencia,completada,2026-01-24 03:43:06,zona_a
VN-0002483,CLI-02691,PRD-0086,tienda_norte,7,16.72,5,117.04,yape,completada,2026-02-08 20:30:33,zona_d
VN-0002484,CLI-00755,PRD-0097,tienda_norte,8,168.78,0,1350.24,tarjeta,pendiente,2026-03-30 11:39:36,zona_b
VN-0002485,CLI-00114,PRD-0021,tienda_norte,7,18.21,0,127.47,tarjeta,completada,2026-03-07 00:28:19,zona_d
VN-0002486,CLI-00033,PRD-0115,tienda_norte,4,915.33,20,3661.32,yape,completada,2026-01-23 06:59:34,zona_b
VN-0002487,CLI-02524,PRD-0196,tienda_norte,8,41.23,0,329.84,tarjeta,devuelta,2026-02-26 12:33:51,zona_c
VN-0002488,CLI-02131,PRD-0199,tienda_norte,5,318.83,15,1594.15,efectivo,completada,2026-02-21 09:42:44,zona_b
VN-0002489,CLI-00535,PRD-0191,tienda_norte,2,173.53,0,347.06,yape,devuelta,2026-03-29 16:04:51,zona_d
VN-0002490,CLI-01487,PRD-0164,tienda_norte,7,254.69,25,1782.83,yape,completada,2026-01-04 17:41:58,zona_c
VN-0002491,CLI-00928,PRD-0118,tienda_norte,4,53.23,0,212.92,tarjeta,completada,2026-01-10 15:19:21,zona_b
VN-0002492,CLI-00702,PRD-0177,tienda_norte,7,1066.18,0,7463.26,yape,completada,2026-01-13 03:37:38,zona_a
VN-0002493,CLI-00387,PRD-0055,tienda_norte,6,15.22,25,91.32,transferencia,completada,2026-01-14 10:38:54,zona_d
VN-0002494,CLI-00947,PRD-0078,tienda_norte,8,49.45,10,395.6,yape,completada,2026-03-22 16:05:25,zona_c
VN-0002495,CLI-01537,PRD-0156,tienda_norte,1,71.04,25,71.04,efectivo,completada,2026-03-14 16:43:08,zona_c
VN-0002496,CLI-02699,PRD-0079,tienda_norte,3,247.61,15,742.83,tarjeta,completada,2026-03-31 02:28:44,zona_a
VN-0002497,CLI-01303,PRD-0067,tienda_norte,7,101.45,0,710.15,yape,completada,2026-01-05 04:23:28,zona_b
VN-0002498,CLI-01777,PRD-0033,tienda_norte,1,557.04,20,557.04,yape,completada,2026-03-31 14:44:55,zona_b
VN-0002499,CLI-00927,PRD-0082,tienda_norte,8,257.63,15,2061.04,yape,completada,2026-02-23 03:56:52,zona_d
VN-0002500,CLI-00279,PRD-0082,tienda_norte,7,303.1,0,2121.7,tarjeta,pendiente,2026-03-28 23:03:49,zona_a
VN-0002501,CLI-02243,PRD-0179,tienda_norte,3,389.09,0,1167.27,yape,devuelta,2026-01-01 02:15:50,zona_c
VN-0002502,CLI-01621,PRD-0175,tienda_norte,2,74.48,0,148.96,tarjeta,completada,2026-03-17 12:48:14,zona_a
VN-0002503,CLI-00946,PRD-0176,tienda_norte,7,71.08,0,497.56,tarjeta,completada,2026-03-26 20:51:18,zona_a
VN-0002504,CLI-02507,PRD-0095,tienda_norte,7,40.04,20,280.28,efectivo,completada,2026-01-29 16:45:19,zona_d
VN-0002505,CLI-01833,PRD-0173,tienda_norte,3,176.53,0,529.59,tarjeta,completada,2026-01-22 13:34:33,zona_b
VN-0002506,CLI-01662,PRD-0024,tienda_norte,1,135.72,0,135.72,tarjeta,completada,2026-01-04 12:43:38,zona_a
VN-0002507,CLI-00864,PRD-0121,tienda_norte,3,881.74,0,2645.22,efectivo,completada,2026-01-10 12:40:22,zona_d
VN-0002508,CLI-00154,PRD-0163,tienda_norte,4,74.12,20,296.48,yape,completada,2026-03-12 16:42:26,zona_d
VN-0002509,CLI-02987,PRD-0060,tienda_norte,7,139.14,0,973.98,yape,completada,2026-02-10 22:26:04,zona_b
VN-0002510,CLI-01506,PRD-0194,tienda_norte,1,140.74,20,140.74,efectivo,completada,2026-02-18 22:34:11,zona_d
VN-0002511,CLI-01932,PRD-0130,tienda_norte,8,395.01,0,3160.08,tarjeta,completada,2026-01-11 06:56:35,zona_d
VN-0002512,CLI-01450,PRD-0103,tienda_norte,3,375.62,0,1126.86,tarjeta,completada,2026-02-09 02:59:57,zona_c
VN-0002513,CLI-00397,PRD-0105,tienda_norte,3,70.71,10,212.13,tarjeta,completada,2026-02-15 16:25:08,zona_b
VN-0002514,CLI-01322,PRD-0100,tienda_norte,1,362.73,0,362.73,efectivo,completada,2026-03-27 20:17:05,zona_c
VN-0002515,CLI-02433,PRD-0139,tienda_norte,7,18.66,0,130.62,tarjeta,completada,2026-02-15 18:31:56,zona_b
VN-0002516,CLI-00606,PRD-0159,tienda_norte,7,1128.82,0,7901.74,tarjeta,completada,2026-03-18 07:56:37,zona_a
VN-0002517,CLI-02404,PRD-0114,tienda_norte,7,203.38,20,1423.66,tarjeta,completada,2026-01-04 22:35:08,zona_c
VN-0002518,CLI-02881,PRD-0092,tienda_norte,1,1162.25,0,1162.25,yape,completada,2026-01-18 21:50:58,zona_d
VN-0002519,CLI-00910,PRD-0181,tienda_norte,5,106.33,0,531.65,tarjeta,completada,2026-03-04 23:24:25,zona_d
VN-0002520,CLI-02705,PRD-0131,tienda_norte,1,311.16,10,311.16,tarjeta,completada,2026-01-19 17:21:30,zona_d
VN-0002521,CLI-01196,PRD-0038,tienda_norte,5,41.76,0,208.8,tarjeta,completada,2026-02-19 09:57:25,zona_d
VN-0002522,CLI-01530,PRD-0115,tienda_norte,4,1086.95,5,4347.8,tarjeta,completada,2026-02-01 13:25:37,zona_d
VN-0002523,CLI-02282,PRD-0154,tienda_norte,5,35.87,25,179.35,efectivo,devuelta,2026-03-25 16:25:48,zona_d
VN-0002524,CLI-01591,PRD-0030,tienda_norte,1,234.5,5,234.5,tarjeta,devuelta,2026-01-13 19:15:09,zona_b
VN-0002525,CLI-02576,PRD-0072,tienda_norte,2,27.76,15,55.52,tarjeta,completada,2026-03-30 11:55:13,zona_c
VN-0002526,CLI-00664,PRD-0111,tienda_norte,8,55.4,25,443.2,tarjeta,completada,2026-02-25 05:03:58,zona_b
VN-0002527,CLI-01451,PRD-0124,tienda_norte,1,137.62,20,137.62,transferencia,completada,2026-03-08 04:24:36,zona_d
VN-0002528,CLI-01944,PRD-0025,tienda_norte,7,377.84,5,2644.88,efectivo,devuelta,2026-02-26 10:33:40,zona_b
VN-0002529,CLI-01563,PRD-0012,tienda_norte,6,131.0,15,786.0,tarjeta,completada,2026-02-27 00:58:15,zona_a
VN-0002530,CLI-02588,PRD-0099,tienda_norte,6,306.53,15,1839.18,efectivo,completada,2026-02-16 23:33:00,zona_a
VN-0002531,CLI-02776,PRD-0140,tienda_norte,7,117.83,0,824.81,tarjeta,completada,2026-02-08 13:29:02,zona_a
VN-0002532,CLI-00843,PRD-0097,tienda_norte,7,160.34,5,1122.38,yape,completada,2026-02-16 18:27:17,zona_a
VN-0002533,CLI-00508,PRD-0157,tienda_norte,5,269.24,0,1346.2,tarjeta,completada,2026-03-27 16:38:06,zona_d
VN-0002534,CLI-01588,PRD-0059,tienda_norte,7,145.94,0,1021.58,transferencia,completada,2026-01-02 22:40:39,zona_d
VN-0002535,CLI-02321,PRD-0038,tienda_norte,6,41.76,0,250.56,tarjeta,completada,2026-02-21 17:54:51,zona_c
VN-0002536,CLI-01694,PRD-0144,tienda_norte,4,66.37,15,265.48,yape,completada,2026-01-22 06:42:32,zona_b
VN-0002537,CLI-02496,PRD-0048,tienda_norte,4,230.41,25,921.64,efectivo,completada,2026-03-19 14:47:35,zona_c
VN-0002538,CLI-00012,PRD-0154,tienda_norte,5,45.43,5,227.15,tarjeta,completada,2026-01-09 08:29:41,zona_a
VN-0002539,CLI-01298,PRD-0139,tienda_norte,7,16.79,10,117.53,tarjeta,completada,2026-03-21 16:33:03,zona_a
VN-0002540,CLI-01340,PRD-0175,tienda_norte,7,63.31,15,443.17,yape,completada,2026-01-08 11:51:20,zona_a
VN-0002541,CLI-02103,PRD-0128,tienda_norte,8,50.61,0,404.88,transferencia,completada,2026-01-22 01:39:50,zona_b
VN-0002542,CLI-02655,PRD-0156,tienda_norte,5,94.72,0,473.6,efectivo,devuelta,2026-02-27 15:30:05,zona_a
VN-0002543,CLI-01014,PRD-0155,tienda_norte,6,117.38,15,704.28,transferencia,completada,2026-03-09 05:44:35,zona_a
VN-0002544,CLI-01612,PRD-0063,tienda_norte,4,172.75,20,691.0,yape,completada,2026-02-25 17:45:57,zona_d
VN-0002545,CLI-02558,PRD-0124,tienda_norte,8,137.62,20,1100.96,tarjeta,completada,2026-03-18 16:21:38,zona_a
VN-0002546,CLI-01894,PRD-0070,tienda_norte,3,508.33,0,1524.99,transferencia,completada,2026-03-07 09:33:02,zona_d
VN-0002547,CLI-00117,PRD-0030,tienda_norte,4,197.47,20,789.88,efectivo,devuelta,2026-02-22 07:02:33,zona_d
VN-0002548,CLI-01684,PRD-0086,tienda_norte,8,16.72,5,133.76,tarjeta,completada,2026-01-02 09:40:05,zona_a
VN-0002549,CLI-00532,PRD-0122,tienda_norte,4,249.51,0,998.04,yape,completada,2026-01-13 15:46:17,zona_c
VN-0002550,CLI-02603,PRD-0011,tienda_norte,5,75.37,0,376.85,efectivo,completada,2026-02-06 04:35:19,zona_b
VN-0002551,CLI-01199,PRD-0008,tienda_norte,1,996.57,10,996.57,tarjeta,completada,2026-01-09 04:17:16,zona_a
VN-0002552,CLI-01525,PRD-0124,tienda_norte,1,146.22,15,146.22,transferencia,completada,2026-01-11 08:15:34,zona_d
VN-0002553,CLI-02018,PRD-0096,tienda_norte,8,74.19,5,593.52,tarjeta,completada,2026-02-14 07:53:39,zona_c
VN-0002554,CLI-02129,PRD-0059,tienda_norte,4,138.64,5,554.56,yape,completada,2026-02-04 19:20:21,zona_c
VN-0002555,CLI-02507,PRD-0187,tienda_norte,7,26.08,0,182.56,tarjeta,completada,2026-02-24 20:45:45,zona_c
VN-0002556,CLI-01802,PRD-0034,tienda_norte,7,93.65,10,655.55,tarjeta,completada,2026-01-26 20:19:21,zona_d
VN-0002557,CLI-00431,PRD-0026,tienda_norte,8,1048.69,10,8389.52,tarjeta,pendiente,2026-02-06 00:21:24,zona_a
VN-0002558,CLI-02485,PRD-0148,tienda_norte,7,138.64,10,970.48,tarjeta,completada,2026-02-21 06:33:13,zona_c
VN-0002559,CLI-00527,PRD-0040,tienda_norte,5,171.54,0,857.7,tarjeta,completada,2026-01-11 08:45:08,zona_b
VN-0002560,CLI-02561,PRD-0053,tienda_norte,1,4.14,20,4.14,tarjeta,completada,2026-03-25 22:48:50,zona_d
VN-0002561,CLI-01629,PRD-0061,tienda_norte,8,857.31,0,6858.48,transferencia,completada,2026-01-19 20:28:09,zona_a
VN-0002562,CLI-00659,PRD-0137,tienda_norte,8,105.27,20,842.16,tarjeta,completada,2026-01-23 00:25:13,zona_b
VN-0002563,CLI-01814,PRD-0126,tienda_norte,2,886.75,15,1773.5,yape,completada,2026-01-02 14:11:11,zona_c
VN-0002564,CLI-02602,PRD-0127,tienda_norte,2,36.94,10,73.88,tarjeta,completada,2026-02-23 20:23:12,zona_b
VN-0002565,CLI-02109,PRD-0100,tienda_norte,5,362.73,0,1813.65,efectivo,completada,2026-02-06 22:36:14,zona_c
VN-0002566,CLI-01136,PRD-0071,tienda_norte,2,67.52,5,135.04,transferencia,completada,2026-01-01 03:44:59,zona_a
VN-0002567,CLI-00750,PRD-0063,tienda_norte,8,215.94,0,1727.52,transferencia,completada,2026-01-02 17:02:23,zona_a
VN-0002568,CLI-00601,PRD-0056,tienda_norte,3,225.0,5,675.0,transferencia,pendiente,2026-01-31 11:30:05,zona_a
VN-0002569,CLI-02528,PRD-0083,tienda_norte,3,78.81,15,236.43,efectivo,devuelta,2026-01-11 22:41:29,zona_d
VN-0002570,CLI-01773,PRD-0022,tienda_norte,7,64.46,0,451.22,efectivo,completada,2026-03-17 03:03:40,zona_a
VN-0002571,CLI-02989,PRD-0145,tienda_norte,7,340.64,0,2384.48,tarjeta,completada,2026-03-16 14:51:21,zona_a
VN-0002572,CLI-01093,PRD-0035,tienda_norte,4,103.23,5,412.92,yape,devuelta,2026-02-09 19:57:58,zona_a
VN-0002573,CLI-00842,PRD-0177,tienda_norte,8,1066.18,0,8529.44,yape,devuelta,2026-03-11 02:53:08,zona_b
VN-0002574,CLI-00288,PRD-0152,tienda_norte,1,94.91,5,94.91,yape,pendiente,2026-01-16 14:00:23,zona_b
VN-0002575,CLI-02522,PRD-0028,tienda_norte,4,8.52,0,34.08,transferencia,pendiente,2026-02-21 03:00:09,zona_c
VN-0002576,CLI-01648,PRD-0124,tienda_norte,6,172.02,0,1032.12,yape,completada,2026-02-13 02:15:44,zona_b
VN-0002577,CLI-00685,PRD-0091,tienda_norte,1,49.81,0,49.81,efectivo,completada,2026-03-02 20:04:13,zona_b
VN-0002578,CLI-00948,PRD-0165,tienda_norte,6,730.54,20,4383.24,tarjeta,completada,2026-03-02 15:54:26,zona_a
VN-0002579,CLI-02672,PRD-0079,tienda_norte,3,218.48,25,655.44,tarjeta,completada,2026-01-04 20:27:09,zona_c
VN-0002580,CLI-01865,PRD-0196,tienda_norte,3,37.11,10,111.33,yape,completada,2026-01-09 22:28:02,zona_b
VN-0002581,CLI-02445,PRD-0164,tienda_norte,1,305.63,10,305.63,tarjeta,completada,2026-02-09 21:21:49,zona_b
VN-0002582,CLI-01420,PRD-0092,tienda_norte,1,1104.14,5,1104.14,yape,completada,2026-03-20 11:35:51,zona_b
VN-0002583,CLI-00424,PRD-0165,tienda_norte,5,913.18,0,4565.9,tarjeta,completada,2026-02-25 06:20:20,zona_d
VN-0002584,CLI-02797,PRD-0174,tienda_norte,1,237.58,25,237.58,tarjeta,completada,2026-01-12 10:56:07,zona_a
VN-0002585,CLI-01732,PRD-0050,tienda_norte,2,8.5,25,17.0,yape,completada,2026-02-02 03:58:15,zona_b
VN-0002586,CLI-02250,PRD-0140,tienda_norte,4,100.16,15,400.64,tarjeta,completada,2026-01-08 13:38:09,zona_c
VN-0002587,CLI-00149,PRD-0049,tienda_norte,4,1047.28,0,4189.12,tarjeta,completada,2026-01-31 19:12:06,zona_a
VN-0002588,CLI-01479,PRD-0113,tienda_norte,1,163.22,0,163.22,tarjeta,completada,2026-03-04 18:24:24,zona_c
VN-0002589,CLI-01195,PRD-0109,tienda_norte,3,114.69,10,344.07,tarjeta,completada,2026-01-05 12:02:01,zona_d
VN-0002590,CLI-02888,PRD-0055,tienda_norte,7,20.29,0,142.03,tarjeta,completada,2026-03-28 11:22:50,zona_d
VN-0002591,CLI-01959,PRD-0184,tienda_norte,6,149.4,0,896.4,efectivo,completada,2026-03-27 12:28:55,zona_b
VN-0002592,CLI-01877,PRD-0191,tienda_norte,7,173.53,0,1214.71,efectivo,completada,2026-01-03 03:23:52,zona_b
VN-0002593,CLI-02467,PRD-0187,tienda_norte,8,26.08,0,208.64,efectivo,completada,2026-01-09 01:15:48,zona_c
VN-0002594,CLI-01154,PRD-0037,tienda_norte,7,64.02,15,448.14,tarjeta,completada,2026-01-17 03:20:15,zona_d
VN-0002595,CLI-01039,PRD-0011,tienda_norte,2,60.3,20,120.6,yape,completada,2026-02-23 11:10:17,zona_d
VN-0002596,CLI-02831,PRD-0187,tienda_norte,7,24.78,5,173.46,tarjeta,completada,2026-01-31 05:05:43,zona_d
VN-0002597,CLI-01391,PRD-0015,tienda_norte,3,57.34,0,172.02,tarjeta,devuelta,2026-01-15 00:30:57,zona_c
VN-0002598,CLI-01171,PRD-0065,tienda_norte,7,179.58,10,1257.06,yape,completada,2026-01-22 01:13:04,zona_c
VN-0002599,CLI-01434,PRD-0144,tienda_norte,3,74.18,5,222.54,tarjeta,completada,2026-01-26 23:02:06,zona_a
VN-0002600,CLI-02282,PRD-0192,tienda_norte,5,93.06,0,465.3,yape,completada,2026-02-12 07:43:01,zona_a
VN-0002601,CLI-00281,PRD-0077,tienda_norte,4,59.81,0,239.24,tarjeta,completada,2026-01-27 19:31:36,zona_a
VN-0002602,CLI-00353,PRD-0195,tienda_norte,5,164.61,5,823.05,yape,completada,2026-01-02 18:47:19,zona_b
VN-0002603,CLI-02537,PRD-0125,tienda_norte,1,313.28,0,313.28,tarjeta,completada,2026-03-16 06:00:08,zona_d
VN-0002604,CLI-02197,PRD-0086,tienda_norte,5,17.6,0,88.0,tarjeta,completada,2026-01-18 00:34:07,zona_c
VN-0002605,CLI-01487,PRD-0033,tienda_norte,7,661.48,5,4630.36,yape,completada,2026-01-16 12:30:47,zona_d
VN-0002606,CLI-00816,PRD-0037,tienda_norte,5,64.02,15,320.1,efectivo,completada,2026-01-23 18:34:28,zona_c
VN-0002607,CLI-02550,PRD-0072,tienda_norte,4,32.66,0,130.64,yape,devuelta,2026-03-19 01:52:02,zona_b
VN-0002608,CLI-00022,PRD-0155,tienda_norte,5,124.29,10,621.45,efectivo,completada,2026-03-31 03:07:40,zona_a
VN-0002609,CLI-01411,PRD-0114,tienda_norte,5,254.22,0,1271.1,transferencia,completada,2026-02-10 07:57:51,zona_c
VN-0002610,CLI-00693,PRD-0055,tienda_norte,1,18.26,10,18.26,tarjeta,completada,2026-02-19 03:12:37,zona_d
VN-0002611,CLI-00201,PRD-0025,tienda_norte,7,397.73,0,2784.11,yape,completada,2026-03-11 02:32:02,zona_a
VN-0002612,CLI-02185,PRD-0018,tienda_norte,8,143.21,0,1145.68,tarjeta,completada,2026-02-22 05:13:24,zona_b
VN-0002613,CLI-00964,PRD-0190,tienda_norte,8,236.97,0,1895.76,yape,completada,2026-01-16 00:03:31,zona_a
VN-0002614,CLI-01214,PRD-0004,tienda_norte,3,45.81,15,137.43,yape,completada,2026-03-19 06:21:21,zona_d
VN-0002615,CLI-02877,PRD-0147,tienda_norte,6,47.46,5,284.76,tarjeta,completada,2026-01-11 15:36:01,zona_a
VN-0002616,CLI-00780,PRD-0106,tienda_norte,8,233.66,0,1869.28,transferencia,completada,2026-03-19 16:22:47,zona_b
VN-0002617,CLI-02064,PRD-0049,tienda_norte,8,1047.28,0,8378.24,transferencia,completada,2026-02-08 23:41:46,zona_b
VN-0002618,CLI-01184,PRD-0054,tienda_norte,6,93.72,5,562.32,yape,completada,2026-02-18 14:27:27,zona_d
VN-0002619,CLI-01669,PRD-0120,tienda_norte,7,290.54,0,2033.78,tarjeta,devuelta,2026-03-30 12:05:17,zona_c
VN-0002620,CLI-01369,PRD-0095,tienda_norte,7,45.05,10,315.35,yape,devuelta,2026-02-05 02:55:36,zona_b
VN-0002621,CLI-00189,PRD-0190,tienda_norte,3,236.97,0,710.91,efectivo,completada,2026-01-22 04:47:24,zona_c
VN-0002622,CLI-00961,PRD-0074,tienda_norte,4,85.2,15,340.8,tarjeta,completada,2026-02-06 20:08:43,zona_a
VN-0002623,CLI-02617,PRD-0195,tienda_norte,3,173.27,0,519.81,tarjeta,completada,2026-03-22 07:53:21,zona_d
VN-0002624,CLI-01383,PRD-0045,tienda_norte,6,33.44,10,200.64,efectivo,completada,2026-01-17 11:42:08,zona_c
VN-0002625,CLI-02184,PRD-0090,tienda_norte,4,12.01,0,48.04,transferencia,completada,2026-03-23 23:07:03,zona_b
VN-0002626,CLI-02608,PRD-0082,tienda_norte,7,257.63,15,1803.41,transferencia,completada,2026-01-15 11:22:14,zona_a
VN-0002627,CLI-02137,PRD-0145,tienda_norte,7,323.61,5,2265.27,yape,completada,2026-01-12 11:20:52,zona_b
VN-0002628,CLI-01461,PRD-0141,tienda_norte,5,142.42,0,712.1,efectivo,completada,2026-03-14 09:15:44,zona_d
VN-0002629,CLI-02742,PRD-0094,tienda_norte,6,34.89,10,209.34,transferencia,completada,2026-01-28 03:55:56,zona_a
VN-0002630,CLI-02289,PRD-0025,tienda_norte,2,397.73,0,795.46,tarjeta,devuelta,2026-01-01 22:23:57,zona_a
VN-0002631,CLI-00329,PRD-0119,tienda_norte,7,153.16,10,1072.12,yape,completada,2026-02-25 03:27:08,zona_a
VN-0002632,CLI-02899,PRD-0123,tienda_norte,5,40.34,0,201.7,tarjeta,completada,2026-01-06 10:37:53,zona_b
VN-0002633,CLI-01687,PRD-0066,tienda_norte,4,696.23,15,2784.92,efectivo,completada,2026-02-16 16:00:19,zona_a
VN-0002634,CLI-02127,PRD-0034,tienda_norte,4,93.65,10,374.6,yape,completada,2026-01-13 09:24:07,zona_d
VN-0002635,CLI-00859,PRD-0140,tienda_norte,8,106.05,10,848.4,efectivo,completada,2026-03-17 23:46:24,zona_d
VN-0002636,CLI-02121,PRD-0146,tienda_norte,6,68.66,20,411.96,yape,completada,2026-03-13 15:20:37,zona_b
VN-0002637,CLI-01521,PRD-0030,tienda_norte,5,246.84,0,1234.2,yape,devuelta,2026-01-21 06:18:04,zona_c
VN-0002638,CLI-01103,PRD-0178,tienda_norte,2,74.46,15,148.92,efectivo,completada,2026-02-12 00:03:07,zona_d
VN-0002639,CLI-01139,PRD-0178,tienda_norte,4,87.6,0,350.4,tarjeta,completada,2026-01-26 22:54:16,zona_b
VN-0002640,CLI-01501,PRD-0061,tienda_norte,4,857.31,0,3429.24,tarjeta,completada,2026-03-24 23:30:51,zona_d
VN-0002641,CLI-00756,PRD-0018,tienda_norte,4,121.73,15,486.92,tarjeta,completada,2026-03-12 07:43:52,zona_b
VN-0002642,CLI-00851,PRD-0058,tienda_norte,3,157.98,10,473.94,tarjeta,completada,2026-02-01 17:18:20,zona_a
VN-0002643,CLI-01141,PRD-0085,tienda_norte,4,105.44,10,421.76,efectivo,completada,2026-02-05 10:06:33,zona_b
VN-0002644,CLI-01925,PRD-0109,tienda_norte,1,127.43,0,127.43,yape,completada,2026-03-09 08:15:48,zona_a
VN-0002645,CLI-01650,PRD-0080,tienda_norte,7,128.44,10,899.08,tarjeta,completada,2026-02-03 01:36:39,zona_a
VN-0002646,CLI-01340,PRD-0136,tienda_norte,6,93.42,10,560.52,tarjeta,completada,2026-01-10 18:39:49,zona_c
VN-0002647,CLI-00773,PRD-0113,tienda_norte,6,163.22,0,979.32,yape,completada,2026-03-18 12:02:04,zona_a
VN-0002648,CLI-02661,PRD-0083,tienda_norte,7,92.72,0,649.04,efectivo,completada,2026-02-26 06:35:56,zona_c
VN-0002649,CLI-02145,PRD-0029,tienda_norte,5,100.57,0,502.85,transferencia,completada,2026-03-10 08:10:37,zona_d
VN-0002650,CLI-02667,PRD-0002,tienda_norte,3,35.98,0,107.94,tarjeta,completada,2026-01-06 09:51:23,zona_b
VN-0002651,CLI-02403,PRD-0051,tienda_norte,7,328.46,0,2299.22,yape,devuelta,2026-01-24 22:16:06,zona_c
VN-0002652,CLI-01260,PRD-0116,tienda_norte,6,7.37,20,44.22,efectivo,completada,2026-03-22 04:17:56,zona_a
VN-0002653,CLI-01142,PRD-0193,tienda_norte,1,41.94,10,41.94,tarjeta,completada,2026-03-17 16:14:14,zona_b
VN-0002654,CLI-02203,PRD-0125,tienda_norte,8,250.62,20,2004.96,transferencia,completada,2026-03-10 10:59:10,zona_c
VN-0002655,CLI-01172,PRD-0055,tienda_norte,6,19.28,5,115.68,efectivo,completada,2026-01-23 22:30:16,zona_a
VN-0002656,CLI-02236,PRD-0075,tienda_norte,2,68.14,0,136.28,yape,completada,2026-02-13 04:56:53,zona_d
VN-0002657,CLI-02636,PRD-0179,tienda_norte,5,330.73,15,1653.65,tarjeta,completada,2026-03-30 02:36:37,zona_c
VN-0002658,CLI-02615,PRD-0167,tienda_norte,1,143.12,10,143.12,yape,completada,2026-03-16 12:34:52,zona_c
VN-0002659,CLI-02195,PRD-0123,tienda_norte,5,32.27,20,161.35,tarjeta,completada,2026-02-11 03:16:23,zona_a
VN-0002660,CLI-02658,PRD-0145,tienda_norte,8,306.58,10,2452.64,efectivo,completada,2026-01-11 16:28:50,zona_c
VN-0002661,CLI-01036,PRD-0149,tienda_norte,1,273.72,0,273.72,yape,completada,2026-01-10 20:40:44,zona_c
VN-0002662,CLI-02087,PRD-0102,tienda_norte,7,74.67,0,522.69,yape,completada,2026-03-02 08:23:09,zona_b
VN-0002663,CLI-02629,PRD-0152,tienda_norte,6,79.93,20,479.58,efectivo,completada,2026-02-27 13:30:37,zona_c
VN-0002664,CLI-02149,PRD-0010,tienda_norte,6,140.11,5,840.66,tarjeta,completada,2026-01-30 15:28:42,zona_c
VN-0002665,CLI-00196,PRD-0145,tienda_norte,4,340.64,0,1362.56,tarjeta,completada,2026-02-24 08:02:26,zona_c
VN-0002666,CLI-01399,PRD-0097,tienda_norte,5,160.34,5,801.7,yape,completada,2026-02-22 15:16:09,zona_a
VN-0002667,CLI-02141,PRD-0100,tienda_norte,5,362.73,0,1813.65,efectivo,completada,2026-01-11 14:52:43,zona_d
VN-0002668,CLI-02886,PRD-0071,tienda_norte,6,67.52,5,405.12,transferencia,completada,2026-03-19 14:00:49,zona_a
VN-0002669,CLI-00457,PRD-0101,tienda_norte,8,1072.29,5,8578.32,tarjeta,completada,2026-03-28 16:49:40,zona_a
VN-0002670,CLI-01979,PRD-0050,tienda_norte,8,9.63,15,77.04,tarjeta,completada,2026-03-04 21:13:44,zona_c
VN-0002671,CLI-01105,PRD-0197,tienda_norte,7,46.5,0,325.5,tarjeta,completada,2026-02-20 17:28:02,zona_a
VN-0002672,CLI-02645,PRD-0087,tienda_norte,6,39.41,0,236.46,tarjeta,completada,2026-02-23 07:27:29,zona_a
VN-0002673,CLI-01454,PRD-0134,tienda_norte,6,92.74,5,556.44,tarjeta,completada,2026-03-29 01:22:37,zona_b
VN-0002674,CLI-01154,PRD-0200,tienda_norte,3,33.95,0,101.85,tarjeta,completada,2026-01-07 13:45:00,zona_a
VN-0002675,CLI-01409,PRD-0012,tienda_norte,6,123.3,20,739.8,transferencia,completada,2026-03-12 19:08:43,zona_b
VN-0002676,CLI-00486,PRD-0187,tienda_norte,3,23.47,10,70.41,transferencia,completada,2026-01-26 01:37:52,zona_a
VN-0002677,CLI-00304,PRD-0023,tienda_norte,3,64.79,0,194.37,tarjeta,completada,2026-02-06 02:56:49,zona_b
VN-0002678,CLI-01760,PRD-0048,tienda_norte,4,307.21,0,1228.84,efectivo,completada,2026-02-02 05:00:38,zona_b
VN-0002679,CLI-02083,PRD-0011,tienda_norte,3,75.37,0,226.11,tarjeta,completada,2026-02-19 18:16:44,zona_c
VN-0002680,CLI-02927,PRD-0138,tienda_norte,4,131.58,10,526.32,yape,pendiente,2026-01-13 22:37:17,zona_d
VN-0002681,CLI-00527,PRD-0035,tienda_norte,8,92.36,15,738.88,efectivo,devuelta,2026-02-16 13:12:04,zona_d
VN-0002682,CLI-01339,PRD-0015,tienda_norte,3,48.74,15,146.22,efectivo,completada,2026-02-27 18:45:08,zona_a
VN-0002683,CLI-01755,PRD-0102,tienda_norte,5,70.94,5,354.7,tarjeta,completada,2026-03-13 06:20:11,zona_a
VN-0002684,CLI-02915,PRD-0167,tienda_norte,3,159.02,0,477.06,tarjeta,pendiente,2026-02-24 07:16:15,zona_d
VN-0002685,CLI-01017,PRD-0083,tienda_norte,2,92.72,0,185.44,tarjeta,completada,2026-01-04 00:07:33,zona_d
VN-0002686,CLI-00407,PRD-0010,tienda_norte,1,132.73,10,132.73,yape,pendiente,2026-01-17 06:50:52,zona_b
VN-0002687,CLI-02018,PRD-0028,tienda_norte,3,7.67,10,23.01,tarjeta,completada,2026-03-17 12:29:56,zona_d
VN-0002688,CLI-01606,PRD-0105,tienda_norte,1,78.57,0,78.57,tarjeta,completada,2026-03-08 04:38:52,zona_b
VN-0002689,CLI-02260,PRD-0036,tienda_norte,6,40.95,5,245.7,yape,completada,2026-02-12 07:59:19,zona_a
VN-0002690,CLI-02219,PRD-0039,tienda_norte,8,61.08,0,488.64,tarjeta,completada,2026-01-26 00:32:13,zona_b
VN-0002691,CLI-00426,PRD-0066,tienda_norte,6,696.23,15,4177.38,efectivo,completada,2026-02-08 20:24:56,zona_c
VN-0002692,CLI-01619,PRD-0096,tienda_norte,8,74.19,5,593.52,yape,pendiente,2026-01-27 15:11:58,zona_a
VN-0002693,CLI-01681,PRD-0113,tienda_norte,3,163.22,0,489.66,yape,completada,2026-01-22 05:13:09,zona_b
VN-0002694,CLI-02987,PRD-0193,tienda_norte,5,46.6,0,233.0,transferencia,completada,2026-01-25 07:51:04,zona_d
VN-0002695,CLI-01543,PRD-0127,tienda_norte,8,41.04,0,328.32,yape,completada,2026-03-16 09:59:36,zona_a
VN-0002696,CLI-00670,PRD-0051,tienda_norte,6,312.04,5,1872.24,tarjeta,completada,2026-03-15 07:56:56,zona_c
VN-0002697,CLI-01135,PRD-0018,tienda_norte,6,136.05,5,816.3,yape,completada,2026-03-03 16:51:27,zona_a
VN-0002698,CLI-00214,PRD-0058,tienda_norte,4,166.75,5,667.0,efectivo,completada,2026-03-17 10:23:47,zona_c
VN-0002699,CLI-01232,PRD-0154,tienda_norte,3,38.26,20,114.78,yape,completada,2026-01-27 06:52:48,zona_c
VN-0002700,CLI-01443,PRD-0126,tienda_norte,7,886.75,15,6207.25,efectivo,completada,2026-01-29 02:43:01,zona_b
VN-0002701,CLI-02728,PRD-0100,tienda_norte,8,344.59,5,2756.72,yape,completada,2026-02-07 05:37:43,zona_d
VN-0002702,CLI-00788,PRD-0059,tienda_norte,2,138.64,5,277.28,yape,completada,2026-03-02 12:44:06,zona_d
VN-0002703,CLI-02871,PRD-0064,tienda_norte,4,56.47,0,225.88,tarjeta,completada,2026-03-02 13:15:04,zona_a
VN-0002704,CLI-02535,PRD-0078,tienda_norte,8,43.95,20,351.6,efectivo,completada,2026-03-04 00:34:35,zona_b
VN-0002705,CLI-02721,PRD-0057,tienda_norte,8,378.74,5,3029.92,efectivo,completada,2026-02-07 05:51:39,zona_d
VN-0002706,CLI-01538,PRD-0196,tienda_norte,1,41.23,0,41.23,transferencia,completada,2026-01-24 23:15:06,zona_b
VN-0002707,CLI-00711,PRD-0184,tienda_norte,7,126.99,15,888.93,tarjeta,completada,2026-03-27 22:51:54,zona_b
VN-0002708,CLI-01716,PRD-0160,tienda_norte,6,37.55,20,225.3,transferencia,completada,2026-02-25 02:41:16,zona_c
VN-0002709,CLI-01709,PRD-0053,tienda_norte,8,4.92,5,39.36,yape,completada,2026-01-07 08:40:40,zona_a
VN-0002710,CLI-02759,PRD-0175,tienda_norte,1,70.76,5,70.76,tarjeta,pendiente,2026-03-14 01:13:02,zona_b
VN-0002711,CLI-02470,PRD-0153,tienda_norte,6,1063.07,10,6378.42,yape,pendiente,2026-01-11 18:29:27,zona_c
VN-0002712,CLI-01456,PRD-0016,tienda_norte,8,200.22,0,1601.76,tarjeta,completada,2026-01-23 19:29:17,zona_d
VN-0002713,CLI-00751,PRD-0142,tienda_norte,5,121.27,0,606.35,transferencia,completada,2026-02-05 20:47:44,zona_b
VN-0002714,CLI-00694,PRD-0182,tienda_norte,5,92.94,20,464.7,tarjeta,completada,2026-03-23 01:43:53,zona_d
VN-0002715,CLI-00021,PRD-0002,tienda_norte,6,35.98,0,215.88,tarjeta,completada,2026-03-08 21:56:13,zona_a
VN-0002716,CLI-01026,PRD-0171,tienda_norte,2,27.64,10,55.28,tarjeta,completada,2026-01-11 15:36:34,zona_a
VN-0002717,CLI-01007,PRD-0177,tienda_norte,2,1066.18,0,2132.36,tarjeta,completada,2026-03-09 11:17:44,zona_b
VN-0002718,CLI-01143,PRD-0043,tienda_norte,2,24.14,0,48.28,tarjeta,completada,2026-02-20 18:38:31,zona_a
VN-0002719,CLI-01592,PRD-0092,tienda_norte,7,1162.25,0,8135.75,tarjeta,completada,2026-02-14 06:49:59,zona_b
VN-0002720,CLI-01969,PRD-0157,tienda_norte,6,269.24,0,1615.44,efectivo,completada,2026-01-10 07:44:00,zona_a
VN-0002721,CLI-01721,PRD-0044,tienda_norte,1,84.77,20,84.77,yape,completada,2026-03-30 09:47:56,zona_a
VN-0002722,CLI-01592,PRD-0138,tienda_norte,5,146.2,0,731.0,yape,pendiente,2026-02-11 02:16:09,zona_c
VN-0002723,CLI-01949,PRD-0084,tienda_norte,7,88.9,20,622.3,tarjeta,completada,2026-01-02 18:01:53,zona_c
VN-0002724,CLI-02211,PRD-0022,tienda_norte,7,64.46,0,451.22,tarjeta,completada,2026-01-17 22:09:56,zona_b
VN-0002725,CLI-00705,PRD-0101,tienda_norte,4,959.42,15,3837.68,transferencia,completada,2026-03-09 15:54:55,zona_b
VN-0002726,CLI-00104,PRD-0128,tienda_norte,3,48.08,5,144.24,yape,completada,2026-02-07 18:13:11,zona_c
VN-0002727,CLI-00868,PRD-0037,tienda_norte,1,64.02,15,64.02,tarjeta,pendiente,2026-02-27 11:26:28,zona_b
VN-0002728,CLI-01530,PRD-0155,tienda_norte,4,124.29,10,497.16,yape,completada,2026-03-07 01:59:59,zona_d
VN-0002729,CLI-02391,PRD-0177,tienda_norte,2,1066.18,0,2132.36,transferencia,completada,2026-01-24 18:43:27,zona_c
VN-0002730,CLI-01685,PRD-0169,tienda_norte,3,957.74,10,2873.22,efectivo,completada,2026-02-12 04:36:03,zona_b
VN-0002731,CLI-02853,PRD-0038,tienda_norte,6,41.76,0,250.56,tarjeta,completada,2026-01-16 12:31:06,zona_c
VN-0002732,CLI-01445,PRD-0114,tienda_norte,2,228.8,10,457.6,yape,completada,2026-02-20 11:36:18,zona_b
VN-0002733,CLI-02707,PRD-0172,tienda_norte,4,143.3,0,573.2,transferencia,completada,2026-01-08 05:29:31,zona_a
VN-0002734,CLI-02718,PRD-0189,tienda_norte,7,160.88,10,1126.16,tarjeta,completada,2026-03-10 21:59:53,zona_a
VN-0002735,CLI-02424,PRD-0011,tienda_norte,7,60.3,20,422.1,tarjeta,pendiente,2026-02-16 17:44:25,zona_b
VN-0002736,CLI-02778,PRD-0164,tienda_norte,4,339.59,0,1358.36,transferencia,completada,2026-01-16 20:34:40,zona_a
VN-0002737,CLI-00481,PRD-0167,tienda_norte,7,159.02,0,1113.14,yape,completada,2026-02-13 00:36:02,zona_b
VN-0002738,CLI-00372,PRD-0045,tienda_norte,8,29.72,20,237.76,efectivo,completada,2026-01-02 09:43:24,zona_d
VN-0002739,CLI-02293,PRD-0095,tienda_norte,1,45.05,10,45.05,transferencia,completada,2026-01-08 03:54:42,zona_d
VN-0002740,CLI-01080,PRD-0124,tienda_norte,4,163.42,5,653.68,efectivo,completada,2026-02-14 05:20:59,zona_a
VN-0002741,CLI-01673,PRD-0049,tienda_norte,8,942.55,10,7540.4,efectivo,completada,2026-01-05 20:32:27,zona_d
VN-0002742,CLI-02680,PRD-0041,tienda_norte,2,162.44,5,324.88,efectivo,completada,2026-03-05 02:27:54,zona_a
VN-0002743,CLI-01381,PRD-0200,tienda_norte,8,30.56,10,244.48,tarjeta,completada,2026-03-13 09:24:26,zona_b
VN-0002744,CLI-00835,PRD-0046,tienda_norte,8,362.76,0,2902.08,yape,completada,2026-03-28 13:58:57,zona_c
VN-0002745,CLI-01788,PRD-0171,tienda_norte,8,24.57,20,196.56,yape,completada,2026-03-13 18:31:20,zona_b
VN-0002746,CLI-00402,PRD-0192,tienda_norte,4,93.06,0,372.24,tarjeta,devuelta,2026-02-12 09:42:05,zona_a
VN-0002747,CLI-02992,PRD-0013,tienda_norte,6,414.69,10,2488.14,yape,completada,2026-01-17 12:19:46,zona_b
VN-0002748,CLI-02215,PRD-0187,tienda_norte,2,23.47,10,46.94,efectivo,completada,2026-03-25 20:30:20,zona_c
VN-0002749,CLI-01437,PRD-0161,tienda_norte,2,33.75,0,67.5,transferencia,completada,2026-03-05 12:02:42,zona_b
VN-0002750,CLI-00546,PRD-0135,tienda_norte,5,123.81,0,619.05,tarjeta,completada,2026-03-29 22:11:19,zona_c
VN-0002751,CLI-00106,PRD-0059,tienda_norte,5,145.94,0,729.7,yape,completada,2026-02-17 16:48:10,zona_a
VN-0002752,CLI-02148,PRD-0076,tienda_norte,6,115.51,15,693.06,tarjeta,completada,2026-03-05 03:48:32,zona_c
VN-0002753,CLI-00925,PRD-0167,tienda_norte,2,159.02,0,318.04,efectivo,completada,2026-01-06 17:41:37,zona_c
VN-0002754,CLI-00828,PRD-0144,tienda_norte,1,66.37,15,66.37,yape,completada,2026-02-24 04:19:05,zona_d
VN-0002755,CLI-00439,PRD-0085,tienda_norte,2,117.15,0,234.3,tarjeta,completada,2026-03-12 08:44:26,zona_d
VN-0002756,CLI-01416,PRD-0109,tienda_norte,6,127.43,0,764.58,efectivo,completada,2026-02-08 07:19:42,zona_c
VN-0002757,CLI-02238,PRD-0167,tienda_norte,6,159.02,0,954.12,tarjeta,completada,2026-02-26 10:43:46,zona_d
VN-0002758,CLI-00983,PRD-0020,tienda_norte,2,325.09,0,650.18,transferencia,completada,2026-02-24 19:12:32,zona_a
VN-0002759,CLI-00016,PRD-0089,tienda_norte,2,58.61,15,117.22,efectivo,completada,2026-02-10 17:43:19,zona_a
VN-0002760,CLI-01720,PRD-0002,tienda_norte,7,35.98,0,251.86,tarjeta,completada,2026-01-26 23:07:25,zona_a
VN-0002761,CLI-02800,PRD-0120,tienda_norte,4,276.01,5,1104.04,efectivo,completada,2026-02-20 21:34:12,zona_b
VN-0002762,CLI-01608,PRD-0090,tienda_norte,6,12.01,0,72.06,yape,completada,2026-01-16 19:11:24,zona_c
VN-0002763,CLI-01817,PRD-0172,tienda_norte,6,114.64,20,687.84,transferencia,completada,2026-02-18 14:17:40,zona_b
VN-0002764,CLI-02379,PRD-0068,tienda_norte,1,141.65,15,141.65,tarjeta,completada,2026-01-24 03:01:41,zona_d
VN-0002765,CLI-01093,PRD-0070,tienda_norte,3,508.33,0,1524.99,tarjeta,completada,2026-02-26 02:52:03,zona_d
VN-0002766,CLI-02763,PRD-0154,tienda_norte,1,45.43,5,45.43,tarjeta,completada,2026-01-29 15:57:09,zona_d
VN-0002767,CLI-02470,PRD-0093,tienda_norte,1,901.82,0,901.82,transferencia,completada,2026-01-20 17:48:32,zona_d
VN-0002768,CLI-00494,PRD-0100,tienda_norte,5,362.73,0,1813.65,tarjeta,completada,2026-01-15 06:00:20,zona_d
VN-0002769,CLI-01803,PRD-0194,tienda_norte,2,158.33,10,316.66,transferencia,completada,2026-03-20 16:36:38,zona_a
VN-0002770,CLI-02126,PRD-0010,tienda_norte,7,132.73,10,929.11,yape,completada,2026-01-05 12:34:56,zona_b
VN-0002771,CLI-02790,PRD-0011,tienda_norte,3,71.6,5,214.8,tarjeta,completada,2026-02-13 07:26:13,zona_d
VN-0002772,CLI-02848,PRD-0106,tienda_norte,6,221.98,5,1331.88,tarjeta,completada,2026-03-21 02:44:28,zona_a
VN-0002773,CLI-00176,PRD-0124,tienda_norte,5,154.82,10,774.1,tarjeta,completada,2026-01-03 02:27:49,zona_a
VN-0002774,CLI-00525,PRD-0102,tienda_norte,3,70.94,5,212.82,tarjeta,completada,2026-01-04 23:13:46,zona_a
VN-0002775,CLI-02369,PRD-0129,tienda_norte,1,99.95,0,99.95,transferencia,completada,2026-02-13 22:58:09,zona_d
VN-0002776,CLI-01657,PRD-0094,tienda_norte,5,38.77,0,193.85,tarjeta,completada,2026-01-19 05:39:55,zona_a
VN-0002777,CLI-02495,PRD-0173,tienda_norte,5,141.22,20,706.1,efectivo,completada,2026-03-18 19:29:13,zona_d
VN-0002778,CLI-02160,PRD-0090,tienda_norte,6,9.61,20,57.66,tarjeta,completada,2026-02-04 10:13:33,zona_b
VN-0002779,CLI-01486,PRD-0071,tienda_norte,1,53.3,25,53.3,yape,completada,2026-01-17 13:56:25,zona_c
VN-0002780,CLI-01200,PRD-0086,tienda_norte,8,17.6,0,140.8,tarjeta,pendiente,2026-02-16 00:57:00,zona_a
VN-0002781,CLI-00366,PRD-0081,tienda_norte,8,92.6,20,740.8,yape,completada,2026-03-15 15:26:17,zona_b
VN-0002782,CLI-01988,PRD-0011,tienda_norte,2,67.83,10,135.66,tarjeta,devuelta,2026-01-30 13:14:13,zona_c
VN-0002783,CLI-00751,PRD-0127,tienda_norte,7,41.04,0,287.28,yape,completada,2026-02-23 11:31:20,zona_c
VN-0002784,CLI-01133,PRD-0140,tienda_norte,7,117.83,0,824.81,yape,completada,2026-03-21 12:00:40,zona_c
VN-0002785,CLI-01178,PRD-0163,tienda_norte,5,83.39,10,416.95,efectivo,completada,2026-01-28 07:49:24,zona_d
VN-0002786,CLI-02031,PRD-0009,tienda_norte,5,46.87,0,234.35,tarjeta,devuelta,2026-03-03 16:21:46,zona_c
VN-0002787,CLI-02161,PRD-0144,tienda_norte,3,62.46,20,187.38,tarjeta,completada,2026-01-15 06:05:11,zona_d
VN-0002788,CLI-02728,PRD-0072,tienda_norte,7,27.76,15,194.32,tarjeta,completada,2026-02-28 02:35:24,zona_d
VN-0002789,CLI-02545,PRD-0109,tienda_norte,8,95.57,25,764.56,tarjeta,completada,2026-03-03 06:15:00,zona_b
VN-0002790,CLI-02058,PRD-0193,tienda_norte,5,39.61,15,198.05,yape,completada,2026-01-20 19:41:00,zona_b
VN-0002791,CLI-01843,PRD-0037,tienda_norte,5,75.32,0,376.6,efectivo,completada,2026-02-10 19:27:27,zona_a
VN-0002792,CLI-01661,PRD-0096,tienda_norte,3,74.19,5,222.57,tarjeta,completada,2026-01-01 17:36:48,zona_b
VN-0002793,CLI-02268,PRD-0193,tienda_norte,2,39.61,15,79.22,yape,completada,2026-03-28 06:14:18,zona_d
VN-0002794,CLI-02941,PRD-0174,tienda_norte,3,316.77,0,950.31,transferencia,devuelta,2026-01-02 08:57:10,zona_b
VN-0002795,CLI-02963,PRD-0151,tienda_norte,3,145.96,5,437.88,yape,completada,2026-03-11 02:18:45,zona_d
VN-0002796,CLI-02279,PRD-0107,tienda_norte,8,42.29,20,338.32,yape,completada,2026-02-11 05:45:52,zona_a
VN-0002797,CLI-00097,PRD-0166,tienda_norte,5,466.77,5,2333.85,efectivo,devuelta,2026-01-08 02:52:47,zona_d
VN-0002798,CLI-00501,PRD-0009,tienda_norte,6,46.87,0,281.22,transferencia,completada,2026-03-06 19:09:07,zona_a
VN-0002799,CLI-02125,PRD-0196,tienda_norte,5,39.17,5,195.85,transferencia,completada,2026-02-16 17:55:49,zona_c
VN-0002800,CLI-00655,PRD-0026,tienda_norte,1,873.91,25,873.91,yape,completada,2026-03-27 01:14:30,zona_a
VN-0002801,CLI-00574,PRD-0147,tienda_norte,3,49.96,0,149.88,tarjeta,completada,2026-02-13 21:09:08,zona_d
VN-0002802,CLI-00916,PRD-0022,tienda_norte,3,64.46,0,193.38,tarjeta,completada,2026-02-02 00:43:49,zona_b
VN-0002803,CLI-02975,PRD-0120,tienda_norte,3,290.54,0,871.62,tarjeta,completada,2026-01-20 15:31:08,zona_c
VN-0002804,CLI-00480,PRD-0042,tienda_norte,5,76.12,0,380.6,transferencia,completada,2026-02-05 08:59:56,zona_d
VN-0002805,CLI-01920,PRD-0069,tienda_norte,5,44.18,20,220.9,tarjeta,completada,2026-03-07 17:24:35,zona_d
VN-0002806,CLI-00075,PRD-0164,tienda_norte,4,339.59,0,1358.36,tarjeta,completada,2026-03-04 18:08:50,zona_a
VN-0002807,CLI-00606,PRD-0069,tienda_norte,4,55.23,0,220.92,yape,completada,2026-03-04 13:43:06,zona_d
VN-0002808,CLI-02288,PRD-0125,tienda_norte,2,313.28,0,626.56,yape,pendiente,2026-03-22 23:07:01,zona_b
VN-0002809,CLI-02534,PRD-0119,tienda_norte,1,153.16,10,153.16,efectivo,completada,2026-02-22 14:00:19,zona_c
VN-0002810,CLI-02869,PRD-0184,tienda_norte,7,149.4,0,1045.8,yape,completada,2026-03-31 07:06:17,zona_a
VN-0002811,CLI-00784,PRD-0071,tienda_norte,5,53.3,25,266.5,transferencia,pendiente,2026-01-08 04:20:00,zona_b
VN-0002812,CLI-00344,PRD-0166,tienda_norte,6,491.34,0,2948.04,tarjeta,devuelta,2026-03-26 16:09:03,zona_a
VN-0002813,CLI-01836,PRD-0063,tienda_norte,1,183.55,15,183.55,tarjeta,devuelta,2026-03-08 14:16:07,zona_a
VN-0002814,CLI-00587,PRD-0131,tienda_norte,8,345.73,0,2765.84,transferencia,completada,2026-01-13 16:56:08,zona_c
VN-0002815,CLI-00831,PRD-0162,tienda_norte,2,84.67,0,169.34,yape,completada,2026-02-25 04:03:54,zona_d
VN-0002816,CLI-01740,PRD-0175,tienda_norte,5,74.48,0,372.4,efectivo,devuelta,2026-01-17 05:22:10,zona_d
VN-0002817,CLI-02447,PRD-0064,tienda_norte,2,53.65,5,107.3,yape,completada,2026-01-05 23:45:47,zona_c
VN-0002818,CLI-00454,PRD-0085,tienda_norte,6,117.15,0,702.9,tarjeta,completada,2026-01-07 09:20:22,zona_c
VN-0002819,CLI-01624,PRD-0028,tienda_norte,2,8.09,5,16.18,yape,devuelta,2026-02-13 19:34:27,zona_b
VN-0002820,CLI-02457,PRD-0059,tienda_norte,1,138.64,5,138.64,tarjeta,completada,2026-01-09 22:41:29,zona_d
VN-0002821,CLI-02962,PRD-0195,tienda_norte,3,164.61,5,493.83,transferencia,completada,2026-01-12 18:07:17,zona_d
VN-0002822,CLI-01350,PRD-0131,tienda_norte,6,345.73,0,2074.38,yape,completada,2026-03-26 03:17:40,zona_b
VN-0002823,CLI-00739,PRD-0068,tienda_norte,4,141.65,15,566.6,tarjeta,completada,2026-01-20 11:54:44,zona_c
VN-0002824,CLI-02344,PRD-0164,tienda_norte,4,339.59,0,1358.36,yape,pendiente,2026-03-08 06:07:52,zona_c
VN-0002825,CLI-00748,PRD-0106,tienda_norte,8,210.29,10,1682.32,tarjeta,completada,2026-01-13 06:17:45,zona_d
VN-0002826,CLI-02050,PRD-0023,tienda_norte,7,51.83,20,362.81,tarjeta,completada,2026-01-23 16:00:53,zona_a
VN-0002827,CLI-00808,PRD-0133,tienda_norte,6,87.16,10,522.96,yape,pendiente,2026-02-10 23:52:29,zona_d
VN-0002828,CLI-01027,PRD-0189,tienda_norte,3,178.76,0,536.28,efectivo,completada,2026-01-11 01:02:33,zona_a
VN-0002829,CLI-01893,PRD-0024,tienda_norte,1,128.93,5,128.93,transferencia,completada,2026-03-03 22:02:26,zona_a
VN-0002830,CLI-01753,PRD-0101,tienda_norte,7,1128.73,0,7901.11,yape,completada,2026-03-02 00:05:44,zona_b
VN-0002831,CLI-01500,PRD-0022,tienda_norte,1,61.24,5,61.24,tarjeta,completada,2026-01-21 00:34:18,zona_c
VN-0002832,CLI-00400,PRD-0018,tienda_norte,5,121.73,15,608.65,tarjeta,completada,2026-02-24 14:04:48,zona_b
VN-0002833,CLI-00734,PRD-0143,tienda_norte,4,21.27,5,85.08,transferencia,completada,2026-03-03 06:26:17,zona_d
VN-0002834,CLI-01318,PRD-0067,tienda_norte,3,101.45,0,304.35,tarjeta,completada,2026-02-25 16:23:05,zona_b
VN-0002835,CLI-00468,PRD-0171,tienda_norte,3,27.64,10,82.92,yape,completada,2026-03-26 22:19:44,zona_c
VN-0002836,CLI-02894,PRD-0027,tienda_norte,5,30.66,0,153.3,tarjeta,completada,2026-01-01 12:18:16,zona_c
VN-0002837,CLI-02257,PRD-0161,tienda_norte,6,30.38,10,182.28,yape,completada,2026-01-25 21:24:45,zona_c
VN-0002838,CLI-01609,PRD-0135,tienda_norte,8,117.62,5,940.96,tarjeta,completada,2026-03-18 11:00:02,zona_a
VN-0002839,CLI-00346,PRD-0119,tienda_norte,2,170.18,0,340.36,yape,completada,2026-02-05 01:58:24,zona_d
VN-0002840,CLI-02036,PRD-0135,tienda_norte,3,117.62,5,352.86,transferencia,completada,2026-03-25 22:50:54,zona_c
VN-0002841,CLI-01613,PRD-0138,tienda_norte,6,124.27,15,745.62,yape,completada,2026-01-07 23:56:26,zona_d
VN-0002842,CLI-02524,PRD-0051,tienda_norte,6,295.61,10,1773.66,yape,completada,2026-02-21 12:06:45,zona_b
VN-0002843,CLI-02554,PRD-0156,tienda_norte,3,94.72,0,284.16,yape,completada,2026-03-16 18:25:10,zona_d
VN-0002844,CLI-00482,PRD-0199,tienda_norte,1,356.34,5,356.34,yape,devuelta,2026-02-16 06:08:06,zona_d
VN-0002845,CLI-02438,PRD-0135,tienda_norte,1,111.43,10,111.43,yape,completada,2026-02-06 01:21:24,zona_d
VN-0002846,CLI-00716,PRD-0073,tienda_norte,4,68.02,0,272.08,efectivo,completada,2026-01-01 16:14:43,zona_d
VN-0002847,CLI-01138,PRD-0031,tienda_norte,8,295.26,5,2362.08,yape,completada,2026-03-31 19:30:45,zona_a
VN-0002848,CLI-01715,PRD-0031,tienda_norte,2,310.8,0,621.6,tarjeta,completada,2026-02-12 00:33:43,zona_b
VN-0002849,CLI-00875,PRD-0066,tienda_norte,1,696.23,15,696.23,yape,completada,2026-03-26 16:29:58,zona_b
VN-0002850,CLI-00670,PRD-0110,tienda_norte,7,208.82,0,1461.74,tarjeta,completada,2026-01-30 05:53:58,zona_c
VN-0002851,CLI-00392,PRD-0106,tienda_norte,2,221.98,5,443.96,yape,completada,2026-01-22 22:51:27,zona_c
VN-0002852,CLI-01501,PRD-0101,tienda_norte,4,1015.86,10,4063.44,tarjeta,completada,2026-03-01 13:24:53,zona_b
VN-0002853,CLI-01421,PRD-0117,tienda_norte,7,131.51,15,920.57,efectivo,completada,2026-03-23 15:42:52,zona_b
VN-0002854,CLI-01604,PRD-0200,tienda_norte,6,33.95,0,203.7,tarjeta,completada,2026-01-31 07:49:01,zona_b
VN-0002855,CLI-02579,PRD-0145,tienda_norte,4,340.64,0,1362.56,tarjeta,completada,2026-02-05 01:58:27,zona_d
VN-0002856,CLI-00853,PRD-0155,tienda_norte,4,138.1,0,552.4,tarjeta,devuelta,2026-03-24 12:51:59,zona_c
VN-0002857,CLI-01426,PRD-0176,tienda_norte,6,71.08,0,426.48,tarjeta,completada,2026-02-18 07:45:07,zona_d
VN-0002858,CLI-01188,PRD-0054,tienda_norte,1,98.65,0,98.65,tarjeta,devuelta,2026-03-26 11:57:58,zona_a
VN-0002859,CLI-02880,PRD-0079,tienda_norte,7,291.31,0,2039.17,efectivo,completada,2026-01-28 20:39:06,zona_d
VN-0002860,CLI-02009,PRD-0023,tienda_norte,2,61.55,5,123.1,tarjeta,completada,2026-03-10 00:15:11,zona_c
VN-0002861,CLI-01037,PRD-0185,tienda_norte,3,169.81,5,509.43,yape,completada,2026-02-02 06:43:48,zona_c
VN-0002862,CLI-02181,PRD-0086,tienda_norte,6,15.84,10,95.04,efectivo,completada,2026-01-04 02:35:11,zona_a
VN-0002863,CLI-00318,PRD-0082,tienda_norte,1,303.1,0,303.1,efectivo,completada,2026-03-17 21:51:40,zona_d
VN-0002864,CLI-01917,PRD-0165,tienda_norte,2,867.52,5,1735.04,efectivo,completada,2026-01-04 05:17:00,zona_b
VN-0002865,CLI-01044,PRD-0034,tienda_norte,8,104.06,0,832.48,tarjeta,completada,2026-03-29 22:05:28,zona_c
VN-0002866,CLI-01608,PRD-0191,tienda_norte,8,156.18,10,1249.44,efectivo,completada,2026-01-08 13:14:38,zona_b
VN-0002867,CLI-01205,PRD-0117,tienda_norte,4,139.25,10,557.0,transferencia,completada,2026-01-20 13:31:01,zona_c
VN-0002868,CLI-01463,PRD-0200,tienda_norte,3,33.95,0,101.85,tarjeta,completada,2026-03-01 12:55:19,zona_c
VN-0002869,CLI-02083,PRD-0002,tienda_norte,3,35.98,0,107.94,tarjeta,completada,2026-02-21 17:32:01,zona_b
VN-0002870,CLI-01589,PRD-0014,tienda_norte,6,315.58,0,1893.48,tarjeta,completada,2026-03-14 17:32:49,zona_c
VN-0002871,CLI-01780,PRD-0192,tienda_norte,1,88.41,5,88.41,efectivo,completada,2026-01-17 01:06:57,zona_b
VN-0002872,CLI-01815,PRD-0170,tienda_norte,4,106.17,5,424.68,yape,completada,2026-02-24 16:59:58,zona_b
VN-0002873,CLI-02125,PRD-0006,tienda_norte,6,395.52,0,2373.12,efectivo,completada,2026-02-26 08:36:54,zona_a
VN-0002874,CLI-00524,PRD-0119,tienda_norte,7,170.18,0,1191.26,tarjeta,completada,2026-01-21 02:41:35,zona_c
VN-0002875,CLI-02284,PRD-0022,tienda_norte,2,58.01,10,116.02,yape,devuelta,2026-02-27 14:32:14,zona_a
VN-0002876,CLI-02434,PRD-0094,tienda_norte,1,36.83,5,36.83,yape,devuelta,2026-02-18 10:31:05,zona_c
VN-0002877,CLI-00132,PRD-0070,tienda_norte,5,508.33,0,2541.65,tarjeta,completada,2026-03-12 19:04:00,zona_a
VN-0002878,CLI-01235,PRD-0079,tienda_norte,7,276.74,5,1937.18,efectivo,completada,2026-02-17 15:07:54,zona_a
VN-0002879,CLI-01193,PRD-0111,tienda_norte,2,62.79,15,125.58,tarjeta,completada,2026-02-28 20:34:48,zona_b
VN-0002880,CLI-02991,PRD-0059,tienda_norte,6,145.94,0,875.64,efectivo,completada,2026-03-21 03:23:58,zona_b
VN-0002881,CLI-00415,PRD-0130,tienda_norte,4,316.01,20,1264.04,transferencia,completada,2026-02-24 21:07:21,zona_c
VN-0002882,CLI-00915,PRD-0069,tienda_norte,5,55.23,0,276.15,tarjeta,completada,2026-01-18 16:23:28,zona_c
VN-0002883,CLI-02739,PRD-0100,tienda_norte,5,362.73,0,1813.65,efectivo,completada,2026-01-03 17:16:55,zona_c
VN-0002884,CLI-00668,PRD-0030,tienda_norte,6,246.84,0,1481.04,tarjeta,completada,2026-01-16 16:44:19,zona_d
VN-0002885,CLI-00292,PRD-0077,tienda_norte,7,53.83,10,376.81,yape,completada,2026-03-26 11:33:04,zona_c
VN-0002886,CLI-02362,PRD-0164,tienda_norte,8,271.67,20,2173.36,yape,completada,2026-02-22 06:52:57,zona_c
VN-0002887,CLI-00803,PRD-0145,tienda_norte,4,323.61,5,1294.44,tarjeta,completada,2026-02-15 07:16:37,zona_b
VN-0002888,CLI-00353,PRD-0186,tienda_norte,1,60.93,20,60.93,tarjeta,completada,2026-01-14 14:24:43,zona_a
VN-0002889,CLI-01872,PRD-0147,tienda_norte,7,49.96,0,349.72,tarjeta,completada,2026-02-03 16:12:33,zona_c
VN-0002890,CLI-01747,PRD-0082,tienda_norte,1,303.1,0,303.1,tarjeta,completada,2026-03-07 16:00:55,zona_c
VN-0002891,CLI-01394,PRD-0108,tienda_norte,2,139.33,0,278.66,transferencia,completada,2026-03-09 17:50:07,zona_d
VN-0002892,CLI-00608,PRD-0081,tienda_norte,2,98.39,15,196.78,tarjeta,completada,2026-01-12 09:33:05,zona_c
VN-0002893,CLI-01138,PRD-0179,tienda_norte,3,311.27,20,933.81,yape,completada,2026-03-27 19:40:06,zona_d
VN-0002894,CLI-00121,PRD-0010,tienda_norte,4,147.48,0,589.92,yape,completada,2026-03-06 14:13:23,zona_a
VN-0002895,CLI-00559,PRD-0199,tienda_norte,7,375.09,0,2625.63,tarjeta,devuelta,2026-03-06 23:24:12,zona_d
VN-0002896,CLI-01140,PRD-0091,tienda_norte,5,49.81,0,249.05,tarjeta,completada,2026-03-26 13:09:18,zona_a
VN-0002897,CLI-02749,PRD-0107,tienda_norte,3,52.86,0,158.58,tarjeta,completada,2026-02-26 04:42:26,zona_d
VN-0002898,CLI-01004,PRD-0105,tienda_norte,7,62.86,20,440.02,tarjeta,completada,2026-02-10 05:01:57,zona_b
VN-0002899,CLI-02681,PRD-0145,tienda_norte,6,306.58,10,1839.48,tarjeta,completada,2026-03-31 08:16:06,zona_b
VN-0002900,CLI-01162,PRD-0004,tienda_norte,8,53.89,0,431.12,tarjeta,completada,2026-03-26 21:51:39,zona_c
VN-0002901,CLI-02480,PRD-0023,tienda_norte,6,64.79,0,388.74,transferencia,completada,2026-03-18 18:21:06,zona_d
VN-0002902,CLI-01261,PRD-0123,tienda_norte,7,40.34,0,282.38,tarjeta,devuelta,2026-01-03 13:05:48,zona_d
VN-0002903,CLI-02077,PRD-0144,tienda_norte,1,70.27,10,70.27,tarjeta,completada,2026-03-30 15:02:35,zona_b
VN-0002904,CLI-00526,PRD-0014,tienda_norte,8,252.46,20,2019.68,efectivo,completada,2026-03-05 13:12:55,zona_c
VN-0002905,CLI-02660,PRD-0134,tienda_norte,3,97.62,0,292.86,yape,completada,2026-03-01 05:46:52,zona_b
VN-0002906,CLI-02819,PRD-0141,tienda_norte,5,121.06,15,605.3,tarjeta,pendiente,2026-01-06 03:16:04,zona_a
VN-0002907,CLI-01876,PRD-0158,tienda_norte,2,230.04,0,460.08,efectivo,completada,2026-03-29 07:01:22,zona_b
VN-0002908,CLI-01194,PRD-0062,tienda_norte,7,127.56,0,892.92,efectivo,completada,2026-02-18 09:30:03,zona_b
VN-0002909,CLI-01761,PRD-0027,tienda_norte,4,29.13,5,116.52,tarjeta,completada,2026-01-08 01:40:01,zona_b
VN-0002910,CLI-00254,PRD-0155,tienda_norte,1,138.1,0,138.1,transferencia,completada,2026-01-27 14:42:26,zona_b
VN-0002911,CLI-01431,PRD-0096,tienda_norte,8,70.28,10,562.24,yape,completada,2026-03-24 13:07:51,zona_a
VN-0002912,CLI-01155,PRD-0088,tienda_norte,1,66.62,0,66.62,tarjeta,completada,2026-03-02 11:11:59,zona_c
VN-0002913,CLI-00290,PRD-0081,tienda_norte,4,109.96,5,439.84,efectivo,completada,2026-02-10 20:08:18,zona_d
VN-0002914,CLI-02088,PRD-0162,tienda_norte,8,76.2,10,609.6,efectivo,completada,2026-03-20 21:29:51,zona_a
VN-0002915,CLI-01583,PRD-0054,tienda_norte,4,98.65,0,394.6,tarjeta,completada,2026-02-14 09:05:56,zona_b
VN-0002916,CLI-00747,PRD-0102,tienda_norte,1,67.2,10,67.2,efectivo,completada,2026-02-22 03:34:19,zona_a
VN-0002917,CLI-00329,PRD-0153,tienda_norte,2,1181.19,0,2362.38,tarjeta,completada,2026-03-18 13:06:22,zona_d
VN-0002918,CLI-00901,PRD-0188,tienda_norte,5,105.38,0,526.9,tarjeta,completada,2026-02-22 22:19:53,zona_b
VN-0002919,CLI-01905,PRD-0185,tienda_norte,7,160.88,10,1126.16,transferencia,completada,2026-03-22 17:24:08,zona_a
VN-0002920,CLI-00909,PRD-0093,tienda_norte,2,811.64,10,1623.28,tarjeta,completada,2026-02-04 03:56:59,zona_d
VN-0002921,CLI-00398,PRD-0013,tienda_norte,1,368.62,20,368.62,yape,completada,2026-02-12 15:07:57,zona_a
VN-0002922,CLI-00632,PRD-0178,tienda_norte,8,74.46,15,595.68,yape,completada,2026-02-13 22:15:34,zona_d
VN-0002923,CLI-00093,PRD-0045,tienda_norte,1,37.15,0,37.15,yape,pendiente,2026-02-25 14:43:52,zona_d
VN-0002924,CLI-02743,PRD-0053,tienda_norte,6,5.18,0,31.08,tarjeta,devuelta,2026-01-15 16:03:51,zona_b
VN-0002925,CLI-01700,PRD-0070,tienda_norte,5,482.91,5,2414.55,tarjeta,completada,2026-03-01 15:24:16,zona_b
VN-0002926,CLI-01492,PRD-0167,tienda_norte,2,159.02,0,318.04,transferencia,completada,2026-02-18 18:24:29,zona_c
VN-0002927,CLI-02034,PRD-0006,tienda_norte,5,395.52,0,1977.6,yape,completada,2026-03-07 15:29:48,zona_c
VN-0002928,CLI-00596,PRD-0125,tienda_norte,4,250.62,20,1002.48,yape,completada,2026-01-10 03:49:55,zona_c
VN-0002929,CLI-02127,PRD-0117,tienda_norte,8,154.72,0,1237.76,tarjeta,completada,2026-03-31 04:25:40,zona_c
VN-0002930,CLI-00422,PRD-0002,tienda_norte,3,32.38,10,97.14,transferencia,completada,2026-01-18 06:24:09,zona_d
VN-0002931,CLI-01673,PRD-0042,tienda_norte,8,64.7,15,517.6,efectivo,completada,2026-02-15 05:11:24,zona_d
VN-0002932,CLI-01306,PRD-0078,tienda_norte,5,54.94,0,274.7,efectivo,devuelta,2026-02-02 03:13:55,zona_c
VN-0002933,CLI-02111,PRD-0092,tienda_norte,2,1162.25,0,2324.5,tarjeta,completada,2026-01-06 02:23:33,zona_c
VN-0002934,CLI-02086,PRD-0054,tienda_norte,3,83.85,15,251.55,efectivo,completada,2026-03-29 14:45:29,zona_b
VN-0002935,CLI-00744,PRD-0014,tienda_norte,4,299.8,5,1199.2,yape,completada,2026-03-05 18:20:40,zona_a
VN-0002936,CLI-00502,PRD-0132,tienda_norte,3,658.28,0,1974.84,tarjeta,completada,2026-01-25 12:35:38,zona_c
VN-0002937,CLI-02864,PRD-0117,tienda_norte,2,154.72,0,309.44,tarjeta,pendiente,2026-01-02 17:06:52,zona_d
VN-0002938,CLI-02458,PRD-0060,tienda_norte,6,132.18,5,793.08,transferencia,completada,2026-03-04 09:50:12,zona_b
VN-0002939,CLI-01075,PRD-0082,tienda_norte,1,287.94,5,287.94,yape,completada,2026-03-31 13:34:16,zona_c
VN-0002940,CLI-01798,PRD-0157,tienda_norte,5,255.78,5,1278.9,efectivo,completada,2026-01-21 08:43:07,zona_b
VN-0002941,CLI-02585,PRD-0084,tienda_norte,5,111.13,0,555.65,yape,completada,2026-02-09 03:58:05,zona_d
VN-0002942,CLI-01224,PRD-0159,tienda_norte,5,846.62,25,4233.1,yape,completada,2026-02-20 20:03:18,zona_c
VN-0002943,CLI-00023,PRD-0075,tienda_norte,1,68.14,0,68.14,yape,completada,2026-02-17 03:21:24,zona_c
VN-0002944,CLI-01619,PRD-0069,tienda_norte,2,55.23,0,110.46,tarjeta,completada,2026-03-21 06:58:00,zona_d
VN-0002945,CLI-02404,PRD-0139,tienda_norte,8,15.86,15,126.88,yape,completada,2026-03-19 22:00:19,zona_b
VN-0002946,CLI-00934,PRD-0174,tienda_norte,3,269.25,15,807.75,tarjeta,completada,2026-03-25 12:30:39,zona_d
VN-0002947,CLI-01124,PRD-0108,tienda_norte,3,125.4,10,376.2,tarjeta,completada,2026-01-07 06:35:35,zona_c
VN-0002948,CLI-01833,PRD-0049,tienda_norte,5,994.92,5,4974.6,transferencia,completada,2026-03-14 01:55:32,zona_b
VN-0002949,CLI-01072,PRD-0075,tienda_norte,3,57.92,15,173.76,transferencia,completada,2026-03-16 02:46:45,zona_a
VN-0002950,CLI-02201,PRD-0152,tienda_norte,6,99.91,0,599.46,transferencia,completada,2026-01-28 19:56:37,zona_d
VN-0002951,CLI-02509,PRD-0092,tienda_norte,2,987.91,15,1975.82,efectivo,completada,2026-02-03 14:31:43,zona_b
VN-0002952,CLI-01658,PRD-0178,tienda_norte,3,87.6,0,262.8,efectivo,completada,2026-02-25 22:02:58,zona_a
VN-0002953,CLI-00491,PRD-0098,tienda_norte,1,674.21,15,674.21,tarjeta,completada,2026-01-02 09:14:16,zona_b
VN-0002954,CLI-02293,PRD-0031,tienda_norte,3,310.8,0,932.4,efectivo,completada,2026-02-11 22:24:29,zona_d
VN-0002955,CLI-01733,PRD-0003,tienda_norte,8,176.5,0,1412.0,tarjeta,completada,2026-03-15 10:52:59,zona_d
VN-0002956,CLI-02259,PRD-0103,tienda_norte,5,375.62,0,1878.1,tarjeta,completada,2026-02-28 19:28:27,zona_d
VN-0002957,CLI-02747,PRD-0127,tienda_norte,2,41.04,0,82.08,yape,completada,2026-03-21 23:47:19,zona_c
VN-0002958,CLI-01374,PRD-0073,tienda_norte,1,61.22,10,61.22,transferencia,completada,2026-03-13 20:24:55,zona_c
VN-0002959,CLI-00636,PRD-0001,tienda_norte,5,304.25,20,1521.25,transferencia,completada,2026-03-12 19:55:11,zona_c
VN-0002960,CLI-01795,PRD-0064,tienda_norte,5,45.18,20,225.9,transferencia,completada,2026-02-28 08:37:19,zona_c
VN-0002961,CLI-02360,PRD-0159,tienda_norte,4,1128.82,0,4515.28,transferencia,completada,2026-01-20 20:28:35,zona_a
VN-0002962,CLI-02503,PRD-0040,tienda_norte,4,171.54,0,686.16,tarjeta,completada,2026-02-07 06:37:09,zona_d
VN-0002963,CLI-02806,PRD-0110,tienda_norte,5,208.82,0,1044.1,tarjeta,completada,2026-03-09 14:35:59,zona_d
VN-0002964,CLI-01164,PRD-0081,tienda_norte,5,109.96,5,549.8,efectivo,completada,2026-02-17 07:14:51,zona_c
VN-0002965,CLI-00710,PRD-0191,tienda_norte,4,147.5,15,590.0,yape,completada,2026-03-10 08:29:12,zona_d
VN-0002966,CLI-02674,PRD-0132,tienda_norte,2,592.45,10,1184.9,efectivo,completada,2026-01-26 20:39:13,zona_a
VN-0002967,CLI-01209,PRD-0102,tienda_norte,5,74.67,0,373.35,tarjeta,completada,2026-03-04 17:00:21,zona_d
VN-0002968,CLI-02640,PRD-0091,tienda_norte,3,49.81,0,149.43,efectivo,completada,2026-02-17 02:15:25,zona_c
VN-0002969,CLI-00806,PRD-0196,tienda_norte,6,41.23,0,247.38,efectivo,completada,2026-03-17 00:47:46,zona_c
VN-0002970,CLI-02875,PRD-0189,tienda_norte,2,151.95,15,303.9,yape,completada,2026-03-25 23:37:00,zona_a
VN-0002971,CLI-01837,PRD-0004,tienda_norte,5,51.2,5,256.0,efectivo,completada,2026-01-08 01:36:00,zona_b
VN-0002972,CLI-02541,PRD-0162,tienda_norte,3,84.67,0,254.01,tarjeta,completada,2026-02-26 06:01:54,zona_b
VN-0002973,CLI-01826,PRD-0083,tienda_norte,2,92.72,0,185.44,tarjeta,completada,2026-02-08 18:25:34,zona_a
VN-0002974,CLI-01440,PRD-0196,tienda_norte,3,32.98,20,98.94,transferencia,completada,2026-02-19 10:36:51,zona_c
VN-0002975,CLI-02997,PRD-0198,tienda_norte,3,359.6,0,1078.8,transferencia,completada,2026-03-03 04:18:14,zona_d
VN-0002976,CLI-01830,PRD-0130,tienda_norte,5,395.01,0,1975.05,efectivo,completada,2026-01-01 07:16:09,zona_c
VN-0002977,CLI-00669,PRD-0092,tienda_norte,6,871.69,25,5230.14,efectivo,completada,2026-02-15 01:40:52,zona_a
VN-0002978,CLI-02616,PRD-0032,tienda_norte,3,132.44,0,397.32,transferencia,completada,2026-02-10 01:02:34,zona_a
VN-0002979,CLI-01269,PRD-0173,tienda_norte,6,167.7,5,1006.2,tarjeta,completada,2026-03-05 19:30:38,zona_d
VN-0002980,CLI-02269,PRD-0051,tienda_norte,4,328.46,0,1313.84,transferencia,completada,2026-03-26 05:38:36,zona_d
VN-0002981,CLI-00099,PRD-0088,tienda_norte,1,66.62,0,66.62,tarjeta,completada,2026-03-16 07:51:52,zona_c
VN-0002982,CLI-01108,PRD-0087,tienda_norte,2,39.41,0,78.82,transferencia,completada,2026-01-04 15:07:17,zona_d
VN-0002983,CLI-02443,PRD-0136,tienda_norte,8,83.04,20,664.32,tarjeta,completada,2026-03-25 11:39:14,zona_d
VN-0002984,CLI-01728,PRD-0002,tienda_norte,2,32.38,10,64.76,transferencia,completada,2026-01-10 10:58:02,zona_b
VN-0002985,CLI-00795,PRD-0079,tienda_norte,3,276.74,5,830.22,tarjeta,completada,2026-02-06 00:08:14,zona_b
VN-0002986,CLI-02413,PRD-0152,tienda_norte,5,99.91,0,499.55,tarjeta,completada,2026-02-19 18:32:53,zona_d
VN-0002987,CLI-02864,PRD-0026,tienda_norte,6,1106.95,5,6641.7,tarjeta,completada,2026-01-01 01:11:32,zona_a
VN-0002988,CLI-02981,PRD-0084,tienda_norte,2,83.35,25,166.7,transferencia,completada,2026-01-17 06:00:31,zona_b
VN-0002989,CLI-02986,PRD-0136,tienda_norte,4,103.8,0,415.2,tarjeta,completada,2026-03-07 04:00:39,zona_d
VN-0002990,CLI-01939,PRD-0145,tienda_norte,3,323.61,5,970.83,tarjeta,completada,2026-03-15 10:04:40,zona_b
VN-0002991,CLI-01867,PRD-0091,tienda_norte,5,47.32,5,236.6,tarjeta,completada,2026-03-17 13:48:40,zona_a
VN-0002992,CLI-00253,PRD-0001,tienda_norte,7,361.29,5,2529.03,efectivo,devuelta,2026-02-07 15:25:43,zona_c
VN-0002993,CLI-01784,PRD-0126,tienda_norte,5,886.75,15,4433.75,yape,completada,2026-02-25 09:25:48,zona_b
VN-0002994,CLI-00102,PRD-0026,tienda_norte,6,1048.69,10,6292.14,tarjeta,completada,2026-03-09 09:15:05,zona_d
VN-0002995,CLI-01577,PRD-0169,tienda_norte,5,1064.16,0,5320.8,tarjeta,completada,2026-01-14 06:08:19,zona_d
VN-0002996,CLI-00240,PRD-0009,tienda_norte,3,46.87,0,140.61,tarjeta,completada,2026-01-17 04:04:24,zona_d
VN-0002997,CLI-00211,PRD-0051,tienda_norte,5,295.61,10,1478.05,tarjeta,completada,2026-01-24 15:13:45,zona_c
VN-0002998,CLI-01914,PRD-0128,tienda_norte,1,50.61,0,50.61,tarjeta,devuelta,2026-02-19 06:38:39,zona_d
VN-0002999,CLI-02966,PRD-0143,tienda_norte,8,22.39,0,179.12,tarjeta,completada,2026-01-14 19:18:30,zona_a
VN-0003000,CLI-01455,PRD-0176,tienda_norte,3,67.53,5,202.59,yape,devuelta,2026-03-24 07:32:01,zona_d
VN-0003001,CLI-02909,PRD-0008,tienda_norte,1,1107.3,0,1107.3,yape,completada,2026-01-21 07:54:45,zona_d
VN-0003002,CLI-02217,PRD-0118,tienda_norte,6,47.91,10,287.46,efectivo,completada,2026-03-03 19:39:55,zona_a
VN-0003003,CLI-02023,PRD-0018,tienda_norte,8,136.05,5,1088.4,tarjeta,completada,2026-02-20 02:02:27,zona_c
VN-0003004,CLI-00102,PRD-0061,tienda_norte,3,771.58,10,2314.74,efectivo,completada,2026-01-02 16:39:49,zona_c
VN-0003005,CLI-01975,PRD-0173,tienda_norte,2,150.05,15,300.1,yape,completada,2026-03-29 13:41:20,zona_a
VN-0003006,CLI-02501,PRD-0033,tienda_norte,1,696.3,0,696.3,tarjeta,completada,2026-02-08 19:16:48,zona_d
VN-0003007,CLI-00559,PRD-0007,tienda_norte,5,19.86,0,99.3,tarjeta,completada,2026-01-07 08:45:12,zona_c
VN-0003008,CLI-00641,PRD-0031,tienda_norte,8,279.72,10,2237.76,efectivo,completada,2026-03-06 23:40:27,zona_c
VN-0003009,CLI-00819,PRD-0011,tienda_norte,2,71.6,5,143.2,efectivo,completada,2026-01-12 23:53:22,zona_b
VN-0003010,CLI-01633,PRD-0052,tienda_norte,3,293.5,25,880.5,tarjeta,completada,2026-02-01 02:21:27,zona_b
VN-0003011,CLI-01970,PRD-0134,tienda_norte,5,92.74,5,463.7,tarjeta,completada,2026-01-20 02:43:35,zona_c
VN-0003012,CLI-02703,PRD-0088,tienda_norte,1,66.62,0,66.62,tarjeta,completada,2026-02-26 07:36:40,zona_a
VN-0003013,CLI-02307,PRD-0005,tienda_norte,6,170.03,20,1020.18,yape,completada,2026-03-02 01:43:02,zona_c
VN-0003014,CLI-00296,PRD-0070,tienda_norte,3,508.33,0,1524.99,tarjeta,completada,2026-01-31 07:01:13,zona_c
VN-0003015,CLI-00438,PRD-0097,tienda_norte,4,168.78,0,675.12,tarjeta,completada,2026-01-16 17:54:19,zona_b
VN-0003016,CLI-01380,PRD-0155,tienda_norte,1,138.1,0,138.1,tarjeta,completada,2026-01-25 09:38:14,zona_c
VN-0003017,CLI-02250,PRD-0142,tienda_norte,8,121.27,0,970.16,efectivo,completada,2026-02-12 07:53:32,zona_a
VN-0003018,CLI-01823,PRD-0168,tienda_norte,8,302.83,0,2422.64,tarjeta,completada,2026-03-10 12:55:50,zona_d
VN-0003019,CLI-00876,PRD-0009,tienda_norte,6,46.87,0,281.22,tarjeta,completada,2026-01-14 18:08:42,zona_c
VN-0003020,CLI-00051,PRD-0030,tienda_norte,7,197.47,20,1382.29,tarjeta,completada,2026-02-20 02:12:27,zona_b
VN-0003021,CLI-00220,PRD-0036,tienda_norte,1,43.1,0,43.1,transferencia,completada,2026-01-02 01:10:13,zona_b
VN-0003022,CLI-00051,PRD-0021,tienda_norte,4,16.39,10,65.56,tarjeta,completada,2026-03-19 03:36:47,zona_d
VN-0003023,CLI-01260,PRD-0095,tienda_norte,2,50.05,0,100.1,tarjeta,completada,2026-02-12 04:05:16,zona_a
VN-0003024,CLI-02833,PRD-0008,tienda_norte,3,1107.3,0,3321.9,tarjeta,completada,2026-01-19 21:50:54,zona_b
VN-0003025,CLI-01000,PRD-0062,tienda_norte,1,121.18,5,121.18,yape,pendiente,2026-02-09 20:07:51,zona_c
VN-0003026,CLI-02629,PRD-0143,tienda_norte,3,20.15,10,60.45,tarjeta,completada,2026-03-06 06:23:24,zona_c
VN-0003027,CLI-02069,PRD-0045,tienda_norte,4,31.58,15,126.32,tarjeta,completada,2026-01-13 02:39:55,zona_c
VN-0003028,CLI-00456,PRD-0004,tienda_norte,4,51.2,5,204.8,yape,completada,2026-01-12 03:54:47,zona_d
VN-0003029,CLI-00229,PRD-0029,tienda_norte,8,100.57,0,804.56,tarjeta,completada,2026-02-19 14:00:39,zona_a
VN-0003030,CLI-01401,PRD-0005,tienda_norte,6,201.91,5,1211.46,tarjeta,completada,2026-02-26 18:13:05,zona_c
VN-0003031,CLI-01834,PRD-0147,tienda_norte,3,39.97,20,119.91,transferencia,completada,2026-01-07 08:48:15,zona_d
VN-0003032,CLI-00443,PRD-0175,tienda_norte,5,74.48,0,372.4,yape,completada,2026-01-17 05:13:38,zona_d
VN-0003033,CLI-01428,PRD-0032,tienda_norte,7,125.82,5,880.74,yape,completada,2026-02-01 12:29:45,zona_a
VN-0003034,CLI-01715,PRD-0185,tienda_norte,7,169.81,5,1188.67,tarjeta,completada,2026-03-07 20:23:09,zona_a
VN-0003035,CLI-00825,PRD-0026,tienda_norte,3,932.17,20,2796.51,tarjeta,completada,2026-01-03 19:16:49,zona_d
VN-0003036,CLI-00868,PRD-0026,tienda_norte,7,1165.21,0,8156.47,tarjeta,completada,2026-03-28 23:27:10,zona_d
VN-0003037,CLI-00212,PRD-0017,tienda_norte,7,739.99,0,5179.93,yape,completada,2026-03-23 15:14:14,zona_d
VN-0003038,CLI-00298,PRD-0079,tienda_norte,5,291.31,0,1456.55,tarjeta,completada,2026-01-26 22:59:09,zona_b
VN-0003039,CLI-00524,PRD-0119,tienda_norte,6,170.18,0,1021.08,tarjeta,completada,2026-01-16 22:59:28,zona_d
VN-0003040,CLI-01419,PRD-0066,tienda_norte,1,778.14,5,778.14,yape,completada,2026-03-04 13:36:22,zona_a
VN-0003041,CLI-02347,PRD-0033,tienda_norte,6,626.67,10,3760.02,yape,completada,2026-03-17 02:32:18,zona_c
VN-0003042,CLI-02238,PRD-0166,tienda_norte,5,491.34,0,2456.7,transferencia,completada,2026-03-20 03:11:37,zona_d
VN-0003043,CLI-00826,PRD-0113,tienda_norte,7,163.22,0,1142.54,tarjeta,completada,2026-01-17 01:39:09,zona_d
VN-0003044,CLI-00047,PRD-0140,tienda_norte,4,106.05,10,424.2,yape,completada,2026-03-06 01:20:51,zona_a
VN-0003045,CLI-02616,PRD-0149,tienda_norte,3,218.98,20,656.94,tarjeta,completada,2026-01-18 05:37:20,zona_a
VN-0003046,CLI-00937,PRD-0154,tienda_norte,3,45.43,5,136.29,yape,completada,2026-03-21 09:22:30,zona_d
VN-0003047,CLI-02110,PRD-0124,tienda_norte,7,146.22,15,1023.54,transferencia,completada,2026-03-23 07:46:37,zona_b
VN-0003048,CLI-00057,PRD-0026,tienda_norte,7,1165.21,0,8156.47,tarjeta,completada,2026-03-08 06:42:17,zona_d
VN-0003049,CLI-00107,PRD-0079,tienda_norte,8,291.31,0,2330.48,transferencia,devuelta,2026-01-24 12:25:02,zona_d
VN-0003050,CLI-00955,PRD-0155,tienda_norte,5,138.1,0,690.5,tarjeta,pendiente,2026-01-02 17:43:29,zona_a
VN-0003051,CLI-01460,PRD-0113,tienda_norte,7,138.74,15,971.18,tarjeta,completada,2026-03-16 00:58:12,zona_d
VN-0003052,CLI-01862,PRD-0005,tienda_norte,8,191.29,10,1530.32,transferencia,completada,2026-02-14 08:14:22,zona_d
VN-0003053,CLI-01880,PRD-0049,tienda_norte,6,890.19,15,5341.14,transferencia,completada,2026-02-27 05:23:18,zona_a
VN-0003054,CLI-02979,PRD-0057,tienda_norte,2,398.67,0,797.34,yape,completada,2026-03-03 09:52:51,zona_a
VN-0003055,CLI-01460,PRD-0046,tienda_norte,2,290.21,20,580.42,tarjeta,completada,2026-01-11 12:12:21,zona_a
VN-0003056,CLI-00081,PRD-0014,tienda_norte,8,315.58,0,2524.64,efectivo,completada,2026-03-31 00:45:11,zona_d
VN-0003057,CLI-02146,PRD-0005,tienda_norte,2,212.54,0,425.08,transferencia,completada,2026-02-24 04:31:44,zona_c
VN-0003058,CLI-01771,PRD-0187,tienda_norte,8,26.08,0,208.64,transferencia,completada,2026-01-02 21:44:39,zona_a
VN-0003059,CLI-01803,PRD-0049,tienda_norte,8,994.92,5,7959.36,transferencia,completada,2026-02-17 16:34:43,zona_b
VN-0003060,CLI-02497,PRD-0103,tienda_norte,2,338.06,10,676.12,tarjeta,completada,2026-03-07 17:16:43,zona_b
VN-0003061,CLI-00972,PRD-0179,tienda_norte,8,291.82,25,2334.56,yape,completada,2026-02-09 09:56:19,zona_c
VN-0003062,CLI-02742,PRD-0171,tienda_norte,1,29.17,5,29.17,tarjeta,devuelta,2026-02-01 09:23:21,zona_c
VN-0003063,CLI-00991,PRD-0126,tienda_norte,4,991.07,5,3964.28,tarjeta,completada,2026-02-25 14:23:51,zona_c
VN-0003064,CLI-00832,PRD-0044,tienda_norte,3,90.07,15,270.21,transferencia,completada,2026-03-19 13:57:14,zona_d
VN-0003065,CLI-02720,PRD-0087,tienda_norte,5,33.5,15,167.5,tarjeta,devuelta,2026-03-29 05:55:18,zona_a
VN-0003066,CLI-02883,PRD-0107,tienda_norte,3,52.86,0,158.58,efectivo,completada,2026-01-20 22:03:34,zona_a
VN-0003067,CLI-02316,PRD-0114,tienda_norte,4,254.22,0,1016.88,tarjeta,completada,2026-02-28 16:39:46,zona_b
VN-0003068,CLI-00267,PRD-0162,tienda_norte,5,80.44,5,402.2,transferencia,devuelta,2026-02-12 17:46:33,zona_d
VN-0003069,CLI-01347,PRD-0065,tienda_norte,2,179.58,10,359.16,efectivo,pendiente,2026-01-15 11:36:16,zona_d
VN-0003070,CLI-00311,PRD-0109,tienda_norte,3,121.06,5,363.18,tarjeta,pendiente,2026-03-11 13:32:31,zona_a
VN-0003071,CLI-00320,PRD-0120,tienda_norte,6,261.49,10,1568.94,yape,devuelta,2026-02-15 11:44:31,zona_a
VN-0003072,CLI-00976,PRD-0198,tienda_norte,8,359.6,0,2876.8,efectivo,completada,2026-02-03 12:15:23,zona_b
VN-0003073,CLI-01189,PRD-0072,tienda_norte,2,32.66,0,65.32,tarjeta,completada,2026-03-07 02:26:33,zona_a
VN-0003074,CLI-00216,PRD-0106,tienda_norte,3,198.61,15,595.83,yape,completada,2026-02-05 05:06:42,zona_a
VN-0003075,CLI-00593,PRD-0123,tienda_norte,7,38.32,5,268.24,tarjeta,completada,2026-03-09 18:49:46,zona_b
VN-0003076,CLI-01495,PRD-0028,tienda_norte,7,8.09,5,56.63,transferencia,completada,2026-01-16 12:22:01,zona_b
VN-0003077,CLI-01382,PRD-0075,tienda_norte,5,51.11,25,255.55,tarjeta,completada,2026-01-09 10:44:58,zona_b
VN-0003078,CLI-00317,PRD-0146,tienda_norte,2,64.36,25,128.72,tarjeta,completada,2026-03-02 20:47:23,zona_c
VN-0003079,CLI-01100,PRD-0065,tienda_norte,4,159.62,20,638.48,yape,completada,2026-02-24 09:04:40,zona_c
VN-0003080,CLI-02162,PRD-0146,tienda_norte,8,85.82,0,686.56,efectivo,completada,2026-03-19 14:36:22,zona_d
VN-0003081,CLI-02581,PRD-0077,tienda_norte,3,47.85,20,143.55,efectivo,completada,2026-03-24 02:33:34,zona_c
VN-0003082,CLI-00204,PRD-0172,tienda_norte,5,128.97,10,644.85,efectivo,completada,2026-02-16 15:48:53,zona_a
VN-0003083,CLI-00956,PRD-0015,tienda_norte,6,51.61,10,309.66,tarjeta,completada,2026-01-04 23:34:16,zona_d
VN-0003084,CLI-01010,PRD-0009,tienda_norte,4,44.53,5,178.12,tarjeta,completada,2026-01-30 00:38:03,zona_c
VN-0003085,CLI-02477,PRD-0121,tienda_norte,3,881.74,0,2645.22,tarjeta,completada,2026-01-29 04:21:55,zona_c
VN-0003086,CLI-02790,PRD-0087,tienda_norte,4,35.47,10,141.88,efectivo,completada,2026-01-04 12:43:32,zona_d
VN-0003087,CLI-02962,PRD-0131,tienda_norte,2,311.16,10,622.32,tarjeta,completada,2026-02-21 18:20:04,zona_d
VN-0003088,CLI-02346,PRD-0155,tienda_norte,1,110.48,20,110.48,tarjeta,completada,2026-02-01 04:02:15,zona_a
VN-0003089,CLI-01126,PRD-0130,tienda_norte,6,395.01,0,2370.06,yape,completada,2026-02-22 03:24:42,zona_d
VN-0003090,CLI-00315,PRD-0154,tienda_norte,5,43.04,10,215.2,tarjeta,completada,2026-02-22 16:49:18,zona_d
VN-0003091,CLI-01727,PRD-0021,tienda_norte,2,16.39,10,32.78,efectivo,completada,2026-03-14 03:25:28,zona_c
VN-0003092,CLI-01862,PRD-0154,tienda_norte,5,45.43,5,227.15,transferencia,completada,2026-01-22 07:58:57,zona_a
VN-0003093,CLI-02659,PRD-0127,tienda_norte,6,38.99,5,233.94,tarjeta,completada,2026-01-20 02:05:28,zona_d
VN-0003094,CLI-02158,PRD-0153,tienda_norte,4,1181.19,0,4724.76,tarjeta,devuelta,2026-03-20 01:50:31,zona_d
VN-0003095,CLI-01153,PRD-0061,tienda_norte,4,771.58,10,3086.32,tarjeta,completada,2026-01-23 21:02:05,zona_b
VN-0003096,CLI-00545,PRD-0137,tienda_norte,7,118.43,10,829.01,tarjeta,completada,2026-01-21 10:24:41,zona_b
VN-0003097,CLI-02363,PRD-0054,tienda_norte,5,88.79,10,443.95,tarjeta,devuelta,2026-03-26 23:24:24,zona_d
VN-0003098,CLI-01196,PRD-0180,tienda_norte,1,15.49,5,15.49,transferencia,completada,2026-03-08 08:13:02,zona_b
VN-0003099,CLI-01170,PRD-0124,tienda_norte,5,172.02,0,860.1,tarjeta,completada,2026-03-25 20:51:57,zona_b
VN-0003100,CLI-01186,PRD-0075,tienda_norte,1,64.73,5,64.73,efectivo,completada,2026-02-19 06:56:31,zona_b
VN-0003101,CLI-00584,PRD-0190,tienda_norte,7,213.27,10,1492.89,efectivo,completada,2026-01-19 06:50:10,zona_d
VN-0003102,CLI-02724,PRD-0094,tienda_norte,6,31.02,20,186.12,transferencia,devuelta,2026-01-06 07:17:46,zona_a
VN-0003103,CLI-02163,PRD-0016,tienda_norte,2,200.22,0,400.44,tarjeta,completada,2026-03-15 23:37:41,zona_d
VN-0003104,CLI-02298,PRD-0182,tienda_norte,1,116.18,0,116.18,efectivo,completada,2026-02-06 10:30:28,zona_c
VN-0003105,CLI-01629,PRD-0015,tienda_norte,1,51.61,10,51.61,tarjeta,completada,2026-02-06 03:00:39,zona_a
VN-0003106,CLI-01496,PRD-0002,tienda_norte,4,32.38,10,129.52,yape,completada,2026-02-05 14:34:36,zona_b
VN-0003107,CLI-00095,PRD-0054,tienda_norte,3,93.72,5,281.16,yape,completada,2026-02-02 04:23:26,zona_c
VN-0003108,CLI-01566,PRD-0181,tienda_norte,5,106.33,0,531.65,tarjeta,devuelta,2026-01-16 20:22:13,zona_d
VN-0003109,CLI-01548,PRD-0188,tienda_norte,1,84.3,20,84.3,yape,completada,2026-01-03 05:07:08,zona_c
VN-0003110,CLI-00308,PRD-0180,tienda_norte,5,14.68,10,73.4,tarjeta,completada,2026-02-16 01:51:07,zona_a
VN-0003111,CLI-00221,PRD-0147,tienda_norte,2,44.96,10,89.92,transferencia,completada,2026-01-06 09:02:20,zona_d
VN-0003112,CLI-00406,PRD-0167,tienda_norte,2,119.27,25,238.54,efectivo,devuelta,2026-02-25 23:30:52,zona_c
VN-0003113,CLI-01997,PRD-0107,tienda_norte,1,52.86,0,52.86,tarjeta,pendiente,2026-03-25 07:14:28,zona_b
VN-0003114,CLI-02276,PRD-0045,tienda_norte,8,37.15,0,297.2,tarjeta,completada,2026-02-23 07:54:41,zona_d
VN-0003115,CLI-01003,PRD-0197,tienda_norte,2,46.5,0,93.0,efectivo,completada,2026-01-27 23:40:17,zona_a
VN-0003116,CLI-01191,PRD-0122,tienda_norte,1,224.56,10,224.56,efectivo,completada,2026-02-21 17:32:47,zona_b
VN-0003117,CLI-00899,PRD-0035,tienda_norte,6,103.23,5,619.38,yape,completada,2026-03-07 12:19:43,zona_b
VN-0003118,CLI-00884,PRD-0075,tienda_norte,1,61.33,10,61.33,tarjeta,completada,2026-03-06 12:28:00,zona_c
VN-0003119,CLI-01983,PRD-0166,tienda_norte,2,417.64,15,835.28,efectivo,completada,2026-03-14 19:55:30,zona_d
VN-0003120,CLI-00790,PRD-0080,tienda_norte,4,142.71,0,570.84,transferencia,pendiente,2026-02-14 08:10:43,zona_a
VN-0003121,CLI-01860,PRD-0177,tienda_norte,3,1066.18,0,3198.54,efectivo,completada,2026-02-20 04:40:15,zona_b
VN-0003122,CLI-01692,PRD-0162,tienda_norte,5,63.5,25,317.5,yape,devuelta,2026-01-02 12:20:10,zona_d
VN-0003123,CLI-01693,PRD-0007,tienda_norte,1,19.86,0,19.86,tarjeta,completada,2026-02-16 21:27:30,zona_a
VN-0003124,CLI-00465,PRD-0131,tienda_norte,1,345.73,0,345.73,tarjeta,completada,2026-02-17 03:59:40,zona_b
VN-0003125,CLI-01396,PRD-0144,tienda_norte,6,66.37,15,398.22,yape,completada,2026-01-02 14:51:20,zona_c
VN-0003126,CLI-02800,PRD-0008,tienda_norte,2,1051.93,5,2103.86,tarjeta,completada,2026-02-14 08:00:20,zona_c
VN-0003127,CLI-01777,PRD-0138,tienda_norte,8,124.27,15,994.16,efectivo,completada,2026-02-17 12:01:37,zona_b
VN-0003128,CLI-02920,PRD-0163,tienda_norte,3,78.75,15,236.25,yape,completada,2026-03-16 11:56:24,zona_b
VN-0003129,CLI-02428,PRD-0104,tienda_norte,7,195.93,0,1371.51,efectivo,completada,2026-03-17 19:07:53,zona_c
VN-0003130,CLI-01103,PRD-0034,tienda_norte,8,104.06,0,832.48,transferencia,completada,2026-03-07 15:18:19,zona_a
VN-0003131,CLI-00480,PRD-0143,tienda_norte,5,20.15,10,100.75,tarjeta,completada,2026-01-11 14:27:16,zona_d
VN-0003132,CLI-02607,PRD-0157,tienda_norte,7,215.39,20,1507.73,yape,completada,2026-02-11 15:30:14,zona_b
VN-0003133,CLI-01813,PRD-0090,tienda_norte,4,12.01,0,48.04,transferencia,completada,2026-02-15 16:35:25,zona_b
VN-0003134,CLI-01190,PRD-0033,tienda_norte,6,696.3,0,4177.8,yape,completada,2026-02-14 15:56:25,zona_d
VN-0003135,CLI-00620,PRD-0074,tienda_norte,1,85.2,15,85.2,tarjeta,completada,2026-03-25 16:07:16,zona_a
VN-0003136,CLI-00965,PRD-0131,tienda_norte,4,311.16,10,1244.64,yape,completada,2026-01-10 04:34:58,zona_b
VN-0003137,CLI-02838,PRD-0039,tienda_norte,1,54.97,10,54.97,transferencia,completada,2026-01-30 08:20:02,zona_d
VN-0003138,CLI-02510,PRD-0115,tienda_norte,3,1144.16,0,3432.48,tarjeta,completada,2026-01-07 17:27:09,zona_b
VN-0003139,CLI-02886,PRD-0023,tienda_norte,6,51.83,20,310.98,efectivo,completada,2026-02-23 20:01:59,zona_b
VN-0003140,CLI-00827,PRD-0170,tienda_norte,5,111.76,0,558.8,yape,completada,2026-03-30 19:51:23,zona_c
VN-0003141,CLI-02781,PRD-0186,tienda_norte,3,64.74,15,194.22,yape,completada,2026-01-08 16:59:47,zona_c
VN-0003142,CLI-01298,PRD-0032,tienda_norte,3,119.2,10,357.6,yape,completada,2026-01-12 15:26:01,zona_d
VN-0003143,CLI-02841,PRD-0009,tienda_norte,2,46.87,0,93.74,efectivo,completada,2026-03-27 13:51:42,zona_c
VN-0003144,CLI-02594,PRD-0045,tienda_norte,7,31.58,15,221.06,tarjeta,completada,2026-03-18 16:23:35,zona_c
VN-0003145,CLI-02810,PRD-0028,tienda_norte,5,8.52,0,42.6,tarjeta,completada,2026-01-20 02:54:39,zona_c
VN-0003146,CLI-02193,PRD-0197,tienda_norte,7,44.17,5,309.19,tarjeta,completada,2026-02-22 07:25:09,zona_c
VN-0003147,CLI-01103,PRD-0085,tienda_norte,8,99.58,15,796.64,tarjeta,devuelta,2026-02-21 13:42:42,zona_d
VN-0003148,CLI-01115,PRD-0142,tienda_norte,7,109.14,10,763.98,yape,completada,2026-03-11 13:11:15,zona_c
VN-0003149,CLI-02139,PRD-0108,tienda_norte,6,111.46,20,668.76,tarjeta,completada,2026-01-10 18:33:13,zona_b
VN-0003150,CLI-01430,PRD-0096,tienda_norte,2,58.57,25,117.14,yape,completada,2026-01-26 13:35:17,zona_c
VN-0003151,CLI-02106,PRD-0127,tienda_norte,3,41.04,0,123.12,efectivo,completada,2026-01-23 01:10:46,zona_a
VN-0003152,CLI-01256,PRD-0076,tienda_norte,1,122.3,10,122.3,transferencia,completada,2026-01-24 17:08:16,zona_b
VN-0003153,CLI-00565,PRD-0041,tienda_norte,3,170.99,0,512.97,tarjeta,devuelta,2026-03-13 18:05:05,zona_d
VN-0003154,CLI-02165,PRD-0172,tienda_norte,8,143.3,0,1146.4,yape,completada,2026-02-21 20:21:26,zona_b
VN-0003155,CLI-02377,PRD-0185,tienda_norte,8,169.81,5,1358.48,tarjeta,completada,2026-01-21 19:12:02,zona_c
VN-0003156,CLI-00932,PRD-0072,tienda_norte,4,32.66,0,130.64,tarjeta,completada,2026-01-16 14:00:10,zona_c
VN-0003157,CLI-00639,PRD-0109,tienda_norte,8,127.43,0,1019.44,efectivo,completada,2026-01-12 07:47:47,zona_d
VN-0003158,CLI-01098,PRD-0162,tienda_norte,2,84.67,0,169.34,tarjeta,completada,2026-01-25 01:28:36,zona_d
VN-0003159,CLI-00394,PRD-0150,tienda_norte,4,697.19,15,2788.76,transferencia,completada,2026-02-08 21:50:39,zona_d
VN-0003160,CLI-01590,PRD-0117,tienda_norte,7,146.98,5,1028.86,tarjeta,completada,2026-02-02 20:33:22,zona_d
VN-0003161,CLI-01182,PRD-0008,tienda_norte,7,941.2,15,6588.4,tarjeta,completada,2026-03-22 11:08:28,zona_c
VN-0003162,CLI-00938,PRD-0088,tienda_norte,5,66.62,0,333.1,yape,completada,2026-02-28 16:10:45,zona_a
VN-0003163,CLI-00372,PRD-0105,tienda_norte,1,74.64,5,74.64,tarjeta,completada,2026-01-25 15:21:51,zona_a
VN-0003164,CLI-01585,PRD-0131,tienda_norte,7,311.16,10,2178.12,tarjeta,completada,2026-03-14 12:17:36,zona_a
VN-0003165,CLI-02936,PRD-0068,tienda_norte,1,158.32,5,158.32,yape,completada,2026-03-10 21:23:53,zona_c
VN-0003166,CLI-01763,PRD-0107,tienda_norte,3,50.22,5,150.66,tarjeta,completada,2026-02-10 19:50:15,zona_a
VN-0003167,CLI-00779,PRD-0106,tienda_norte,1,233.66,0,233.66,tarjeta,pendiente,2026-02-19 18:30:39,zona_c
VN-0003168,CLI-00743,PRD-0020,tienda_norte,7,308.84,5,2161.88,yape,completada,2026-02-18 15:22:27,zona_d
VN-0003169,CLI-01570,PRD-0135,tienda_norte,5,117.62,5,588.1,tarjeta,completada,2026-01-10 09:49:47,zona_b
VN-0003170,CLI-02123,PRD-0032,tienda_norte,6,132.44,0,794.64,tarjeta,completada,2026-01-08 16:18:56,zona_c
VN-0003171,CLI-02216,PRD-0033,tienda_norte,7,626.67,10,4386.69,tarjeta,devuelta,2026-02-24 07:55:01,zona_a
VN-0003172,CLI-01753,PRD-0119,tienda_norte,2,170.18,0,340.36,yape,completada,2026-03-18 16:22:18,zona_b
VN-0003173,CLI-01749,PRD-0080,tienda_norte,8,142.71,0,1141.68,yape,completada,2026-02-25 01:04:13,zona_b
VN-0003174,CLI-02555,PRD-0068,tienda_norte,2,166.65,0,333.3,yape,completada,2026-03-01 19:14:44,zona_a
VN-0003175,CLI-00250,PRD-0125,tienda_norte,7,313.28,0,2192.96,yape,completada,2026-02-19 05:27:12,zona_c
VN-0003176,CLI-01856,PRD-0041,tienda_norte,5,170.99,0,854.95,tarjeta,devuelta,2026-03-26 22:15:12,zona_c
VN-0003177,CLI-02005,PRD-0066,tienda_norte,1,819.09,0,819.09,yape,completada,2026-03-20 05:04:14,zona_d
VN-0003178,CLI-01344,PRD-0165,tienda_norte,8,913.18,0,7305.44,efectivo,completada,2026-02-03 23:52:37,zona_d
VN-0003179,CLI-02803,PRD-0153,tienda_norte,1,1122.13,5,1122.13,transferencia,completada,2026-02-10 04:30:31,zona_a
VN-0003180,CLI-01780,PRD-0140,tienda_norte,8,106.05,10,848.4,tarjeta,completada,2026-02-23 07:07:26,zona_d
VN-0003181,CLI-01082,PRD-0036,tienda_norte,2,38.79,10,77.58,tarjeta,pendiente,2026-01-16 15:42:23,zona_b
VN-0003182,CLI-02631,PRD-0103,tienda_norte,8,375.62,0,3004.96,efectivo,completada,2026-03-19 18:25:37,zona_c
VN-0003183,CLI-00150,PRD-0170,tienda_norte,4,111.76,0,447.04,efectivo,completada,2026-01-08 20:54:47,zona_b
VN-0003184,CLI-00459,PRD-0003,tienda_norte,8,141.2,20,1129.6,tarjeta,completada,2026-01-26 02:43:14,zona_a
VN-0003185,CLI-00243,PRD-0009,tienda_norte,3,42.18,10,126.54,efectivo,completada,2026-01-27 12:18:16,zona_b
VN-0003186,CLI-01848,PRD-0046,tienda_norte,1,362.76,0,362.76,tarjeta,completada,2026-03-24 03:42:05,zona_c
VN-0003187,CLI-01432,PRD-0120,tienda_norte,6,290.54,0,1743.24,tarjeta,completada,2026-02-15 18:58:33,zona_d
VN-0003188,CLI-02355,PRD-0050,tienda_norte,4,10.2,10,40.8,efectivo,completada,2026-03-29 20:44:32,zona_b
VN-0003189,CLI-02619,PRD-0150,tienda_norte,8,779.21,5,6233.68,yape,completada,2026-01-27 04:35:11,zona_a
VN-0003190,CLI-01387,PRD-0092,tienda_norte,2,1162.25,0,2324.5,tarjeta,completada,2026-01-20 06:09:10,zona_a
VN-0003191,CLI-02205,PRD-0143,tienda_norte,7,20.15,10,141.05,tarjeta,completada,2026-03-02 11:05:47,zona_b
VN-0003192,CLI-02571,PRD-0110,tienda_norte,2,208.82,0,417.64,transferencia,devuelta,2026-03-12 16:31:11,zona_a
VN-0003193,CLI-02196,PRD-0171,tienda_norte,3,29.17,5,87.51,yape,devuelta,2026-02-24 02:51:34,zona_d
VN-0003194,CLI-01190,PRD-0047,tienda_norte,3,243.07,0,729.21,tarjeta,completada,2026-01-17 22:22:52,zona_d
VN-0003195,CLI-02830,PRD-0053,tienda_norte,3,5.18,0,15.54,efectivo,completada,2026-03-18 03:28:35,zona_a
VN-0003196,CLI-01014,PRD-0086,tienda_norte,5,14.96,15,74.8,tarjeta,completada,2026-01-15 06:00:08,zona_d
VN-0003197,CLI-00404,PRD-0109,tienda_norte,8,127.43,0,1019.44,efectivo,completada,2026-03-17 03:16:58,zona_c
VN-0003198,CLI-02543,PRD-0013,tienda_norte,5,414.69,10,2073.45,transferencia,completada,2026-02-10 17:03:39,zona_c
VN-0003199,CLI-00523,PRD-0124,tienda_norte,7,172.02,0,1204.14,transferencia,completada,2026-02-15 04:29:58,zona_b
VN-0003200,CLI-01046,PRD-0127,tienda_norte,3,41.04,0,123.12,tarjeta,completada,2026-01-16 15:02:35,zona_d
VN-0003201,CLI-02908,PRD-0014,tienda_norte,2,315.58,0,631.16,efectivo,pendiente,2026-03-27 22:03:06,zona_a
VN-0003202,CLI-02884,PRD-0064,tienda_norte,3,45.18,20,135.54,transferencia,completada,2026-02-09 07:23:01,zona_b
VN-0003203,CLI-02742,PRD-0084,tienda_norte,5,105.57,5,527.85,tarjeta,completada,2026-01-22 01:20:02,zona_a
VN-0003204,CLI-01156,PRD-0144,tienda_norte,4,70.27,10,281.08,yape,completada,2026-03-20 13:22:10,zona_c
VN-0003205,CLI-00619,PRD-0083,tienda_norte,8,83.45,10,667.6,tarjeta,devuelta,2026-03-17 00:54:09,zona_b
VN-0003206,CLI-01663,PRD-0130,tienda_norte,4,355.51,10,1422.04,tarjeta,completada,2026-03-04 19:09:12,zona_a
VN-0003207,CLI-02013,PRD-0104,tienda_norte,2,195.93,0,391.86,efectivo,devuelta,2026-01-08 23:47:45,zona_b
VN-0003208,CLI-02449,PRD-0046,tienda_norte,1,362.76,0,362.76,tarjeta,pendiente,2026-02-05 22:30:05,zona_b
VN-0003209,CLI-00037,PRD-0092,tienda_norte,2,1046.03,10,2092.06,tarjeta,completada,2026-02-22 07:07:56,zona_a
VN-0003210,CLI-01694,PRD-0158,tienda_norte,4,218.54,5,874.16,tarjeta,completada,2026-03-11 15:40:19,zona_d
VN-0003211,CLI-00360,PRD-0161,tienda_norte,3,33.75,0,101.25,yape,completada,2026-02-20 10:59:13,zona_c
VN-0003212,CLI-00026,PRD-0113,tienda_norte,6,163.22,0,979.32,yape,completada,2026-03-20 04:28:01,zona_d
VN-0003213,CLI-01389,PRD-0103,tienda_norte,7,281.72,25,1972.04,efectivo,completada,2026-02-15 18:37:31,zona_d
VN-0003214,CLI-00648,PRD-0185,tienda_norte,8,178.75,0,1430.0,tarjeta,completada,2026-02-01 09:32:35,zona_d
VN-0003215,CLI-02485,PRD-0115,tienda_norte,7,1144.16,0,8009.12,efectivo,completada,2026-03-16 11:14:06,zona_b
VN-0003216,CLI-01646,PRD-0034,tienda_norte,2,88.45,15,176.9,yape,completada,2026-01-28 05:49:32,zona_d
VN-0003217,CLI-00020,PRD-0016,tienda_norte,4,160.18,20,640.72,tarjeta,completada,2026-01-26 08:26:33,zona_c
VN-0003218,CLI-02718,PRD-0005,tienda_norte,1,201.91,5,201.91,tarjeta,completada,2026-02-18 16:13:14,zona_d
VN-0003219,CLI-00394,PRD-0060,tienda_norte,4,139.14,0,556.56,efectivo,completada,2026-02-26 00:55:54,zona_d
VN-0003220,CLI-02866,PRD-0136,tienda_norte,1,88.23,15,88.23,tarjeta,completada,2026-01-26 14:23:16,zona_c
VN-0003221,CLI-01764,PRD-0069,tienda_norte,5,55.23,0,276.15,efectivo,completada,2026-03-20 20:54:08,zona_b
VN-0003222,CLI-00061,PRD-0128,tienda_norte,1,50.61,0,50.61,yape,completada,2026-01-05 01:25:59,zona_b
VN-0003223,CLI-00130,PRD-0103,tienda_norte,6,319.28,15,1915.68,tarjeta,completada,2026-03-16 05:59:56,zona_b
VN-0003224,CLI-02918,PRD-0005,tienda_norte,4,201.91,5,807.64,tarjeta,completada,2026-03-02 13:24:47,zona_d
VN-0003225,CLI-00685,PRD-0197,tienda_norte,6,46.5,0,279.0,yape,completada,2026-02-03 22:57:04,zona_b
VN-0003226,CLI-02944,PRD-0113,tienda_norte,1,163.22,0,163.22,efectivo,completada,2026-02-14 00:04:14,zona_a
VN-0003227,CLI-02359,PRD-0085,tienda_norte,8,117.15,0,937.2,tarjeta,completada,2026-02-22 16:02:52,zona_a
VN-0003228,CLI-01727,PRD-0143,tienda_norte,5,20.15,10,100.75,tarjeta,completada,2026-03-06 22:22:09,zona_a
VN-0003229,CLI-00741,PRD-0013,tienda_norte,1,460.77,0,460.77,tarjeta,pendiente,2026-03-27 23:50:28,zona_d
VN-0003230,CLI-02183,PRD-0154,tienda_norte,5,43.04,10,215.2,tarjeta,completada,2026-01-04 16:04:03,zona_a
VN-0003231,CLI-02089,PRD-0103,tienda_norte,7,375.62,0,2629.34,tarjeta,completada,2026-01-05 02:18:43,zona_b
VN-0003232,CLI-01059,PRD-0098,tienda_norte,3,793.19,0,2379.57,efectivo,completada,2026-01-31 04:03:13,zona_c
VN-0003233,CLI-02761,PRD-0029,tienda_norte,3,100.57,0,301.71,yape,completada,2026-02-16 21:40:06,zona_d
VN-0003234,CLI-00471,PRD-0167,tienda_norte,4,159.02,0,636.08,efectivo,completada,2026-01-23 10:03:29,zona_d
VN-0003235,CLI-02730,PRD-0005,tienda_norte,5,191.29,10,956.45,yape,completada,2026-03-13 06:36:37,zona_b
VN-0003236,CLI-00449,PRD-0118,tienda_norte,2,42.58,20,85.16,tarjeta,completada,2026-03-23 08:56:17,zona_d
VN-0003237,CLI-00416,PRD-0033,tienda_norte,7,696.3,0,4874.1,tarjeta,completada,2026-03-12 17:31:35,zona_c
VN-0003238,CLI-00137,PRD-0107,tienda_norte,6,52.86,0,317.16,efectivo,devuelta,2026-02-26 13:16:07,zona_d
VN-0003239,CLI-02099,PRD-0045,tienda_norte,5,37.15,0,185.75,tarjeta,completada,2026-01-24 23:39:10,zona_c
VN-0003240,CLI-02946,PRD-0183,tienda_norte,3,45.73,0,137.19,efectivo,completada,2026-03-12 23:46:20,zona_a
VN-0003241,CLI-00668,PRD-0148,tienda_norte,1,154.04,0,154.04,yape,completada,2026-01-13 04:28:33,zona_b
VN-0003242,CLI-00487,PRD-0170,tienda_norte,1,89.41,20,89.41,yape,completada,2026-03-08 08:12:38,zona_c
VN-0003243,CLI-02657,PRD-0146,tienda_norte,6,85.82,0,514.92,efectivo,completada,2026-01-09 01:29:22,zona_a
VN-0003244,CLI-00992,PRD-0111,tienda_norte,1,70.18,5,70.18,tarjeta,pendiente,2026-01-20 09:01:07,zona_c
VN-0003245,CLI-01018,PRD-0192,tienda_norte,7,79.1,15,553.7,tarjeta,completada,2026-01-23 15:36:57,zona_c
VN-0003246,CLI-00004,PRD-0172,tienda_norte,6,136.13,5,816.78,efectivo,completada,2026-01-16 16:06:56,zona_d
VN-0003247,CLI-01980,PRD-0030,tienda_norte,3,197.47,20,592.41,yape,completada,2026-02-04 07:15:35,zona_d
VN-0003248,CLI-02790,PRD-0197,tienda_norte,7,39.52,15,276.64,yape,completada,2026-03-08 07:22:25,zona_d
VN-0003249,CLI-01579,PRD-0031,tienda_norte,3,279.72,10,839.16,efectivo,completada,2026-01-14 00:15:07,zona_b
VN-0003250,CLI-02998,PRD-0077,tienda_norte,8,53.83,10,430.64,efectivo,completada,2026-01-18 04:05:53,zona_b
VN-0003251,CLI-01925,PRD-0112,tienda_norte,1,288.27,0,288.27,yape,completada,2026-01-01 14:14:39,zona_a
VN-0003252,CLI-01127,PRD-0149,tienda_norte,2,273.72,0,547.44,efectivo,completada,2026-02-28 05:35:12,zona_a
VN-0003253,CLI-00160,PRD-0015,tienda_norte,2,54.47,5,108.94,tarjeta,completada,2026-02-07 20:07:06,zona_b
VN-0003254,CLI-01511,PRD-0050,tienda_norte,5,10.76,5,53.8,efectivo,completada,2026-02-28 00:33:31,zona_c
VN-0003255,CLI-02621,PRD-0010,tienda_norte,2,147.48,0,294.96,tarjeta,devuelta,2026-01-25 06:17:23,zona_a
VN-0003256,CLI-00823,PRD-0034,tienda_norte,4,104.06,0,416.24,efectivo,completada,2026-02-12 13:24:11,zona_a
VN-0003257,CLI-01619,PRD-0036,tienda_norte,7,38.79,10,271.53,efectivo,completada,2026-02-08 07:24:49,zona_c
VN-0003258,CLI-02206,PRD-0115,tienda_norte,6,1086.95,5,6521.7,yape,completada,2026-02-23 12:30:49,zona_c
VN-0003259,CLI-01279,PRD-0001,tienda_norte,6,342.28,10,2053.68,tarjeta,completada,2026-03-06 11:13:51,zona_d
VN-0003260,CLI-02263,PRD-0190,tienda_norte,4,189.58,20,758.32,efectivo,completada,2026-02-02 09:39:06,zona_b
VN-0003261,CLI-00813,PRD-0112,tienda_norte,2,273.86,5,547.72,yape,completada,2026-02-02 01:33:07,zona_b
VN-0003262,CLI-02105,PRD-0171,tienda_norte,1,23.03,25,23.03,yape,completada,2026-03-26 03:52:49,zona_d
VN-0003263,CLI-02672,PRD-0167,tienda_norte,2,159.02,0,318.04,yape,completada,2026-02-22 08:07:59,zona_b
VN-0003264,CLI-01987,PRD-0148,tienda_norte,3,154.04,0,462.12,efectivo,completada,2026-02-05 21:56:12,zona_b
VN-0003265,CLI-00998,PRD-0039,tienda_norte,5,45.81,25,229.05,tarjeta,completada,2026-01-24 03:33:55,zona_b
VN-0003266,CLI-01764,PRD-0070,tienda_norte,4,508.33,0,2033.32,transferencia,completada,2026-03-09 16:35:08,zona_b
VN-0003267,CLI-00427,PRD-0082,tienda_norte,5,272.79,10,1363.95,tarjeta,completada,2026-03-01 18:15:03,zona_a
VN-0003268,CLI-00892,PRD-0144,tienda_norte,2,78.08,0,156.16,tarjeta,completada,2026-02-18 00:37:29,zona_d
VN-0003269,CLI-02672,PRD-0175,tienda_norte,3,59.58,20,178.74,tarjeta,completada,2026-03-04 03:02:58,zona_b
VN-0003270,CLI-00263,PRD-0091,tienda_norte,5,39.85,20,199.25,yape,completada,2026-03-08 19:51:25,zona_c
VN-0003271,CLI-02695,PRD-0050,tienda_norte,8,9.63,15,77.04,efectivo,completada,2026-01-14 19:04:27,zona_b
VN-0003272,CLI-01510,PRD-0044,tienda_norte,3,100.66,5,301.98,yape,completada,2026-01-23 13:41:23,zona_b
VN-0003273,CLI-01939,PRD-0102,tienda_norte,7,70.94,5,496.58,tarjeta,completada,2026-02-02 07:56:49,zona_d
VN-0003274,CLI-02067,PRD-0072,tienda_norte,2,24.49,25,48.98,efectivo,completada,2026-02-17 09:23:10,zona_b
VN-0003275,CLI-00480,PRD-0139,tienda_norte,1,14.93,20,14.93,yape,completada,2026-01-09 23:08:10,zona_a
VN-0003276,CLI-01207,PRD-0083,tienda_norte,8,92.72,0,741.76,tarjeta,completada,2026-03-08 10:16:38,zona_c
VN-0003277,CLI-00602,PRD-0157,tienda_norte,4,215.39,20,861.56,efectivo,completada,2026-02-11 07:42:48,zona_a
VN-0003278,CLI-00018,PRD-0006,tienda_norte,4,375.74,5,1502.96,yape,devuelta,2026-02-01 07:05:25,zona_c
VN-0003279,CLI-01611,PRD-0180,tienda_norte,8,14.68,10,117.44,transferencia,completada,2026-03-13 02:36:00,zona_b
VN-0003280,CLI-02436,PRD-0013,tienda_norte,8,460.77,0,3686.16,yape,pendiente,2026-03-25 01:25:15,zona_d
VN-0003281,CLI-01084,PRD-0173,tienda_norte,8,158.88,10,1271.04,yape,completada,2026-03-02 10:28:48,zona_d
VN-0003282,CLI-00004,PRD-0035,tienda_norte,3,108.66,0,325.98,tarjeta,completada,2026-01-24 23:07:32,zona_b
VN-0003283,CLI-00088,PRD-0122,tienda_norte,3,249.51,0,748.53,transferencia,completada,2026-01-06 10:06:34,zona_d
VN-0003284,CLI-02633,PRD-0110,tienda_norte,7,208.82,0,1461.74,tarjeta,completada,2026-01-27 16:30:37,zona_d
VN-0003285,CLI-01453,PRD-0021,tienda_norte,8,14.57,20,116.56,efectivo,completada,2026-02-08 05:18:55,zona_c
VN-0003286,CLI-00831,PRD-0130,tienda_norte,2,375.26,5,750.52,yape,pendiente,2026-03-03 21:37:03,zona_d
VN-0003287,CLI-01012,PRD-0089,tienda_norte,7,65.5,5,458.5,transferencia,completada,2026-01-04 12:23:11,zona_d
VN-0003288,CLI-02733,PRD-0012,tienda_norte,5,123.3,20,616.5,efectivo,completada,2026-03-01 22:18:41,zona_a
VN-0003289,CLI-00919,PRD-0083,tienda_norte,4,83.45,10,333.8,tarjeta,completada,2026-01-25 09:51:35,zona_a
VN-0003290,CLI-02407,PRD-0018,tienda_norte,3,136.05,5,408.15,efectivo,completada,2026-02-18 08:25:30,zona_c
VN-0003291,CLI-02375,PRD-0103,tienda_norte,5,375.62,0,1878.1,efectivo,completada,2026-02-21 20:56:38,zona_c
VN-0003292,CLI-01901,PRD-0067,tienda_norte,8,101.45,0,811.6,efectivo,completada,2026-03-19 06:56:05,zona_a
VN-0003293,CLI-01395,PRD-0143,tienda_norte,1,21.27,5,21.27,tarjeta,completada,2026-01-28 04:04:07,zona_d
VN-0003294,CLI-02753,PRD-0021,tienda_norte,4,16.39,10,65.56,efectivo,completada,2026-02-17 20:59:06,zona_b
VN-0003295,CLI-00149,PRD-0143,tienda_norte,5,17.91,20,89.55,efectivo,completada,2026-02-14 10:51:38,zona_d
VN-0003296,CLI-00950,PRD-0104,tienda_norte,2,186.13,5,372.26,transferencia,completada,2026-03-29 10:43:23,zona_a
VN-0003297,CLI-01021,PRD-0100,tienda_norte,3,362.73,0,1088.19,yape,completada,2026-02-20 20:46:42,zona_a
VN-0003298,CLI-00217,PRD-0119,tienda_norte,5,170.18,0,850.9,tarjeta,completada,2026-01-02 17:04:34,zona_a
VN-0003299,CLI-00890,PRD-0171,tienda_norte,2,30.71,0,61.42,tarjeta,completada,2026-01-22 10:13:55,zona_c
VN-0003300,CLI-00763,PRD-0074,tienda_norte,5,100.23,0,501.15,efectivo,completada,2026-03-22 05:44:16,zona_b
VN-0003301,CLI-01971,PRD-0192,tienda_norte,3,74.45,20,223.35,transferencia,completada,2026-02-10 09:50:16,zona_d
VN-0003302,CLI-02852,PRD-0091,tienda_norte,6,39.85,20,239.1,yape,devuelta,2026-03-16 05:59:33,zona_c
VN-0003303,CLI-01551,PRD-0040,tienda_norte,2,171.54,0,343.08,yape,completada,2026-02-15 00:22:53,zona_d
VN-0003304,CLI-01553,PRD-0069,tienda_norte,7,55.23,0,386.61,yape,completada,2026-01-10 10:34:40,zona_d
VN-0003305,CLI-01007,PRD-0080,tienda_norte,4,142.71,0,570.84,yape,completada,2026-03-15 21:20:02,zona_a
VN-0003306,CLI-00654,PRD-0154,tienda_norte,8,40.65,15,325.2,transferencia,completada,2026-03-10 03:20:02,zona_a
VN-0003307,CLI-00422,PRD-0122,tienda_norte,5,199.61,20,998.05,yape,completada,2026-01-24 04:03:18,zona_d
VN-0003308,CLI-01192,PRD-0151,tienda_norte,8,153.64,0,1229.12,transferencia,completada,2026-01-03 16:35:21,zona_a
VN-0003309,CLI-00653,PRD-0082,tienda_norte,3,272.79,10,818.37,transferencia,completada,2026-02-10 10:22:27,zona_b
VN-0003310,CLI-02790,PRD-0055,tienda_norte,7,16.23,20,113.61,efectivo,completada,2026-01-11 08:07:34,zona_b
VN-0003311,CLI-02505,PRD-0197,tienda_norte,3,44.17,5,132.51,tarjeta,completada,2026-01-18 21:32:51,zona_c
VN-0003312,CLI-02313,PRD-0129,tienda_norte,6,84.96,15,509.76,yape,completada,2026-01-09 17:32:08,zona_a
VN-0003313,CLI-02322,PRD-0150,tienda_norte,4,615.16,25,2460.64,yape,completada,2026-02-24 07:41:47,zona_a
VN-0003314,CLI-02022,PRD-0164,tienda_norte,2,339.59,0,679.18,efectivo,completada,2026-02-19 01:28:39,zona_c
VN-0003315,CLI-02468,PRD-0010,tienda_norte,1,140.11,5,140.11,efectivo,completada,2026-02-02 02:26:50,zona_b
VN-0003316,CLI-02494,PRD-0199,tienda_norte,7,375.09,0,2625.63,efectivo,completada,2026-03-12 18:39:03,zona_c
VN-0003317,CLI-00597,PRD-0040,tienda_norte,7,137.23,20,960.61,tarjeta,pendiente,2026-01-05 21:20:31,zona_b
VN-0003318,CLI-01913,PRD-0187,tienda_norte,4,20.86,20,83.44,tarjeta,completada,2026-02-22 22:15:39,zona_c
VN-0003319,CLI-02030,PRD-0173,tienda_norte,8,176.53,0,1412.24,yape,completada,2026-03-21 14:15:19,zona_c
VN-0003320,CLI-02033,PRD-0010,tienda_norte,4,132.73,10,530.92,efectivo,completada,2026-02-05 02:45:08,zona_c
VN-0003321,CLI-01262,PRD-0170,tienda_norte,2,106.17,5,212.34,tarjeta,completada,2026-01-24 15:58:28,zona_c
VN-0003322,CLI-00114,PRD-0061,tienda_norte,2,857.31,0,1714.62,transferencia,completada,2026-02-17 08:35:53,zona_d
VN-0003323,CLI-02903,PRD-0132,tienda_norte,1,658.28,0,658.28,tarjeta,completada,2026-01-08 05:33:11,zona_d
VN-0003324,CLI-01511,PRD-0121,tienda_norte,6,661.31,25,3967.86,tarjeta,completada,2026-01-19 19:13:29,zona_d
VN-0003325,CLI-00539,PRD-0133,tienda_norte,3,96.84,0,290.52,tarjeta,completada,2026-01-23 03:14:44,zona_c
VN-0003326,CLI-02339,PRD-0154,tienda_norte,4,40.65,15,162.6,tarjeta,completada,2026-01-15 05:07:32,zona_a
VN-0003327,CLI-01554,PRD-0129,tienda_norte,4,94.95,5,379.8,yape,completada,2026-01-14 00:21:13,zona_c
VN-0003328,CLI-00818,PRD-0129,tienda_norte,2,99.95,0,199.9,tarjeta,completada,2026-02-03 20:48:41,zona_c
VN-0003329,CLI-01047,PRD-0191,tienda_norte,4,164.85,5,659.4,tarjeta,devuelta,2026-02-06 03:32:44,zona_a
VN-0003330,CLI-02573,PRD-0166,tienda_norte,5,491.34,0,2456.7,tarjeta,completada,2026-02-10 05:34:31,zona_b
VN-0003331,CLI-00741,PRD-0160,tienda_norte,1,44.59,5,44.59,transferencia,completada,2026-01-28 09:02:58,zona_c
VN-0003332,CLI-02048,PRD-0147,tienda_norte,1,49.96,0,49.96,tarjeta,devuelta,2026-01-26 23:54:08,zona_a
VN-0003333,CLI-00198,PRD-0105,tienda_norte,1,66.78,15,66.78,yape,completada,2026-02-07 00:12:18,zona_b
VN-0003334,CLI-01999,PRD-0174,tienda_norte,2,285.09,10,570.18,tarjeta,completada,2026-01-06 19:40:28,zona_c
VN-0003335,CLI-01433,PRD-0145,tienda_norte,2,340.64,0,681.28,tarjeta,completada,2026-03-18 12:06:08,zona_c
VN-0003336,CLI-01856,PRD-0149,tienda_norte,6,246.35,10,1478.1,yape,completada,2026-02-13 14:16:49,zona_a
VN-0003337,CLI-01665,PRD-0069,tienda_norte,7,55.23,0,386.61,efectivo,completada,2026-03-02 09:42:18,zona_b
VN-0003338,CLI-02451,PRD-0143,tienda_norte,3,20.15,10,60.45,yape,completada,2026-03-09 01:26:18,zona_c
VN-0003339,CLI-00502,PRD-0022,tienda_norte,1,64.46,0,64.46,transferencia,completada,2026-02-14 13:03:08,zona_a
VN-0003340,CLI-01423,PRD-0039,tienda_norte,1,48.86,20,48.86,transferencia,completada,2026-03-22 08:17:29,zona_a
VN-0003341,CLI-01079,PRD-0072,tienda_norte,1,31.03,5,31.03,tarjeta,completada,2026-02-26 07:16:44,zona_a
VN-0003342,CLI-01077,PRD-0052,tienda_norte,3,313.06,20,939.18,yape,completada,2026-01-10 01:06:55,zona_d
VN-0003343,CLI-00531,PRD-0081,tienda_norte,5,115.75,0,578.75,tarjeta,completada,2026-03-30 05:41:57,zona_a
VN-0003344,CLI-02950,PRD-0103,tienda_norte,1,281.72,25,281.72,tarjeta,completada,2026-03-26 17:32:04,zona_c
VN-0003345,CLI-01870,PRD-0021,tienda_norte,4,16.39,10,65.56,efectivo,completada,2026-02-28 11:01:39,zona_d
VN-0003346,CLI-00612,PRD-0027,tienda_norte,4,29.13,5,116.52,tarjeta,devuelta,2026-01-15 15:01:28,zona_c
VN-0003347,CLI-01224,PRD-0090,tienda_norte,1,9.01,25,9.01,efectivo,completada,2026-03-08 13:46:05,zona_d
VN-0003348,CLI-00998,PRD-0042,tienda_norte,3,68.51,10,205.53,yape,completada,2026-03-22 07:24:50,zona_a
VN-0003349,CLI-00390,PRD-0063,tienda_norte,6,183.55,15,1101.3,efectivo,completada,2026-02-12 06:17:14,zona_a
VN-0003350,CLI-01721,PRD-0194,tienda_norte,6,175.92,0,1055.52,yape,completada,2026-02-02 10:37:44,zona_d
VN-0003351,CLI-00731,PRD-0119,tienda_norte,7,144.65,15,1012.55,yape,completada,2026-03-13 00:54:25,zona_c
VN-0003352,CLI-00300,PRD-0198,tienda_norte,1,359.6,0,359.6,efectivo,completada,2026-03-28 17:39:14,zona_a
VN-0003353,CLI-01721,PRD-0057,tienda_norte,8,338.87,15,2710.96,transferencia,completada,2026-02-05 20:07:13,zona_a
VN-0003354,CLI-02329,PRD-0135,tienda_norte,6,117.62,5,705.72,yape,completada,2026-03-14 10:41:29,zona_d
VN-0003355,CLI-02070,PRD-0015,tienda_norte,8,48.74,15,389.92,transferencia,completada,2026-01-12 10:54:28,zona_d
VN-0003356,CLI-00127,PRD-0120,tienda_norte,5,290.54,0,1452.7,transferencia,completada,2026-01-24 17:05:48,zona_c
VN-0003357,CLI-00034,PRD-0115,tienda_norte,4,1144.16,0,4576.64,tarjeta,completada,2026-03-28 18:35:16,zona_d
VN-0003358,CLI-01736,PRD-0073,tienda_norte,4,68.02,0,272.08,tarjeta,completada,2026-03-25 07:31:21,zona_a
VN-0003359,CLI-01242,PRD-0049,tienda_norte,7,837.82,20,5864.74,transferencia,completada,2026-03-12 18:04:15,zona_b
VN-0003360,CLI-00723,PRD-0079,tienda_norte,5,291.31,0,1456.55,yape,completada,2026-03-12 02:53:00,zona_d
VN-0003361,CLI-02553,PRD-0091,tienda_norte,1,49.81,0,49.81,efectivo,completada,2026-02-15 14:01:24,zona_c
VN-0003362,CLI-00346,PRD-0043,tienda_norte,7,19.31,20,135.17,yape,completada,2026-03-02 16:55:52,zona_b
VN-0003363,CLI-01027,PRD-0083,tienda_norte,7,92.72,0,649.04,yape,completada,2026-01-06 17:51:30,zona_c
VN-0003364,CLI-02015,PRD-0097,tienda_norte,8,168.78,0,1350.24,transferencia,completada,2026-03-04 06:41:31,zona_c
VN-0003365,CLI-01865,PRD-0194,tienda_norte,1,149.53,15,149.53,tarjeta,completada,2026-03-02 14:54:01,zona_d
VN-0003366,CLI-01229,PRD-0108,tienda_norte,5,132.36,5,661.8,tarjeta,completada,2026-01-09 03:42:18,zona_c
VN-0003367,CLI-02555,PRD-0198,tienda_norte,1,359.6,0,359.6,tarjeta,completada,2026-02-01 23:29:44,zona_a
VN-0003368,CLI-00948,PRD-0050,tienda_norte,5,10.2,10,51.0,transferencia,completada,2026-01-09 04:28:56,zona_d
VN-0003369,CLI-01313,PRD-0197,tienda_norte,7,46.5,0,325.5,yape,completada,2026-03-06 01:59:14,zona_a
VN-0003370,CLI-01985,PRD-0160,tienda_norte,4,46.94,0,187.76,efectivo,completada,2026-01-27 07:28:31,zona_c
VN-0003371,CLI-02265,PRD-0141,tienda_norte,6,121.06,15,726.36,yape,completada,2026-01-31 08:34:18,zona_c
VN-0003372,CLI-00974,PRD-0046,tienda_norte,7,290.21,20,2031.47,efectivo,completada,2026-02-07 17:55:28,zona_a
VN-0003373,CLI-02096,PRD-0137,tienda_norte,7,118.43,10,829.01,efectivo,completada,2026-01-08 14:03:22,zona_c
VN-0003374,CLI-02949,PRD-0007,tienda_norte,5,18.87,5,94.35,yape,devuelta,2026-03-23 00:14:08,zona_d
VN-0003375,CLI-01682,PRD-0113,tienda_norte,8,163.22,0,1305.76,tarjeta,completada,2026-03-09 19:53:41,zona_b
VN-0003376,CLI-00296,PRD-0176,tienda_norte,2,71.08,0,142.16,transferencia,completada,2026-03-05 04:01:27,zona_d
VN-0003377,CLI-00758,PRD-0093,tienda_norte,2,721.46,20,1442.92,yape,completada,2026-01-22 16:01:41,zona_d
VN-0003378,CLI-02589,PRD-0027,tienda_norte,7,30.66,0,214.62,yape,completada,2026-01-28 18:01:04,zona_b
VN-0003379,CLI-02264,PRD-0143,tienda_norte,8,22.39,0,179.12,tarjeta,completada,2026-01-11 00:34:45,zona_d
VN-0003380,CLI-02009,PRD-0180,tienda_norte,4,16.31,0,65.24,tarjeta,completada,2026-01-06 21:09:53,zona_b
VN-0003381,CLI-00241,PRD-0130,tienda_norte,3,375.26,5,1125.78,tarjeta,completada,2026-01-31 05:53:44,zona_b
VN-0003382,CLI-01639,PRD-0171,tienda_norte,4,30.71,0,122.84,yape,completada,2026-02-09 17:19:18,zona_c
VN-0003383,CLI-02825,PRD-0013,tienda_norte,6,437.73,5,2626.38,transferencia,completada,2026-03-04 17:17:43,zona_a
VN-0003384,CLI-01788,PRD-0099,tienda_norte,7,360.62,0,2524.34,tarjeta,completada,2026-01-11 03:01:24,zona_a
VN-0003385,CLI-00289,PRD-0031,tienda_norte,7,279.72,10,1958.04,transferencia,completada,2026-03-14 20:09:30,zona_a
VN-0003386,CLI-00643,PRD-0135,tienda_norte,5,105.24,15,526.2,efectivo,devuelta,2026-03-10 05:29:26,zona_a
VN-0003387,CLI-02616,PRD-0075,tienda_norte,2,68.14,0,136.28,efectivo,completada,2026-03-18 10:31:38,zona_b
VN-0003388,CLI-01122,PRD-0123,tienda_norte,1,38.32,5,38.32,transferencia,completada,2026-01-12 08:14:01,zona_c
VN-0003389,CLI-01803,PRD-0159,tienda_norte,3,1015.94,10,3047.82,yape,completada,2026-01-22 11:12:24,zona_d
VN-0003390,CLI-00186,PRD-0049,tienda_norte,2,994.92,5,1989.84,efectivo,completada,2026-02-24 14:42:36,zona_c
VN-0003391,CLI-00695,PRD-0048,tienda_norte,2,245.77,20,491.54,yape,pendiente,2026-03-22 01:50:37,zona_a
VN-0003392,CLI-01763,PRD-0101,tienda_norte,1,1072.29,5,1072.29,tarjeta,completada,2026-01-12 18:05:01,zona_d
VN-0003393,CLI-02935,PRD-0097,tienda_norte,8,168.78,0,1350.24,transferencia,completada,2026-03-09 19:49:26,zona_c
VN-0003394,CLI-01418,PRD-0069,tienda_norte,1,55.23,0,55.23,tarjeta,completada,2026-03-05 12:45:28,zona_b
VN-0003395,CLI-01159,PRD-0029,tienda_norte,4,85.48,15,341.92,transferencia,devuelta,2026-01-31 11:46:43,zona_a
VN-0003396,CLI-02249,PRD-0010,tienda_norte,6,125.36,15,752.16,efectivo,completada,2026-01-05 20:15:56,zona_b
VN-0003397,CLI-00683,PRD-0129,tienda_norte,6,99.95,0,599.7,efectivo,completada,2026-02-18 02:10:33,zona_b
VN-0003398,CLI-02874,PRD-0160,tienda_norte,2,39.9,15,79.8,yape,completada,2026-02-08 02:42:48,zona_c
VN-0003399,CLI-02974,PRD-0069,tienda_norte,5,52.47,5,262.35,efectivo,completada,2026-03-21 22:09:53,zona_c
VN-0003400,CLI-00805,PRD-0041,tienda_norte,2,170.99,0,341.98,efectivo,completada,2026-02-13 03:33:23,zona_b
VN-0003401,CLI-01397,PRD-0156,tienda_norte,6,94.72,0,568.32,tarjeta,completada,2026-03-27 11:52:57,zona_a
VN-0003402,CLI-02693,PRD-0117,tienda_norte,5,154.72,0,773.6,yape,completada,2026-03-29 13:55:32,zona_b
VN-0003403,CLI-01302,PRD-0162,tienda_norte,8,71.97,15,575.76,yape,completada,2026-01-27 13:53:05,zona_b
VN-0003404,CLI-01963,PRD-0063,tienda_norte,6,183.55,15,1101.3,efectivo,completada,2026-03-21 12:16:35,zona_d
VN-0003405,CLI-00753,PRD-0121,tienda_norte,1,793.57,10,793.57,tarjeta,completada,2026-03-30 08:15:14,zona_a
VN-0003406,CLI-02102,PRD-0171,tienda_norte,3,30.71,0,92.13,tarjeta,completada,2026-01-01 16:29:50,zona_a
VN-0003407,CLI-02040,PRD-0106,tienda_norte,8,233.66,0,1869.28,yape,completada,2026-01-11 00:19:50,zona_b
VN-0003408,CLI-01130,PRD-0092,tienda_norte,6,1162.25,0,6973.5,yape,completada,2026-01-25 12:19:14,zona_d
VN-0003409,CLI-00513,PRD-0063,tienda_norte,6,205.14,5,1230.84,tarjeta,completada,2026-03-03 16:17:12,zona_a
VN-0003410,CLI-02750,PRD-0099,tienda_norte,2,360.62,0,721.24,transferencia,completada,2026-02-23 10:06:14,zona_b
VN-0003411,CLI-00208,PRD-0147,tienda_norte,8,49.96,0,399.68,efectivo,completada,2026-02-07 15:22:26,zona_d
VN-0003412,CLI-02586,PRD-0109,tienda_norte,6,121.06,5,726.36,yape,completada,2026-01-29 01:56:00,zona_a
VN-0003413,CLI-00463,PRD-0049,tienda_norte,3,1047.28,0,3141.84,tarjeta,completada,2026-01-25 00:10:49,zona_b
VN-0003414,CLI-01456,PRD-0002,tienda_norte,2,32.38,10,64.76,transferencia,completada,2026-01-07 04:13:58,zona_b
VN-0003415,CLI-02051,PRD-0104,tienda_norte,2,166.54,15,333.08,tarjeta,completada,2026-02-08 10:27:32,zona_c
VN-0003416,CLI-00918,PRD-0045,tienda_norte,4,37.15,0,148.6,efectivo,pendiente,2026-03-23 03:50:26,zona_c
VN-0003417,CLI-00682,PRD-0060,tienda_norte,1,132.18,5,132.18,efectivo,completada,2026-01-07 07:47:34,zona_d
VN-0003418,CLI-01626,PRD-0089,tienda_norte,3,68.95,0,206.85,efectivo,completada,2026-01-23 17:47:52,zona_d
VN-0003419,CLI-01096,PRD-0171,tienda_norte,6,26.1,15,156.6,yape,completada,2026-03-03 01:14:00,zona_b
VN-0003420,CLI-01459,PRD-0086,tienda_norte,5,14.08,20,70.4,yape,completada,2026-01-21 12:52:34,zona_b
VN-0003421,CLI-02732,PRD-0115,tienda_norte,5,1144.16,0,5720.8,transferencia,completada,2026-02-21 02:23:24,zona_b
VN-0003422,CLI-01009,PRD-0083,tienda_norte,7,92.72,0,649.04,yape,completada,2026-02-07 01:20:30,zona_a
VN-0003423,CLI-02575,PRD-0118,tienda_norte,1,45.25,15,45.25,tarjeta,completada,2026-03-28 14:16:27,zona_d
VN-0003424,CLI-00895,PRD-0032,tienda_norte,6,125.82,5,754.92,yape,completada,2026-03-31 16:18:19,zona_b
VN-0003425,CLI-00005,PRD-0155,tienda_norte,7,138.1,0,966.7,tarjeta,completada,2026-03-14 08:08:58,zona_a
VN-0003426,CLI-01626,PRD-0085,tienda_norte,5,117.15,0,585.75,tarjeta,completada,2026-02-16 01:53:09,zona_a
VN-0003427,CLI-01080,PRD-0164,tienda_norte,7,339.59,0,2377.13,tarjeta,devuelta,2026-03-12 16:58:05,zona_b
VN-0003428,CLI-01269,PRD-0168,tienda_norte,4,302.83,0,1211.32,transferencia,devuelta,2026-01-03 03:40:17,zona_b
VN-0003429,CLI-01192,PRD-0175,tienda_norte,4,74.48,0,297.92,yape,completada,2026-03-21 12:36:56,zona_d
VN-0003430,CLI-02846,PRD-0134,tienda_norte,4,97.62,0,390.48,efectivo,completada,2026-02-26 22:37:59,zona_a
VN-0003431,CLI-02020,PRD-0072,tienda_norte,8,29.39,10,235.12,transferencia,completada,2026-01-13 02:41:02,zona_c
VN-0003432,CLI-02624,PRD-0039,tienda_norte,8,54.97,10,439.76,efectivo,completada,2026-03-27 18:09:17,zona_c
VN-0003433,CLI-02430,PRD-0021,tienda_norte,8,18.21,0,145.68,efectivo,completada,2026-03-07 13:54:57,zona_c
VN-0003434,CLI-00390,PRD-0100,tienda_norte,4,362.73,0,1450.92,tarjeta,completada,2026-03-15 03:43:15,zona_a
VN-0003435,CLI-02933,PRD-0114,tienda_norte,5,241.51,5,1207.55,tarjeta,completada,2026-02-21 04:32:05,zona_d
VN-0003436,CLI-00630,PRD-0023,tienda_norte,7,48.59,25,340.13,tarjeta,completada,2026-01-14 10:01:07,zona_d
VN-0003437,CLI-00769,PRD-0200,tienda_norte,7,30.56,10,213.92,transferencia,completada,2026-02-07 01:51:26,zona_d
VN-0003438,CLI-02259,PRD-0086,tienda_norte,6,15.84,10,95.04,tarjeta,completada,2026-03-11 05:12:21,zona_d
VN-0003439,CLI-02769,PRD-0138,tienda_norte,1,131.58,10,131.58,yape,completada,2026-01-25 02:37:59,zona_a
VN-0003440,CLI-02421,PRD-0005,tienda_norte,7,212.54,0,1487.78,efectivo,completada,2026-01-16 01:40:52,zona_d
VN-0003441,CLI-02115,PRD-0117,tienda_norte,4,131.51,15,526.04,yape,completada,2026-01-26 00:13:15,zona_c
VN-0003442,CLI-00888,PRD-0072,tienda_norte,2,29.39,10,58.78,yape,completada,2026-01-17 06:20:02,zona_a
VN-0003443,CLI-02149,PRD-0055,tienda_norte,3,20.29,0,60.87,transferencia,completada,2026-02-22 22:03:24,zona_a
VN-0003444,CLI-02432,PRD-0119,tienda_norte,4,170.18,0,680.72,tarjeta,devuelta,2026-02-22 08:50:21,zona_d
VN-0003445,CLI-02205,PRD-0081,tienda_norte,4,104.17,10,416.68,tarjeta,completada,2026-03-12 21:08:55,zona_a
VN-0003446,CLI-01499,PRD-0059,tienda_norte,8,145.94,0,1167.52,efectivo,completada,2026-03-30 19:23:28,zona_d
VN-0003447,CLI-02464,PRD-0089,tienda_norte,1,62.06,10,62.06,efectivo,completada,2026-01-05 07:36:07,zona_d
VN-0003448,CLI-00619,PRD-0113,tienda_norte,4,163.22,0,652.88,tarjeta,completada,2026-02-23 15:16:45,zona_d
VN-0003449,CLI-02622,PRD-0147,tienda_norte,1,49.96,0,49.96,transferencia,completada,2026-02-08 08:23:37,zona_d
VN-0003450,CLI-02352,PRD-0035,tienda_norte,8,103.23,5,825.84,yape,completada,2026-02-09 03:29:31,zona_c
VN-0003451,CLI-02421,PRD-0101,tienda_norte,3,1072.29,5,3216.87,transferencia,completada,2026-01-26 15:09:45,zona_b
VN-0003452,CLI-01135,PRD-0141,tienda_norte,4,142.42,0,569.68,tarjeta,completada,2026-03-10 12:31:41,zona_b
VN-0003453,CLI-02816,PRD-0106,tienda_norte,5,221.98,5,1109.9,yape,completada,2026-02-21 19:32:25,zona_a
VN-0003454,CLI-01646,PRD-0095,tienda_norte,5,40.04,20,200.2,yape,completada,2026-03-03 05:12:16,zona_c
VN-0003455,CLI-00845,PRD-0005,tienda_norte,6,191.29,10,1147.74,tarjeta,completada,2026-01-21 18:28:28,zona_d
VN-0003456,CLI-00638,PRD-0121,tienda_norte,4,837.65,5,3350.6,efectivo,completada,2026-03-16 01:22:15,zona_d
VN-0003457,CLI-00867,PRD-0086,tienda_norte,4,17.6,0,70.4,tarjeta,completada,2026-01-03 21:30:52,zona_c
VN-0003458,CLI-00805,PRD-0164,tienda_norte,5,339.59,0,1697.95,tarjeta,completada,2026-03-29 23:32:28,zona_b
VN-0003459,CLI-00535,PRD-0057,tienda_norte,6,398.67,0,2392.02,tarjeta,completada,2026-01-18 17:39:52,zona_c
VN-0003460,CLI-01549,PRD-0090,tienda_norte,1,10.81,10,10.81,tarjeta,completada,2026-03-26 00:12:31,zona_c
VN-0003461,CLI-00356,PRD-0093,tienda_norte,2,811.64,10,1623.28,tarjeta,completada,2026-01-21 05:26:22,zona_c
VN-0003462,CLI-02289,PRD-0039,tienda_norte,8,58.03,5,464.24,tarjeta,completada,2026-03-31 20:58:38,zona_a
VN-0003463,CLI-02099,PRD-0009,tienda_norte,8,46.87,0,374.96,tarjeta,completada,2026-02-27 21:57:59,zona_d
VN-0003464,CLI-00265,PRD-0031,tienda_norte,4,310.8,0,1243.2,yape,completada,2026-02-01 12:17:59,zona_a
VN-0003465,CLI-00187,PRD-0137,tienda_norte,6,118.43,10,710.58,tarjeta,completada,2026-02-09 17:56:48,zona_b
VN-0003466,CLI-02525,PRD-0155,tienda_norte,6,138.1,0,828.6,yape,completada,2026-01-18 15:31:25,zona_b
VN-0003467,CLI-01100,PRD-0024,tienda_norte,1,128.93,5,128.93,yape,completada,2026-02-10 23:47:12,zona_b
VN-0003468,CLI-00885,PRD-0072,tienda_norte,1,29.39,10,29.39,tarjeta,completada,2026-02-02 03:03:23,zona_d
VN-0003469,CLI-00198,PRD-0129,tienda_norte,1,99.95,0,99.95,yape,completada,2026-01-26 00:28:29,zona_d
VN-0003470,CLI-00423,PRD-0058,tienda_norte,6,166.75,5,1000.5,transferencia,completada,2026-02-01 00:56:50,zona_d
VN-0003471,CLI-01195,PRD-0140,tienda_norte,5,117.83,0,589.15,efectivo,completada,2026-03-30 09:20:28,zona_a
VN-0003472,CLI-00236,PRD-0051,tienda_norte,8,312.04,5,2496.32,yape,completada,2026-03-07 11:39:18,zona_b
VN-0003473,CLI-02666,PRD-0013,tienda_norte,5,391.65,15,1958.25,transferencia,completada,2026-01-27 22:13:50,zona_b
VN-0003474,CLI-01514,PRD-0023,tienda_norte,1,64.79,0,64.79,efectivo,completada,2026-03-19 02:21:41,zona_c
VN-0003475,CLI-01993,PRD-0169,tienda_norte,6,904.54,15,5427.24,efectivo,completada,2026-03-20 06:56:09,zona_a
VN-0003476,CLI-02750,PRD-0127,tienda_norte,2,38.99,5,77.98,tarjeta,completada,2026-02-28 03:21:23,zona_a
VN-0003477,CLI-00659,PRD-0012,tienda_norte,7,123.3,20,863.1,efectivo,completada,2026-01-09 04:22:41,zona_d
VN-0003478,CLI-02532,PRD-0089,tienda_norte,8,68.95,0,551.6,efectivo,completada,2026-03-03 14:29:15,zona_c
VN-0003479,CLI-00095,PRD-0057,tienda_norte,6,318.94,20,1913.64,transferencia,completada,2026-01-15 14:08:48,zona_c
VN-0003480,CLI-02898,PRD-0046,tienda_norte,1,362.76,0,362.76,efectivo,completada,2026-03-01 18:01:39,zona_b
VN-0003481,CLI-02805,PRD-0020,tienda_norte,7,276.33,15,1934.31,efectivo,completada,2026-02-08 08:07:42,zona_d
VN-0003482,CLI-02795,PRD-0142,tienda_norte,6,97.02,20,582.12,yape,devuelta,2026-01-27 11:36:01,zona_a
VN-0003483,CLI-00777,PRD-0070,tienda_norte,8,406.66,20,3253.28,tarjeta,completada,2026-01-13 00:18:00,zona_d
VN-0003484,CLI-01995,PRD-0169,tienda_norte,6,904.54,15,5427.24,tarjeta,completada,2026-02-26 12:26:21,zona_b
VN-0003485,CLI-01088,PRD-0067,tienda_norte,2,86.23,15,172.46,tarjeta,completada,2026-02-17 02:34:30,zona_a
VN-0003486,CLI-02804,PRD-0021,tienda_norte,1,16.39,10,16.39,tarjeta,completada,2026-02-06 08:31:45,zona_b
VN-0003487,CLI-02474,PRD-0045,tienda_norte,3,37.15,0,111.45,tarjeta,pendiente,2026-02-02 05:18:21,zona_a
VN-0003488,CLI-02790,PRD-0067,tienda_norte,1,86.23,15,86.23,tarjeta,completada,2026-03-03 21:45:20,zona_b
VN-0003489,CLI-00838,PRD-0153,tienda_norte,2,1122.13,5,2244.26,tarjeta,completada,2026-03-24 11:01:12,zona_c
VN-0003490,CLI-01049,PRD-0020,tienda_norte,6,308.84,5,1853.04,tarjeta,completada,2026-02-21 19:44:38,zona_d
VN-0003491,CLI-01254,PRD-0159,tienda_norte,1,959.5,15,959.5,yape,completada,2026-02-13 05:44:41,zona_d
VN-0003492,CLI-01314,PRD-0113,tienda_norte,5,130.58,20,652.9,transferencia,completada,2026-01-28 09:01:01,zona_d
VN-0003493,CLI-02216,PRD-0027,tienda_norte,1,24.53,20,24.53,yape,completada,2026-01-06 20:35:48,zona_d
VN-0003494,CLI-01684,PRD-0018,tienda_norte,5,143.21,0,716.05,tarjeta,completada,2026-02-18 01:21:27,zona_c
VN-0003495,CLI-00354,PRD-0096,tienda_norte,4,78.09,0,312.36,transferencia,completada,2026-02-19 00:54:54,zona_b
VN-0003496,CLI-02493,PRD-0077,tienda_norte,3,59.81,0,179.43,efectivo,completada,2026-02-21 19:22:06,zona_a
VN-0003497,CLI-02327,PRD-0192,tienda_norte,1,83.75,10,83.75,efectivo,completada,2026-01-19 14:07:24,zona_d
VN-0003498,CLI-01056,PRD-0139,tienda_norte,8,14.93,20,119.44,tarjeta,completada,2026-02-21 02:17:45,zona_a
VN-0003499,CLI-01993,PRD-0179,tienda_norte,6,389.09,0,2334.54,tarjeta,devuelta,2026-02-27 02:14:06,zona_a
VN-0003500,CLI-00599,PRD-0126,tienda_norte,3,886.75,15,2660.25,tarjeta,completada,2026-02-04 10:53:41,zona_b
VN-0003501,CLI-00299,PRD-0134,tienda_norte,7,97.62,0,683.34,tarjeta,completada,2026-02-23 03:42:24,zona_d
VN-0003502,CLI-01871,PRD-0157,tienda_norte,1,255.78,5,255.78,tarjeta,completada,2026-01-03 20:13:01,zona_c
VN-0003503,CLI-01969,PRD-0077,tienda_norte,6,56.82,5,340.92,tarjeta,completada,2026-03-29 08:04:42,zona_d
VN-0003504,CLI-02375,PRD-0102,tienda_norte,7,74.67,0,522.69,transferencia,completada,2026-03-18 09:09:57,zona_b
VN-0003505,CLI-01676,PRD-0108,tienda_norte,3,139.33,0,417.99,tarjeta,completada,2026-01-08 08:21:21,zona_b
VN-0003506,CLI-02622,PRD-0119,tienda_norte,7,161.67,5,1131.69,tarjeta,completada,2026-02-16 03:33:21,zona_b
VN-0003507,CLI-02593,PRD-0097,tienda_norte,3,160.34,5,481.02,yape,completada,2026-02-02 10:19:53,zona_b
VN-0003508,CLI-00533,PRD-0170,tienda_norte,8,89.41,20,715.28,tarjeta,completada,2026-01-26 09:22:56,zona_c
VN-0003509,CLI-00443,PRD-0086,tienda_norte,8,17.6,0,140.8,yape,completada,2026-01-04 21:58:52,zona_d
VN-0003510,CLI-00506,PRD-0147,tienda_norte,1,44.96,10,44.96,tarjeta,completada,2026-01-17 02:13:43,zona_d
VN-0003511,CLI-02703,PRD-0001,tienda_norte,5,380.31,0,1901.55,efectivo,completada,2026-02-22 01:22:08,zona_d
VN-0003512,CLI-02101,PRD-0100,tienda_norte,5,344.59,5,1722.95,efectivo,completada,2026-03-20 21:42:24,zona_b
VN-0003513,CLI-02782,PRD-0159,tienda_norte,1,1015.94,10,1015.94,tarjeta,completada,2026-03-09 16:13:28,zona_d
VN-0003514,CLI-00788,PRD-0155,tienda_norte,5,103.57,25,517.85,transferencia,completada,2026-02-13 06:11:50,zona_c
VN-0003515,CLI-02896,PRD-0029,tienda_norte,1,100.57,0,100.57,tarjeta,completada,2026-03-04 11:21:26,zona_d
VN-0003516,CLI-01601,PRD-0193,tienda_norte,6,39.61,15,237.66,transferencia,completada,2026-01-07 00:15:15,zona_b
VN-0003517,CLI-00222,PRD-0104,tienda_norte,7,195.93,0,1371.51,yape,completada,2026-02-24 17:34:23,zona_a
VN-0003518,CLI-02523,PRD-0077,tienda_norte,1,59.81,0,59.81,yape,completada,2026-03-22 13:23:55,zona_b
VN-0003519,CLI-01330,PRD-0159,tienda_norte,6,1072.38,5,6434.28,tarjeta,completada,2026-03-26 16:55:06,zona_b
VN-0003520,CLI-02822,PRD-0055,tienda_norte,3,19.28,5,57.84,tarjeta,completada,2026-02-12 14:22:06,zona_c
VN-0003521,CLI-02010,PRD-0062,tienda_norte,5,108.43,15,542.15,yape,devuelta,2026-01-22 15:38:05,zona_a
VN-0003522,CLI-01811,PRD-0116,tienda_norte,6,7.37,20,44.22,yape,completada,2026-01-09 04:25:02,zona_a
VN-0003523,CLI-00661,PRD-0048,tienda_norte,3,291.85,5,875.55,efectivo,completada,2026-03-26 13:52:43,zona_b
VN-0003524,CLI-01418,PRD-0061,tienda_norte,1,685.85,20,685.85,tarjeta,completada,2026-01-18 22:59:31,zona_b
VN-0003525,CLI-01029,PRD-0082,tienda_norte,4,227.33,25,909.32,efectivo,completada,2026-01-13 23:56:56,zona_a
VN-0003526,CLI-02824,PRD-0136,tienda_norte,3,98.61,5,295.83,transferencia,completada,2026-02-02 00:29:09,zona_a
VN-0003527,CLI-00923,PRD-0069,tienda_norte,6,46.95,15,281.7,tarjeta,completada,2026-01-30 07:39:33,zona_d
VN-0003528,CLI-02463,PRD-0122,tienda_norte,5,249.51,0,1247.55,efectivo,completada,2026-03-22 02:01:27,zona_c
VN-0003529,CLI-00412,PRD-0131,tienda_norte,7,276.58,20,1936.06,yape,completada,2026-02-16 11:37:04,zona_d
VN-0003530,CLI-01404,PRD-0133,tienda_norte,5,87.16,10,435.8,yape,completada,2026-01-22 22:04:05,zona_d
VN-0003531,CLI-00716,PRD-0092,tienda_norte,8,1162.25,0,9298.0,efectivo,completada,2026-03-05 08:02:23,zona_c
VN-0003532,CLI-02890,PRD-0081,tienda_norte,3,104.17,10,312.51,tarjeta,completada,2026-02-24 07:58:34,zona_c
VN-0003533,CLI-00140,PRD-0041,tienda_norte,3,153.89,10,461.67,efectivo,completada,2026-02-20 18:34:36,zona_b
VN-0003534,CLI-01077,PRD-0163,tienda_norte,2,92.65,0,185.3,transferencia,completada,2026-02-28 04:06:50,zona_b
VN-0003535,CLI-00331,PRD-0117,tienda_norte,5,154.72,0,773.6,transferencia,completada,2026-01-21 01:29:38,zona_c
VN-0003536,CLI-01447,PRD-0168,tienda_norte,3,257.41,15,772.23,efectivo,completada,2026-02-19 14:00:13,zona_a
VN-0003537,CLI-02019,PRD-0165,tienda_norte,1,913.18,0,913.18,efectivo,completada,2026-03-05 23:10:35,zona_c
VN-0003538,CLI-01446,PRD-0019,tienda_norte,1,232.02,20,232.02,tarjeta,completada,2026-02-16 08:14:18,zona_c
VN-0003539,CLI-01245,PRD-0012,tienda_norte,6,154.12,0,924.72,tarjeta,completada,2026-03-01 21:22:48,zona_a
VN-0003540,CLI-00697,PRD-0043,tienda_norte,8,21.73,10,173.84,efectivo,completada,2026-02-21 16:00:48,zona_a
VN-0003541,CLI-00378,PRD-0101,tienda_norte,6,959.42,15,5756.52,yape,completada,2026-03-24 01:33:16,zona_c
VN-0003542,CLI-01061,PRD-0068,tienda_norte,8,149.99,10,1199.92,yape,devuelta,2026-01-22 16:05:41,zona_a
VN-0003543,CLI-02819,PRD-0037,tienda_norte,8,67.79,10,542.32,tarjeta,completada,2026-03-19 11:17:01,zona_d
VN-0003544,CLI-00910,PRD-0082,tienda_norte,5,287.94,5,1439.7,yape,devuelta,2026-03-22 11:34:23,zona_c
VN-0003545,CLI-00387,PRD-0042,tienda_norte,8,60.9,20,487.2,tarjeta,completada,2026-03-12 04:10:23,zona_c
VN-0003546,CLI-01599,PRD-0107,tienda_norte,4,52.86,0,211.44,transferencia,pendiente,2026-01-24 21:52:29,zona_c
VN-0003547,CLI-01150,PRD-0017,tienda_norte,6,739.99,0,4439.94,efectivo,devuelta,2026-03-29 07:07:51,zona_b
VN-0003548,CLI-01367,PRD-0058,tienda_norte,4,140.42,20,561.68,tarjeta,devuelta,2026-01-19 03:58:33,zona_a
VN-0003549,CLI-00622,PRD-0171,tienda_norte,6,27.64,10,165.84,yape,completada,2026-03-18 07:22:25,zona_a
VN-0003550,CLI-01545,PRD-0005,tienda_norte,4,212.54,0,850.16,tarjeta,completada,2026-03-14 07:16:20,zona_c
VN-0003551,CLI-00610,PRD-0020,tienda_norte,3,325.09,0,975.27,tarjeta,completada,2026-01-02 21:57:45,zona_a
VN-0003552,CLI-02750,PRD-0142,tienda_norte,1,103.08,15,103.08,yape,completada,2026-01-30 07:38:48,zona_b
VN-0003553,CLI-00135,PRD-0199,tienda_norte,3,318.83,15,956.49,yape,completada,2026-02-01 09:43:52,zona_d
VN-0003554,CLI-02404,PRD-0118,tienda_norte,4,50.57,5,202.28,efectivo,completada,2026-03-20 20:44:45,zona_a
VN-0003555,CLI-01696,PRD-0079,tienda_norte,3,233.05,20,699.15,tarjeta,devuelta,2026-03-31 18:29:14,zona_d
VN-0003556,CLI-02512,PRD-0159,tienda_norte,5,1128.82,0,5644.1,tarjeta,completada,2026-02-25 20:08:19,zona_a
VN-0003557,CLI-02252,PRD-0047,tienda_norte,3,243.07,0,729.21,tarjeta,devuelta,2026-01-16 10:41:27,zona_c
VN-0003558,CLI-02873,PRD-0113,tienda_norte,7,146.9,10,1028.3,tarjeta,completada,2026-03-08 21:13:52,zona_a
VN-0003559,CLI-02080,PRD-0184,tienda_norte,1,141.93,5,141.93,tarjeta,completada,2026-03-16 21:47:49,zona_d
VN-0003560,CLI-00267,PRD-0012,tienda_norte,6,154.12,0,924.72,tarjeta,completada,2026-03-26 10:43:15,zona_a
VN-0003561,CLI-02921,PRD-0084,tienda_norte,6,111.13,0,666.78,tarjeta,completada,2026-02-17 08:44:36,zona_a
VN-0003562,CLI-00638,PRD-0076,tienda_norte,3,129.1,5,387.3,tarjeta,completada,2026-03-07 07:29:14,zona_c
VN-0003563,CLI-00031,PRD-0010,tienda_norte,3,132.73,10,398.19,yape,completada,2026-01-20 23:54:13,zona_d
VN-0003564,CLI-00962,PRD-0130,tienda_norte,6,355.51,10,2133.06,efectivo,completada,2026-01-20 06:42:08,zona_a
VN-0003565,CLI-01926,PRD-0032,tienda_norte,8,105.95,20,847.6,tarjeta,completada,2026-03-06 00:55:32,zona_a
VN-0003566,CLI-02800,PRD-0094,tienda_norte,5,36.83,5,184.15,transferencia,completada,2026-02-04 06:01:10,zona_b
VN-0003567,CLI-00228,PRD-0014,tienda_norte,4,299.8,5,1199.2,transferencia,completada,2026-02-28 03:23:35,zona_b
VN-0003568,CLI-01067,PRD-0054,tienda_norte,3,98.65,0,295.95,tarjeta,pendiente,2026-01-09 13:30:47,zona_c
VN-0003569,CLI-01755,PRD-0164,tienda_norte,6,322.61,5,1935.66,yape,completada,2026-03-28 19:12:27,zona_c
VN-0003570,CLI-02113,PRD-0141,tienda_norte,4,135.3,5,541.2,efectivo,pendiente,2026-02-14 12:04:58,zona_b
VN-0003571,CLI-01244,PRD-0032,tienda_norte,2,132.44,0,264.88,tarjeta,completada,2026-01-31 20:15:59,zona_a
VN-0003572,CLI-00507,PRD-0089,tienda_norte,4,68.95,0,275.8,efectivo,completada,2026-02-10 17:55:40,zona_a
VN-0003573,CLI-01254,PRD-0109,tienda_norte,6,101.94,20,611.64,efectivo,completada,2026-02-25 09:31:24,zona_c
VN-0003574,CLI-02333,PRD-0030,tienda_norte,7,222.16,10,1555.12,tarjeta,completada,2026-01-03 12:59:16,zona_a
VN-0003575,CLI-02202,PRD-0041,tienda_norte,4,162.44,5,649.76,efectivo,completada,2026-01-04 15:04:35,zona_d
VN-0003576,CLI-02131,PRD-0156,tienda_norte,1,94.72,0,94.72,tarjeta,completada,2026-03-26 23:01:56,zona_c
VN-0003577,CLI-01400,PRD-0132,tienda_norte,1,559.54,15,559.54,efectivo,completada,2026-03-23 10:34:26,zona_d
VN-0003578,CLI-01405,PRD-0148,tienda_norte,1,154.04,0,154.04,efectivo,completada,2026-01-07 09:56:57,zona_d
VN-0003579,CLI-00536,PRD-0113,tienda_norte,8,155.06,5,1240.48,yape,completada,2026-02-04 16:00:22,zona_c
VN-0003580,CLI-02685,PRD-0116,tienda_norte,2,8.29,10,16.58,tarjeta,completada,2026-01-08 20:21:58,zona_c
VN-0003581,CLI-02242,PRD-0022,tienda_norte,8,64.46,0,515.68,tarjeta,devuelta,2026-03-18 15:42:45,zona_c
VN-0003582,CLI-00765,PRD-0180,tienda_norte,6,15.49,5,92.94,transferencia,completada,2026-03-22 07:01:58,zona_d
VN-0003583,CLI-00277,PRD-0183,tienda_norte,6,45.73,0,274.38,tarjeta,completada,2026-02-11 05:39:04,zona_d
VN-0003584,CLI-00607,PRD-0144,tienda_norte,2,78.08,0,156.16,efectivo,completada,2026-03-31 23:35:46,zona_c
VN-0003585,CLI-02881,PRD-0168,tienda_norte,2,287.69,5,575.38,tarjeta,devuelta,2026-01-18 13:33:43,zona_d
VN-0003586,CLI-00644,PRD-0135,tienda_norte,3,123.81,0,371.43,yape,completada,2026-03-07 18:51:05,zona_d
VN-0003587,CLI-00002,PRD-0127,tienda_norte,8,34.88,15,279.04,tarjeta,completada,2026-01-19 01:02:05,zona_c
VN-0003588,CLI-02387,PRD-0192,tienda_norte,5,88.41,5,442.05,efectivo,completada,2026-03-01 17:27:00,zona_c
VN-0003589,CLI-00081,PRD-0044,tienda_norte,3,105.96,0,317.88,yape,completada,2026-03-18 11:04:02,zona_a
VN-0003590,CLI-00511,PRD-0058,tienda_norte,4,131.65,25,526.6,efectivo,completada,2026-02-14 04:46:31,zona_d
VN-0003591,CLI-00651,PRD-0191,tienda_norte,2,164.85,5,329.7,transferencia,completada,2026-01-17 15:02:25,zona_c
VN-0003592,CLI-00430,PRD-0098,tienda_norte,1,793.19,0,793.19,transferencia,completada,2026-02-22 14:01:55,zona_c
VN-0003593,CLI-02915,PRD-0005,tienda_norte,8,191.29,10,1530.32,efectivo,completada,2026-03-12 20:49:18,zona_a
VN-0003594,CLI-00663,PRD-0041,tienda_norte,4,145.34,15,581.36,yape,completada,2026-03-18 11:16:55,zona_a
VN-0003595,CLI-02951,PRD-0147,tienda_norte,8,49.96,0,399.68,tarjeta,completada,2026-01-21 05:45:26,zona_d
VN-0003596,CLI-02468,PRD-0013,tienda_norte,2,437.73,5,875.46,efectivo,completada,2026-01-17 01:21:46,zona_d
VN-0003597,CLI-00001,PRD-0074,tienda_norte,7,90.21,10,631.47,tarjeta,completada,2026-01-24 15:57:21,zona_b
VN-0003598,CLI-01904,PRD-0089,tienda_norte,2,68.95,0,137.9,tarjeta,completada,2026-02-23 15:45:41,zona_a
VN-0003599,CLI-00654,PRD-0100,tienda_norte,7,308.32,15,2158.24,efectivo,completada,2026-03-01 19:38:18,zona_c
VN-0003600,CLI-02405,PRD-0097,tienda_norte,5,135.02,20,675.1,yape,devuelta,2026-01-30 01:32:41,zona_b
VN-0003601,CLI-02160,PRD-0104,tienda_norte,8,195.93,0,1567.44,transferencia,completada,2026-03-15 11:47:25,zona_b
VN-0003602,CLI-02474,PRD-0175,tienda_norte,1,59.58,20,59.58,efectivo,devuelta,2026-01-10 14:23:50,zona_d
VN-0003603,CLI-02007,PRD-0200,tienda_norte,3,30.56,10,91.68,efectivo,completada,2026-03-02 01:53:29,zona_c
VN-0003604,CLI-00321,PRD-0101,tienda_norte,8,1015.86,10,8126.88,efectivo,completada,2026-03-14 20:50:36,zona_a
VN-0003605,CLI-02611,PRD-0171,tienda_norte,8,29.17,5,233.36,yape,completada,2026-01-17 00:44:28,zona_a
VN-0003606,CLI-02442,PRD-0056,tienda_norte,8,236.84,0,1894.72,efectivo,completada,2026-01-10 04:51:34,zona_a
VN-0003607,CLI-01805,PRD-0171,tienda_norte,3,30.71,0,92.13,yape,completada,2026-01-19 06:06:58,zona_d
VN-0003608,CLI-00188,PRD-0104,tienda_norte,5,176.34,10,881.7,transferencia,completada,2026-03-03 21:14:32,zona_a
VN-0003609,CLI-01349,PRD-0172,tienda_norte,3,143.3,0,429.9,transferencia,completada,2026-02-26 15:53:08,zona_c
VN-0003610,CLI-00375,PRD-0145,tienda_norte,5,306.58,10,1532.9,yape,completada,2026-02-23 05:33:15,zona_d
VN-0003611,CLI-01207,PRD-0196,tienda_norte,1,41.23,0,41.23,transferencia,devuelta,2026-01-27 06:18:36,zona_c
VN-0003612,CLI-00927,PRD-0189,tienda_norte,6,151.95,15,911.7,efectivo,completada,2026-01-23 10:45:13,zona_d
VN-0003613,CLI-00155,PRD-0155,tienda_norte,4,131.19,5,524.76,tarjeta,completada,2026-01-31 22:55:01,zona_d
VN-0003614,CLI-02763,PRD-0053,tienda_norte,8,4.4,15,35.2,tarjeta,completada,2026-01-06 06:27:14,zona_a
VN-0003615,CLI-00377,PRD-0179,tienda_norte,4,369.64,5,1478.56,efectivo,completada,2026-02-01 01:45:15,zona_b
VN-0003616,CLI-02547,PRD-0090,tienda_norte,6,9.61,20,57.66,efectivo,devuelta,2026-03-29 09:27:16,zona_d
VN-0003617,CLI-02723,PRD-0031,tienda_norte,7,310.8,0,2175.6,yape,completada,2026-01-21 23:26:48,zona_b
VN-0003618,CLI-02005,PRD-0073,tienda_norte,8,68.02,0,544.16,yape,completada,2026-02-20 06:28:48,zona_a
VN-0003619,CLI-02060,PRD-0097,tienda_norte,8,160.34,5,1282.72,yape,completada,2026-01-09 02:20:42,zona_b
VN-0003620,CLI-00871,PRD-0124,tienda_norte,1,163.42,5,163.42,efectivo,completada,2026-02-13 05:38:33,zona_a
VN-0003621,CLI-00046,PRD-0104,tienda_norte,2,176.34,10,352.68,efectivo,completada,2026-03-31 07:30:45,zona_a
VN-0003622,CLI-01621,PRD-0170,tienda_norte,3,111.76,0,335.28,efectivo,completada,2026-01-24 01:51:48,zona_b
VN-0003623,CLI-01471,PRD-0121,tienda_norte,2,705.39,20,1410.78,tarjeta,completada,2026-03-12 00:41:10,zona_c
VN-0003624,CLI-01801,PRD-0116,tienda_norte,8,9.21,0,73.68,tarjeta,completada,2026-02-28 10:18:21,zona_a
VN-0003625,CLI-01706,PRD-0091,tienda_norte,2,49.81,0,99.62,tarjeta,completada,2026-03-19 07:41:26,zona_b
VN-0003626,CLI-01755,PRD-0089,tienda_norte,5,62.06,10,310.3,yape,completada,2026-03-23 02:18:04,zona_b
VN-0003627,CLI-02408,PRD-0117,tienda_norte,3,139.25,10,417.75,efectivo,completada,2026-01-10 09:29:24,zona_d
VN-0003628,CLI-01909,PRD-0164,tienda_norte,4,322.61,5,1290.44,efectivo,completada,2026-01-13 19:25:04,zona_d
VN-0003629,CLI-01602,PRD-0170,tienda_norte,4,89.41,20,357.64,tarjeta,completada,2026-01-04 16:09:44,zona_c
VN-0003630,CLI-02623,PRD-0149,tienda_norte,3,273.72,0,821.16,transferencia,completada,2026-01-10 15:00:06,zona_c
VN-0003631,CLI-00932,PRD-0023,tienda_norte,3,64.79,0,194.37,yape,completada,2026-01-04 18:55:02,zona_b
VN-0003632,CLI-01811,PRD-0038,tienda_norte,8,41.76,0,334.08,efectivo,devuelta,2026-03-08 05:01:57,zona_a
VN-0003633,CLI-01232,PRD-0115,tienda_norte,5,915.33,20,4576.65,yape,completada,2026-01-06 10:12:16,zona_d
VN-0003634,CLI-00235,PRD-0070,tienda_norte,2,432.08,15,864.16,tarjeta,completada,2026-03-19 10:32:20,zona_a
VN-0003635,CLI-01684,PRD-0148,tienda_norte,3,138.64,10,415.92,tarjeta,completada,2026-03-07 04:42:49,zona_d
VN-0003636,CLI-00197,PRD-0061,tienda_norte,4,728.71,15,2914.84,tarjeta,completada,2026-03-02 02:01:41,zona_a
VN-0003637,CLI-02746,PRD-0058,tienda_norte,2,175.53,0,351.06,tarjeta,devuelta,2026-03-29 23:50:59,zona_c
VN-0003638,CLI-02233,PRD-0066,tienda_norte,4,737.18,10,2948.72,yape,devuelta,2026-01-06 10:35:28,zona_b
VN-0003639,CLI-01437,PRD-0106,tienda_norte,8,198.61,15,1588.88,yape,completada,2026-01-10 19:28:16,zona_c
VN-0003640,CLI-02262,PRD-0015,tienda_norte,3,57.34,0,172.02,yape,completada,2026-03-30 02:55:31,zona_d
VN-0003641,CLI-01845,PRD-0118,tienda_norte,2,42.58,20,85.16,transferencia,completada,2026-03-06 14:01:17,zona_b
VN-0003642,CLI-00994,PRD-0169,tienda_norte,8,1064.16,0,8513.28,transferencia,completada,2026-03-04 23:07:51,zona_d
VN-0003643,CLI-00769,PRD-0073,tienda_norte,1,61.22,10,61.22,yape,devuelta,2026-03-23 11:17:40,zona_c
VN-0003644,CLI-01730,PRD-0043,tienda_norte,8,24.14,0,193.12,tarjeta,completada,2026-02-16 04:44:46,zona_c
VN-0003645,CLI-00743,PRD-0057,tienda_norte,8,358.8,10,2870.4,tarjeta,completada,2026-02-02 13:28:58,zona_d
VN-0003646,CLI-00639,PRD-0040,tienda_norte,6,162.96,5,977.76,transferencia,completada,2026-02-13 05:51:39,zona_a
VN-0003647,CLI-02891,PRD-0034,tienda_norte,2,98.86,5,197.72,transferencia,completada,2026-01-16 20:09:37,zona_b
VN-0003648,CLI-01687,PRD-0010,tienda_norte,1,132.73,10,132.73,efectivo,completada,2026-02-27 02:40:24,zona_d
VN-0003649,CLI-00022,PRD-0108,tienda_norte,7,111.46,20,780.22,tarjeta,completada,2026-01-09 14:23:04,zona_b
VN-0003650,CLI-00130,PRD-0177,tienda_norte,3,1066.18,0,3198.54,tarjeta,completada,2026-03-31 11:14:04,zona_a
VN-0003651,CLI-00333,PRD-0198,tienda_norte,7,287.68,20,2013.76,tarjeta,completada,2026-01-11 05:55:30,zona_a
VN-0003652,CLI-02156,PRD-0158,tienda_norte,5,218.54,5,1092.7,yape,completada,2026-01-03 19:34:37,zona_b
VN-0003653,CLI-02393,PRD-0138,tienda_norte,5,116.96,20,584.8,tarjeta,completada,2026-02-28 09:10:24,zona_b
VN-0003654,CLI-01124,PRD-0051,tienda_norte,3,328.46,0,985.38,efectivo,completada,2026-01-19 19:16:46,zona_a
VN-0003655,CLI-01480,PRD-0134,tienda_norte,3,92.74,5,278.22,efectivo,completada,2026-01-25 23:53:18,zona_c
VN-0003656,CLI-02872,PRD-0073,tienda_norte,1,68.02,0,68.02,tarjeta,completada,2026-03-01 23:31:33,zona_b
VN-0003657,CLI-02943,PRD-0097,tienda_norte,4,168.78,0,675.12,efectivo,completada,2026-02-13 08:34:05,zona_a
VN-0003658,CLI-02232,PRD-0031,tienda_norte,7,279.72,10,1958.04,yape,completada,2026-01-13 04:16:19,zona_a
VN-0003659,CLI-00145,PRD-0171,tienda_norte,1,27.64,10,27.64,efectivo,completada,2026-03-25 11:20:51,zona_d
VN-0003660,CLI-02896,PRD-0001,tienda_norte,6,380.31,0,2281.86,transferencia,completada,2026-01-05 00:14:55,zona_c
VN-0003661,CLI-02742,PRD-0177,tienda_norte,6,959.56,10,5757.36,tarjeta,completada,2026-01-20 17:06:24,zona_a
VN-0003662,CLI-01304,PRD-0184,tienda_norte,2,126.99,15,253.98,yape,devuelta,2026-02-25 21:54:47,zona_d
VN-0003663,CLI-00547,PRD-0120,tienda_norte,8,261.49,10,2091.92,transferencia,completada,2026-02-02 04:29:09,zona_d
VN-0003664,CLI-02639,PRD-0173,tienda_norte,3,167.7,5,503.1,tarjeta,completada,2026-03-05 00:25:56,zona_c
VN-0003665,CLI-02828,PRD-0047,tienda_norte,2,243.07,0,486.14,tarjeta,completada,2026-01-12 19:23:25,zona_a
VN-0003666,CLI-00015,PRD-0151,tienda_norte,3,138.28,10,414.84,tarjeta,completada,2026-01-18 00:11:23,zona_b
VN-0003667,CLI-01460,PRD-0116,tienda_norte,6,8.29,10,49.74,tarjeta,completada,2026-02-16 13:13:17,zona_c
VN-0003668,CLI-02198,PRD-0124,tienda_norte,6,172.02,0,1032.12,tarjeta,completada,2026-01-07 02:24:41,zona_a
VN-0003669,CLI-02065,PRD-0002,tienda_norte,5,28.78,20,143.9,tarjeta,completada,2026-03-26 17:24:51,zona_b
VN-0003670,CLI-02945,PRD-0171,tienda_norte,2,30.71,0,61.42,efectivo,completada,2026-03-27 22:21:18,zona_c
VN-0003671,CLI-02268,PRD-0068,tienda_norte,2,166.65,0,333.3,tarjeta,completada,2026-03-16 21:07:36,zona_d
VN-0003672,CLI-00621,PRD-0131,tienda_norte,2,345.73,0,691.46,yape,completada,2026-02-15 12:20:43,zona_a
VN-0003673,CLI-01346,PRD-0177,tienda_norte,7,959.56,10,6716.92,efectivo,completada,2026-01-08 19:17:26,zona_b
VN-0003674,CLI-01137,PRD-0006,tienda_norte,1,296.64,25,296.64,efectivo,completada,2026-03-05 00:32:08,zona_c
VN-0003675,CLI-02246,PRD-0030,tienda_norte,1,234.5,5,234.5,yape,completada,2026-03-24 15:36:48,zona_a
VN-0003676,CLI-00940,PRD-0141,tienda_norte,6,142.42,0,854.52,yape,completada,2026-03-20 05:29:01,zona_b
VN-0003677,CLI-01878,PRD-0101,tienda_norte,7,1015.86,10,7111.02,yape,completada,2026-02-20 04:28:05,zona_b
VN-0003678,CLI-01258,PRD-0094,tienda_norte,6,31.02,20,186.12,yape,completada,2026-03-15 11:12:13,zona_d
VN-0003679,CLI-02703,PRD-0040,tienda_norte,2,162.96,5,325.92,yape,completada,2026-02-19 01:14:28,zona_c
VN-0003680,CLI-00232,PRD-0048,tienda_norte,8,307.21,0,2457.68,efectivo,completada,2026-01-02 10:34:46,zona_b
VN-0003681,CLI-00239,PRD-0161,tienda_norte,2,33.75,0,67.5,tarjeta,completada,2026-03-07 06:55:27,zona_c
VN-0003682,CLI-01753,PRD-0058,tienda_norte,8,157.98,10,1263.84,tarjeta,completada,2026-01-23 17:56:54,zona_a
VN-0003683,CLI-01257,PRD-0037,tienda_norte,7,75.32,0,527.24,yape,completada,2026-01-15 22:24:58,zona_d
VN-0003684,CLI-02306,PRD-0065,tienda_norte,5,179.58,10,897.9,tarjeta,completada,2026-02-08 05:08:13,zona_c
VN-0003685,CLI-00356,PRD-0088,tienda_norte,7,59.96,10,419.72,transferencia,completada,2026-03-18 20:20:31,zona_b
VN-0003686,CLI-02263,PRD-0102,tienda_norte,4,74.67,0,298.68,tarjeta,completada,2026-01-21 09:50:48,zona_a
VN-0003687,CLI-02015,PRD-0146,tienda_norte,3,85.82,0,257.46,tarjeta,completada,2026-02-17 23:16:12,zona_a
VN-0003688,CLI-01984,PRD-0077,tienda_norte,3,53.83,10,161.49,yape,completada,2026-01-11 11:53:23,zona_b
VN-0003689,CLI-02058,PRD-0072,tienda_norte,7,32.66,0,228.62,tarjeta,completada,2026-02-15 19:12:26,zona_d
VN-0003690,CLI-02453,PRD-0170,tienda_norte,6,100.58,10,603.48,yape,completada,2026-02-22 08:38:37,zona_a
VN-0003691,CLI-02641,PRD-0150,tienda_norte,8,738.2,10,5905.6,tarjeta,completada,2026-01-23 15:52:44,zona_a
VN-0003692,CLI-01192,PRD-0159,tienda_norte,1,1128.82,0,1128.82,tarjeta,completada,2026-01-06 05:31:36,zona_b
VN-0003693,CLI-00264,PRD-0052,tienda_norte,2,391.33,0,782.66,tarjeta,completada,2026-03-15 09:28:09,zona_d
VN-0003694,CLI-00905,PRD-0131,tienda_norte,2,311.16,10,622.32,tarjeta,completada,2026-03-02 09:42:55,zona_d
VN-0003695,CLI-00734,PRD-0165,tienda_norte,6,913.18,0,5479.08,efectivo,completada,2026-01-24 22:32:55,zona_a
VN-0003696,CLI-02548,PRD-0072,tienda_norte,5,31.03,5,155.15,yape,completada,2026-01-17 22:09:38,zona_a
VN-0003697,CLI-01052,PRD-0177,tienda_norte,8,906.25,15,7250.0,efectivo,completada,2026-01-30 07:23:57,zona_a
VN-0003698,CLI-02699,PRD-0100,tienda_norte,3,362.73,0,1088.19,tarjeta,completada,2026-01-27 15:05:40,zona_a
VN-0003699,CLI-02067,PRD-0016,tienda_norte,5,170.19,15,850.95,tarjeta,devuelta,2026-02-10 15:47:27,zona_b
VN-0003700,CLI-00358,PRD-0137,tienda_norte,4,118.43,10,473.72,transferencia,completada,2026-03-20 19:57:07,zona_d
VN-0003701,CLI-02682,PRD-0129,tienda_norte,6,99.95,0,599.7,yape,completada,2026-03-26 12:15:49,zona_a
VN-0003702,CLI-00532,PRD-0123,tienda_norte,2,40.34,0,80.68,efectivo,completada,2026-03-02 11:40:13,zona_b
VN-0003703,CLI-02936,PRD-0198,tienda_norte,6,287.68,20,1726.08,transferencia,completada,2026-03-17 21:37:56,zona_a
VN-0003704,CLI-02172,PRD-0048,tienda_norte,5,245.77,20,1228.85,efectivo,completada,2026-03-28 18:55:56,zona_a
VN-0003705,CLI-01728,PRD-0040,tienda_norte,7,162.96,5,1140.72,tarjeta,completada,2026-01-22 02:18:30,zona_d
VN-0003706,CLI-01314,PRD-0092,tienda_norte,5,1162.25,0,5811.25,efectivo,completada,2026-02-02 18:56:04,zona_d
VN-0003707,CLI-01827,PRD-0071,tienda_norte,5,71.07,0,355.35,efectivo,pendiente,2026-01-22 08:29:34,zona_b
VN-0003708,CLI-00244,PRD-0046,tienda_norte,4,362.76,0,1451.04,yape,completada,2026-02-04 18:22:05,zona_a
VN-0003709,CLI-02370,PRD-0126,tienda_norte,2,1043.23,0,2086.46,efectivo,completada,2026-03-18 05:24:09,zona_b
VN-0003710,CLI-01105,PRD-0168,tienda_norte,4,242.26,20,969.04,yape,devuelta,2026-03-27 12:28:08,zona_b
VN-0003711,CLI-01332,PRD-0196,tienda_norte,6,41.23,0,247.38,efectivo,completada,2026-03-28 07:25:23,zona_c
VN-0003712,CLI-00858,PRD-0171,tienda_norte,7,29.17,5,204.19,tarjeta,completada,2026-02-20 20:54:17,zona_a
VN-0003713,CLI-01164,PRD-0130,tienda_norte,5,395.01,0,1975.05,tarjeta,completada,2026-03-07 11:34:12,zona_b
VN-0003714,CLI-02386,PRD-0173,tienda_norte,7,167.7,5,1173.9,transferencia,pendiente,2026-03-14 20:48:59,zona_a
VN-0003715,CLI-00626,PRD-0064,tienda_norte,5,53.65,5,268.25,tarjeta,completada,2026-01-06 18:40:33,zona_c
VN-0003716,CLI-01699,PRD-0162,tienda_norte,1,80.44,5,80.44,tarjeta,pendiente,2026-02-23 03:18:29,zona_d
VN-0003717,CLI-02818,PRD-0160,tienda_norte,6,39.9,15,239.4,yape,completada,2026-01-20 16:30:25,zona_c
VN-0003718,CLI-01902,PRD-0130,tienda_norte,4,395.01,0,1580.04,tarjeta,completada,2026-03-10 12:58:19,zona_b
VN-0003719,CLI-01093,PRD-0017,tienda_norte,8,554.99,25,4439.92,yape,completada,2026-01-03 07:52:42,zona_c
VN-0003720,CLI-02543,PRD-0173,tienda_norte,3,176.53,0,529.59,yape,completada,2026-03-19 19:17:23,zona_a
VN-0003721,CLI-00712,PRD-0170,tienda_norte,2,106.17,5,212.34,tarjeta,completada,2026-03-07 05:31:43,zona_b
VN-0003722,CLI-01064,PRD-0111,tienda_norte,1,66.48,10,66.48,tarjeta,completada,2026-03-07 02:22:11,zona_c
VN-0003723,CLI-01460,PRD-0118,tienda_norte,5,50.57,5,252.85,tarjeta,completada,2026-03-17 15:15:24,zona_b
VN-0003724,CLI-01254,PRD-0084,tienda_norte,3,88.9,20,266.7,yape,completada,2026-03-27 19:17:56,zona_a
VN-0003725,CLI-01583,PRD-0078,tienda_norte,4,52.19,5,208.76,tarjeta,completada,2026-03-06 00:28:58,zona_c
VN-0003726,CLI-02419,PRD-0127,tienda_norte,5,32.83,20,164.15,transferencia,completada,2026-03-09 09:28:18,zona_d
VN-0003727,CLI-01357,PRD-0109,tienda_norte,6,127.43,0,764.58,tarjeta,completada,2026-02-19 18:26:39,zona_a
VN-0003728,CLI-01633,PRD-0152,tienda_norte,6,99.91,0,599.46,yape,completada,2026-01-11 18:25:23,zona_c
VN-0003729,CLI-00600,PRD-0075,tienda_norte,2,64.73,5,129.46,transferencia,completada,2026-02-18 02:27:55,zona_d
VN-0003730,CLI-01084,PRD-0023,tienda_norte,7,64.79,0,453.53,transferencia,completada,2026-03-02 16:25:45,zona_d
VN-0003731,CLI-01065,PRD-0019,tienda_norte,1,290.02,0,290.02,transferencia,completada,2026-02-09 13:56:19,zona_a
VN-0003732,CLI-01409,PRD-0188,tienda_norte,7,105.38,0,737.66,yape,completada,2026-02-15 05:13:45,zona_c
VN-0003733,CLI-01993,PRD-0184,tienda_norte,2,149.4,0,298.8,yape,completada,2026-03-22 04:49:18,zona_a
VN-0003734,CLI-01221,PRD-0130,tienda_norte,3,375.26,5,1125.78,transferencia,completada,2026-01-25 06:27:12,zona_b
VN-0003735,CLI-02114,PRD-0114,tienda_norte,1,228.8,10,228.8,tarjeta,completada,2026-03-09 02:33:00,zona_c
VN-0003736,CLI-01790,PRD-0071,tienda_norte,4,67.52,5,270.08,tarjeta,completada,2026-02-21 17:30:35,zona_d
VN-0003737,CLI-01272,PRD-0199,tienda_norte,5,337.58,10,1687.9,tarjeta,completada,2026-01-30 13:33:54,zona_b
VN-0003738,CLI-02318,PRD-0192,tienda_norte,8,88.41,5,707.28,yape,completada,2026-01-25 12:59:02,zona_c
VN-0003739,CLI-00284,PRD-0152,tienda_norte,5,99.91,0,499.55,transferencia,completada,2026-03-31 19:13:39,zona_a
VN-0003740,CLI-00623,PRD-0088,tienda_norte,1,59.96,10,59.96,efectivo,completada,2026-03-21 07:35:45,zona_d
VN-0003741,CLI-00476,PRD-0130,tienda_norte,5,395.01,0,1975.05,yape,completada,2026-01-21 06:30:00,zona_c
VN-0003742,CLI-00123,PRD-0092,tienda_norte,4,871.69,25,3486.76,efectivo,completada,2026-03-20 19:57:04,zona_a
VN-0003743,CLI-00905,PRD-0017,tienda_norte,7,665.99,10,4661.93,tarjeta,completada,2026-01-20 18:42:03,zona_b
VN-0003744,CLI-01471,PRD-0040,tienda_norte,3,162.96,5,488.88,tarjeta,completada,2026-01-26 00:44:25,zona_d
VN-0003745,CLI-02811,PRD-0023,tienda_norte,5,64.79,0,323.95,tarjeta,completada,2026-03-14 00:37:19,zona_d
VN-0003746,CLI-01021,PRD-0165,tienda_norte,4,867.52,5,3470.08,transferencia,devuelta,2026-02-16 11:37:18,zona_a
VN-0003747,CLI-02273,PRD-0148,tienda_norte,8,130.93,15,1047.44,transferencia,completada,2026-02-19 03:16:44,zona_b
VN-0003748,CLI-02568,PRD-0164,tienda_norte,2,305.63,10,611.26,yape,completada,2026-03-14 16:00:48,zona_d
VN-0003749,CLI-01519,PRD-0105,tienda_norte,2,74.64,5,149.28,tarjeta,completada,2026-01-10 02:15:45,zona_a
VN-0003750,CLI-01360,PRD-0021,tienda_norte,3,16.39,10,49.17,yape,completada,2026-03-16 18:03:40,zona_c
VN-0003751,CLI-02597,PRD-0022,tienda_norte,6,61.24,5,367.44,tarjeta,completada,2026-03-19 05:35:38,zona_c
VN-0003752,CLI-02999,PRD-0185,tienda_norte,6,160.88,10,965.28,efectivo,completada,2026-03-11 16:19:15,zona_a
VN-0003753,CLI-01234,PRD-0130,tienda_norte,7,375.26,5,2626.82,yape,completada,2026-03-04 01:02:05,zona_c
VN-0003754,CLI-02769,PRD-0114,tienda_norte,3,241.51,5,724.53,transferencia,completada,2026-03-29 05:46:38,zona_c
VN-0003755,CLI-01681,PRD-0130,tienda_norte,2,395.01,0,790.02,tarjeta,completada,2026-02-28 17:31:13,zona_d
VN-0003756,CLI-02401,PRD-0028,tienda_norte,2,8.52,0,17.04,efectivo,completada,2026-03-01 02:30:51,zona_d
VN-0003757,CLI-00484,PRD-0178,tienda_norte,2,87.6,0,175.2,tarjeta,completada,2026-02-26 03:56:08,zona_d
VN-0003758,CLI-00636,PRD-0070,tienda_norte,1,508.33,0,508.33,tarjeta,completada,2026-03-16 20:29:19,zona_c
VN-0003759,CLI-02418,PRD-0053,tienda_norte,2,5.18,0,10.36,tarjeta,completada,2026-01-26 00:36:02,zona_d
VN-0003760,CLI-02935,PRD-0109,tienda_norte,6,127.43,0,764.58,efectivo,completada,2026-01-06 02:21:07,zona_d
VN-0003761,CLI-02877,PRD-0191,tienda_norte,5,173.53,0,867.65,yape,completada,2026-02-23 07:20:17,zona_c
VN-0003762,CLI-01412,PRD-0134,tienda_norte,4,97.62,0,390.48,tarjeta,pendiente,2026-03-19 04:58:52,zona_c
VN-0003763,CLI-00241,PRD-0033,tienda_norte,8,661.48,5,5291.84,efectivo,completada,2026-03-19 02:11:45,zona_d
VN-0003764,CLI-02375,PRD-0109,tienda_norte,2,121.06,5,242.12,tarjeta,completada,2026-03-31 00:21:55,zona_a
VN-0003765,CLI-00989,PRD-0022,tienda_norte,7,64.46,0,451.22,efectivo,completada,2026-02-27 05:25:36,zona_a
VN-0003766,CLI-02276,PRD-0175,tienda_norte,7,63.31,15,443.17,efectivo,completada,2026-02-25 15:23:12,zona_c
VN-0003767,CLI-00249,PRD-0106,tienda_norte,6,233.66,0,1401.96,transferencia,completada,2026-01-19 17:27:53,zona_c
VN-0003768,CLI-01515,PRD-0001,tienda_norte,3,380.31,0,1140.93,tarjeta,devuelta,2026-01-06 00:47:18,zona_c
VN-0003769,CLI-00036,PRD-0051,tienda_norte,6,279.19,15,1675.14,efectivo,completada,2026-03-09 14:39:33,zona_b
VN-0003770,CLI-02338,PRD-0117,tienda_norte,1,123.78,20,123.78,tarjeta,completada,2026-02-24 00:54:28,zona_a
VN-0003771,CLI-00511,PRD-0116,tienda_norte,3,9.21,0,27.63,tarjeta,completada,2026-03-07 20:09:03,zona_b
VN-0003772,CLI-00319,PRD-0128,tienda_norte,8,50.61,0,404.88,efectivo,completada,2026-03-05 23:41:00,zona_a
VN-0003773,CLI-01778,PRD-0052,tienda_norte,6,352.2,10,2113.2,tarjeta,completada,2026-03-01 20:20:33,zona_b
VN-0003774,CLI-01486,PRD-0154,tienda_norte,3,43.04,10,129.12,tarjeta,completada,2026-02-13 21:41:53,zona_c
VN-0003775,CLI-02020,PRD-0054,tienda_norte,4,78.92,20,315.68,transferencia,pendiente,2026-01-24 15:01:16,zona_b
VN-0003776,CLI-01457,PRD-0163,tienda_norte,1,78.75,15,78.75,tarjeta,completada,2026-02-19 04:47:28,zona_b
VN-0003777,CLI-02452,PRD-0182,tienda_norte,6,87.14,25,522.84,tarjeta,completada,2026-01-30 18:13:52,zona_c
VN-0003778,CLI-00010,PRD-0066,tienda_norte,1,819.09,0,819.09,tarjeta,completada,2026-02-06 12:02:45,zona_b
VN-0003779,CLI-00678,PRD-0087,tienda_norte,6,39.41,0,236.46,efectivo,completada,2026-02-07 00:26:17,zona_c
VN-0003780,CLI-02970,PRD-0087,tienda_norte,5,37.44,5,187.2,tarjeta,completada,2026-03-31 06:47:01,zona_b
VN-0003781,CLI-00499,PRD-0200,tienda_norte,2,33.95,0,67.9,yape,completada,2026-01-27 08:01:56,zona_c
VN-0003782,CLI-02568,PRD-0128,tienda_norte,8,50.61,0,404.88,yape,completada,2026-01-05 02:17:10,zona_c
VN-0003783,CLI-01854,PRD-0089,tienda_norte,6,58.61,15,351.66,tarjeta,completada,2026-03-28 16:27:15,zona_c
VN-0003784,CLI-02937,PRD-0064,tienda_norte,2,56.47,0,112.94,tarjeta,completada,2026-02-23 05:39:56,zona_a
VN-0003785,CLI-00749,PRD-0032,tienda_norte,4,132.44,0,529.76,transferencia,completada,2026-03-04 18:04:45,zona_c
VN-0003786,CLI-02288,PRD-0053,tienda_norte,7,4.66,10,32.62,transferencia,completada,2026-01-12 21:47:50,zona_c
VN-0003787,CLI-01113,PRD-0096,tienda_norte,8,78.09,0,624.72,yape,devuelta,2026-02-21 09:12:25,zona_c
VN-0003788,CLI-02081,PRD-0001,tienda_norte,4,323.26,15,1293.04,efectivo,pendiente,2026-03-07 14:41:44,zona_c
VN-0003789,CLI-00327,PRD-0175,tienda_norte,1,70.76,5,70.76,efectivo,completada,2026-03-12 08:57:10,zona_a
VN-0003790,CLI-01706,PRD-0081,tienda_norte,8,109.96,5,879.68,efectivo,completada,2026-03-11 14:16:04,zona_b
VN-0003791,CLI-00460,PRD-0070,tienda_norte,5,508.33,0,2541.65,yape,completada,2026-03-08 01:53:42,zona_a
VN-0003792,CLI-00963,PRD-0132,tienda_norte,7,658.28,0,4607.96,tarjeta,completada,2026-03-28 12:14:37,zona_b
VN-0003793,CLI-01325,PRD-0129,tienda_norte,4,99.95,0,399.8,efectivo,completada,2026-02-21 04:07:45,zona_a
VN-0003794,CLI-00855,PRD-0085,tienda_norte,8,105.44,10,843.52,transferencia,completada,2026-02-14 10:11:12,zona_b
VN-0003795,CLI-01911,PRD-0176,tienda_norte,2,63.97,10,127.94,tarjeta,completada,2026-02-25 10:53:27,zona_a
VN-0003796,CLI-01697,PRD-0154,tienda_norte,5,43.04,10,215.2,transferencia,devuelta,2026-01-23 12:45:25,zona_c
VN-0003797,CLI-01586,PRD-0094,tienda_norte,1,31.02,20,31.02,efectivo,completada,2026-01-09 11:15:41,zona_d
VN-0003798,CLI-02322,PRD-0040,tienda_norte,4,154.39,10,617.56,yape,completada,2026-01-06 05:50:05,zona_c
VN-0003799,CLI-00801,PRD-0141,tienda_norte,4,128.18,10,512.72,transferencia,completada,2026-01-01 07:25:32,zona_a
VN-0003800,CLI-00600,PRD-0109,tienda_norte,7,121.06,5,847.42,efectivo,completada,2026-01-30 20:57:42,zona_a
VN-0003801,CLI-00418,PRD-0069,tienda_norte,2,55.23,0,110.46,yape,completada,2026-03-25 22:25:07,zona_a
VN-0003802,CLI-01726,PRD-0005,tienda_norte,1,212.54,0,212.54,tarjeta,completada,2026-01-22 10:43:06,zona_c
VN-0003803,CLI-00394,PRD-0115,tienda_norte,6,1086.95,5,6521.7,yape,pendiente,2026-02-23 07:04:46,zona_b
VN-0003804,CLI-01279,PRD-0080,tienda_norte,5,142.71,0,713.55,yape,completada,2026-01-29 01:15:00,zona_b
VN-0003805,CLI-00238,PRD-0155,tienda_norte,3,138.1,0,414.3,transferencia,completada,2026-02-16 19:21:32,zona_d
VN-0003806,CLI-01091,PRD-0020,tienda_norte,1,292.58,10,292.58,yape,completada,2026-01-08 23:31:18,zona_a
VN-0003807,CLI-00012,PRD-0081,tienda_norte,1,98.39,15,98.39,yape,completada,2026-03-16 23:04:05,zona_b
VN-0003808,CLI-00093,PRD-0199,tienda_norte,7,356.34,5,2494.38,yape,completada,2026-01-02 06:01:13,zona_a
VN-0003809,CLI-01688,PRD-0200,tienda_norte,8,30.56,10,244.48,tarjeta,completada,2026-03-01 19:20:15,zona_a
VN-0003810,CLI-00279,PRD-0063,tienda_norte,8,215.94,0,1727.52,tarjeta,completada,2026-01-23 09:43:28,zona_a
VN-0003811,CLI-00316,PRD-0024,tienda_norte,6,135.72,0,814.32,tarjeta,completada,2026-01-17 23:40:14,zona_b
VN-0003812,CLI-01055,PRD-0078,tienda_norte,2,52.19,5,104.38,tarjeta,devuelta,2026-03-04 05:01:29,zona_b
VN-0003813,CLI-00123,PRD-0055,tienda_norte,8,19.28,5,154.24,yape,completada,2026-01-22 16:52:31,zona_d
VN-0003814,CLI-01750,PRD-0004,tienda_norte,4,51.2,5,204.8,yape,completada,2026-02-11 00:43:18,zona_c
VN-0003815,CLI-02579,PRD-0003,tienda_norte,2,176.5,0,353.0,efectivo,completada,2026-02-24 21:16:55,zona_b
VN-0003816,CLI-01501,PRD-0161,tienda_norte,4,33.75,0,135.0,efectivo,completada,2026-01-21 19:46:48,zona_d
VN-0003817,CLI-02972,PRD-0196,tienda_norte,3,41.23,0,123.69,efectivo,completada,2026-01-28 23:33:43,zona_a
VN-0003818,CLI-00947,PRD-0129,tienda_norte,3,79.96,20,239.88,efectivo,completada,2026-02-13 15:28:20,zona_d
VN-0003819,CLI-01491,PRD-0003,tienda_norte,2,167.67,5,335.34,tarjeta,devuelta,2026-02-22 10:17:06,zona_b
VN-0003820,CLI-02640,PRD-0154,tienda_norte,1,35.87,25,35.87,yape,completada,2026-01-02 09:38:22,zona_a
VN-0003821,CLI-00806,PRD-0078,tienda_norte,6,54.94,0,329.64,yape,devuelta,2026-03-04 04:48:33,zona_b
VN-0003822,CLI-02733,PRD-0056,tienda_norte,5,213.16,10,1065.8,tarjeta,pendiente,2026-02-11 09:42:45,zona_b
VN-0003823,CLI-00876,PRD-0118,tienda_norte,6,53.23,0,319.38,yape,completada,2026-01-22 04:11:42,zona_c
VN-0003824,CLI-02883,PRD-0044,tienda_norte,4,95.36,10,381.44,tarjeta,completada,2026-01-13 21:40:21,zona_d
VN-0003825,CLI-00957,PRD-0030,tienda_norte,6,185.13,25,1110.78,yape,completada,2026-01-20 11:24:38,zona_a
VN-0003826,CLI-00618,PRD-0043,tienda_norte,4,24.14,0,96.56,tarjeta,completada,2026-03-26 15:33:58,zona_b
VN-0003827,CLI-01252,PRD-0085,tienda_norte,2,117.15,0,234.3,efectivo,completada,2026-01-26 19:29:59,zona_d
VN-0003828,CLI-01125,PRD-0027,tienda_norte,3,29.13,5,87.39,efectivo,completada,2026-03-26 22:21:39,zona_c
VN-0003829,CLI-00613,PRD-0143,tienda_norte,3,17.91,20,53.73,tarjeta,completada,2026-03-18 13:08:01,zona_d
VN-0003830,CLI-01021,PRD-0173,tienda_norte,1,167.7,5,167.7,yape,completada,2026-01-09 23:33:30,zona_c
VN-0003831,CLI-00629,PRD-0061,tienda_norte,8,814.44,5,6515.52,transferencia,devuelta,2026-01-02 05:53:36,zona_b
VN-0003832,CLI-00590,PRD-0193,tienda_norte,3,46.6,0,139.8,tarjeta,completada,2026-01-10 19:47:41,zona_d
VN-0003833,CLI-00961,PRD-0158,tienda_norte,7,218.54,5,1529.78,transferencia,pendiente,2026-02-05 03:41:59,zona_a
VN-0003834,CLI-02575,PRD-0108,tienda_norte,4,104.5,25,418.0,tarjeta,completada,2026-02-21 14:19:30,zona_d
VN-0003835,CLI-00637,PRD-0087,tienda_norte,1,39.41,0,39.41,yape,pendiente,2026-03-19 17:35:38,zona_d
VN-0003836,CLI-02843,PRD-0046,tienda_norte,8,308.35,15,2466.8,transferencia,completada,2026-02-11 05:11:02,zona_c
VN-0003837,CLI-02940,PRD-0006,tienda_norte,7,395.52,0,2768.64,efectivo,completada,2026-03-11 03:31:49,zona_a
VN-0003838,CLI-02267,PRD-0192,tienda_norte,7,79.1,15,553.7,tarjeta,completada,2026-03-25 12:43:31,zona_b
VN-0003839,CLI-02464,PRD-0087,tienda_norte,5,39.41,0,197.05,tarjeta,completada,2026-03-14 03:25:22,zona_c
VN-0003840,CLI-02763,PRD-0141,tienda_norte,5,142.42,0,712.1,tarjeta,completada,2026-03-17 02:35:50,zona_a
VN-0003841,CLI-00208,PRD-0057,tienda_norte,4,378.74,5,1514.96,transferencia,completada,2026-01-24 22:32:55,zona_a
VN-0003842,CLI-02219,PRD-0073,tienda_norte,7,57.82,15,404.74,tarjeta,pendiente,2026-02-12 07:22:14,zona_a
VN-0003843,CLI-01003,PRD-0041,tienda_norte,6,145.34,15,872.04,tarjeta,completada,2026-02-01 22:27:13,zona_b
VN-0003844,CLI-01492,PRD-0008,tienda_norte,7,1107.3,0,7751.1,tarjeta,completada,2026-01-03 04:45:07,zona_b
VN-0003845,CLI-02348,PRD-0159,tienda_norte,2,1072.38,5,2144.76,yape,completada,2026-02-23 14:57:36,zona_b
VN-0003846,CLI-02018,PRD-0122,tienda_norte,7,237.03,5,1659.21,tarjeta,completada,2026-02-08 21:45:21,zona_a
VN-0003847,CLI-02901,PRD-0141,tienda_norte,3,142.42,0,427.26,tarjeta,completada,2026-02-12 06:38:09,zona_c
VN-0003848,CLI-00211,PRD-0190,tienda_norte,7,213.27,10,1492.89,efectivo,completada,2026-01-21 03:24:36,zona_d
VN-0003849,CLI-00718,PRD-0071,tienda_norte,1,63.96,10,63.96,transferencia,devuelta,2026-03-03 14:35:02,zona_c
VN-0003850,CLI-02402,PRD-0124,tienda_norte,7,154.82,10,1083.74,efectivo,completada,2026-01-03 13:47:58,zona_d
VN-0003851,CLI-02735,PRD-0098,tienda_norte,4,793.19,0,3172.76,tarjeta,completada,2026-01-31 11:08:25,zona_b
VN-0003852,CLI-00587,PRD-0157,tienda_norte,4,269.24,0,1076.96,tarjeta,completada,2026-02-17 02:38:32,zona_d
VN-0003853,CLI-01084,PRD-0178,tienda_norte,5,65.7,25,328.5,efectivo,completada,2026-03-23 02:51:37,zona_a
VN-0003854,CLI-02865,PRD-0190,tienda_norte,4,189.58,20,758.32,tarjeta,completada,2026-02-04 23:43:52,zona_c
VN-0003855,CLI-00065,PRD-0143,tienda_norte,8,20.15,10,161.2,efectivo,completada,2026-01-24 03:34:54,zona_c
VN-0003856,CLI-00864,PRD-0088,tienda_norte,1,66.62,0,66.62,efectivo,completada,2026-03-09 03:00:42,zona_b
VN-0003857,CLI-00252,PRD-0161,tienda_norte,7,33.75,0,236.25,transferencia,completada,2026-03-24 17:15:41,zona_d
VN-0003858,CLI-01015,PRD-0188,tienda_norte,2,79.03,25,158.06,efectivo,completada,2026-02-06 02:52:33,zona_a
VN-0003859,CLI-02682,PRD-0081,tienda_norte,4,104.17,10,416.68,yape,completada,2026-02-18 13:08:01,zona_b
VN-0003860,CLI-01084,PRD-0105,tienda_norte,5,70.71,10,353.55,efectivo,completada,2026-03-25 15:34:36,zona_a
VN-0003861,CLI-00224,PRD-0005,tienda_norte,5,201.91,5,1009.55,efectivo,completada,2026-03-19 20:39:40,zona_c
VN-0003862,CLI-02088,PRD-0195,tienda_norte,1,155.94,10,155.94,yape,completada,2026-01-02 04:01:53,zona_d
VN-0003863,CLI-02767,PRD-0060,tienda_norte,1,139.14,0,139.14,tarjeta,completada,2026-02-12 11:30:51,zona_b
VN-0003864,CLI-02171,PRD-0068,tienda_norte,3,149.99,10,449.97,tarjeta,completada,2026-02-08 19:23:39,zona_c
VN-0003865,CLI-00587,PRD-0197,tienda_norte,3,46.5,0,139.5,efectivo,completada,2026-01-20 07:49:19,zona_c
VN-0003866,CLI-00658,PRD-0156,tienda_norte,2,85.25,10,170.5,efectivo,completada,2026-03-26 22:14:17,zona_b
VN-0003867,CLI-01943,PRD-0004,tienda_norte,5,51.2,5,256.0,yape,completada,2026-03-19 07:33:21,zona_d
VN-0003868,CLI-01577,PRD-0101,tienda_norte,5,959.42,15,4797.1,transferencia,completada,2026-03-19 00:15:58,zona_d
VN-0003869,CLI-02966,PRD-0027,tienda_norte,3,29.13,5,87.39,efectivo,completada,2026-01-30 12:13:13,zona_d
VN-0003870,CLI-02158,PRD-0076,tienda_norte,7,135.89,0,951.23,efectivo,completada,2026-01-05 16:44:51,zona_b
VN-0003871,CLI-01558,PRD-0191,tienda_norte,3,156.18,10,468.54,yape,completada,2026-01-17 07:13:36,zona_b
VN-0003872,CLI-00926,PRD-0020,tienda_norte,6,325.09,0,1950.54,tarjeta,completada,2026-01-14 18:51:19,zona_c
VN-0003873,CLI-00660,PRD-0199,tienda_norte,7,375.09,0,2625.63,tarjeta,completada,2026-02-14 05:12:21,zona_d
VN-0003874,CLI-02552,PRD-0020,tienda_norte,8,308.84,5,2470.72,tarjeta,completada,2026-03-10 04:57:50,zona_b
VN-0003875,CLI-00212,PRD-0073,tienda_norte,2,68.02,0,136.04,efectivo,devuelta,2026-01-04 15:25:41,zona_b
VN-0003876,CLI-00053,PRD-0130,tienda_norte,5,355.51,10,1777.55,tarjeta,completada,2026-03-28 19:19:03,zona_a
VN-0003877,CLI-00336,PRD-0186,tienda_norte,2,68.54,10,137.08,efectivo,completada,2026-01-10 11:25:18,zona_a
VN-0003878,CLI-02821,PRD-0093,tienda_norte,3,811.64,10,2434.92,yape,completada,2026-03-16 22:54:05,zona_a
VN-0003879,CLI-02889,PRD-0060,tienda_norte,8,132.18,5,1057.44,efectivo,completada,2026-03-26 01:11:59,zona_a
VN-0003880,CLI-01634,PRD-0041,tienda_norte,7,153.89,10,1077.23,transferencia,completada,2026-03-29 00:26:15,zona_a
VN-0003881,CLI-00966,PRD-0175,tienda_norte,7,74.48,0,521.36,tarjeta,completada,2026-02-04 12:30:02,zona_a
VN-0003882,CLI-00056,PRD-0119,tienda_norte,8,136.14,20,1089.12,transferencia,completada,2026-03-30 11:21:04,zona_c
VN-0003883,CLI-02990,PRD-0086,tienda_norte,7,17.6,0,123.2,efectivo,completada,2026-03-30 03:51:24,zona_c
VN-0003884,CLI-02964,PRD-0086,tienda_norte,8,17.6,0,140.8,efectivo,completada,2026-03-19 00:29:17,zona_d
VN-0003885,CLI-00841,PRD-0028,tienda_norte,7,7.24,15,50.68,yape,completada,2026-03-01 21:18:43,zona_a
VN-0003886,CLI-01460,PRD-0099,tienda_norte,6,324.56,10,1947.36,transferencia,completada,2026-02-05 12:37:55,zona_b
VN-0003887,CLI-02196,PRD-0033,tienda_norte,1,696.3,0,696.3,tarjeta,completada,2026-02-16 15:17:07,zona_d
VN-0003888,CLI-02018,PRD-0003,tienda_norte,3,141.2,20,423.6,tarjeta,completada,2026-02-21 06:17:28,zona_a
VN-0003889,CLI-02398,PRD-0196,tienda_norte,1,39.17,5,39.17,efectivo,pendiente,2026-02-08 20:14:08,zona_c
VN-0003890,CLI-02916,PRD-0184,tienda_norte,1,141.93,5,141.93,tarjeta,completada,2026-01-07 04:30:23,zona_a
VN-0003891,CLI-01511,PRD-0134,tienda_norte,1,82.98,15,82.98,tarjeta,completada,2026-01-27 12:20:03,zona_a
VN-0003892,CLI-01382,PRD-0049,tienda_norte,5,1047.28,0,5236.4,efectivo,completada,2026-03-23 23:35:18,zona_d
VN-0003893,CLI-01220,PRD-0153,tienda_norte,6,1181.19,0,7087.14,transferencia,completada,2026-02-02 17:56:13,zona_d
VN-0003894,CLI-02877,PRD-0047,tienda_norte,4,218.76,10,875.04,yape,completada,2026-02-04 20:08:19,zona_b
VN-0003895,CLI-00402,PRD-0125,tienda_norte,6,266.29,15,1597.74,efectivo,devuelta,2026-01-07 14:05:04,zona_c
VN-0003896,CLI-02759,PRD-0162,tienda_norte,6,76.2,10,457.2,tarjeta,devuelta,2026-01-07 04:13:50,zona_c
VN-0003897,CLI-02106,PRD-0113,tienda_norte,1,130.58,20,130.58,tarjeta,completada,2026-02-11 06:59:41,zona_c
VN-0003898,CLI-00346,PRD-0066,tienda_norte,7,819.09,0,5733.63,yape,completada,2026-01-15 12:25:32,zona_c
VN-0003899,CLI-00133,PRD-0064,tienda_norte,6,56.47,0,338.82,efectivo,completada,2026-03-13 06:34:52,zona_b
VN-0003900,CLI-02624,PRD-0019,tienda_norte,3,290.02,0,870.06,tarjeta,devuelta,2026-01-13 13:47:02,zona_c
VN-0003901,CLI-00510,PRD-0124,tienda_norte,5,154.82,10,774.1,tarjeta,devuelta,2026-01-27 04:01:36,zona_b
VN-0003902,CLI-02564,PRD-0104,tienda_norte,4,176.34,10,705.36,tarjeta,completada,2026-02-02 23:26:00,zona_c
VN-0003903,CLI-00410,PRD-0101,tienda_norte,3,1015.86,10,3047.58,efectivo,completada,2026-01-13 15:20:39,zona_a
VN-0003904,CLI-01195,PRD-0074,tienda_norte,3,80.18,20,240.54,yape,completada,2026-01-17 19:42:34,zona_b
VN-0003905,CLI-02586,PRD-0003,tienda_norte,7,167.67,5,1173.69,yape,completada,2026-03-26 19:35:14,zona_b
VN-0003906,CLI-00811,PRD-0169,tienda_norte,6,798.12,25,4788.72,tarjeta,completada,2026-01-20 10:19:00,zona_c
VN-0003907,CLI-01854,PRD-0012,tienda_norte,6,138.71,10,832.26,tarjeta,completada,2026-03-26 01:04:12,zona_c
VN-0003908,CLI-00259,PRD-0080,tienda_norte,2,135.57,5,271.14,tarjeta,completada,2026-03-29 11:51:32,zona_d
VN-0003909,CLI-00207,PRD-0022,tienda_norte,5,54.79,15,273.95,tarjeta,completada,2026-01-19 19:55:16,zona_a
VN-0003910,CLI-02374,PRD-0022,tienda_norte,1,58.01,10,58.01,yape,completada,2026-02-21 15:01:29,zona_c
VN-0003911,CLI-00146,PRD-0056,tienda_norte,8,236.84,0,1894.72,yape,completada,2026-01-13 01:54:08,zona_d
VN-0003912,CLI-01726,PRD-0067,tienda_norte,8,91.31,10,730.48,efectivo,completada,2026-01-22 16:38:18,zona_b
VN-0003913,CLI-02785,PRD-0080,tienda_norte,6,107.03,25,642.18,transferencia,completada,2026-02-25 15:17:43,zona_c
VN-0003914,CLI-02766,PRD-0014,tienda_norte,1,284.02,10,284.02,tarjeta,completada,2026-02-04 01:34:19,zona_d
VN-0003915,CLI-01265,PRD-0076,tienda_norte,8,129.1,5,1032.8,tarjeta,completada,2026-02-07 08:12:40,zona_d
VN-0003916,CLI-02584,PRD-0075,tienda_norte,2,64.73,5,129.46,tarjeta,completada,2026-01-30 20:08:14,zona_b
VN-0003917,CLI-01845,PRD-0042,tienda_norte,4,64.7,15,258.8,efectivo,pendiente,2026-03-11 20:25:41,zona_c
VN-0003918,CLI-00925,PRD-0179,tienda_norte,2,311.27,20,622.54,tarjeta,completada,2026-02-17 08:52:54,zona_d
VN-0003919,CLI-02982,PRD-0180,tienda_norte,6,15.49,5,92.94,efectivo,completada,2026-02-17 10:02:34,zona_d
VN-0003920,CLI-00835,PRD-0155,tienda_norte,5,131.19,5,655.95,tarjeta,completada,2026-02-15 19:42:12,zona_a
VN-0003921,CLI-02310,PRD-0128,tienda_norte,2,43.02,15,86.04,yape,pendiente,2026-01-02 11:21:20,zona_a
VN-0003922,CLI-00119,PRD-0078,tienda_norte,8,46.7,15,373.6,yape,completada,2026-02-25 12:48:57,zona_c
VN-0003923,CLI-02405,PRD-0127,tienda_norte,1,41.04,0,41.04,efectivo,completada,2026-02-01 01:04:45,zona_a
VN-0003924,CLI-02200,PRD-0050,tienda_norte,4,9.06,20,36.24,tarjeta,completada,2026-02-04 12:49:38,zona_b
VN-0003925,CLI-02681,PRD-0088,tienda_norte,6,49.97,25,299.82,tarjeta,completada,2026-02-08 21:12:00,zona_b
VN-0003926,CLI-00688,PRD-0140,tienda_norte,6,111.94,5,671.64,efectivo,completada,2026-01-11 08:35:18,zona_b
VN-0003927,CLI-02146,PRD-0182,tienda_norte,3,104.56,10,313.68,tarjeta,completada,2026-02-13 23:57:49,zona_a
VN-0003928,CLI-02616,PRD-0032,tienda_norte,7,99.33,25,695.31,yape,completada,2026-03-12 15:19:25,zona_c
VN-0003929,CLI-02280,PRD-0036,tienda_norte,3,34.48,20,103.44,efectivo,completada,2026-01-11 17:59:46,zona_a
VN-0003930,CLI-01000,PRD-0071,tienda_norte,8,53.3,25,426.4,tarjeta,completada,2026-02-19 01:41:29,zona_c
VN-0003931,CLI-00587,PRD-0178,tienda_norte,2,83.22,5,166.44,tarjeta,completada,2026-01-12 11:59:57,zona_c
VN-0003932,CLI-00877,PRD-0003,tienda_norte,4,167.67,5,670.68,yape,completada,2026-02-01 20:50:12,zona_b
VN-0003933,CLI-00831,PRD-0132,tienda_norte,1,658.28,0,658.28,yape,completada,2026-01-12 20:05:02,zona_d
VN-0003934,CLI-02585,PRD-0177,tienda_norte,8,1066.18,0,8529.44,yape,completada,2026-02-13 02:23:30,zona_c
VN-0003935,CLI-01746,PRD-0086,tienda_norte,8,14.96,15,119.68,transferencia,completada,2026-02-15 07:13:58,zona_a
VN-0003936,CLI-00503,PRD-0199,tienda_norte,6,375.09,0,2250.54,yape,completada,2026-02-27 07:31:30,zona_c
VN-0003937,CLI-00001,PRD-0036,tienda_norte,6,38.79,10,232.74,yape,completada,2026-03-03 16:05:13,zona_c
VN-0003938,CLI-00670,PRD-0002,tienda_norte,2,35.98,0,71.96,tarjeta,completada,2026-03-30 09:32:52,zona_c
VN-0003939,CLI-02922,PRD-0080,tienda_norte,1,142.71,0,142.71,efectivo,completada,2026-03-13 08:03:44,zona_c
VN-0003940,CLI-01675,PRD-0117,tienda_norte,1,154.72,0,154.72,tarjeta,completada,2026-02-20 09:36:32,zona_d
VN-0003941,CLI-00334,PRD-0145,tienda_norte,8,340.64,0,2725.12,tarjeta,completada,2026-02-27 01:30:25,zona_d
VN-0003942,CLI-00074,PRD-0107,tienda_norte,7,52.86,0,370.02,tarjeta,completada,2026-03-13 04:55:58,zona_b
VN-0003943,CLI-02855,PRD-0085,tienda_norte,2,117.15,0,234.3,tarjeta,completada,2026-01-25 23:45:34,zona_d
VN-0003944,CLI-02381,PRD-0037,tienda_norte,2,75.32,0,150.64,tarjeta,devuelta,2026-01-12 15:30:37,zona_c
VN-0003945,CLI-00758,PRD-0011,tienda_norte,1,67.83,10,67.83,yape,completada,2026-02-10 14:43:01,zona_c
VN-0003946,CLI-02703,PRD-0012,tienda_norte,4,131.0,15,524.0,yape,completada,2026-03-24 20:50:51,zona_a
VN-0003947,CLI-02222,PRD-0035,tienda_norte,6,108.66,0,651.96,efectivo,completada,2026-01-08 01:26:11,zona_a
VN-0003948,CLI-01503,PRD-0095,tienda_norte,7,47.55,5,332.85,transferencia,completada,2026-03-30 18:09:54,zona_c
VN-0003949,CLI-02793,PRD-0174,tienda_norte,5,285.09,10,1425.45,tarjeta,completada,2026-02-23 22:30:00,zona_d
VN-0003950,CLI-02355,PRD-0160,tienda_norte,2,42.25,10,84.5,transferencia,completada,2026-03-11 03:41:36,zona_b
VN-0003951,CLI-01118,PRD-0188,tienda_norte,6,100.11,5,600.66,tarjeta,completada,2026-03-04 13:55:30,zona_d
VN-0003952,CLI-00977,PRD-0094,tienda_norte,3,36.83,5,110.49,yape,completada,2026-01-30 06:12:33,zona_a
VN-0003953,CLI-02582,PRD-0167,tienda_norte,3,143.12,10,429.36,tarjeta,completada,2026-01-25 18:30:56,zona_c
VN-0003954,CLI-02246,PRD-0163,tienda_norte,4,88.02,5,352.08,efectivo,completada,2026-02-13 13:17:59,zona_d
VN-0003955,CLI-01569,PRD-0151,tienda_norte,4,145.96,5,583.84,transferencia,completada,2026-01-02 23:32:56,zona_a
VN-0003956,CLI-00323,PRD-0170,tienda_norte,5,111.76,0,558.8,tarjeta,completada,2026-02-28 10:07:40,zona_a
VN-0003957,CLI-01605,PRD-0157,tienda_norte,3,269.24,0,807.72,tarjeta,completada,2026-02-14 17:20:39,zona_b
VN-0003958,CLI-00898,PRD-0004,tienda_norte,4,53.89,0,215.56,yape,completada,2026-02-07 09:41:30,zona_b
VN-0003959,CLI-01520,PRD-0192,tienda_norte,6,93.06,0,558.36,yape,completada,2026-03-05 04:20:22,zona_c
VN-0003960,CLI-00307,PRD-0150,tienda_norte,5,820.22,0,4101.1,transferencia,completada,2026-03-20 19:17:38,zona_d
VN-0003961,CLI-00270,PRD-0035,tienda_norte,1,92.36,15,92.36,yape,completada,2026-01-18 13:51:15,zona_c
VN-0003962,CLI-01276,PRD-0037,tienda_norte,6,60.26,20,361.56,efectivo,completada,2026-03-14 17:12:02,zona_d
VN-0003963,CLI-02831,PRD-0109,tienda_norte,7,121.06,5,847.42,transferencia,devuelta,2026-02-21 20:12:24,zona_b
VN-0003964,CLI-01996,PRD-0196,tienda_norte,2,41.23,0,82.46,transferencia,completada,2026-02-20 17:47:03,zona_a
VN-0003965,CLI-00847,PRD-0185,tienda_norte,6,151.94,15,911.64,tarjeta,completada,2026-03-10 19:08:50,zona_a
VN-0003966,CLI-01682,PRD-0082,tienda_norte,5,242.48,20,1212.4,tarjeta,completada,2026-02-08 13:34:37,zona_c
VN-0003967,CLI-01821,PRD-0105,tienda_norte,7,78.57,0,549.99,efectivo,pendiente,2026-01-17 07:34:06,zona_d
VN-0003968,CLI-01498,PRD-0116,tienda_norte,5,8.29,10,41.45,transferencia,devuelta,2026-03-01 21:18:30,zona_a
VN-0003969,CLI-01611,PRD-0199,tienda_norte,4,375.09,0,1500.36,tarjeta,completada,2026-03-20 13:36:03,zona_b
VN-0003970,CLI-02973,PRD-0094,tienda_norte,2,32.95,15,65.9,tarjeta,completada,2026-01-15 12:39:16,zona_b
VN-0003971,CLI-01073,PRD-0112,tienda_norte,8,288.27,0,2306.16,tarjeta,completada,2026-03-11 22:23:27,zona_d
VN-0003972,CLI-00832,PRD-0078,tienda_norte,4,54.94,0,219.76,tarjeta,completada,2026-03-30 02:59:48,zona_a
VN-0003973,CLI-01165,PRD-0014,tienda_norte,3,284.02,10,852.06,tarjeta,completada,2026-01-23 18:32:16,zona_a
VN-0003974,CLI-00577,PRD-0048,tienda_norte,8,307.21,0,2457.68,tarjeta,completada,2026-03-17 09:49:57,zona_b
VN-0003975,CLI-00027,PRD-0026,tienda_norte,5,1165.21,0,5826.05,tarjeta,completada,2026-01-17 21:36:58,zona_c
VN-0003976,CLI-01759,PRD-0127,tienda_norte,4,36.94,10,147.76,tarjeta,completada,2026-03-22 04:10:29,zona_a
VN-0003977,CLI-01363,PRD-0063,tienda_norte,2,194.35,10,388.7,efectivo,completada,2026-02-28 08:38:47,zona_a
VN-0003978,CLI-00038,PRD-0092,tienda_norte,7,929.8,20,6508.6,tarjeta,completada,2026-03-14 08:19:29,zona_a
VN-0003979,CLI-00187,PRD-0179,tienda_norte,8,330.73,15,2645.84,efectivo,completada,2026-01-28 16:03:46,zona_a
VN-0003980,CLI-02681,PRD-0116,tienda_norte,2,9.21,0,18.42,transferencia,devuelta,2026-01-10 20:03:07,zona_c
VN-0003981,CLI-02864,PRD-0131,tienda_norte,1,328.44,5,328.44,transferencia,completada,2026-01-30 07:02:41,zona_c
VN-0003982,CLI-01306,PRD-0009,tienda_norte,4,42.18,10,168.72,tarjeta,completada,2026-02-20 19:38:30,zona_d
VN-0003983,CLI-00480,PRD-0160,tienda_norte,6,44.59,5,267.54,tarjeta,completada,2026-01-03 17:12:20,zona_a
VN-0003984,CLI-01879,PRD-0036,tienda_norte,2,40.95,5,81.9,tarjeta,completada,2026-01-23 03:34:42,zona_b
VN-0003985,CLI-02164,PRD-0053,tienda_norte,7,4.92,5,34.44,tarjeta,completada,2026-03-02 09:11:05,zona_a
VN-0003986,CLI-01025,PRD-0198,tienda_norte,8,323.64,10,2589.12,tarjeta,completada,2026-03-11 02:17:14,zona_c
VN-0003987,CLI-00883,PRD-0088,tienda_norte,8,49.97,25,399.76,yape,completada,2026-03-10 08:03:19,zona_d
VN-0003988,CLI-01910,PRD-0105,tienda_norte,5,74.64,5,373.2,tarjeta,completada,2026-02-08 22:53:53,zona_a
VN-0003989,CLI-00277,PRD-0006,tienda_norte,6,316.42,20,1898.52,yape,completada,2026-02-28 23:37:49,zona_a
VN-0003990,CLI-02777,PRD-0028,tienda_norte,3,8.52,0,25.56,yape,completada,2026-02-15 03:18:43,zona_d
VN-0003991,CLI-00156,PRD-0063,tienda_norte,2,194.35,10,388.7,yape,completada,2026-01-29 03:53:31,zona_d
VN-0003992,CLI-02046,PRD-0158,tienda_norte,2,230.04,0,460.08,efectivo,completada,2026-03-27 07:58:07,zona_a
VN-0003993,CLI-00104,PRD-0178,tienda_norte,5,78.84,10,394.2,yape,completada,2026-03-09 07:20:13,zona_d
VN-0003994,CLI-00306,PRD-0166,tienda_norte,2,442.21,10,884.42,transferencia,completada,2026-02-13 13:36:55,zona_c
VN-0003995,CLI-00821,PRD-0156,tienda_norte,3,94.72,0,284.16,transferencia,completada,2026-01-21 00:22:23,zona_d
VN-0003996,CLI-00083,PRD-0060,tienda_norte,3,139.14,0,417.42,transferencia,completada,2026-01-07 16:32:22,zona_a
VN-0003997,CLI-00174,PRD-0032,tienda_norte,1,132.44,0,132.44,yape,completada,2026-02-28 19:57:44,zona_b
VN-0003998,CLI-01967,PRD-0092,tienda_norte,8,1046.03,10,8368.24,yape,completada,2026-02-01 00:23:48,zona_a
VN-0003999,CLI-01232,PRD-0074,tienda_norte,4,100.23,0,400.92,yape,devuelta,2026-02-27 02:02:30,zona_a
VN-0004000,CLI-00405,PRD-0178,tienda_norte,5,70.08,20,350.4,efectivo,completada,2026-02-04 14:56:03,zona_d
VN-0004001,CLI-01316,PRD-0108,tienda_norte,3,139.33,0,417.99,tarjeta,completada,2026-02-24 11:07:34,zona_b
VN-0004002,CLI-02290,PRD-0083,tienda_norte,2,92.72,0,185.44,transferencia,completada,2026-03-17 10:21:02,zona_d
VN-0004003,CLI-01557,PRD-0092,tienda_norte,5,1046.03,10,5230.15,efectivo,pendiente,2026-03-22 13:42:18,zona_c
VN-0004004,CLI-01988,PRD-0130,tienda_norte,4,395.01,0,1580.04,tarjeta,completada,2026-03-11 13:03:10,zona_b
VN-0004005,CLI-02435,PRD-0024,tienda_norte,6,135.72,0,814.32,efectivo,completada,2026-01-21 01:31:12,zona_a
VN-0004006,CLI-00472,PRD-0160,tienda_norte,6,46.94,0,281.64,yape,completada,2026-03-07 13:36:46,zona_c
VN-0004007,CLI-02498,PRD-0149,tienda_norte,6,273.72,0,1642.32,transferencia,completada,2026-01-17 23:30:23,zona_a
VN-0004008,CLI-02789,PRD-0071,tienda_norte,5,67.52,5,337.6,transferencia,completada,2026-02-10 08:25:03,zona_b
VN-0004009,CLI-01443,PRD-0133,tienda_norte,2,92.0,5,184.0,tarjeta,completada,2026-03-25 13:57:23,zona_b
VN-0004010,CLI-02325,PRD-0113,tienda_norte,4,163.22,0,652.88,tarjeta,completada,2026-01-29 07:32:35,zona_a
VN-0004011,CLI-02863,PRD-0170,tienda_norte,4,95.0,15,380.0,yape,completada,2026-03-13 15:46:24,zona_a
VN-0004012,CLI-00599,PRD-0046,tienda_norte,6,362.76,0,2176.56,yape,completada,2026-03-26 03:09:43,zona_d
VN-0004013,CLI-01094,PRD-0163,tienda_norte,1,88.02,5,88.02,tarjeta,completada,2026-02-10 22:52:42,zona_b
VN-0004014,CLI-01828,PRD-0080,tienda_norte,8,128.44,10,1027.52,efectivo,completada,2026-01-03 21:02:38,zona_c
VN-0004015,CLI-02987,PRD-0066,tienda_norte,4,655.27,20,2621.08,tarjeta,devuelta,2026-01-14 13:31:03,zona_c
VN-0004016,CLI-01621,PRD-0051,tienda_norte,1,246.34,25,246.34,transferencia,completada,2026-02-07 05:44:51,zona_c
VN-0004017,CLI-00331,PRD-0096,tienda_norte,1,70.28,10,70.28,efectivo,pendiente,2026-02-12 09:31:18,zona_d
VN-0004018,CLI-00304,PRD-0011,tienda_norte,6,75.37,0,452.22,tarjeta,completada,2026-01-28 14:24:01,zona_d
VN-0004019,CLI-00089,PRD-0051,tienda_norte,1,295.61,10,295.61,tarjeta,completada,2026-03-12 01:58:56,zona_b
VN-0004020,CLI-02047,PRD-0188,tienda_norte,6,89.57,15,537.42,yape,completada,2026-02-10 17:31:10,zona_d
VN-0004021,CLI-01450,PRD-0053,tienda_norte,4,4.92,5,19.68,efectivo,completada,2026-03-09 18:40:20,zona_d
VN-0004022,CLI-02013,PRD-0154,tienda_norte,3,35.87,25,107.61,transferencia,completada,2026-01-13 20:57:56,zona_d
VN-0004023,CLI-00740,PRD-0108,tienda_norte,4,118.43,15,473.72,transferencia,completada,2026-02-22 22:09:46,zona_c
VN-0004024,CLI-00207,PRD-0068,tienda_norte,7,166.65,0,1166.55,efectivo,completada,2026-02-15 05:35:58,zona_a
VN-0004025,CLI-02170,PRD-0032,tienda_norte,5,132.44,0,662.2,yape,completada,2026-01-10 06:19:30,zona_d
VN-0004026,CLI-01786,PRD-0150,tienda_norte,1,820.22,0,820.22,tarjeta,completada,2026-03-30 20:44:17,zona_d
VN-0004027,CLI-00800,PRD-0135,tienda_norte,3,99.05,20,297.15,efectivo,completada,2026-01-15 01:33:27,zona_b
VN-0004028,CLI-00472,PRD-0069,tienda_norte,2,52.47,5,104.94,tarjeta,completada,2026-03-27 15:03:06,zona_c
VN-0004029,CLI-02929,PRD-0085,tienda_norte,3,117.15,0,351.45,efectivo,devuelta,2026-02-22 15:48:39,zona_b
VN-0004030,CLI-02521,PRD-0060,tienda_norte,3,118.27,15,354.81,yape,completada,2026-01-12 17:50:08,zona_a
VN-0004031,CLI-01666,PRD-0016,tienda_norte,6,200.22,0,1201.32,yape,completada,2026-01-05 16:02:56,zona_c
VN-0004032,CLI-02710,PRD-0180,tienda_norte,2,15.49,5,30.98,efectivo,completada,2026-03-05 05:31:36,zona_a
VN-0004033,CLI-02134,PRD-0121,tienda_norte,3,749.48,15,2248.44,yape,devuelta,2026-01-20 15:35:12,zona_b
VN-0004034,CLI-02581,PRD-0126,tienda_norte,5,991.07,5,4955.35,efectivo,completada,2026-01-28 08:58:09,zona_c
VN-0004035,CLI-00194,PRD-0109,tienda_norte,5,121.06,5,605.3,yape,completada,2026-02-11 20:40:57,zona_b
VN-0004036,CLI-02865,PRD-0199,tienda_norte,2,337.58,10,675.16,yape,completada,2026-03-25 17:57:44,zona_d
VN-0004037,CLI-00839,PRD-0125,tienda_norte,4,281.95,10,1127.8,efectivo,completada,2026-02-22 14:56:39,zona_a
VN-0004038,CLI-01646,PRD-0138,tienda_norte,2,146.2,0,292.4,transferencia,completada,2026-01-22 16:12:05,zona_b
VN-0004039,CLI-01343,PRD-0082,tienda_norte,5,303.1,0,1515.5,yape,completada,2026-03-04 11:58:12,zona_c
VN-0004040,CLI-00852,PRD-0057,tienda_norte,8,378.74,5,3029.92,tarjeta,completada,2026-03-13 19:13:12,zona_b
VN-0004041,CLI-00527,PRD-0004,tienda_norte,1,53.89,0,53.89,tarjeta,completada,2026-03-22 18:01:20,zona_b
VN-0004042,CLI-00455,PRD-0050,tienda_norte,6,11.33,0,67.98,transferencia,completada,2026-03-17 03:55:10,zona_b
VN-0004043,CLI-01880,PRD-0159,tienda_norte,5,1072.38,5,5361.9,transferencia,completada,2026-02-08 18:43:49,zona_c
VN-0004044,CLI-00567,PRD-0108,tienda_norte,2,139.33,0,278.66,yape,completada,2026-03-28 07:34:09,zona_d
VN-0004045,CLI-00962,PRD-0006,tienda_norte,6,316.42,20,1898.52,tarjeta,completada,2026-02-10 03:22:22,zona_c
VN-0004046,CLI-01774,PRD-0133,tienda_norte,5,87.16,10,435.8,transferencia,completada,2026-02-24 17:43:32,zona_c
VN-0004047,CLI-02658,PRD-0108,tienda_norte,5,132.36,5,661.8,yape,completada,2026-03-29 01:58:16,zona_b
VN-0004048,CLI-00551,PRD-0018,tienda_norte,2,143.21,0,286.42,tarjeta,devuelta,2026-03-09 06:02:31,zona_a
VN-0004049,CLI-01020,PRD-0012,tienda_norte,5,138.71,10,693.55,efectivo,devuelta,2026-03-04 03:19:41,zona_a
VN-0004050,CLI-00528,PRD-0152,tienda_norte,6,94.91,5,569.46,yape,completada,2026-01-17 00:07:54,zona_b
VN-0004051,CLI-01636,PRD-0188,tienda_norte,4,105.38,0,421.52,tarjeta,completada,2026-01-11 19:30:04,zona_d
VN-0004052,CLI-00914,PRD-0124,tienda_norte,7,154.82,10,1083.74,tarjeta,devuelta,2026-02-28 02:57:56,zona_b
VN-0004053,CLI-00121,PRD-0001,tienda_norte,6,342.28,10,2053.68,yape,completada,2026-03-26 02:37:58,zona_b
VN-0004054,CLI-01346,PRD-0190,tienda_norte,3,189.58,20,568.74,yape,completada,2026-03-18 01:54:26,zona_a
VN-0004055,CLI-00847,PRD-0060,tienda_norte,1,125.23,10,125.23,tarjeta,completada,2026-01-04 20:17:52,zona_d
VN-0004056,CLI-00303,PRD-0176,tienda_norte,1,63.97,10,63.97,efectivo,completada,2026-02-17 00:39:24,zona_b
VN-0004057,CLI-01744,PRD-0142,tienda_norte,5,109.14,10,545.7,efectivo,completada,2026-01-12 17:26:39,zona_c
VN-0004058,CLI-00938,PRD-0029,tienda_norte,6,90.51,10,543.06,tarjeta,completada,2026-03-11 02:08:31,zona_d
VN-0004059,CLI-01204,PRD-0034,tienda_norte,3,93.65,10,280.95,efectivo,completada,2026-02-14 18:45:38,zona_a
VN-0004060,CLI-01220,PRD-0129,tienda_norte,7,79.96,20,559.72,tarjeta,completada,2026-03-18 13:52:04,zona_b
VN-0004061,CLI-01597,PRD-0199,tienda_norte,8,281.32,25,2250.56,tarjeta,completada,2026-03-21 05:10:38,zona_c
VN-0004062,CLI-01571,PRD-0102,tienda_norte,8,74.67,0,597.36,tarjeta,completada,2026-03-18 00:52:45,zona_d
VN-0004063,CLI-02775,PRD-0014,tienda_norte,3,315.58,0,946.74,tarjeta,completada,2026-03-03 10:37:50,zona_a
VN-0004064,CLI-02518,PRD-0062,tienda_norte,5,108.43,15,542.15,efectivo,completada,2026-01-10 23:13:00,zona_d
VN-0004065,CLI-00713,PRD-0079,tienda_norte,2,291.31,0,582.62,tarjeta,completada,2026-02-27 02:51:13,zona_a
VN-0004066,CLI-01534,PRD-0117,tienda_norte,4,154.72,0,618.88,yape,completada,2026-03-21 06:19:48,zona_a
VN-0004067,CLI-01982,PRD-0101,tienda_norte,8,1072.29,5,8578.32,tarjeta,devuelta,2026-02-06 10:26:41,zona_b
VN-0004068,CLI-00667,PRD-0057,tienda_norte,6,398.67,0,2392.02,tarjeta,completada,2026-03-03 12:31:28,zona_d
VN-0004069,CLI-02193,PRD-0110,tienda_norte,7,208.82,0,1461.74,tarjeta,completada,2026-01-05 12:16:29,zona_b
VN-0004070,CLI-02819,PRD-0148,tienda_norte,1,138.64,10,138.64,transferencia,completada,2026-02-27 11:51:36,zona_d
VN-0004071,CLI-01679,PRD-0182,tienda_norte,1,116.18,0,116.18,yape,completada,2026-02-04 10:23:45,zona_b
VN-0004072,CLI-02696,PRD-0125,tienda_norte,2,266.29,15,532.58,yape,completada,2026-03-14 16:11:20,zona_a
VN-0004073,CLI-01673,PRD-0105,tienda_norte,5,66.78,15,333.9,tarjeta,completada,2026-02-22 08:56:48,zona_b
VN-0004074,CLI-00033,PRD-0082,tienda_norte,4,287.94,5,1151.76,yape,completada,2026-03-31 09:24:58,zona_d
VN-0004075,CLI-00818,PRD-0184,tienda_norte,7,141.93,5,993.51,efectivo,completada,2026-03-09 20:28:19,zona_d
VN-0004076,CLI-02263,PRD-0091,tienda_norte,3,49.81,0,149.43,tarjeta,devuelta,2026-01-15 03:40:39,zona_c
VN-0004077,CLI-01657,PRD-0153,tienda_norte,3,1063.07,10,3189.21,transferencia,completada,2026-01-12 19:30:05,zona_b
VN-0004078,CLI-02136,PRD-0152,tienda_norte,2,99.91,0,199.82,efectivo,completada,2026-01-07 15:00:07,zona_d
VN-0004079,CLI-01848,PRD-0067,tienda_norte,6,96.38,5,578.28,tarjeta,completada,2026-03-20 05:55:02,zona_a
VN-0004080,CLI-01670,PRD-0039,tienda_norte,1,48.86,20,48.86,yape,devuelta,2026-03-14 18:54:03,zona_b
VN-0004081,CLI-00107,PRD-0188,tienda_norte,1,100.11,5,100.11,transferencia,completada,2026-03-15 19:36:52,zona_c
VN-0004082,CLI-02862,PRD-0141,tienda_norte,8,142.42,0,1139.36,transferencia,completada,2026-03-14 12:13:25,zona_c
VN-0004083,CLI-00186,PRD-0147,tienda_norte,4,49.96,0,199.84,efectivo,completada,2026-01-23 17:47:24,zona_c
VN-0004084,CLI-00488,PRD-0028,tienda_norte,8,7.24,15,57.92,tarjeta,completada,2026-01-07 00:52:54,zona_c
VN-0004085,CLI-02624,PRD-0142,tienda_norte,6,103.08,15,618.48,tarjeta,completada,2026-03-05 12:32:38,zona_a
VN-0004086,CLI-00218,PRD-0199,tienda_norte,1,375.09,0,375.09,efectivo,completada,2026-03-18 06:32:01,zona_c
VN-0004087,CLI-02269,PRD-0079,tienda_norte,8,276.74,5,2213.92,yape,pendiente,2026-02-21 17:41:41,zona_c
VN-0004088,CLI-00242,PRD-0103,tienda_norte,5,375.62,0,1878.1,efectivo,completada,2026-03-25 13:14:19,zona_b
VN-0004089,CLI-01584,PRD-0076,tienda_norte,3,115.51,15,346.53,efectivo,completada,2026-03-09 20:19:59,zona_b
VN-0004090,CLI-01044,PRD-0016,tienda_norte,1,200.22,0,200.22,tarjeta,devuelta,2026-03-19 02:02:06,zona_d
VN-0004091,CLI-01583,PRD-0172,tienda_norte,7,136.13,5,952.91,efectivo,completada,2026-02-07 02:06:02,zona_d
VN-0004092,CLI-01510,PRD-0027,tienda_norte,5,30.66,0,153.3,tarjeta,completada,2026-02-07 02:10:11,zona_b
VN-0004093,CLI-01977,PRD-0162,tienda_norte,7,80.44,5,563.08,yape,completada,2026-01-30 03:25:46,zona_a
VN-0004094,CLI-02790,PRD-0108,tienda_norte,3,104.5,25,313.5,efectivo,completada,2026-01-23 19:45:59,zona_a
VN-0004095,CLI-02952,PRD-0092,tienda_norte,4,1104.14,5,4416.56,tarjeta,completada,2026-01-24 09:03:18,zona_a
VN-0004096,CLI-01397,PRD-0111,tienda_norte,3,66.48,10,199.44,transferencia,completada,2026-01-21 15:48:14,zona_b
VN-0004097,CLI-02428,PRD-0190,tienda_norte,1,236.97,0,236.97,transferencia,completada,2026-01-24 23:20:50,zona_a
VN-0004098,CLI-01008,PRD-0168,tienda_norte,6,242.26,20,1453.56,efectivo,completada,2026-01-09 18:49:59,zona_d
VN-0004099,CLI-02720,PRD-0172,tienda_norte,4,143.3,0,573.2,tarjeta,devuelta,2026-02-10 21:08:17,zona_c
VN-0004100,CLI-02193,PRD-0050,tienda_norte,5,10.2,10,51.0,efectivo,completada,2026-03-10 20:53:18,zona_a
VN-0004101,CLI-02866,PRD-0064,tienda_norte,7,53.65,5,375.55,transferencia,completada,2026-03-03 07:50:28,zona_d
VN-0004102,CLI-00923,PRD-0126,tienda_norte,8,1043.23,0,8345.84,yape,completada,2026-03-07 18:07:14,zona_a
VN-0004103,CLI-01256,PRD-0021,tienda_norte,4,17.3,5,69.2,transferencia,completada,2026-01-08 07:59:27,zona_d
VN-0004104,CLI-02664,PRD-0176,tienda_norte,6,63.97,10,383.82,tarjeta,completada,2026-01-16 22:32:23,zona_a
VN-0004105,CLI-00780,PRD-0200,tienda_norte,4,33.95,0,135.8,transferencia,completada,2026-03-01 14:08:22,zona_a
VN-0004106,CLI-00182,PRD-0176,tienda_norte,2,71.08,0,142.16,tarjeta,completada,2026-01-01 07:38:41,zona_c
VN-0004107,CLI-00350,PRD-0020,tienda_norte,8,325.09,0,2600.72,tarjeta,completada,2026-02-20 05:31:39,zona_a
VN-0004108,CLI-02661,PRD-0106,tienda_norte,5,210.29,10,1051.45,tarjeta,completada,2026-03-18 20:37:44,zona_a
VN-0004109,CLI-00008,PRD-0034,tienda_norte,6,83.25,20,499.5,yape,devuelta,2026-03-02 02:10:05,zona_a
VN-0004110,CLI-01937,PRD-0166,tienda_norte,2,442.21,10,884.42,yape,completada,2026-02-13 18:56:38,zona_d
VN-0004111,CLI-01503,PRD-0073,tienda_norte,6,57.82,15,346.92,yape,completada,2026-03-24 18:24:18,zona_d
VN-0004112,CLI-00057,PRD-0029,tienda_norte,4,90.51,10,362.04,tarjeta,completada,2026-02-26 09:10:20,zona_c
VN-0004113,CLI-00717,PRD-0015,tienda_norte,3,54.47,5,163.41,efectivo,completada,2026-01-21 20:35:59,zona_d
VN-0004114,CLI-02502,PRD-0199,tienda_norte,6,375.09,0,2250.54,transferencia,completada,2026-01-18 17:39:56,zona_b
VN-0004115,CLI-01300,PRD-0125,tienda_norte,4,313.28,0,1253.12,yape,completada,2026-01-03 21:13:52,zona_a
VN-0004116,CLI-02354,PRD-0046,tienda_norte,5,362.76,0,1813.8,yape,completada,2026-01-27 12:40:39,zona_c
VN-0004117,CLI-00831,PRD-0191,tienda_norte,7,164.85,5,1153.95,transferencia,completada,2026-01-14 01:12:23,zona_c
VN-0004118,CLI-00272,PRD-0127,tienda_norte,3,32.83,20,98.49,efectivo,completada,2026-02-23 18:03:26,zona_c
VN-0004119,CLI-00581,PRD-0123,tienda_norte,8,38.32,5,306.56,tarjeta,completada,2026-01-08 04:12:22,zona_d
VN-0004120,CLI-01648,PRD-0118,tienda_norte,6,42.58,20,255.48,tarjeta,completada,2026-03-19 12:08:16,zona_a
VN-0004121,CLI-01758,PRD-0012,tienda_norte,7,154.12,0,1078.84,yape,completada,2026-03-11 04:11:01,zona_a
VN-0004122,CLI-02564,PRD-0034,tienda_norte,7,98.86,5,692.02,transferencia,completada,2026-02-11 10:37:38,zona_c
VN-0004123,CLI-02236,PRD-0099,tienda_norte,2,288.5,20,577.0,transferencia,completada,2026-02-12 21:16:25,zona_b
VN-0004124,CLI-00875,PRD-0153,tienda_norte,4,1122.13,5,4488.52,tarjeta,completada,2026-02-26 22:41:56,zona_d
VN-0004125,CLI-00623,PRD-0052,tienda_norte,8,332.63,15,2661.04,tarjeta,completada,2026-02-08 13:54:21,zona_c
VN-0004126,CLI-01220,PRD-0026,tienda_norte,6,1106.95,5,6641.7,tarjeta,pendiente,2026-01-01 17:42:34,zona_a
VN-0004127,CLI-01376,PRD-0181,tienda_norte,2,85.06,20,170.12,transferencia,completada,2026-03-27 17:47:02,zona_c
VN-0004128,CLI-00380,PRD-0063,tienda_norte,6,183.55,15,1101.3,tarjeta,completada,2026-01-28 11:31:56,zona_c
VN-0004129,CLI-01300,PRD-0133,tienda_norte,4,92.0,5,368.0,yape,completada,2026-01-17 05:53:05,zona_c
VN-0004130,CLI-02466,PRD-0195,tienda_norte,4,138.62,20,554.48,tarjeta,completada,2026-03-04 11:31:48,zona_b
VN-0004131,CLI-01072,PRD-0140,tienda_norte,2,106.05,10,212.1,efectivo,completada,2026-01-22 21:07:29,zona_d
VN-0004132,CLI-00740,PRD-0006,tienda_norte,3,336.19,15,1008.57,efectivo,completada,2026-02-24 04:41:48,zona_a
VN-0004133,CLI-02370,PRD-0112,tienda_norte,1,273.86,5,273.86,tarjeta,completada,2026-02-22 14:26:23,zona_d
VN-0004134,CLI-00329,PRD-0026,tienda_norte,4,1106.95,5,4427.8,yape,completada,2026-01-07 14:17:42,zona_a
VN-0004135,CLI-00609,PRD-0150,tienda_norte,2,615.16,25,1230.32,transferencia,completada,2026-03-04 19:24:05,zona_b
VN-0004136,CLI-02121,PRD-0052,tienda_norte,6,313.06,20,1878.36,tarjeta,completada,2026-02-23 19:19:24,zona_b
VN-0004137,CLI-01342,PRD-0074,tienda_norte,3,95.22,5,285.66,transferencia,completada,2026-03-26 13:21:26,zona_a
VN-0004138,CLI-02241,PRD-0199,tienda_norte,7,300.07,20,2100.49,transferencia,completada,2026-03-28 21:56:26,zona_d
VN-0004139,CLI-01225,PRD-0136,tienda_norte,5,98.61,5,493.05,tarjeta,completada,2026-02-24 22:15:00,zona_a
VN-0004140,CLI-01767,PRD-0099,tienda_norte,7,360.62,0,2524.34,tarjeta,completada,2026-03-11 17:36:28,zona_a
VN-0004141,CLI-01498,PRD-0092,tienda_norte,3,1046.03,10,3138.09,transferencia,completada,2026-01-08 05:22:11,zona_a
VN-0004142,CLI-01413,PRD-0150,tienda_norte,6,820.22,0,4921.32,tarjeta,completada,2026-01-04 20:14:16,zona_c
VN-0004143,CLI-01569,PRD-0104,tienda_norte,5,195.93,0,979.65,yape,completada,2026-02-13 02:21:32,zona_d
VN-0004144,CLI-00257,PRD-0066,tienda_norte,6,614.32,25,3685.92,efectivo,completada,2026-02-07 20:34:25,zona_d
VN-0004145,CLI-01754,PRD-0170,tienda_norte,3,83.82,25,251.46,transferencia,completada,2026-02-18 15:11:42,zona_d
VN-0004146,CLI-01252,PRD-0146,tienda_norte,6,85.82,0,514.92,tarjeta,completada,2026-03-31 10:33:30,zona_d
VN-0004147,CLI-01053,PRD-0011,tienda_norte,2,71.6,5,143.2,efectivo,completada,2026-01-27 05:30:06,zona_d
VN-0004148,CLI-02802,PRD-0168,tienda_norte,8,287.69,5,2301.52,tarjeta,devuelta,2026-01-04 23:10:49,zona_d
VN-0004149,CLI-00296,PRD-0196,tienda_norte,5,39.17,5,195.85,efectivo,completada,2026-01-03 01:12:11,zona_c
VN-0004150,CLI-00701,PRD-0120,tienda_norte,6,290.54,0,1743.24,yape,completada,2026-02-24 04:34:48,zona_b
VN-0004151,CLI-02564,PRD-0098,tienda_norte,4,634.55,20,2538.2,tarjeta,completada,2026-02-15 02:58:12,zona_c
VN-0004152,CLI-00557,PRD-0158,tienda_norte,7,207.04,10,1449.28,transferencia,completada,2026-03-03 23:33:44,zona_b
VN-0004153,CLI-01561,PRD-0115,tienda_norte,7,1144.16,0,8009.12,tarjeta,devuelta,2026-03-29 01:14:28,zona_b
VN-0004154,CLI-00854,PRD-0188,tienda_norte,3,105.38,0,316.14,efectivo,completada,2026-01-15 00:52:29,zona_a
VN-0004155,CLI-00782,PRD-0085,tienda_norte,2,111.29,5,222.58,efectivo,completada,2026-01-06 20:52:50,zona_c
VN-0004156,CLI-01369,PRD-0090,tienda_norte,3,12.01,0,36.03,yape,completada,2026-02-06 06:47:21,zona_c
VN-0004157,CLI-02072,PRD-0108,tienda_norte,2,111.46,20,222.92,efectivo,completada,2026-01-06 23:25:54,zona_b
VN-0004158,CLI-01474,PRD-0059,tienda_norte,1,145.94,0,145.94,yape,completada,2026-01-13 06:52:27,zona_b
VN-0004159,CLI-01595,PRD-0177,tienda_norte,1,1066.18,0,1066.18,tarjeta,completada,2026-03-07 21:38:02,zona_c
VN-0004160,CLI-01543,PRD-0038,tienda_norte,2,37.58,10,75.16,transferencia,completada,2026-02-21 03:36:02,zona_a
VN-0004161,CLI-02186,PRD-0043,tienda_norte,2,24.14,0,48.28,yape,completada,2026-02-06 19:32:03,zona_c
VN-0004162,CLI-02007,PRD-0111,tienda_norte,2,62.79,15,125.58,tarjeta,completada,2026-02-10 22:19:03,zona_b
VN-0004163,CLI-02344,PRD-0065,tienda_norte,8,179.58,10,1436.64,tarjeta,completada,2026-01-09 11:13:50,zona_b
VN-0004164,CLI-00314,PRD-0158,tienda_norte,1,207.04,10,207.04,tarjeta,completada,2026-01-17 08:27:15,zona_a
VN-0004165,CLI-00566,PRD-0058,tienda_norte,5,157.98,10,789.9,tarjeta,completada,2026-01-02 17:33:48,zona_d
VN-0004166,CLI-01629,PRD-0047,tienda_norte,3,230.92,5,692.76,tarjeta,pendiente,2026-01-16 12:32:11,zona_c
VN-0004167,CLI-01843,PRD-0106,tienda_norte,7,221.98,5,1553.86,efectivo,completada,2026-01-19 04:17:01,zona_d
VN-0004168,CLI-02199,PRD-0109,tienda_norte,7,127.43,0,892.01,tarjeta,completada,2026-02-15 04:47:05,zona_c
VN-0004169,CLI-02559,PRD-0158,tienda_norte,5,207.04,10,1035.2,efectivo,completada,2026-01-03 14:18:40,zona_b
VN-0004170,CLI-01721,PRD-0016,tienda_norte,7,200.22,0,1401.54,transferencia,completada,2026-02-01 13:28:02,zona_a
VN-0004171,CLI-00858,PRD-0059,tienda_norte,7,124.05,15,868.35,tarjeta,pendiente,2026-02-23 02:35:08,zona_b
VN-0004172,CLI-01517,PRD-0142,tienda_norte,2,109.14,10,218.28,tarjeta,completada,2026-03-02 09:02:18,zona_c
VN-0004173,CLI-00056,PRD-0066,tienda_norte,4,778.14,5,3112.56,tarjeta,completada,2026-01-18 18:50:35,zona_d
VN-0004174,CLI-01349,PRD-0007,tienda_norte,4,14.89,25,59.56,transferencia,pendiente,2026-01-29 17:28:48,zona_d
VN-0004175,CLI-01927,PRD-0139,tienda_norte,6,18.66,0,111.96,efectivo,completada,2026-03-27 22:22:25,zona_d
VN-0004176,CLI-01374,PRD-0179,tienda_norte,1,350.18,10,350.18,tarjeta,completada,2026-02-03 01:35:04,zona_d
VN-0004177,CLI-02458,PRD-0140,tienda_norte,8,117.83,0,942.64,efectivo,pendiente,2026-03-24 10:01:54,zona_d
VN-0004178,CLI-00709,PRD-0064,tienda_norte,8,42.35,25,338.8,tarjeta,completada,2026-01-22 20:54:54,zona_d
VN-0004179,CLI-00151,PRD-0164,tienda_norte,8,339.59,0,2716.72,transferencia,completada,2026-03-06 19:24:47,zona_c
VN-0004180,CLI-00937,PRD-0138,tienda_norte,8,124.27,15,994.16,yape,completada,2026-02-05 13:10:25,zona_d
VN-0004181,CLI-00399,PRD-0049,tienda_norte,6,942.55,10,5655.3,yape,completada,2026-01-01 08:15:14,zona_a
VN-0004182,CLI-00009,PRD-0160,tienda_norte,5,44.59,5,222.95,tarjeta,completada,2026-03-08 11:58:48,zona_c
VN-0004183,CLI-02799,PRD-0002,tienda_norte,4,35.98,0,143.92,efectivo,completada,2026-01-03 22:03:30,zona_a
VN-0004184,CLI-01518,PRD-0028,tienda_norte,1,8.52,0,8.52,tarjeta,completada,2026-02-19 05:04:23,zona_a
VN-0004185,CLI-01993,PRD-0185,tienda_norte,5,143.0,20,715.0,yape,completada,2026-03-10 03:21:06,zona_d
VN-0004186,CLI-01252,PRD-0054,tienda_norte,5,78.92,20,394.6,tarjeta,completada,2026-03-13 01:33:00,zona_a
VN-0004187,CLI-00002,PRD-0043,tienda_norte,2,19.31,20,38.62,tarjeta,completada,2026-01-04 03:11:24,zona_a
VN-0004188,CLI-01439,PRD-0011,tienda_norte,8,75.37,0,602.96,efectivo,pendiente,2026-03-30 21:02:06,zona_b
VN-0004189,CLI-00267,PRD-0150,tienda_norte,5,615.16,25,3075.8,tarjeta,completada,2026-02-25 01:58:05,zona_d
VN-0004190,CLI-00481,PRD-0193,tienda_norte,4,44.27,5,177.08,yape,completada,2026-01-09 15:27:44,zona_d
VN-0004191,CLI-02199,PRD-0118,tienda_norte,4,53.23,0,212.92,efectivo,completada,2026-01-05 22:51:12,zona_a
VN-0004192,CLI-01125,PRD-0037,tienda_norte,4,75.32,0,301.28,tarjeta,completada,2026-01-04 17:31:33,zona_d
VN-0004193,CLI-01664,PRD-0145,tienda_norte,7,340.64,0,2384.48,tarjeta,pendiente,2026-02-13 12:11:53,zona_a
VN-0004194,CLI-01667,PRD-0026,tienda_norte,7,1165.21,0,8156.47,transferencia,completada,2026-02-23 13:31:33,zona_b
VN-0004195,CLI-02227,PRD-0136,tienda_norte,3,98.61,5,295.83,transferencia,completada,2026-01-31 09:56:16,zona_d
VN-0004196,CLI-01173,PRD-0034,tienda_norte,1,93.65,10,93.65,tarjeta,completada,2026-01-22 15:14:34,zona_a
VN-0004197,CLI-01774,PRD-0126,tienda_norte,4,991.07,5,3964.28,tarjeta,completada,2026-01-30 11:39:41,zona_d
VN-0004198,CLI-01205,PRD-0076,tienda_norte,1,129.1,5,129.1,tarjeta,devuelta,2026-02-01 10:22:54,zona_a
VN-0004199,CLI-02681,PRD-0085,tienda_norte,8,111.29,5,890.32,efectivo,pendiente,2026-01-12 06:20:28,zona_b
VN-0004200,CLI-02894,PRD-0189,tienda_norte,7,134.07,25,938.49,tarjeta,completada,2026-02-11 14:40:45,zona_b
VN-0004201,CLI-01228,PRD-0128,tienda_norte,7,50.61,0,354.27,tarjeta,completada,2026-01-30 14:49:17,zona_b
VN-0004202,CLI-01983,PRD-0077,tienda_norte,7,44.86,25,314.02,yape,completada,2026-02-20 05:52:19,zona_c
VN-0004203,CLI-02753,PRD-0110,tienda_norte,6,198.38,5,1190.28,transferencia,completada,2026-01-16 17:31:36,zona_c
VN-0004204,CLI-02117,PRD-0051,tienda_norte,2,279.19,15,558.38,tarjeta,completada,2026-02-01 10:08:43,zona_d
VN-0004205,CLI-01239,PRD-0009,tienda_norte,7,37.5,20,262.5,tarjeta,completada,2026-03-12 18:59:23,zona_a
VN-0004206,CLI-02951,PRD-0012,tienda_norte,1,154.12,0,154.12,yape,completada,2026-01-17 13:57:22,zona_a
VN-0004207,CLI-01887,PRD-0116,tienda_norte,8,8.75,5,70.0,tarjeta,completada,2026-03-27 03:00:53,zona_d
VN-0004208,CLI-00745,PRD-0192,tienda_norte,5,83.75,10,418.75,tarjeta,devuelta,2026-01-03 17:08:38,zona_c
VN-0004209,CLI-00163,PRD-0191,tienda_norte,5,138.82,20,694.1,efectivo,devuelta,2026-03-29 16:29:42,zona_b
VN-0004210,CLI-00345,PRD-0156,tienda_norte,3,85.25,10,255.75,tarjeta,pendiente,2026-02-02 19:32:06,zona_a
VN-0004211,CLI-01881,PRD-0199,tienda_norte,4,281.32,25,1125.28,yape,completada,2026-02-14 03:54:05,zona_a
VN-0004212,CLI-02177,PRD-0112,tienda_norte,7,288.27,0,2017.89,tarjeta,pendiente,2026-01-17 10:45:06,zona_b
VN-0004213,CLI-00642,PRD-0051,tienda_norte,4,328.46,0,1313.84,efectivo,completada,2026-02-13 01:42:46,zona_a
VN-0004214,CLI-00517,PRD-0001,tienda_norte,4,342.28,10,1369.12,yape,completada,2026-01-01 23:51:04,zona_b
VN-0004215,CLI-02334,PRD-0059,tienda_norte,1,131.35,10,131.35,tarjeta,completada,2026-02-06 23:17:54,zona_b
VN-0004216,CLI-02485,PRD-0004,tienda_norte,6,53.89,0,323.34,efectivo,completada,2026-02-04 21:50:24,zona_d
VN-0004217,CLI-00738,PRD-0091,tienda_norte,4,47.32,5,189.28,tarjeta,completada,2026-03-03 06:25:09,zona_d
VN-0004218,CLI-02612,PRD-0197,tienda_norte,8,44.17,5,353.36,yape,completada,2026-02-17 04:14:55,zona_b
VN-0004219,CLI-02517,PRD-0018,tienda_norte,2,143.21,0,286.42,tarjeta,completada,2026-03-21 12:03:45,zona_b
VN-0004220,CLI-01191,PRD-0159,tienda_norte,6,1015.94,10,6095.64,yape,completada,2026-01-19 18:02:41,zona_d
VN-0004221,CLI-00253,PRD-0029,tienda_norte,2,95.54,5,191.08,tarjeta,completada,2026-03-18 08:26:45,zona_b
VN-0004222,CLI-00300,PRD-0156,tienda_norte,1,80.51,15,80.51,efectivo,completada,2026-01-30 11:49:56,zona_d
VN-0004223,CLI-00872,PRD-0050,tienda_norte,7,10.2,10,71.4,tarjeta,completada,2026-01-20 08:32:04,zona_c
VN-0004224,CLI-01655,PRD-0113,tienda_norte,6,163.22,0,979.32,yape,completada,2026-03-16 19:46:37,zona_c
VN-0004225,CLI-02120,PRD-0049,tienda_norte,8,890.19,15,7121.52,tarjeta,completada,2026-03-09 14:53:45,zona_a
VN-0004226,CLI-01600,PRD-0086,tienda_norte,4,16.72,5,66.88,tarjeta,completada,2026-03-14 04:30:52,zona_d
VN-0004227,CLI-02774,PRD-0168,tienda_norte,2,302.83,0,605.66,yape,completada,2026-01-18 10:36:33,zona_d
VN-0004228,CLI-02284,PRD-0056,tienda_norte,8,189.47,20,1515.76,efectivo,completada,2026-01-05 13:04:00,zona_d
VN-0004229,CLI-02407,PRD-0128,tienda_norte,7,50.61,0,354.27,efectivo,completada,2026-03-25 07:52:45,zona_a
VN-0004230,CLI-00433,PRD-0102,tienda_norte,6,74.67,0,448.02,tarjeta,completada,2026-01-08 09:00:35,zona_a
VN-0004231,CLI-02894,PRD-0101,tienda_norte,6,959.42,15,5756.52,tarjeta,completada,2026-02-02 07:51:03,zona_c
VN-0004232,CLI-01809,PRD-0125,tienda_norte,8,313.28,0,2506.24,yape,completada,2026-01-31 05:37:55,zona_c
VN-0004233,CLI-01833,PRD-0008,tienda_norte,7,996.57,10,6975.99,tarjeta,completada,2026-03-29 10:36:46,zona_d
VN-0004234,CLI-02536,PRD-0059,tienda_norte,8,138.64,5,1109.12,transferencia,completada,2026-01-07 09:58:08,zona_c
VN-0004235,CLI-01657,PRD-0145,tienda_norte,2,340.64,0,681.28,efectivo,completada,2026-01-27 11:46:49,zona_c
VN-0004236,CLI-02275,PRD-0041,tienda_norte,2,170.99,0,341.98,efectivo,pendiente,2026-02-23 10:14:13,zona_b
VN-0004237,CLI-00825,PRD-0130,tienda_norte,6,375.26,5,2251.56,tarjeta,completada,2026-01-28 22:46:50,zona_a
VN-0004238,CLI-00208,PRD-0072,tienda_norte,3,32.66,0,97.98,tarjeta,completada,2026-01-24 13:51:50,zona_b
VN-0004239,CLI-01012,PRD-0058,tienda_norte,5,175.53,0,877.65,tarjeta,devuelta,2026-02-23 17:19:49,zona_d
VN-0004240,CLI-01555,PRD-0065,tienda_norte,1,189.55,5,189.55,tarjeta,completada,2026-02-03 23:33:07,zona_b
VN-0004241,CLI-00686,PRD-0126,tienda_norte,3,1043.23,0,3129.69,tarjeta,completada,2026-03-16 09:14:18,zona_a
VN-0004242,CLI-00309,PRD-0186,tienda_norte,3,68.54,10,205.62,tarjeta,devuelta,2026-03-13 20:31:34,zona_c
VN-0004243,CLI-00266,PRD-0011,tienda_norte,4,67.83,10,271.32,yape,completada,2026-03-17 08:00:13,zona_c
VN-0004244,CLI-02797,PRD-0087,tienda_norte,7,35.47,10,248.29,efectivo,completada,2026-03-15 21:53:20,zona_a
VN-0004245,CLI-01403,PRD-0043,tienda_norte,2,20.52,15,41.04,efectivo,completada,2026-02-06 11:04:31,zona_b
VN-0004246,CLI-01501,PRD-0157,tienda_norte,4,269.24,0,1076.96,efectivo,completada,2026-02-17 16:54:01,zona_a
VN-0004247,CLI-00630,PRD-0040,tienda_norte,3,128.66,25,385.98,yape,completada,2026-02-17 15:52:31,zona_b
VN-0004248,CLI-00537,PRD-0099,tienda_norte,4,360.62,0,1442.48,efectivo,completada,2026-02-23 09:08:38,zona_b
VN-0004249,CLI-01516,PRD-0178,tienda_norte,2,87.6,0,175.2,efectivo,completada,2026-02-23 10:37:22,zona_c
VN-0004250,CLI-01299,PRD-0004,tienda_norte,6,53.89,0,323.34,tarjeta,completada,2026-03-10 17:39:07,zona_d
VN-0004251,CLI-02035,PRD-0077,tienda_norte,2,56.82,5,113.64,tarjeta,completada,2026-03-14 03:15:20,zona_d
VN-0004252,CLI-01443,PRD-0014,tienda_norte,3,315.58,0,946.74,efectivo,completada,2026-03-18 02:35:32,zona_b
VN-0004253,CLI-01197,PRD-0185,tienda_norte,8,160.88,10,1287.04,tarjeta,completada,2026-03-16 16:01:59,zona_b
VN-0004254,CLI-00086,PRD-0087,tienda_norte,4,39.41,0,157.64,tarjeta,completada,2026-02-19 10:48:07,zona_a
VN-0004255,CLI-02066,PRD-0141,tienda_norte,8,135.3,5,1082.4,tarjeta,completada,2026-02-17 17:51:31,zona_a
VN-0004256,CLI-00240,PRD-0200,tienda_norte,4,27.16,20,108.64,efectivo,completada,2026-03-02 11:10:08,zona_c
VN-0004257,CLI-00026,PRD-0091,tienda_norte,5,47.32,5,236.6,transferencia,completada,2026-01-03 16:04:50,zona_b
VN-0004258,CLI-02244,PRD-0092,tienda_norte,1,1162.25,0,1162.25,tarjeta,completada,2026-02-05 12:24:30,zona_d
VN-0004259,CLI-01451,PRD-0055,tienda_norte,6,20.29,0,121.74,yape,completada,2026-01-25 07:50:50,zona_b
VN-0004260,CLI-02689,PRD-0062,tienda_norte,4,114.8,10,459.2,tarjeta,completada,2026-03-24 03:21:07,zona_b
VN-0004261,CLI-00693,PRD-0078,tienda_norte,6,54.94,0,329.64,yape,completada,2026-03-02 08:28:20,zona_c
VN-0004262,CLI-01244,PRD-0024,tienda_norte,5,122.15,10,610.75,yape,completada,2026-03-21 13:10:03,zona_c
VN-0004263,CLI-01207,PRD-0164,tienda_norte,6,339.59,0,2037.54,yape,completada,2026-03-20 09:41:32,zona_a
VN-0004264,CLI-00910,PRD-0195,tienda_norte,8,173.27,0,1386.16,yape,completada,2026-01-24 01:07:38,zona_a
VN-0004265,CLI-02182,PRD-0069,tienda_norte,5,44.18,20,220.9,tarjeta,completada,2026-03-22 21:31:41,zona_b
VN-0004266,CLI-00197,PRD-0051,tienda_norte,5,295.61,10,1478.05,transferencia,completada,2026-01-22 19:30:29,zona_c
VN-0004267,CLI-01995,PRD-0145,tienda_norte,4,323.61,5,1294.44,tarjeta,completada,2026-01-23 21:29:02,zona_c
VN-0004268,CLI-02923,PRD-0153,tienda_norte,6,944.95,20,5669.7,efectivo,completada,2026-01-29 12:11:52,zona_b
VN-0004269,CLI-00153,PRD-0018,tienda_norte,5,107.41,25,537.05,efectivo,devuelta,2026-03-26 21:22:36,zona_a
VN-0004270,CLI-00218,PRD-0166,tienda_norte,5,417.64,15,2088.2,tarjeta,completada,2026-01-04 10:36:24,zona_c
VN-0004271,CLI-02108,PRD-0029,tienda_norte,2,100.57,0,201.14,yape,completada,2026-02-21 07:03:35,zona_d
VN-0004272,CLI-01502,PRD-0147,tienda_norte,3,49.96,0,149.88,yape,completada,2026-02-09 06:11:37,zona_a
VN-0004273,CLI-01153,PRD-0014,tienda_norte,2,284.02,10,568.04,yape,completada,2026-03-01 04:54:07,zona_b
VN-0004274,CLI-01355,PRD-0039,tienda_norte,3,54.97,10,164.91,yape,completada,2026-03-14 05:42:41,zona_b
VN-0004275,CLI-01622,PRD-0176,tienda_norte,2,71.08,0,142.16,tarjeta,completada,2026-02-20 21:01:49,zona_d
VN-0004276,CLI-02888,PRD-0137,tienda_norte,8,118.43,10,947.44,tarjeta,completada,2026-01-26 07:49:08,zona_d
VN-0004277,CLI-00081,PRD-0036,tienda_norte,7,36.63,15,256.41,tarjeta,completada,2026-02-19 20:33:45,zona_a
VN-0004278,CLI-01069,PRD-0046,tienda_norte,7,344.62,5,2412.34,yape,completada,2026-03-08 13:49:22,zona_d
VN-0004279,CLI-01534,PRD-0179,tienda_norte,8,389.09,0,3112.72,efectivo,devuelta,2026-01-18 19:03:51,zona_c
VN-0004280,CLI-01175,PRD-0031,tienda_norte,6,310.8,0,1864.8,transferencia,completada,2026-03-23 09:55:34,zona_d
VN-0004281,CLI-00760,PRD-0048,tienda_norte,4,291.85,5,1167.4,yape,completada,2026-03-24 00:38:35,zona_a
VN-0004282,CLI-01413,PRD-0065,tienda_norte,5,169.6,15,848.0,efectivo,completada,2026-01-17 20:18:51,zona_b
VN-0004283,CLI-01343,PRD-0193,tienda_norte,1,44.27,5,44.27,yape,completada,2026-01-28 17:06:29,zona_d
VN-0004284,CLI-02478,PRD-0067,tienda_norte,7,91.31,10,639.17,efectivo,completada,2026-01-24 01:00:43,zona_d
VN-0004285,CLI-00337,PRD-0133,tienda_norte,4,82.31,15,329.24,transferencia,completada,2026-01-06 09:39:23,zona_a
VN-0004286,CLI-00926,PRD-0042,tienda_norte,1,72.31,5,72.31,transferencia,completada,2026-02-02 03:05:38,zona_a
VN-0004287,CLI-02620,PRD-0137,tienda_norte,1,125.01,5,125.01,tarjeta,completada,2026-03-03 06:34:32,zona_c
VN-0004288,CLI-02778,PRD-0051,tienda_norte,5,328.46,0,1642.3,transferencia,pendiente,2026-01-09 23:29:22,zona_c
VN-0004289,CLI-02883,PRD-0105,tienda_norte,1,74.64,5,74.64,transferencia,completada,2026-01-14 15:46:21,zona_d
VN-0004290,CLI-00391,PRD-0153,tienda_norte,6,1063.07,10,6378.42,yape,completada,2026-03-14 16:51:29,zona_c
VN-0004291,CLI-02269,PRD-0171,tienda_norte,2,29.17,5,58.34,tarjeta,completada,2026-01-26 19:26:55,zona_b
VN-0004292,CLI-02319,PRD-0093,tienda_norte,3,901.82,0,2705.46,transferencia,devuelta,2026-03-28 01:46:55,zona_b
VN-0004293,CLI-00500,PRD-0071,tienda_norte,6,67.52,5,405.12,tarjeta,completada,2026-03-18 03:08:44,zona_a
VN-0004294,CLI-02233,PRD-0045,tienda_norte,2,33.44,10,66.88,tarjeta,completada,2026-02-16 04:16:25,zona_d
VN-0004295,CLI-00321,PRD-0125,tienda_norte,1,313.28,0,313.28,efectivo,completada,2026-03-12 08:27:25,zona_c
VN-0004296,CLI-02450,PRD-0185,tienda_norte,8,178.75,0,1430.0,efectivo,completada,2026-03-22 13:55:26,zona_d
VN-0004297,CLI-00907,PRD-0098,tienda_norte,3,594.89,25,1784.67,efectivo,pendiente,2026-03-07 14:35:54,zona_c
VN-0004298,CLI-02312,PRD-0100,tienda_norte,7,344.59,5,2412.13,efectivo,devuelta,2026-03-22 10:55:41,zona_c
VN-0004299,CLI-02676,PRD-0062,tienda_norte,8,127.56,0,1020.48,tarjeta,completada,2026-02-06 03:15:57,zona_b
VN-0004300,CLI-00791,PRD-0108,tienda_norte,3,132.36,5,397.08,transferencia,completada,2026-02-04 21:12:19,zona_b
VN-0004301,CLI-01114,PRD-0112,tienda_norte,4,245.03,15,980.12,tarjeta,completada,2026-02-08 15:14:14,zona_b
VN-0004302,CLI-01492,PRD-0022,tienda_norte,6,54.79,15,328.74,efectivo,completada,2026-02-05 19:54:57,zona_c
VN-0004303,CLI-02244,PRD-0124,tienda_norte,2,163.42,5,326.84,yape,completada,2026-03-16 01:57:33,zona_d
VN-0004304,CLI-02880,PRD-0178,tienda_norte,3,87.6,0,262.8,yape,completada,2026-01-24 20:12:56,zona_c
VN-0004305,CLI-02765,PRD-0061,tienda_norte,4,728.71,15,2914.84,tarjeta,completada,2026-03-03 16:25:42,zona_b
VN-0004306,CLI-01217,PRD-0058,tienda_norte,7,157.98,10,1105.86,tarjeta,completada,2026-01-01 15:29:34,zona_c
VN-0004307,CLI-02338,PRD-0106,tienda_norte,5,233.66,0,1168.3,tarjeta,completada,2026-01-11 09:26:23,zona_b
VN-0004308,CLI-00951,PRD-0128,tienda_norte,3,45.55,10,136.65,tarjeta,completada,2026-02-12 04:17:20,zona_a
VN-0004309,CLI-02491,PRD-0016,tienda_norte,7,200.22,0,1401.54,tarjeta,completada,2026-02-12 01:35:12,zona_b
VN-0004310,CLI-02257,PRD-0043,tienda_norte,2,24.14,0,48.28,transferencia,completada,2026-02-26 09:58:36,zona_a
VN-0004311,CLI-02969,PRD-0179,tienda_norte,2,389.09,0,778.18,efectivo,completada,2026-01-06 23:54:05,zona_b
VN-0004312,CLI-00501,PRD-0128,tienda_norte,8,43.02,15,344.16,transferencia,completada,2026-02-23 13:07:04,zona_c
VN-0004313,CLI-02242,PRD-0168,tienda_norte,7,302.83,0,2119.81,yape,completada,2026-03-26 07:23:51,zona_b
VN-0004314,CLI-01978,PRD-0039,tienda_norte,4,54.97,10,219.88,tarjeta,completada,2026-01-20 08:02:12,zona_d
VN-0004315,CLI-00423,PRD-0104,tienda_norte,4,195.93,0,783.72,transferencia,completada,2026-02-17 11:12:02,zona_b
VN-0004316,CLI-00981,PRD-0073,tienda_norte,4,61.22,10,244.88,tarjeta,completada,2026-02-22 14:30:11,zona_c
VN-0004317,CLI-01750,PRD-0025,tienda_norte,4,397.73,0,1590.92,yape,completada,2026-03-02 01:22:59,zona_a
VN-0004318,CLI-01023,PRD-0092,tienda_norte,3,1104.14,5,3312.42,tarjeta,completada,2026-01-24 16:38:00,zona_a
VN-0004319,CLI-01399,PRD-0003,tienda_norte,1,176.5,0,176.5,efectivo,completada,2026-01-03 15:12:38,zona_b
VN-0004320,CLI-02445,PRD-0106,tienda_norte,4,221.98,5,887.92,tarjeta,completada,2026-03-04 04:30:36,zona_c
VN-0004321,CLI-00288,PRD-0159,tienda_norte,8,903.06,20,7224.48,tarjeta,completada,2026-02-08 17:26:11,zona_c
VN-0004322,CLI-02376,PRD-0158,tienda_norte,8,230.04,0,1840.32,efectivo,devuelta,2026-01-29 22:01:47,zona_b
VN-0004323,CLI-02971,PRD-0042,tienda_norte,4,60.9,20,243.6,transferencia,completada,2026-02-05 21:29:25,zona_c
VN-0004324,CLI-01008,PRD-0187,tienda_norte,1,24.78,5,24.78,transferencia,completada,2026-01-17 00:29:29,zona_d
VN-0004325,CLI-00078,PRD-0165,tienda_norte,8,913.18,0,7305.44,efectivo,devuelta,2026-01-08 01:02:32,zona_d
VN-0004326,CLI-00746,PRD-0015,tienda_norte,3,57.34,0,172.02,tarjeta,completada,2026-03-15 14:33:40,zona_a
VN-0004327,CLI-02220,PRD-0077,tienda_norte,4,59.81,0,239.24,tarjeta,completada,2026-03-20 10:49:13,zona_b
VN-0004328,CLI-00466,PRD-0070,tienda_norte,7,482.91,5,3380.37,efectivo,completada,2026-02-08 05:48:23,zona_a
VN-0004329,CLI-02870,PRD-0024,tienda_norte,2,122.15,10,244.3,yape,completada,2026-02-12 11:44:17,zona_d
VN-0004330,CLI-00709,PRD-0041,tienda_norte,3,145.34,15,436.02,tarjeta,completada,2026-03-24 01:35:27,zona_a
VN-0004331,CLI-02369,PRD-0016,tienda_norte,4,170.19,15,680.76,yape,completada,2026-02-09 20:19:26,zona_b
VN-0004332,CLI-00350,PRD-0106,tienda_norte,8,233.66,0,1869.28,efectivo,completada,2026-03-09 13:53:58,zona_d
VN-0004333,CLI-02352,PRD-0115,tienda_norte,2,1029.74,10,2059.48,efectivo,completada,2026-02-04 11:36:47,zona_d
VN-0004334,CLI-00112,PRD-0057,tienda_norte,4,338.87,15,1355.48,tarjeta,pendiente,2026-01-08 01:13:26,zona_b
VN-0004335,CLI-00926,PRD-0017,tienda_norte,3,702.99,5,2108.97,tarjeta,completada,2026-03-11 03:55:35,zona_d
VN-0004336,CLI-00848,PRD-0011,tienda_norte,7,67.83,10,474.81,yape,pendiente,2026-02-17 21:59:19,zona_d
VN-0004337,CLI-01907,PRD-0006,tienda_norte,5,355.97,10,1779.85,tarjeta,completada,2026-01-20 17:32:02,zona_a
VN-0004338,CLI-00325,PRD-0118,tienda_norte,2,53.23,0,106.46,transferencia,completada,2026-02-04 20:10:18,zona_c
VN-0004339,CLI-02781,PRD-0098,tienda_norte,2,793.19,0,1586.38,tarjeta,pendiente,2026-01-29 04:43:33,zona_c
VN-0004340,CLI-02678,PRD-0161,tienda_norte,2,32.06,5,64.12,yape,completada,2026-02-10 10:47:55,zona_d
VN-0004341,CLI-00286,PRD-0010,tienda_norte,6,147.48,0,884.88,tarjeta,completada,2026-02-24 01:38:35,zona_a
VN-0004342,CLI-02482,PRD-0191,tienda_norte,3,173.53,0,520.59,yape,completada,2026-02-23 02:17:22,zona_d
VN-0004343,CLI-00536,PRD-0028,tienda_norte,8,8.09,5,64.72,transferencia,completada,2026-03-02 01:11:49,zona_a
VN-0004344,CLI-00296,PRD-0111,tienda_norte,1,70.18,5,70.18,yape,completada,2026-01-03 10:12:48,zona_d
VN-0004345,CLI-00384,PRD-0167,tienda_norte,7,135.17,15,946.19,efectivo,devuelta,2026-01-29 00:02:24,zona_a
VN-0004346,CLI-00289,PRD-0101,tienda_norte,2,902.98,20,1805.96,tarjeta,completada,2026-02-25 14:06:23,zona_a
VN-0004347,CLI-02172,PRD-0103,tienda_norte,4,281.72,25,1126.88,tarjeta,completada,2026-02-08 17:16:34,zona_d
VN-0004348,CLI-02527,PRD-0135,tienda_norte,7,117.62,5,823.34,efectivo,completada,2026-03-04 06:31:45,zona_b
VN-0004349,CLI-01017,PRD-0190,tienda_norte,7,236.97,0,1658.79,tarjeta,completada,2026-01-14 10:07:10,zona_c
VN-0004350,CLI-02917,PRD-0103,tienda_norte,6,375.62,0,2253.72,transferencia,completada,2026-02-12 17:41:23,zona_c
VN-0004351,CLI-01653,PRD-0008,tienda_norte,3,1107.3,0,3321.9,tarjeta,completada,2026-02-11 10:24:08,zona_a
VN-0004352,CLI-02868,PRD-0121,tienda_norte,2,793.57,10,1587.14,tarjeta,completada,2026-01-01 04:11:08,zona_a
VN-0004353,CLI-02393,PRD-0052,tienda_norte,3,391.33,0,1173.99,transferencia,completada,2026-01-30 20:00:39,zona_b
VN-0004354,CLI-02585,PRD-0187,tienda_norte,7,20.86,20,146.02,yape,completada,2026-02-06 02:06:05,zona_c
VN-0004355,CLI-00075,PRD-0030,tienda_norte,6,246.84,0,1481.04,yape,pendiente,2026-01-02 20:33:38,zona_c
VN-0004356,CLI-01627,PRD-0169,tienda_norte,2,957.74,10,1915.48,efectivo,completada,2026-02-08 15:15:45,zona_d
VN-0004357,CLI-00752,PRD-0135,tienda_norte,5,99.05,20,495.25,efectivo,completada,2026-03-27 08:26:50,zona_b
VN-0004358,CLI-01804,PRD-0063,tienda_norte,4,215.94,0,863.76,tarjeta,devuelta,2026-01-26 12:56:53,zona_a
VN-0004359,CLI-02635,PRD-0143,tienda_norte,5,22.39,0,111.95,tarjeta,pendiente,2026-01-15 15:58:15,zona_d
VN-0004360,CLI-01687,PRD-0164,tienda_norte,8,339.59,0,2716.72,tarjeta,completada,2026-02-18 15:17:19,zona_c
VN-0004361,CLI-01962,PRD-0024,tienda_norte,8,122.15,10,977.2,yape,completada,2026-02-24 04:30:01,zona_b
VN-0004362,CLI-02472,PRD-0199,tienda_norte,6,375.09,0,2250.54,tarjeta,devuelta,2026-02-14 20:34:43,zona_a
VN-0004363,CLI-02429,PRD-0119,tienda_norte,8,153.16,10,1225.28,yape,completada,2026-03-11 05:10:02,zona_d
VN-0004364,CLI-01391,PRD-0130,tienda_norte,3,395.01,0,1185.03,tarjeta,completada,2026-01-01 21:16:51,zona_c
VN-0004365,CLI-02175,PRD-0135,tienda_norte,3,105.24,15,315.72,tarjeta,completada,2026-02-19 09:52:22,zona_d
VN-0004366,CLI-01075,PRD-0082,tienda_norte,1,303.1,0,303.1,tarjeta,completada,2026-01-13 03:48:31,zona_a
VN-0004367,CLI-00764,PRD-0055,tienda_norte,7,19.28,5,134.96,yape,completada,2026-01-07 16:51:15,zona_c
VN-0004368,CLI-02710,PRD-0072,tienda_norte,4,32.66,0,130.64,efectivo,completada,2026-01-05 04:51:09,zona_c
VN-0004369,CLI-00101,PRD-0142,tienda_norte,8,103.08,15,824.64,efectivo,devuelta,2026-01-16 22:21:35,zona_b
VN-0004370,CLI-01111,PRD-0104,tienda_norte,6,176.34,10,1058.04,efectivo,completada,2026-01-11 03:15:47,zona_c
VN-0004371,CLI-01505,PRD-0078,tienda_norte,7,43.95,20,307.65,tarjeta,completada,2026-01-05 18:58:57,zona_d
VN-0004372,CLI-00782,PRD-0129,tienda_norte,1,84.96,15,84.96,transferencia,completada,2026-03-29 02:41:46,zona_d
VN-0004373,CLI-01426,PRD-0173,tienda_norte,5,167.7,5,838.5,tarjeta,completada,2026-01-13 23:22:31,zona_a
VN-0004374,CLI-01676,PRD-0133,tienda_norte,6,87.16,10,522.96,tarjeta,completada,2026-03-05 02:19:00,zona_b
VN-0004375,CLI-02543,PRD-0066,tienda_norte,4,819.09,0,3276.36,yape,completada,2026-01-16 22:46:31,zona_a
VN-0004376,CLI-01120,PRD-0119,tienda_norte,1,170.18,0,170.18,efectivo,completada,2026-01-13 19:34:04,zona_a
VN-0004377,CLI-02067,PRD-0009,tienda_norte,8,37.5,20,300.0,yape,completada,2026-03-31 16:03:34,zona_a
VN-0004378,CLI-02491,PRD-0006,tienda_norte,6,395.52,0,2373.12,yape,completada,2026-03-26 12:20:43,zona_d
VN-0004379,CLI-02532,PRD-0007,tienda_norte,2,19.86,0,39.72,yape,completada,2026-01-19 10:54:12,zona_c
VN-0004380,CLI-00326,PRD-0098,tienda_norte,3,634.55,20,1903.65,transferencia,completada,2026-02-05 09:35:21,zona_a
VN-0004381,CLI-01466,PRD-0128,tienda_norte,1,45.55,10,45.55,tarjeta,completada,2026-01-18 06:13:50,zona_d
VN-0004382,CLI-02182,PRD-0193,tienda_norte,3,34.95,25,104.85,tarjeta,completada,2026-01-11 15:51:01,zona_b
VN-0004383,CLI-00955,PRD-0095,tienda_norte,7,50.05,0,350.35,yape,completada,2026-01-26 07:57:18,zona_b
VN-0004384,CLI-01695,PRD-0129,tienda_norte,5,89.95,10,449.75,yape,completada,2026-02-25 17:20:20,zona_b
VN-0004385,CLI-01442,PRD-0112,tienda_norte,8,288.27,0,2306.16,tarjeta,completada,2026-03-30 00:53:09,zona_d
VN-0004386,CLI-01901,PRD-0107,tienda_norte,8,47.57,10,380.56,efectivo,completada,2026-02-06 10:49:35,zona_a
VN-0004387,CLI-01814,PRD-0096,tienda_norte,6,78.09,0,468.54,tarjeta,completada,2026-01-07 23:35:42,zona_d
VN-0004388,CLI-00340,PRD-0025,tienda_norte,1,318.18,20,318.18,transferencia,devuelta,2026-02-25 11:50:03,zona_a
VN-0004389,CLI-02263,PRD-0167,tienda_norte,8,159.02,0,1272.16,tarjeta,pendiente,2026-01-31 18:38:07,zona_c
VN-0004390,CLI-02067,PRD-0190,tienda_norte,7,236.97,0,1658.79,tarjeta,completada,2026-01-24 14:48:59,zona_d
VN-0004391,CLI-01851,PRD-0192,tienda_norte,2,83.75,10,167.5,yape,completada,2026-02-03 23:15:55,zona_d
VN-0004392,CLI-02738,PRD-0008,tienda_norte,5,830.47,25,4152.35,efectivo,completada,2026-02-06 19:12:37,zona_d
VN-0004393,CLI-01181,PRD-0038,tienda_norte,4,41.76,0,167.04,tarjeta,pendiente,2026-02-03 00:19:17,zona_d
VN-0004394,CLI-02348,PRD-0105,tienda_norte,6,74.64,5,447.84,tarjeta,completada,2026-02-14 21:34:11,zona_c
VN-0004395,CLI-01574,PRD-0036,tienda_norte,2,40.95,5,81.9,yape,completada,2026-02-03 23:01:40,zona_c
VN-0004396,CLI-00593,PRD-0187,tienda_norte,6,20.86,20,125.16,yape,completada,2026-01-31 05:25:14,zona_d
VN-0004397,CLI-00858,PRD-0005,tienda_norte,5,170.03,20,850.15,tarjeta,completada,2026-02-27 03:09:01,zona_b
VN-0004398,CLI-01227,PRD-0135,tienda_norte,5,123.81,0,619.05,efectivo,completada,2026-02-11 13:56:55,zona_b
VN-0004399,CLI-02958,PRD-0082,tienda_norte,8,303.1,0,2424.8,tarjeta,completada,2026-01-13 08:52:46,zona_a
VN-0004400,CLI-02843,PRD-0117,tienda_norte,7,154.72,0,1083.04,efectivo,completada,2026-03-24 18:29:11,zona_b
VN-0004401,CLI-01240,PRD-0032,tienda_norte,6,105.95,20,635.7,tarjeta,completada,2026-03-20 05:13:56,zona_a
VN-0004402,CLI-01955,PRD-0103,tienda_norte,5,375.62,0,1878.1,yape,devuelta,2026-01-10 04:17:59,zona_c
VN-0004403,CLI-02257,PRD-0131,tienda_norte,3,345.73,0,1037.19,tarjeta,completada,2026-02-20 21:44:16,zona_c
VN-0004404,CLI-02563,PRD-0046,tienda_norte,1,362.76,0,362.76,efectivo,completada,2026-01-17 17:25:34,zona_b
VN-0004405,CLI-02665,PRD-0074,tienda_norte,5,90.21,10,451.05,transferencia,completada,2026-01-12 08:49:20,zona_c
VN-0004406,CLI-00335,PRD-0120,tienda_norte,5,217.91,25,1089.55,tarjeta,completada,2026-01-16 11:12:55,zona_c
VN-0004407,CLI-00256,PRD-0151,tienda_norte,1,130.59,15,130.59,tarjeta,completada,2026-01-14 12:54:19,zona_b
VN-0004408,CLI-00706,PRD-0077,tienda_norte,1,53.83,10,53.83,tarjeta,pendiente,2026-02-12 00:50:29,zona_c
VN-0004409,CLI-00308,PRD-0155,tienda_norte,7,124.29,10,870.03,tarjeta,completada,2026-03-05 08:33:43,zona_b
VN-0004410,CLI-02317,PRD-0086,tienda_norte,2,17.6,0,35.2,efectivo,completada,2026-01-14 10:51:10,zona_c
VN-0004411,CLI-00844,PRD-0139,tienda_norte,8,17.73,5,141.84,efectivo,completada,2026-03-08 13:30:27,zona_a
VN-0004412,CLI-02608,PRD-0010,tienda_norte,6,147.48,0,884.88,tarjeta,completada,2026-01-21 09:11:59,zona_c
VN-0004413,CLI-02702,PRD-0022,tienda_norte,3,64.46,0,193.38,yape,completada,2026-02-19 20:52:48,zona_d
VN-0004414,CLI-02951,PRD-0145,tienda_norte,2,340.64,0,681.28,tarjeta,completada,2026-01-01 13:58:46,zona_d
VN-0004415,CLI-02728,PRD-0096,tienda_norte,7,74.19,5,519.33,efectivo,completada,2026-01-12 17:40:25,zona_b
VN-0004416,CLI-00993,PRD-0075,tienda_norte,5,61.33,10,306.65,tarjeta,devuelta,2026-02-02 00:19:52,zona_a
VN-0004417,CLI-01292,PRD-0018,tienda_norte,7,136.05,5,952.35,transferencia,completada,2026-02-18 22:12:56,zona_d
VN-0004418,CLI-00195,PRD-0113,tienda_norte,7,163.22,0,1142.54,tarjeta,completada,2026-02-27 05:42:24,zona_c
VN-0004419,CLI-02670,PRD-0161,tienda_norte,7,33.75,0,236.25,tarjeta,completada,2026-01-12 18:05:16,zona_d
VN-0004420,CLI-01542,PRD-0045,tienda_norte,5,33.44,10,167.2,transferencia,completada,2026-01-03 23:55:31,zona_d
VN-0004421,CLI-02656,PRD-0069,tienda_norte,8,49.71,10,397.68,tarjeta,completada,2026-01-17 20:00:23,zona_c
VN-0004422,CLI-01226,PRD-0178,tienda_norte,3,70.08,20,210.24,efectivo,completada,2026-03-29 00:11:56,zona_d
VN-0004423,CLI-00685,PRD-0105,tienda_norte,7,78.57,0,549.99,yape,completada,2026-01-29 05:37:08,zona_d
VN-0004424,CLI-01059,PRD-0183,tienda_norte,1,45.73,0,45.73,efectivo,completada,2026-03-14 09:41:31,zona_a
VN-0004425,CLI-00715,PRD-0158,tienda_norte,8,230.04,0,1840.32,yape,completada,2026-01-15 11:19:26,zona_a
VN-0004426,CLI-00386,PRD-0006,tienda_norte,1,355.97,10,355.97,tarjeta,completada,2026-01-31 23:13:16,zona_c
VN-0004427,CLI-00904,PRD-0085,tienda_norte,4,111.29,5,445.16,efectivo,completada,2026-01-04 04:10:04,zona_d
VN-0004428,CLI-02955,PRD-0190,tienda_norte,6,236.97,0,1421.82,efectivo,completada,2026-01-24 21:41:59,zona_b
VN-0004429,CLI-01043,PRD-0180,tienda_norte,3,16.31,0,48.93,transferencia,completada,2026-02-16 17:40:11,zona_b
VN-0004430,CLI-01678,PRD-0128,tienda_norte,4,50.61,0,202.44,tarjeta,devuelta,2026-01-04 20:16:19,zona_d
VN-0004431,CLI-01212,PRD-0045,tienda_norte,2,37.15,0,74.3,efectivo,completada,2026-02-16 15:38:43,zona_d
VN-0004432,CLI-01260,PRD-0126,tienda_norte,8,1043.23,0,8345.84,transferencia,completada,2026-03-13 17:54:04,zona_b
VN-0004433,CLI-00396,PRD-0104,tienda_norte,4,195.93,0,783.72,efectivo,completada,2026-02-10 13:54:16,zona_d
VN-0004434,CLI-02187,PRD-0125,tienda_norte,1,313.28,0,313.28,tarjeta,completada,2026-02-06 15:23:24,zona_d
VN-0004435,CLI-01390,PRD-0034,tienda_norte,4,104.06,0,416.24,yape,completada,2026-02-08 02:49:25,zona_c
VN-0004436,CLI-02288,PRD-0023,tienda_norte,4,64.79,0,259.16,efectivo,completada,2026-03-14 21:05:46,zona_d
VN-0004437,CLI-02864,PRD-0024,tienda_norte,5,128.93,5,644.65,tarjeta,completada,2026-02-03 00:59:13,zona_c
VN-0004438,CLI-01944,PRD-0117,tienda_norte,3,154.72,0,464.16,tarjeta,completada,2026-02-18 06:56:51,zona_a
VN-0004439,CLI-01524,PRD-0184,tienda_norte,3,126.99,15,380.97,transferencia,completada,2026-01-24 20:10:59,zona_c
VN-0004440,CLI-01474,PRD-0161,tienda_norte,6,33.75,0,202.5,tarjeta,completada,2026-02-09 10:07:50,zona_c
VN-0004441,CLI-01407,PRD-0134,tienda_norte,5,97.62,0,488.1,tarjeta,completada,2026-03-26 02:09:04,zona_d
VN-0004442,CLI-01997,PRD-0136,tienda_norte,1,103.8,0,103.8,transferencia,completada,2026-03-03 01:45:35,zona_d
VN-0004443,CLI-01864,PRD-0153,tienda_norte,6,1122.13,5,6732.78,transferencia,completada,2026-01-13 11:03:15,zona_b
VN-0004444,CLI-00786,PRD-0180,tienda_norte,5,12.23,25,61.15,transferencia,completada,2026-03-18 10:40:48,zona_c
VN-0004445,CLI-01255,PRD-0049,tienda_norte,2,994.92,5,1989.84,tarjeta,completada,2026-02-23 20:19:50,zona_d
VN-0004446,CLI-02125,PRD-0175,tienda_norte,4,63.31,15,253.24,yape,completada,2026-03-29 03:41:04,zona_a
VN-0004447,CLI-01679,PRD-0200,tienda_norte,4,33.95,0,135.8,tarjeta,devuelta,2026-01-21 10:36:19,zona_a
VN-0004448,CLI-00306,PRD-0190,tienda_norte,4,225.12,5,900.48,transferencia,completada,2026-03-12 14:09:37,zona_c
VN-0004449,CLI-01348,PRD-0115,tienda_norte,2,1086.95,5,2173.9,efectivo,devuelta,2026-03-03 06:06:00,zona_b
VN-0004450,CLI-02326,PRD-0062,tienda_norte,3,95.67,25,287.01,tarjeta,pendiente,2026-02-08 00:00:25,zona_a
VN-0004451,CLI-00735,PRD-0044,tienda_norte,5,95.36,10,476.8,yape,completada,2026-01-14 11:52:05,zona_a
VN-0004452,CLI-00114,PRD-0042,tienda_norte,8,76.12,0,608.96,transferencia,completada,2026-02-18 11:31:02,zona_b
VN-0004453,CLI-01122,PRD-0112,tienda_norte,3,230.62,20,691.86,tarjeta,completada,2026-01-22 01:35:05,zona_c
VN-0004454,CLI-02092,PRD-0122,tienda_norte,8,249.51,0,1996.08,tarjeta,completada,2026-03-25 20:34:30,zona_b
VN-0004455,CLI-00362,PRD-0041,tienda_norte,3,153.89,10,461.67,yape,completada,2026-03-06 10:00:27,zona_a
VN-0004456,CLI-00875,PRD-0198,tienda_norte,3,359.6,0,1078.8,efectivo,completada,2026-03-23 22:34:45,zona_d
VN-0004457,CLI-01078,PRD-0016,tienda_norte,7,170.19,15,1191.33,efectivo,completada,2026-02-18 15:30:39,zona_a
VN-0004458,CLI-02559,PRD-0060,tienda_norte,1,125.23,10,125.23,yape,devuelta,2026-02-17 19:34:25,zona_b
VN-0004459,CLI-01614,PRD-0176,tienda_norte,4,71.08,0,284.32,tarjeta,devuelta,2026-03-23 05:43:50,zona_a
VN-0004460,CLI-00478,PRD-0134,tienda_norte,3,97.62,0,292.86,yape,completada,2026-01-19 19:43:14,zona_a
VN-0004461,CLI-02541,PRD-0171,tienda_norte,7,29.17,5,204.19,yape,completada,2026-01-26 06:59:08,zona_b
VN-0004462,CLI-02541,PRD-0187,tienda_norte,1,26.08,0,26.08,tarjeta,completada,2026-02-25 16:58:31,zona_c
VN-0004463,CLI-02088,PRD-0005,tienda_norte,4,180.66,15,722.64,yape,devuelta,2026-01-18 20:35:55,zona_c
VN-0004464,CLI-00800,PRD-0185,tienda_norte,1,169.81,5,169.81,tarjeta,completada,2026-02-01 14:52:34,zona_b
VN-0004465,CLI-02545,PRD-0003,tienda_norte,4,167.67,5,670.68,efectivo,devuelta,2026-03-02 10:32:05,zona_b
VN-0004466,CLI-01877,PRD-0144,tienda_norte,4,74.18,5,296.72,tarjeta,completada,2026-01-13 19:22:49,zona_b
VN-0004467,CLI-02986,PRD-0057,tienda_norte,3,378.74,5,1136.22,efectivo,completada,2026-02-25 14:03:42,zona_a
VN-0004468,CLI-01691,PRD-0180,tienda_norte,2,16.31,0,32.62,yape,completada,2026-01-24 18:12:20,zona_c
VN-0004469,CLI-00467,PRD-0081,tienda_norte,7,104.17,10,729.19,tarjeta,completada,2026-01-23 20:19:19,zona_c
VN-0004470,CLI-00470,PRD-0079,tienda_norte,1,291.31,0,291.31,yape,devuelta,2026-01-15 05:47:09,zona_c
VN-0004471,CLI-00507,PRD-0174,tienda_norte,7,316.77,0,2217.39,efectivo,completada,2026-02-03 15:55:05,zona_b
VN-0004472,CLI-02119,PRD-0181,tienda_norte,8,106.33,0,850.64,transferencia,completada,2026-02-12 10:54:43,zona_d
VN-0004473,CLI-00377,PRD-0158,tienda_norte,6,207.04,10,1242.24,transferencia,devuelta,2026-02-19 09:47:17,zona_b
VN-0004474,CLI-01721,PRD-0124,tienda_norte,4,146.22,15,584.88,yape,completada,2026-03-13 03:09:44,zona_b
VN-0004475,CLI-02313,PRD-0168,tienda_norte,2,287.69,5,575.38,transferencia,completada,2026-01-02 01:19:06,zona_a
VN-0004476,CLI-01373,PRD-0033,tienda_norte,4,626.67,10,2506.68,transferencia,completada,2026-02-01 20:14:31,zona_c
VN-0004477,CLI-00251,PRD-0109,tienda_norte,2,121.06,5,242.12,efectivo,completada,2026-02-22 16:21:33,zona_a
VN-0004478,CLI-00592,PRD-0001,tienda_norte,7,380.31,0,2662.17,tarjeta,completada,2026-02-08 19:13:09,zona_d
VN-0004479,CLI-01090,PRD-0116,tienda_norte,4,8.75,5,35.0,efectivo,completada,2026-01-11 02:08:58,zona_b
VN-0004480,CLI-02582,PRD-0188,tienda_norte,8,105.38,0,843.04,transferencia,completada,2026-03-26 09:58:08,zona_b
VN-0004481,CLI-00464,PRD-0133,tienda_norte,6,82.31,15,493.86,transferencia,completada,2026-02-23 12:42:57,zona_c
VN-0004482,CLI-01512,PRD-0175,tienda_norte,1,67.03,10,67.03,transferencia,completada,2026-02-18 14:31:24,zona_d
VN-0004483,CLI-01180,PRD-0046,tienda_norte,8,344.62,5,2756.96,efectivo,completada,2026-03-13 09:57:13,zona_b
VN-0004484,CLI-01865,PRD-0043,tienda_norte,7,22.93,5,160.51,tarjeta,completada,2026-03-02 01:41:46,zona_c
VN-0004485,CLI-01892,PRD-0098,tienda_norte,3,793.19,0,2379.57,transferencia,completada,2026-03-09 22:59:56,zona_a
VN-0004486,CLI-00411,PRD-0147,tienda_norte,1,44.96,10,44.96,yape,devuelta,2026-01-24 16:39:19,zona_a
VN-0004487,CLI-01960,PRD-0044,tienda_norte,2,105.96,0,211.92,transferencia,completada,2026-03-29 14:53:44,zona_a
VN-0004488,CLI-02235,PRD-0025,tienda_norte,5,357.96,10,1789.8,tarjeta,pendiente,2026-02-11 01:54:17,zona_b
VN-0004489,CLI-01139,PRD-0077,tienda_norte,7,56.82,5,397.74,efectivo,completada,2026-02-12 23:29:53,zona_b
VN-0004490,CLI-02954,PRD-0029,tienda_norte,5,100.57,0,502.85,tarjeta,pendiente,2026-01-04 16:23:28,zona_d
VN-0004491,CLI-01066,PRD-0099,tienda_norte,2,288.5,20,577.0,efectivo,completada,2026-02-14 09:53:36,zona_b
VN-0004492,CLI-01038,PRD-0077,tienda_norte,4,56.82,5,227.28,tarjeta,completada,2026-03-15 16:43:17,zona_b
VN-0004493,CLI-02151,PRD-0150,tienda_norte,2,697.19,15,1394.38,yape,completada,2026-01-08 04:18:29,zona_c
VN-0004494,CLI-01046,PRD-0065,tienda_norte,3,169.6,15,508.8,yape,pendiente,2026-01-17 13:55:45,zona_a
VN-0004495,CLI-00100,PRD-0029,tienda_norte,1,95.54,5,95.54,transferencia,completada,2026-01-11 00:54:00,zona_d
VN-0004496,CLI-02012,PRD-0019,tienda_norte,6,290.02,0,1740.12,yape,devuelta,2026-01-23 15:59:40,zona_c
VN-0004497,CLI-00992,PRD-0069,tienda_norte,2,52.47,5,104.94,transferencia,completada,2026-03-25 02:54:10,zona_b
VN-0004498,CLI-01535,PRD-0052,tienda_norte,2,391.33,0,782.66,tarjeta,completada,2026-01-16 22:19:33,zona_a
VN-0004499,CLI-00084,PRD-0046,tienda_norte,3,344.62,5,1033.86,efectivo,completada,2026-01-16 10:31:45,zona_c
VN-0004500,CLI-01275,PRD-0037,tienda_norte,6,75.32,0,451.92,transferencia,completada,2026-02-28 04:15:40,zona_a
VN-0004501,CLI-00373,PRD-0196,tienda_norte,6,37.11,10,222.66,efectivo,completada,2026-01-10 10:44:24,zona_b
VN-0004502,CLI-00035,PRD-0013,tienda_norte,4,460.77,0,1843.08,efectivo,completada,2026-02-27 00:24:53,zona_a
VN-0004503,CLI-01045,PRD-0091,tienda_norte,6,44.83,10,268.98,transferencia,pendiente,2026-01-12 09:57:59,zona_d
VN-0004504,CLI-02871,PRD-0123,tienda_norte,5,38.32,5,191.6,yape,completada,2026-02-26 23:02:46,zona_b
VN-0004505,CLI-00641,PRD-0025,tienda_norte,1,397.73,0,397.73,yape,completada,2026-02-09 22:33:19,zona_b
VN-0004506,CLI-02287,PRD-0046,tienda_norte,4,290.21,20,1160.84,yape,completada,2026-03-05 14:19:23,zona_a
VN-0004507,CLI-02248,PRD-0168,tienda_norte,3,302.83,0,908.49,efectivo,completada,2026-02-15 06:11:37,zona_d
VN-0004508,CLI-02870,PRD-0062,tienda_norte,5,121.18,5,605.9,efectivo,completada,2026-01-11 00:48:21,zona_a
VN-0004509,CLI-02319,PRD-0019,tienda_norte,2,290.02,0,580.04,efectivo,completada,2026-03-19 21:11:07,zona_c
VN-0004510,CLI-00496,PRD-0178,tienda_norte,7,87.6,0,613.2,efectivo,completada,2026-02-15 18:58:58,zona_a
VN-0004511,CLI-02700,PRD-0079,tienda_norte,6,291.31,0,1747.86,transferencia,completada,2026-03-28 20:39:20,zona_b
VN-0004512,CLI-01772,PRD-0157,tienda_norte,7,242.32,10,1696.24,tarjeta,completada,2026-03-17 07:43:23,zona_d
VN-0004513,CLI-02313,PRD-0078,tienda_norte,4,54.94,0,219.76,tarjeta,completada,2026-03-21 18:52:02,zona_a
VN-0004514,CLI-02440,PRD-0059,tienda_norte,6,131.35,10,788.1,yape,completada,2026-03-23 14:55:19,zona_c
VN-0004515,CLI-02788,PRD-0157,tienda_norte,3,228.85,15,686.55,efectivo,completada,2026-02-28 08:07:12,zona_d
VN-0004516,CLI-01979,PRD-0126,tienda_norte,6,991.07,5,5946.42,efectivo,completada,2026-02-21 16:01:49,zona_a
VN-0004517,CLI-00470,PRD-0160,tienda_norte,1,46.94,0,46.94,yape,completada,2026-01-18 13:57:03,zona_d
VN-0004518,CLI-01223,PRD-0086,tienda_norte,3,17.6,0,52.8,yape,completada,2026-02-16 03:48:16,zona_a
VN-0004519,CLI-02093,PRD-0092,tienda_norte,6,987.91,15,5927.46,yape,completada,2026-01-20 20:21:54,zona_d
VN-0004520,CLI-00468,PRD-0059,tienda_norte,6,145.94,0,875.64,yape,completada,2026-02-24 10:11:04,zona_d
VN-0004521,CLI-00234,PRD-0025,tienda_norte,8,357.96,10,2863.68,efectivo,devuelta,2026-01-15 18:07:48,zona_d
VN-0004522,CLI-01104,PRD-0088,tienda_norte,6,63.29,5,379.74,efectivo,completada,2026-02-19 16:19:02,zona_a
VN-0004523,CLI-00846,PRD-0030,tienda_norte,5,222.16,10,1110.8,tarjeta,completada,2026-01-06 20:29:05,zona_b
VN-0004524,CLI-01226,PRD-0091,tienda_norte,3,47.32,5,141.96,efectivo,completada,2026-03-16 04:38:57,zona_a
VN-0004525,CLI-02761,PRD-0109,tienda_norte,8,127.43,0,1019.44,tarjeta,completada,2026-02-20 20:12:08,zona_b
VN-0004526,CLI-02586,PRD-0163,tienda_norte,5,92.65,0,463.25,efectivo,completada,2026-01-11 07:04:15,zona_a
VN-0004527,CLI-00110,PRD-0158,tienda_norte,4,218.54,5,874.16,transferencia,completada,2026-02-19 07:18:48,zona_c
VN-0004528,CLI-01690,PRD-0133,tienda_norte,8,96.84,0,774.72,yape,completada,2026-03-18 12:59:15,zona_c
VN-0004529,CLI-01845,PRD-0175,tienda_norte,5,70.76,5,353.8,yape,completada,2026-01-31 06:19:14,zona_a
VN-0004530,CLI-01171,PRD-0068,tienda_norte,8,141.65,15,1133.2,tarjeta,completada,2026-02-08 20:49:35,zona_b
VN-0004531,CLI-01910,PRD-0066,tienda_norte,1,696.23,15,696.23,efectivo,completada,2026-01-09 08:36:19,zona_d
VN-0004532,CLI-02794,PRD-0085,tienda_norte,6,105.44,10,632.64,efectivo,completada,2026-01-27 05:48:06,zona_d
VN-0004533,CLI-01598,PRD-0133,tienda_norte,7,96.84,0,677.88,efectivo,completada,2026-01-20 07:49:01,zona_c
VN-0004534,CLI-01502,PRD-0061,tienda_norte,8,857.31,0,6858.48,yape,completada,2026-03-30 18:33:13,zona_c
VN-0004535,CLI-00847,PRD-0189,tienda_norte,7,160.88,10,1126.16,yape,completada,2026-02-26 05:09:44,zona_a
VN-0004536,CLI-02343,PRD-0110,tienda_norte,7,208.82,0,1461.74,tarjeta,completada,2026-01-19 06:10:25,zona_a
VN-0004537,CLI-00745,PRD-0090,tienda_norte,5,9.01,25,45.05,yape,completada,2026-01-17 09:44:36,zona_a
VN-0004538,CLI-02894,PRD-0192,tienda_norte,3,74.45,20,223.35,tarjeta,completada,2026-02-16 05:45:36,zona_b
VN-0004539,CLI-00633,PRD-0068,tienda_norte,2,158.32,5,316.64,yape,pendiente,2026-03-01 20:13:21,zona_d
VN-0004540,CLI-00330,PRD-0108,tienda_norte,2,125.4,10,250.8,tarjeta,completada,2026-03-22 13:32:01,zona_c
VN-0004541,CLI-01157,PRD-0089,tienda_norte,4,68.95,0,275.8,tarjeta,devuelta,2026-01-09 06:08:19,zona_d
VN-0004542,CLI-01815,PRD-0011,tienda_norte,1,75.37,0,75.37,tarjeta,completada,2026-01-08 15:33:44,zona_b
VN-0004543,CLI-01935,PRD-0176,tienda_norte,5,71.08,0,355.4,tarjeta,completada,2026-02-23 04:35:07,zona_d
VN-0004544,CLI-00028,PRD-0186,tienda_norte,5,76.16,0,380.8,efectivo,completada,2026-01-04 12:47:50,zona_c
VN-0004545,CLI-01644,PRD-0154,tienda_norte,2,47.82,0,95.64,efectivo,completada,2026-01-15 19:11:23,zona_b
VN-0004546,CLI-01979,PRD-0017,tienda_norte,2,665.99,10,1331.98,transferencia,completada,2026-03-26 15:51:49,zona_a
VN-0004547,CLI-00459,PRD-0014,tienda_norte,5,284.02,10,1420.1,efectivo,completada,2026-02-26 10:34:43,zona_d
VN-0004548,CLI-01138,PRD-0007,tienda_norte,8,17.87,10,142.96,tarjeta,completada,2026-02-27 05:04:35,zona_b
VN-0004549,CLI-01784,PRD-0159,tienda_norte,5,903.06,20,4515.3,transferencia,completada,2026-01-06 06:20:28,zona_d
VN-0004550,CLI-02745,PRD-0139,tienda_norte,7,18.66,0,130.62,tarjeta,completada,2026-02-14 09:24:06,zona_c
VN-0004551,CLI-02144,PRD-0120,tienda_norte,2,276.01,5,552.02,transferencia,completada,2026-01-26 01:15:05,zona_a
VN-0004552,CLI-00112,PRD-0160,tienda_norte,6,44.59,5,267.54,efectivo,completada,2026-03-22 20:23:40,zona_c
VN-0004553,CLI-01566,PRD-0021,tienda_norte,8,18.21,0,145.68,transferencia,completada,2026-01-31 06:46:36,zona_b
VN-0004554,CLI-01086,PRD-0197,tienda_norte,2,46.5,0,93.0,yape,completada,2026-01-22 10:03:29,zona_c
VN-0004555,CLI-02858,PRD-0123,tienda_norte,8,40.34,0,322.72,efectivo,completada,2026-01-02 01:46:50,zona_c
VN-0004556,CLI-02940,PRD-0080,tienda_norte,6,142.71,0,856.26,yape,completada,2026-03-23 15:30:45,zona_a
VN-0004557,CLI-02955,PRD-0022,tienda_norte,4,51.57,20,206.28,yape,completada,2026-01-15 16:00:38,zona_b
VN-0004558,CLI-02721,PRD-0198,tienda_norte,3,359.6,0,1078.8,yape,completada,2026-02-23 16:30:40,zona_b
VN-0004559,CLI-01727,PRD-0150,tienda_norte,5,779.21,5,3896.05,tarjeta,completada,2026-02-08 02:11:22,zona_b
VN-0004560,CLI-00773,PRD-0083,tienda_norte,4,83.45,10,333.8,yape,completada,2026-01-10 00:42:30,zona_a
VN-0004561,CLI-02224,PRD-0031,tienda_norte,6,310.8,0,1864.8,efectivo,completada,2026-03-10 18:07:45,zona_a
VN-0004562,CLI-01037,PRD-0178,tienda_norte,1,83.22,5,83.22,yape,completada,2026-03-02 21:28:19,zona_c
VN-0004563,CLI-01386,PRD-0145,tienda_norte,6,306.58,10,1839.48,tarjeta,completada,2026-02-18 02:16:58,zona_c
VN-0004564,CLI-00254,PRD-0032,tienda_norte,7,132.44,0,927.08,tarjeta,completada,2026-03-16 08:36:56,zona_b
VN-0004565,CLI-01601,PRD-0194,tienda_norte,1,175.92,0,175.92,yape,devuelta,2026-03-25 04:02:55,zona_c
VN-0004566,CLI-00972,PRD-0064,tienda_norte,3,50.82,10,152.46,tarjeta,devuelta,2026-01-12 04:30:42,zona_c
VN-0004567,CLI-00430,PRD-0114,tienda_norte,1,254.22,0,254.22,efectivo,completada,2026-03-12 06:27:49,zona_b
VN-0004568,CLI-02256,PRD-0152,tienda_norte,8,99.91,0,799.28,transferencia,completada,2026-01-31 10:12:41,zona_c
VN-0004569,CLI-00578,PRD-0123,tienda_norte,2,30.26,25,60.52,yape,devuelta,2026-02-11 15:57:51,zona_d
VN-0004570,CLI-02141,PRD-0101,tienda_norte,4,902.98,20,3611.92,efectivo,completada,2026-03-11 19:34:41,zona_c
VN-0004571,CLI-00112,PRD-0096,tienda_norte,3,78.09,0,234.27,yape,completada,2026-01-12 22:14:33,zona_c
VN-0004572,CLI-02119,PRD-0066,tienda_norte,7,696.23,15,4873.61,tarjeta,completada,2026-01-19 00:59:21,zona_b
VN-0004573,CLI-02716,PRD-0051,tienda_norte,1,328.46,0,328.46,yape,completada,2026-01-19 07:42:27,zona_c
VN-0004574,CLI-02209,PRD-0156,tienda_norte,5,94.72,0,473.6,tarjeta,devuelta,2026-02-17 02:05:27,zona_a
VN-0004575,CLI-00598,PRD-0168,tienda_norte,6,302.83,0,1816.98,yape,completada,2026-03-07 12:42:10,zona_d
VN-0004576,CLI-01539,PRD-0135,tienda_norte,4,123.81,0,495.24,tarjeta,completada,2026-03-29 11:12:21,zona_d
VN-0004577,CLI-01183,PRD-0051,tienda_norte,2,328.46,0,656.92,yape,completada,2026-02-13 18:46:26,zona_d
VN-0004578,CLI-02690,PRD-0088,tienda_norte,3,66.62,0,199.86,tarjeta,completada,2026-02-03 12:32:41,zona_b
VN-0004579,CLI-01823,PRD-0199,tienda_norte,4,375.09,0,1500.36,tarjeta,completada,2026-03-08 21:43:36,zona_d
VN-0004580,CLI-02917,PRD-0074,tienda_norte,6,100.23,0,601.38,yape,completada,2026-03-15 12:28:18,zona_d
VN-0004581,CLI-02016,PRD-0084,tienda_norte,5,100.02,10,500.1,tarjeta,completada,2026-02-18 02:21:57,zona_b
VN-0004582,CLI-02056,PRD-0074,tienda_norte,7,100.23,0,701.61,transferencia,completada,2026-03-15 01:16:04,zona_c
VN-0004583,CLI-00827,PRD-0117,tienda_norte,6,146.98,5,881.88,transferencia,completada,2026-03-09 00:52:35,zona_b
VN-0004584,CLI-02315,PRD-0186,tienda_norte,1,76.16,0,76.16,transferencia,devuelta,2026-02-19 21:08:33,zona_b
VN-0004585,CLI-00221,PRD-0171,tienda_norte,8,30.71,0,245.68,tarjeta,completada,2026-03-22 12:13:38,zona_a
VN-0004586,CLI-02294,PRD-0041,tienda_norte,7,145.34,15,1017.38,efectivo,completada,2026-01-21 20:57:44,zona_c
VN-0004587,CLI-02232,PRD-0112,tienda_norte,8,273.86,5,2190.88,yape,devuelta,2026-02-25 10:24:26,zona_b
VN-0004588,CLI-00990,PRD-0109,tienda_norte,6,127.43,0,764.58,yape,completada,2026-03-07 12:26:38,zona_b
VN-0004589,CLI-02620,PRD-0177,tienda_norte,2,1066.18,0,2132.36,tarjeta,completada,2026-01-02 23:02:38,zona_a
VN-0004590,CLI-02985,PRD-0012,tienda_norte,2,154.12,0,308.24,yape,completada,2026-01-22 01:50:30,zona_a
VN-0004591,CLI-02245,PRD-0005,tienda_norte,7,212.54,0,1487.78,transferencia,completada,2026-03-29 20:31:59,zona_b
VN-0004592,CLI-02552,PRD-0028,tienda_norte,2,7.67,10,15.34,efectivo,completada,2026-03-21 23:01:28,zona_c
VN-0004593,CLI-01228,PRD-0185,tienda_norte,8,151.94,15,1215.52,yape,completada,2026-01-07 10:42:13,zona_d
VN-0004594,CLI-02446,PRD-0021,tienda_norte,4,17.3,5,69.2,tarjeta,completada,2026-01-01 18:20:20,zona_d
VN-0004595,CLI-00920,PRD-0131,tienda_norte,5,311.16,10,1555.8,transferencia,completada,2026-01-10 10:25:24,zona_b
VN-0004596,CLI-01349,PRD-0153,tienda_norte,1,1122.13,5,1122.13,tarjeta,completada,2026-02-08 07:18:31,zona_c
VN-0004597,CLI-01974,PRD-0033,tienda_norte,5,522.22,25,2611.1,tarjeta,completada,2026-01-06 18:22:54,zona_d
VN-0004598,CLI-00866,PRD-0119,tienda_norte,5,170.18,0,850.9,efectivo,completada,2026-02-03 00:48:26,zona_d
VN-0004599,CLI-02021,PRD-0018,tienda_norte,6,143.21,0,859.26,yape,completada,2026-03-04 09:51:36,zona_c
VN-0004600,CLI-00861,PRD-0041,tienda_norte,4,136.79,20,547.16,efectivo,completada,2026-01-27 17:37:55,zona_c
VN-0004601,CLI-02620,PRD-0053,tienda_norte,7,4.92,5,34.44,tarjeta,completada,2026-03-19 12:45:19,zona_c
VN-0004602,CLI-01389,PRD-0057,tienda_norte,3,318.94,20,956.82,tarjeta,completada,2026-03-07 12:27:15,zona_c
VN-0004603,CLI-01560,PRD-0086,tienda_norte,8,17.6,0,140.8,tarjeta,completada,2026-01-19 09:18:19,zona_a
VN-0004604,CLI-02509,PRD-0126,tienda_norte,6,1043.23,0,6259.38,tarjeta,completada,2026-01-18 10:03:07,zona_d
VN-0004605,CLI-02546,PRD-0098,tienda_norte,6,793.19,0,4759.14,transferencia,completada,2026-03-12 02:45:05,zona_a
VN-0004606,CLI-02931,PRD-0015,tienda_norte,6,54.47,5,326.82,efectivo,completada,2026-01-02 17:40:38,zona_a
VN-0004607,CLI-01609,PRD-0028,tienda_norte,5,7.67,10,38.35,tarjeta,completada,2026-03-17 01:20:55,zona_d
VN-0004608,CLI-00597,PRD-0022,tienda_norte,8,54.79,15,438.32,efectivo,completada,2026-02-19 19:44:41,zona_c
VN-0004609,CLI-02143,PRD-0072,tienda_norte,5,32.66,0,163.3,tarjeta,completada,2026-02-09 22:13:18,zona_c
VN-0004610,CLI-02993,PRD-0100,tienda_norte,5,308.32,15,1541.6,yape,completada,2026-01-29 03:19:31,zona_d
VN-0004611,CLI-00131,PRD-0080,tienda_norte,6,142.71,0,856.26,transferencia,completada,2026-03-01 13:50:59,zona_a
VN-0004612,CLI-02738,PRD-0096,tienda_norte,8,74.19,5,593.52,yape,devuelta,2026-02-12 18:32:11,zona_a
VN-0004613,CLI-00002,PRD-0008,tienda_norte,4,1051.93,5,4207.72,transferencia,completada,2026-01-31 15:05:54,zona_c
VN-0004614,CLI-02769,PRD-0164,tienda_norte,7,322.61,5,2258.27,yape,completada,2026-02-22 05:16:24,zona_b
VN-0004615,CLI-00494,PRD-0138,tienda_norte,5,131.58,10,657.9,yape,completada,2026-01-03 03:54:37,zona_a
VN-0004616,CLI-00656,PRD-0113,tienda_norte,8,163.22,0,1305.76,yape,completada,2026-01-06 00:05:46,zona_b
VN-0004617,CLI-01032,PRD-0074,tienda_norte,3,90.21,10,270.63,efectivo,completada,2026-03-19 20:41:34,zona_a
VN-0004618,CLI-01137,PRD-0194,tienda_norte,1,158.33,10,158.33,yape,devuelta,2026-02-06 05:26:32,zona_d
VN-0004619,CLI-02319,PRD-0040,tienda_norte,1,162.96,5,162.96,yape,completada,2026-01-24 05:21:48,zona_c
VN-0004620,CLI-02685,PRD-0131,tienda_norte,7,276.58,20,1936.06,tarjeta,completada,2026-02-25 21:28:07,zona_b
VN-0004621,CLI-01391,PRD-0052,tienda_norte,4,391.33,0,1565.32,yape,completada,2026-01-20 08:36:46,zona_d
VN-0004622,CLI-00780,PRD-0099,tienda_norte,2,306.53,15,613.06,transferencia,completada,2026-03-25 12:31:39,zona_a
VN-0004623,CLI-01729,PRD-0026,tienda_norte,3,1106.95,5,3320.85,tarjeta,completada,2026-03-04 21:12:06,zona_d
VN-0004624,CLI-02321,PRD-0143,tienda_norte,5,16.79,25,83.95,tarjeta,completada,2026-03-07 23:33:09,zona_a
VN-0004625,CLI-02379,PRD-0172,tienda_norte,6,143.3,0,859.8,tarjeta,completada,2026-01-16 15:56:28,zona_d
VN-0004626,CLI-00476,PRD-0037,tienda_norte,5,71.55,5,357.75,efectivo,completada,2026-01-16 15:55:16,zona_a
VN-0004627,CLI-02247,PRD-0028,tienda_norte,4,8.52,0,34.08,tarjeta,completada,2026-02-02 09:30:27,zona_b
VN-0004628,CLI-01021,PRD-0031,tienda_norte,7,295.26,5,2066.82,tarjeta,completada,2026-01-28 08:11:24,zona_b
VN-0004629,CLI-02691,PRD-0102,tienda_norte,5,74.67,0,373.35,efectivo,completada,2026-01-02 14:07:14,zona_b
VN-0004630,CLI-00710,PRD-0069,tienda_norte,4,55.23,0,220.92,tarjeta,completada,2026-01-21 09:42:08,zona_c
VN-0004631,CLI-00140,PRD-0027,tienda_norte,3,30.66,0,91.98,yape,devuelta,2026-03-05 15:17:36,zona_d
VN-0004632,CLI-01421,PRD-0029,tienda_norte,8,90.51,10,724.08,yape,completada,2026-03-18 12:58:33,zona_d
VN-0004633,CLI-01676,PRD-0193,tienda_norte,6,46.6,0,279.6,tarjeta,completada,2026-02-06 01:28:41,zona_c
VN-0004634,CLI-01394,PRD-0103,tienda_norte,1,356.84,5,356.84,transferencia,completada,2026-03-26 10:42:34,zona_a
VN-0004635,CLI-01653,PRD-0085,tienda_norte,2,105.44,10,210.88,efectivo,completada,2026-01-23 05:11:36,zona_b
VN-0004636,CLI-00083,PRD-0080,tienda_norte,8,142.71,0,1141.68,yape,completada,2026-02-23 01:38:22,zona_d
VN-0004637,CLI-00177,PRD-0070,tienda_norte,3,381.25,25,1143.75,efectivo,completada,2026-01-14 14:11:25,zona_b
VN-0004638,CLI-00865,PRD-0002,tienda_norte,6,35.98,0,215.88,tarjeta,devuelta,2026-02-02 00:20:49,zona_c
VN-0004639,CLI-02106,PRD-0187,tienda_norte,2,26.08,0,52.16,efectivo,completada,2026-01-17 21:36:10,zona_d
VN-0004640,CLI-01860,PRD-0093,tienda_norte,2,856.73,5,1713.46,transferencia,completada,2026-03-14 08:43:40,zona_b
VN-0004641,CLI-00784,PRD-0076,tienda_norte,3,135.89,0,407.67,yape,completada,2026-01-29 06:42:25,zona_b
VN-0004642,CLI-01930,PRD-0021,tienda_norte,7,17.3,5,121.1,yape,completada,2026-03-09 22:31:17,zona_c
VN-0004643,CLI-00761,PRD-0053,tienda_norte,5,4.14,20,20.7,transferencia,completada,2026-01-25 10:45:29,zona_a
VN-0004644,CLI-01967,PRD-0125,tienda_norte,2,281.95,10,563.9,tarjeta,devuelta,2026-03-19 15:47:41,zona_d
VN-0004645,CLI-01565,PRD-0146,tienda_norte,8,85.82,0,686.56,tarjeta,completada,2026-03-28 14:46:51,zona_b
VN-0004646,CLI-02004,PRD-0191,tienda_norte,5,173.53,0,867.65,efectivo,completada,2026-02-25 11:39:16,zona_a
VN-0004647,CLI-01849,PRD-0103,tienda_norte,2,338.06,10,676.12,efectivo,completada,2026-03-04 04:16:09,zona_d
VN-0004648,CLI-01437,PRD-0164,tienda_norte,2,305.63,10,611.26,yape,completada,2026-02-21 05:54:38,zona_b
VN-0004649,CLI-01886,PRD-0087,tienda_norte,1,37.44,5,37.44,yape,devuelta,2026-03-12 03:06:02,zona_a
VN-0004650,CLI-00183,PRD-0041,tienda_norte,6,170.99,0,1025.94,efectivo,devuelta,2026-03-30 09:57:17,zona_c
VN-0004651,CLI-01652,PRD-0044,tienda_norte,5,100.66,5,503.3,tarjeta,completada,2026-02-08 05:10:47,zona_a
VN-0004652,CLI-01030,PRD-0035,tienda_norte,6,97.79,10,586.74,yape,completada,2026-01-28 18:40:00,zona_b
VN-0004653,CLI-00940,PRD-0025,tienda_norte,6,357.96,10,2147.76,yape,completada,2026-03-14 16:23:55,zona_d
VN-0004654,CLI-01497,PRD-0094,tienda_norte,7,31.02,20,217.14,yape,completada,2026-01-01 18:45:38,zona_a
VN-0004655,CLI-02398,PRD-0088,tienda_norte,1,59.96,10,59.96,tarjeta,completada,2026-02-07 01:50:18,zona_b
VN-0004656,CLI-02072,PRD-0008,tienda_norte,5,1107.3,0,5536.5,transferencia,completada,2026-02-27 06:59:03,zona_b
VN-0004657,CLI-02204,PRD-0130,tienda_norte,3,395.01,0,1185.03,transferencia,completada,2026-02-02 03:13:22,zona_d
VN-0004658,CLI-01931,PRD-0019,tienda_norte,4,261.02,10,1044.08,yape,completada,2026-03-20 04:12:50,zona_c
VN-0004659,CLI-00226,PRD-0064,tienda_norte,2,53.65,5,107.3,efectivo,pendiente,2026-01-12 22:27:24,zona_b
VN-0004660,CLI-01144,PRD-0181,tienda_norte,1,106.33,0,106.33,yape,completada,2026-01-12 21:06:51,zona_c
VN-0004661,CLI-00418,PRD-0044,tienda_norte,5,95.36,10,476.8,transferencia,completada,2026-01-20 08:57:49,zona_d
VN-0004662,CLI-00141,PRD-0057,tienda_norte,3,398.67,0,1196.01,tarjeta,completada,2026-02-08 10:42:28,zona_c
VN-0004663,CLI-00778,PRD-0109,tienda_norte,7,127.43,0,892.01,transferencia,completada,2026-03-28 00:40:06,zona_c
VN-0004664,CLI-00332,PRD-0196,tienda_norte,6,37.11,10,222.66,transferencia,completada,2026-02-28 00:15:56,zona_d
VN-0004665,CLI-02118,PRD-0114,tienda_norte,6,216.09,15,1296.54,tarjeta,completada,2026-03-11 17:36:20,zona_a
VN-0004666,CLI-00411,PRD-0158,tienda_norte,6,218.54,5,1311.24,efectivo,completada,2026-02-03 12:51:48,zona_a
VN-0004667,CLI-01140,PRD-0117,tienda_norte,5,139.25,10,696.25,yape,completada,2026-02-20 10:33:03,zona_d
VN-0004668,CLI-01250,PRD-0051,tienda_norte,2,328.46,0,656.92,efectivo,pendiente,2026-01-04 14:51:41,zona_d
VN-0004669,CLI-01865,PRD-0102,tienda_norte,8,70.94,5,567.52,efectivo,completada,2026-03-08 00:24:36,zona_a
VN-0004670,CLI-01855,PRD-0068,tienda_norte,8,166.65,0,1333.2,yape,devuelta,2026-02-15 17:35:13,zona_b
VN-0004671,CLI-02203,PRD-0170,tienda_norte,2,95.0,15,190.0,yape,completada,2026-02-24 23:30:14,zona_a
VN-0004672,CLI-01114,PRD-0193,tienda_norte,5,46.6,0,233.0,tarjeta,completada,2026-03-23 17:11:51,zona_c
VN-0004673,CLI-02752,PRD-0092,tienda_norte,5,1162.25,0,5811.25,yape,completada,2026-03-10 03:01:34,zona_b
VN-0004674,CLI-00104,PRD-0169,tienda_norte,8,957.74,10,7661.92,transferencia,completada,2026-02-25 08:36:55,zona_d
VN-0004675,CLI-01022,PRD-0045,tienda_norte,2,33.44,10,66.88,yape,completada,2026-02-16 01:55:48,zona_a
VN-0004676,CLI-01439,PRD-0094,tienda_norte,1,34.89,10,34.89,efectivo,completada,2026-03-08 20:57:49,zona_a
VN-0004677,CLI-01855,PRD-0067,tienda_norte,1,96.38,5,96.38,transferencia,completada,2026-02-09 20:40:45,zona_c
VN-0004678,CLI-00462,PRD-0010,tienda_norte,8,140.11,5,1120.88,efectivo,completada,2026-02-21 20:13:24,zona_d
VN-0004679,CLI-00724,PRD-0073,tienda_norte,3,68.02,0,204.06,yape,devuelta,2026-03-09 06:43:57,zona_b
VN-0004680,CLI-00740,PRD-0179,tienda_norte,1,330.73,15,330.73,tarjeta,completada,2026-03-16 10:32:58,zona_c
VN-0004681,CLI-01887,PRD-0185,tienda_norte,4,178.75,0,715.0,transferencia,pendiente,2026-03-08 12:51:51,zona_b
VN-0004682,CLI-00334,PRD-0185,tienda_norte,2,151.94,15,303.88,yape,completada,2026-02-11 21:22:31,zona_b
VN-0004683,CLI-02092,PRD-0176,tienda_norte,4,63.97,10,255.88,tarjeta,completada,2026-03-09 15:16:15,zona_b
VN-0004684,CLI-01662,PRD-0114,tienda_norte,7,254.22,0,1779.54,yape,devuelta,2026-03-07 17:17:04,zona_c
VN-0004685,CLI-02935,PRD-0094,tienda_norte,2,31.02,20,62.04,efectivo,pendiente,2026-01-24 20:13:21,zona_d
VN-0004686,CLI-02092,PRD-0008,tienda_norte,4,1107.3,0,4429.2,tarjeta,completada,2026-02-02 12:02:24,zona_b
VN-0004687,CLI-01415,PRD-0069,tienda_norte,3,55.23,0,165.69,yape,completada,2026-02-10 17:42:34,zona_d
VN-0004688,CLI-00590,PRD-0010,tienda_norte,5,110.61,25,553.05,tarjeta,completada,2026-02-24 07:05:04,zona_c
VN-0004689,CLI-01058,PRD-0105,tienda_norte,6,70.71,10,424.26,yape,completada,2026-01-06 20:49:20,zona_a
VN-0004690,CLI-00579,PRD-0171,tienda_norte,3,30.71,0,92.13,efectivo,completada,2026-02-08 03:03:12,zona_b
VN-0004691,CLI-00688,PRD-0194,tienda_norte,8,149.53,15,1196.24,tarjeta,completada,2026-01-22 21:20:14,zona_b
VN-0004692,CLI-02705,PRD-0023,tienda_norte,2,55.07,15,110.14,tarjeta,completada,2026-03-22 09:59:01,zona_d
VN-0004693,CLI-02142,PRD-0042,tienda_norte,5,76.12,0,380.6,yape,completada,2026-03-15 15:47:52,zona_d
VN-0004694,CLI-02970,PRD-0124,tienda_norte,2,154.82,10,309.64,efectivo,completada,2026-03-10 10:28:24,zona_b
VN-0004695,CLI-01404,PRD-0158,tienda_norte,8,184.03,20,1472.24,transferencia,completada,2026-02-26 06:04:53,zona_d
VN-0004696,CLI-01028,PRD-0090,tienda_norte,5,12.01,0,60.05,tarjeta,completada,2026-02-02 20:48:54,zona_a
VN-0004697,CLI-00294,PRD-0109,tienda_norte,3,114.69,10,344.07,tarjeta,completada,2026-01-30 02:30:33,zona_b
VN-0004698,CLI-01686,PRD-0081,tienda_norte,4,98.39,15,393.56,yape,completada,2026-01-29 10:51:56,zona_a
VN-0004699,CLI-01467,PRD-0135,tienda_norte,2,123.81,0,247.62,transferencia,devuelta,2026-03-10 10:58:11,zona_d
VN-0004700,CLI-02574,PRD-0069,tienda_norte,7,44.18,20,309.26,tarjeta,completada,2026-01-25 05:58:01,zona_d
VN-0004701,CLI-01224,PRD-0103,tienda_norte,5,375.62,0,1878.1,yape,completada,2026-03-19 06:55:26,zona_b
VN-0004702,CLI-02241,PRD-0155,tienda_norte,5,138.1,0,690.5,transferencia,completada,2026-03-09 19:08:37,zona_c
VN-0004703,CLI-01635,PRD-0144,tienda_norte,3,70.27,10,210.81,yape,completada,2026-02-19 12:04:52,zona_c
VN-0004704,CLI-00685,PRD-0100,tienda_norte,1,362.73,0,362.73,yape,devuelta,2026-03-27 12:06:19,zona_d
VN-0004705,CLI-02316,PRD-0109,tienda_norte,3,101.94,20,305.82,tarjeta,devuelta,2026-03-11 01:40:19,zona_b
VN-0004706,CLI-00131,PRD-0006,tienda_norte,2,395.52,0,791.04,tarjeta,completada,2026-03-16 17:04:19,zona_a
VN-0004707,CLI-01910,PRD-0004,tienda_norte,3,51.2,5,153.6,tarjeta,completada,2026-02-28 03:10:26,zona_b
VN-0004708,CLI-00420,PRD-0018,tienda_norte,4,143.21,0,572.84,tarjeta,completada,2026-02-24 02:49:16,zona_d
VN-0004709,CLI-01145,PRD-0024,tienda_norte,6,122.15,10,732.9,tarjeta,completada,2026-03-27 13:52:42,zona_d
VN-0004710,CLI-01850,PRD-0181,tienda_norte,7,90.38,15,632.66,tarjeta,completada,2026-03-02 05:47:42,zona_c
VN-0004711,CLI-00628,PRD-0071,tienda_norte,8,71.07,0,568.56,efectivo,completada,2026-01-25 09:26:42,zona_d
VN-0004712,CLI-00600,PRD-0016,tienda_norte,1,190.21,5,190.21,tarjeta,completada,2026-03-08 19:08:37,zona_a
VN-0004713,CLI-01919,PRD-0186,tienda_norte,2,76.16,0,152.32,yape,completada,2026-01-23 03:57:32,zona_c
VN-0004714,CLI-00934,PRD-0191,tienda_norte,8,147.5,15,1180.0,efectivo,devuelta,2026-03-03 04:08:02,zona_d
VN-0004715,CLI-01597,PRD-0058,tienda_norte,2,149.2,15,298.4,tarjeta,pendiente,2026-01-15 04:26:20,zona_c
VN-0004716,CLI-02440,PRD-0005,tienda_norte,6,191.29,10,1147.74,efectivo,completada,2026-02-05 19:12:31,zona_c
VN-0004717,CLI-00465,PRD-0134,tienda_norte,1,97.62,0,97.62,tarjeta,completada,2026-01-09 06:32:27,zona_d
VN-0004718,CLI-00178,PRD-0037,tienda_norte,1,71.55,5,71.55,tarjeta,pendiente,2026-01-08 20:03:52,zona_a
VN-0004719,CLI-00840,PRD-0017,tienda_norte,5,739.99,0,3699.95,efectivo,completada,2026-03-14 23:29:53,zona_a
VN-0004720,CLI-01238,PRD-0071,tienda_norte,5,67.52,5,337.6,efectivo,completada,2026-03-06 07:29:21,zona_c
VN-0004721,CLI-02610,PRD-0150,tienda_norte,1,779.21,5,779.21,efectivo,completada,2026-01-12 14:22:02,zona_d
VN-0004722,CLI-02904,PRD-0036,tienda_norte,7,43.1,0,301.7,tarjeta,completada,2026-03-09 11:08:24,zona_b
VN-0004723,CLI-01691,PRD-0036,tienda_norte,8,38.79,10,310.32,tarjeta,completada,2026-02-28 15:26:43,zona_b
VN-0004724,CLI-01748,PRD-0120,tienda_norte,1,290.54,0,290.54,yape,completada,2026-03-15 08:34:20,zona_c
VN-0004725,CLI-02883,PRD-0194,tienda_norte,3,175.92,0,527.76,tarjeta,completada,2026-01-23 19:50:33,zona_a
VN-0004726,CLI-02722,PRD-0158,tienda_norte,7,230.04,0,1610.28,transferencia,pendiente,2026-03-16 11:44:26,zona_c
VN-0004727,CLI-01574,PRD-0197,tienda_norte,4,46.5,0,186.0,transferencia,completada,2026-01-03 21:20:48,zona_d
VN-0004728,CLI-00218,PRD-0184,tienda_norte,4,134.46,10,537.84,transferencia,completada,2026-02-11 23:11:10,zona_b
VN-0004729,CLI-02581,PRD-0110,tienda_norte,2,156.62,25,313.24,transferencia,completada,2026-01-24 11:56:31,zona_d
VN-0004730,CLI-01888,PRD-0111,tienda_norte,7,55.4,25,387.8,transferencia,completada,2026-03-25 17:19:15,zona_c
VN-0004731,CLI-01639,PRD-0160,tienda_norte,3,46.94,0,140.82,yape,devuelta,2026-03-28 12:16:48,zona_b
VN-0004732,CLI-00753,PRD-0163,tienda_norte,6,88.02,5,528.12,tarjeta,completada,2026-01-05 18:58:27,zona_a
VN-0004733,CLI-00533,PRD-0143,tienda_norte,4,20.15,10,80.6,yape,completada,2026-01-20 02:21:07,zona_a
VN-0004734,CLI-01943,PRD-0109,tienda_norte,4,108.32,15,433.28,yape,completada,2026-03-13 04:44:45,zona_d
VN-0004735,CLI-02642,PRD-0175,tienda_norte,5,74.48,0,372.4,tarjeta,completada,2026-03-30 13:13:25,zona_c
VN-0004736,CLI-00153,PRD-0120,tienda_norte,6,246.96,15,1481.76,efectivo,completada,2026-02-13 14:47:54,zona_b
VN-0004737,CLI-02941,PRD-0094,tienda_norte,8,34.89,10,279.12,tarjeta,completada,2026-02-27 22:06:25,zona_a
VN-0004738,CLI-00457,PRD-0099,tienda_norte,1,324.56,10,324.56,transferencia,completada,2026-02-07 09:27:45,zona_d
VN-0004739,CLI-01679,PRD-0008,tienda_norte,5,1107.3,0,5536.5,efectivo,completada,2026-03-06 04:50:25,zona_c
VN-0004740,CLI-02652,PRD-0021,tienda_norte,5,18.21,0,91.05,efectivo,completada,2026-03-03 06:28:17,zona_a
VN-0004741,CLI-02594,PRD-0130,tienda_norte,8,395.01,0,3160.08,transferencia,completada,2026-03-31 20:33:49,zona_a
VN-0004742,CLI-01182,PRD-0025,tienda_norte,2,397.73,0,795.46,transferencia,completada,2026-02-03 18:21:52,zona_d
VN-0004743,CLI-02064,PRD-0115,tienda_norte,3,1144.16,0,3432.48,tarjeta,completada,2026-02-25 02:42:21,zona_b
VN-0004744,CLI-01232,PRD-0187,tienda_norte,7,24.78,5,173.46,yape,completada,2026-03-08 11:59:13,zona_b
VN-0004745,CLI-02661,PRD-0059,tienda_norte,3,116.75,20,350.25,tarjeta,devuelta,2026-02-19 06:21:34,zona_a
VN-0004746,CLI-01041,PRD-0097,tienda_norte,3,160.34,5,481.02,yape,completada,2026-02-09 23:01:12,zona_d
VN-0004747,CLI-00397,PRD-0024,tienda_norte,2,135.72,0,271.44,transferencia,completada,2026-01-20 21:31:17,zona_c
VN-0004748,CLI-01742,PRD-0129,tienda_norte,3,99.95,0,299.85,tarjeta,completada,2026-01-23 04:23:43,zona_d
VN-0004749,CLI-00390,PRD-0191,tienda_norte,5,156.18,10,780.9,tarjeta,completada,2026-02-15 03:47:15,zona_b
VN-0004750,CLI-00949,PRD-0112,tienda_norte,1,288.27,0,288.27,tarjeta,pendiente,2026-01-04 19:33:07,zona_a
VN-0004751,CLI-00487,PRD-0065,tienda_norte,7,189.55,5,1326.85,efectivo,completada,2026-01-08 21:11:08,zona_c
VN-0004752,CLI-00425,PRD-0187,tienda_norte,5,26.08,0,130.4,tarjeta,completada,2026-01-11 05:47:21,zona_a
VN-0004753,CLI-00248,PRD-0050,tienda_norte,4,10.76,5,43.04,transferencia,completada,2026-03-10 06:53:14,zona_a
VN-0004754,CLI-01467,PRD-0058,tienda_norte,4,157.98,10,631.92,efectivo,completada,2026-01-24 15:17:57,zona_b
VN-0004755,CLI-00504,PRD-0016,tienda_norte,7,180.2,10,1261.4,tarjeta,completada,2026-02-02 06:50:46,zona_c
VN-0004756,CLI-01538,PRD-0071,tienda_norte,7,71.07,0,497.49,efectivo,completada,2026-01-25 01:50:44,zona_b
VN-0004757,CLI-01508,PRD-0123,tienda_norte,3,38.32,5,114.96,yape,completada,2026-02-04 04:44:11,zona_a
VN-0004758,CLI-01465,PRD-0173,tienda_norte,4,141.22,20,564.88,transferencia,completada,2026-03-25 11:53:02,zona_c
VN-0004759,CLI-01725,PRD-0197,tienda_norte,6,41.85,10,251.1,tarjeta,completada,2026-03-15 17:29:16,zona_d
VN-0004760,CLI-01735,PRD-0002,tienda_norte,4,34.18,5,136.72,tarjeta,completada,2026-02-21 17:35:31,zona_b
VN-0004761,CLI-00051,PRD-0100,tienda_norte,7,362.73,0,2539.11,tarjeta,completada,2026-02-19 13:43:04,zona_d
VN-0004762,CLI-02816,PRD-0077,tienda_norte,7,59.81,0,418.67,tarjeta,completada,2026-02-28 10:29:48,zona_c
VN-0004763,CLI-01505,PRD-0045,tienda_norte,5,29.72,20,148.6,tarjeta,completada,2026-02-23 08:08:53,zona_c
VN-0004764,CLI-02408,PRD-0030,tienda_norte,3,222.16,10,666.48,yape,completada,2026-03-14 04:37:22,zona_b
VN-0004765,CLI-02434,PRD-0161,tienda_norte,4,33.75,0,135.0,transferencia,completada,2026-01-10 03:15:16,zona_b
VN-0004766,CLI-00636,PRD-0090,tienda_norte,7,12.01,0,84.07,tarjeta,completada,2026-02-05 17:26:56,zona_b
VN-0004767,CLI-02728,PRD-0092,tienda_norte,8,1046.03,10,8368.24,transferencia,completada,2026-03-21 06:49:53,zona_d
VN-0004768,CLI-01684,PRD-0145,tienda_norte,8,306.58,10,2452.64,yape,devuelta,2026-02-28 10:30:38,zona_d
VN-0004769,CLI-02592,PRD-0165,tienda_norte,6,913.18,0,5479.08,tarjeta,completada,2026-01-29 01:49:15,zona_a
VN-0004770,CLI-02213,PRD-0005,tienda_norte,6,191.29,10,1147.74,tarjeta,completada,2026-01-29 20:56:26,zona_a
VN-0004771,CLI-02618,PRD-0064,tienda_norte,2,48.0,15,96.0,tarjeta,completada,2026-01-23 07:53:33,zona_a
VN-0004772,CLI-01711,PRD-0002,tienda_norte,6,34.18,5,205.08,tarjeta,completada,2026-02-07 01:18:42,zona_b
VN-0004773,CLI-00986,PRD-0070,tienda_norte,3,508.33,0,1524.99,efectivo,completada,2026-03-07 07:33:10,zona_d
VN-0004774,CLI-00564,PRD-0076,tienda_norte,3,108.71,20,326.13,yape,completada,2026-01-23 03:44:34,zona_c
VN-0004775,CLI-02576,PRD-0003,tienda_norte,6,176.5,0,1059.0,efectivo,completada,2026-02-12 17:11:46,zona_d
VN-0004776,CLI-02819,PRD-0031,tienda_norte,2,295.26,5,590.52,transferencia,completada,2026-01-30 11:58:48,zona_b
VN-0004777,CLI-01113,PRD-0160,tienda_norte,1,42.25,10,42.25,tarjeta,completada,2026-03-11 01:33:01,zona_a
VN-0004778,CLI-00564,PRD-0098,tienda_norte,2,674.21,15,1348.42,yape,completada,2026-02-27 11:41:19,zona_a
VN-0004779,CLI-01482,PRD-0030,tienda_norte,5,246.84,0,1234.2,tarjeta,completada,2026-02-09 17:40:21,zona_a
VN-0004780,CLI-02622,PRD-0149,tienda_norte,5,246.35,10,1231.75,efectivo,completada,2026-01-28 11:12:18,zona_b
VN-0004781,CLI-00136,PRD-0074,tienda_norte,2,90.21,10,180.42,transferencia,completada,2026-02-05 16:20:09,zona_a
VN-0004782,CLI-01089,PRD-0079,tienda_norte,2,262.18,10,524.36,tarjeta,completada,2026-01-04 17:15:52,zona_b
VN-0004783,CLI-01800,PRD-0103,tienda_norte,6,319.28,15,1915.68,yape,completada,2026-03-26 22:09:50,zona_a
VN-0004784,CLI-01476,PRD-0025,tienda_norte,3,338.07,15,1014.21,tarjeta,completada,2026-03-01 16:04:36,zona_c
VN-0004785,CLI-01880,PRD-0022,tienda_norte,2,58.01,10,116.02,yape,completada,2026-02-18 05:37:42,zona_c
VN-0004786,CLI-01950,PRD-0051,tienda_norte,5,328.46,0,1642.3,transferencia,completada,2026-01-22 13:01:26,zona_a
VN-0004787,CLI-00624,PRD-0099,tienda_norte,2,360.62,0,721.24,tarjeta,completada,2026-02-21 11:30:50,zona_a
VN-0004788,CLI-02662,PRD-0086,tienda_norte,5,13.2,25,66.0,efectivo,completada,2026-03-02 20:54:39,zona_a
VN-0004789,CLI-01450,PRD-0016,tienda_norte,5,180.2,10,901.0,yape,completada,2026-01-02 00:09:45,zona_b
VN-0004790,CLI-01214,PRD-0013,tienda_norte,4,368.62,20,1474.48,yape,completada,2026-02-20 22:20:01,zona_c
VN-0004791,CLI-02417,PRD-0193,tienda_norte,7,44.27,5,309.89,tarjeta,completada,2026-01-16 17:58:35,zona_d
VN-0004792,CLI-00343,PRD-0103,tienda_norte,1,319.28,15,319.28,yape,completada,2026-01-01 05:26:36,zona_d
VN-0004793,CLI-02826,PRD-0119,tienda_norte,1,127.64,25,127.64,tarjeta,devuelta,2026-03-17 14:10:43,zona_d
VN-0004794,CLI-02050,PRD-0126,tienda_norte,4,1043.23,0,4172.92,yape,completada,2026-03-19 17:34:38,zona_c
VN-0004795,CLI-01345,PRD-0009,tienda_norte,3,46.87,0,140.61,tarjeta,completada,2026-02-13 09:29:05,zona_c
VN-0004796,CLI-02571,PRD-0154,tienda_norte,5,43.04,10,215.2,tarjeta,completada,2026-03-23 22:46:55,zona_c
VN-0004797,CLI-01545,PRD-0055,tienda_norte,4,20.29,0,81.16,tarjeta,completada,2026-03-14 03:52:34,zona_a
VN-0004798,CLI-00345,PRD-0148,tienda_norte,3,154.04,0,462.12,efectivo,completada,2026-01-27 08:16:49,zona_c
VN-0004799,CLI-01931,PRD-0123,tienda_norte,7,36.31,10,254.17,efectivo,completada,2026-03-03 22:36:57,zona_a
VN-0004800,CLI-02940,PRD-0070,tienda_norte,6,482.91,5,2897.46,efectivo,pendiente,2026-01-12 14:26:58,zona_b
VN-0004801,CLI-01381,PRD-0189,tienda_norte,6,143.01,20,858.06,efectivo,completada,2026-03-19 21:52:11,zona_a
VN-0004802,CLI-02869,PRD-0026,tienda_norte,3,1165.21,0,3495.63,yape,completada,2026-03-22 03:02:16,zona_d
VN-0004803,CLI-02162,PRD-0139,tienda_norte,6,14.0,25,84.0,transferencia,completada,2026-03-12 21:30:49,zona_d
VN-0004804,CLI-00726,PRD-0028,tienda_norte,3,8.52,0,25.56,tarjeta,completada,2026-01-02 21:03:52,zona_d
VN-0004805,CLI-01197,PRD-0139,tienda_norte,1,18.66,0,18.66,tarjeta,completada,2026-03-03 06:49:05,zona_b
VN-0004806,CLI-01322,PRD-0085,tienda_norte,5,111.29,5,556.45,tarjeta,completada,2026-01-23 05:45:39,zona_b
VN-0004807,CLI-02761,PRD-0106,tienda_norte,4,233.66,0,934.64,tarjeta,completada,2026-03-31 21:51:57,zona_d
VN-0004808,CLI-00621,PRD-0106,tienda_norte,5,233.66,0,1168.3,yape,completada,2026-02-05 17:29:32,zona_d
VN-0004809,CLI-00716,PRD-0024,tienda_norte,8,115.36,15,922.88,efectivo,completada,2026-02-08 14:21:48,zona_d
VN-0004810,CLI-00462,PRD-0191,tienda_norte,5,173.53,0,867.65,tarjeta,completada,2026-01-29 10:01:42,zona_a
VN-0004811,CLI-01852,PRD-0029,tienda_norte,6,85.48,15,512.88,transferencia,completada,2026-01-24 19:12:23,zona_a
VN-0004812,CLI-02125,PRD-0077,tienda_norte,5,47.85,20,239.25,efectivo,completada,2026-03-06 11:26:36,zona_a
VN-0004813,CLI-02067,PRD-0110,tienda_norte,1,187.94,10,187.94,transferencia,completada,2026-01-02 21:41:26,zona_a
VN-0004814,CLI-02599,PRD-0085,tienda_norte,2,105.44,10,210.88,tarjeta,devuelta,2026-01-25 05:08:25,zona_b
VN-0004815,CLI-01034,PRD-0177,tienda_norte,7,1066.18,0,7463.26,yape,completada,2026-01-21 05:26:10,zona_d
VN-0004816,CLI-02726,PRD-0112,tienda_norte,1,216.2,25,216.2,tarjeta,completada,2026-01-17 20:14:10,zona_c
VN-0004817,CLI-02814,PRD-0109,tienda_norte,7,108.32,15,758.24,tarjeta,completada,2026-02-03 18:29:13,zona_b
VN-0004818,CLI-02295,PRD-0042,tienda_norte,1,76.12,0,76.12,yape,completada,2026-01-27 15:08:50,zona_c
VN-0004819,CLI-01241,PRD-0013,tienda_norte,8,414.69,10,3317.52,tarjeta,completada,2026-02-25 11:22:21,zona_b
VN-0004820,CLI-02859,PRD-0007,tienda_norte,1,18.87,5,18.87,tarjeta,devuelta,2026-02-27 15:19:47,zona_c
VN-0004821,CLI-01827,PRD-0076,tienda_norte,8,135.89,0,1087.12,yape,completada,2026-03-20 05:38:53,zona_b
VN-0004822,CLI-02278,PRD-0010,tienda_norte,4,125.36,15,501.44,efectivo,completada,2026-03-07 19:42:44,zona_c
VN-0004823,CLI-01861,PRD-0089,tienda_norte,1,65.5,5,65.5,tarjeta,completada,2026-02-26 13:09:19,zona_c
VN-0004824,CLI-02346,PRD-0034,tienda_norte,1,98.86,5,98.86,tarjeta,completada,2026-02-08 06:05:39,zona_c
VN-0004825,CLI-00474,PRD-0070,tienda_norte,3,432.08,15,1296.24,efectivo,completada,2026-02-24 14:46:54,zona_d
VN-0004826,CLI-01686,PRD-0063,tienda_norte,6,215.94,0,1295.64,tarjeta,completada,2026-01-26 04:51:54,zona_d
VN-0004827,CLI-00156,PRD-0153,tienda_norte,3,1181.19,0,3543.57,tarjeta,completada,2026-02-04 02:20:09,zona_c
VN-0004828,CLI-02690,PRD-0192,tienda_norte,7,93.06,0,651.42,transferencia,completada,2026-01-14 01:46:41,zona_a
VN-0004829,CLI-01928,PRD-0163,tienda_norte,8,92.65,0,741.2,efectivo,completada,2026-01-19 10:45:07,zona_b
VN-0004830,CLI-01953,PRD-0113,tienda_norte,2,163.22,0,326.44,efectivo,completada,2026-02-20 16:34:35,zona_c
VN-0004831,CLI-02431,PRD-0110,tienda_norte,8,208.82,0,1670.56,yape,completada,2026-03-07 21:30:58,zona_c
VN-0004832,CLI-02926,PRD-0160,tienda_norte,5,46.94,0,234.7,tarjeta,devuelta,2026-02-27 23:20:32,zona_b
VN-0004833,CLI-00223,PRD-0090,tienda_norte,2,9.01,25,18.02,efectivo,completada,2026-01-15 14:28:25,zona_b
VN-0004834,CLI-01460,PRD-0155,tienda_norte,2,131.19,5,262.38,efectivo,completada,2026-02-15 19:14:08,zona_c
VN-0004835,CLI-00656,PRD-0135,tienda_norte,6,99.05,20,594.3,tarjeta,completada,2026-03-06 00:33:05,zona_d
VN-0004836,CLI-01535,PRD-0044,tienda_norte,2,79.47,25,158.94,yape,completada,2026-03-01 08:09:30,zona_b
VN-0004837,CLI-02557,PRD-0010,tienda_norte,5,140.11,5,700.55,transferencia,pendiente,2026-03-18 02:30:08,zona_b
VN-0004838,CLI-01945,PRD-0192,tienda_norte,8,74.45,20,595.6,yape,completada,2026-02-11 01:12:12,zona_a
VN-0004839,CLI-00184,PRD-0107,tienda_norte,8,47.57,10,380.56,efectivo,completada,2026-03-05 09:07:40,zona_b
VN-0004840,CLI-01324,PRD-0197,tienda_norte,7,41.85,10,292.95,transferencia,completada,2026-03-30 22:34:57,zona_a
VN-0004841,CLI-02615,PRD-0043,tienda_norte,8,24.14,0,193.12,efectivo,completada,2026-02-22 06:05:08,zona_a
VN-0004842,CLI-01700,PRD-0144,tienda_norte,1,78.08,0,78.08,transferencia,completada,2026-01-08 14:08:17,zona_c
VN-0004843,CLI-01974,PRD-0115,tienda_norte,5,1144.16,0,5720.8,efectivo,completada,2026-03-01 00:05:05,zona_a
VN-0004844,CLI-00006,PRD-0179,tienda_norte,3,350.18,10,1050.54,yape,completada,2026-03-23 05:04:08,zona_c
VN-0004845,CLI-00076,PRD-0187,tienda_norte,2,24.78,5,49.56,efectivo,completada,2026-03-22 02:44:12,zona_a
VN-0004846,CLI-02496,PRD-0007,tienda_norte,3,17.87,10,53.61,tarjeta,completada,2026-02-25 12:06:10,zona_b
VN-0004847,CLI-01522,PRD-0009,tienda_norte,7,46.87,0,328.09,transferencia,completada,2026-01-15 20:48:44,zona_c
VN-0004848,CLI-02677,PRD-0129,tienda_norte,7,89.95,10,629.65,yape,completada,2026-02-14 16:20:16,zona_a
VN-0004849,CLI-01145,PRD-0120,tienda_norte,4,246.96,15,987.84,transferencia,devuelta,2026-02-06 14:40:06,zona_b
VN-0004850,CLI-01031,PRD-0061,tienda_norte,1,728.71,15,728.71,tarjeta,completada,2026-01-29 20:15:56,zona_a
VN-0004851,CLI-01180,PRD-0067,tienda_norte,1,96.38,5,96.38,transferencia,completada,2026-01-10 04:50:10,zona_d
VN-0004852,CLI-00720,PRD-0115,tienda_norte,1,1144.16,0,1144.16,tarjeta,completada,2026-03-25 00:28:49,zona_a
VN-0004853,CLI-02824,PRD-0010,tienda_norte,7,147.48,0,1032.36,tarjeta,completada,2026-02-27 03:27:37,zona_c
VN-0004854,CLI-00083,PRD-0088,tienda_norte,7,66.62,0,466.34,tarjeta,completada,2026-03-13 02:34:06,zona_d
VN-0004855,CLI-00310,PRD-0191,tienda_norte,5,173.53,0,867.65,yape,completada,2026-03-08 17:38:21,zona_a
VN-0004856,CLI-02262,PRD-0033,tienda_norte,5,661.48,5,3307.4,yape,completada,2026-03-23 15:03:57,zona_c
VN-0004857,CLI-00365,PRD-0113,tienda_norte,6,130.58,20,783.48,yape,pendiente,2026-02-19 09:26:25,zona_a
VN-0004858,CLI-02133,PRD-0038,tienda_norte,1,41.76,0,41.76,transferencia,completada,2026-01-20 21:48:10,zona_a
VN-0004859,CLI-00825,PRD-0183,tienda_norte,3,45.73,0,137.19,transferencia,completada,2026-01-26 11:02:53,zona_a
VN-0004860,CLI-02854,PRD-0141,tienda_norte,6,128.18,10,769.08,efectivo,completada,2026-03-30 04:23:01,zona_c
VN-0004861,CLI-02336,PRD-0082,tienda_norte,7,272.79,10,1909.53,tarjeta,completada,2026-02-23 20:54:54,zona_b
VN-0004862,CLI-02999,PRD-0150,tienda_norte,4,820.22,0,3280.88,tarjeta,completada,2026-03-24 23:30:02,zona_a
VN-0004863,CLI-00063,PRD-0109,tienda_norte,8,121.06,5,968.48,tarjeta,completada,2026-02-27 23:53:26,zona_c
VN-0004864,CLI-02825,PRD-0181,tienda_norte,2,95.7,10,191.4,tarjeta,completada,2026-02-03 10:50:26,zona_d
VN-0004865,CLI-02969,PRD-0182,tienda_norte,7,104.56,10,731.92,yape,completada,2026-01-10 17:30:45,zona_b
VN-0004866,CLI-00685,PRD-0103,tienda_norte,5,319.28,15,1596.4,tarjeta,completada,2026-03-13 19:33:18,zona_c
VN-0004867,CLI-01696,PRD-0063,tienda_norte,6,215.94,0,1295.64,efectivo,completada,2026-03-09 19:10:02,zona_b
VN-0004868,CLI-00770,PRD-0031,tienda_norte,5,264.18,15,1320.9,tarjeta,completada,2026-02-16 12:27:16,zona_d
VN-0004869,CLI-01455,PRD-0116,tienda_norte,4,9.21,0,36.84,tarjeta,completada,2026-01-23 03:01:40,zona_a
VN-0004870,CLI-02924,PRD-0096,tienda_norte,6,66.38,15,398.28,transferencia,devuelta,2026-02-12 19:00:56,zona_c
VN-0004871,CLI-00335,PRD-0077,tienda_norte,1,59.81,0,59.81,efectivo,completada,2026-02-05 00:14:51,zona_c
VN-0004872,CLI-01219,PRD-0059,tienda_norte,6,145.94,0,875.64,transferencia,completada,2026-02-06 12:31:58,zona_a
VN-0004873,CLI-02795,PRD-0092,tienda_norte,8,1162.25,0,9298.0,tarjeta,completada,2026-03-06 19:19:17,zona_c
VN-0004874,CLI-02287,PRD-0167,tienda_norte,3,127.22,20,381.66,yape,completada,2026-01-22 21:05:28,zona_c
VN-0004875,CLI-02662,PRD-0051,tienda_norte,4,328.46,0,1313.84,tarjeta,completada,2026-01-03 01:24:50,zona_c
VN-0004876,CLI-01641,PRD-0013,tienda_norte,8,368.62,20,2948.96,tarjeta,completada,2026-01-23 17:06:10,zona_b
VN-0004877,CLI-00452,PRD-0086,tienda_norte,8,15.84,10,126.72,transferencia,completada,2026-01-26 01:49:06,zona_b
VN-0004878,CLI-02259,PRD-0032,tienda_norte,3,112.57,15,337.71,tarjeta,completada,2026-01-23 20:33:57,zona_d
VN-0004879,CLI-01826,PRD-0018,tienda_norte,5,107.41,25,537.05,tarjeta,completada,2026-02-03 22:59:32,zona_a
VN-0004880,CLI-00263,PRD-0032,tienda_norte,4,125.82,5,503.28,yape,completada,2026-01-09 18:13:46,zona_b
VN-0004881,CLI-01726,PRD-0031,tienda_norte,2,295.26,5,590.52,transferencia,completada,2026-02-24 20:27:26,zona_a
VN-0004882,CLI-02744,PRD-0034,tienda_norte,8,93.65,10,749.2,efectivo,completada,2026-02-15 08:22:42,zona_c
VN-0004883,CLI-02093,PRD-0112,tienda_norte,2,288.27,0,576.54,tarjeta,completada,2026-01-09 14:04:07,zona_a
VN-0004884,CLI-02408,PRD-0108,tienda_norte,5,132.36,5,661.8,yape,completada,2026-01-05 23:49:30,zona_c
VN-0004885,CLI-00754,PRD-0152,tienda_norte,3,94.91,5,284.73,efectivo,devuelta,2026-03-04 05:42:41,zona_d
VN-0004886,CLI-00884,PRD-0106,tienda_norte,5,175.25,25,876.25,efectivo,completada,2026-01-05 19:08:51,zona_c
VN-0004887,CLI-01705,PRD-0019,tienda_norte,6,261.02,10,1566.12,transferencia,devuelta,2026-01-09 05:07:13,zona_a
VN-0004888,CLI-01597,PRD-0200,tienda_norte,4,30.56,10,122.24,efectivo,completada,2026-01-11 00:06:04,zona_d
VN-0004889,CLI-02505,PRD-0056,tienda_norte,6,225.0,5,1350.0,tarjeta,completada,2026-01-16 02:39:44,zona_d
VN-0004890,CLI-02901,PRD-0135,tienda_norte,5,99.05,20,495.25,tarjeta,completada,2026-02-11 14:21:00,zona_c
VN-0004891,CLI-02815,PRD-0051,tienda_norte,4,328.46,0,1313.84,transferencia,completada,2026-03-28 11:27:04,zona_b
VN-0004892,CLI-02338,PRD-0003,tienda_norte,2,167.67,5,335.34,tarjeta,completada,2026-02-02 20:13:18,zona_a
VN-0004893,CLI-00953,PRD-0116,tienda_norte,8,8.75,5,70.0,yape,pendiente,2026-01-25 13:10:29,zona_c
VN-0004894,CLI-01985,PRD-0141,tienda_norte,1,106.81,25,106.81,yape,completada,2026-02-17 00:03:28,zona_d
VN-0004895,CLI-01774,PRD-0171,tienda_norte,8,27.64,10,221.12,yape,completada,2026-02-24 20:42:19,zona_b
VN-0004896,CLI-01614,PRD-0039,tienda_norte,7,61.08,0,427.56,yape,completada,2026-02-15 15:52:35,zona_c
VN-0004897,CLI-00317,PRD-0094,tienda_norte,1,38.77,0,38.77,tarjeta,completada,2026-01-17 06:06:11,zona_d
VN-0004898,CLI-02252,PRD-0185,tienda_norte,7,160.88,10,1126.16,tarjeta,completada,2026-03-13 18:35:34,zona_c
VN-0004899,CLI-02626,PRD-0191,tienda_norte,6,156.18,10,937.08,tarjeta,completada,2026-03-01 09:49:22,zona_a
VN-0004900,CLI-00310,PRD-0065,tienda_norte,2,179.58,10,359.16,tarjeta,completada,2026-01-20 12:08:43,zona_d
VN-0004901,CLI-01645,PRD-0130,tienda_norte,1,375.26,5,375.26,transferencia,completada,2026-01-09 11:36:53,zona_d
VN-0004902,CLI-01283,PRD-0155,tienda_norte,7,138.1,0,966.7,yape,completada,2026-02-03 10:19:37,zona_c
VN-0004903,CLI-01219,PRD-0188,tienda_norte,6,105.38,0,632.28,transferencia,completada,2026-03-29 02:06:49,zona_b
VN-0004904,CLI-02735,PRD-0106,tienda_norte,4,186.93,20,747.72,efectivo,devuelta,2026-01-13 14:38:58,zona_d
VN-0004905,CLI-01206,PRD-0121,tienda_norte,1,881.74,0,881.74,yape,completada,2026-02-18 03:18:38,zona_b
VN-0004906,CLI-00803,PRD-0022,tienda_norte,8,64.46,0,515.68,efectivo,completada,2026-01-09 04:27:08,zona_a
VN-0004907,CLI-01693,PRD-0053,tienda_norte,8,4.66,10,37.28,tarjeta,completada,2026-03-24 11:02:59,zona_d
VN-0004908,CLI-01096,PRD-0108,tienda_norte,5,125.4,10,627.0,tarjeta,completada,2026-01-11 01:40:31,zona_d
VN-0004909,CLI-00484,PRD-0157,tienda_norte,8,255.78,5,2046.24,tarjeta,completada,2026-01-03 08:51:24,zona_c
VN-0004910,CLI-00278,PRD-0066,tienda_norte,5,737.18,10,3685.9,tarjeta,completada,2026-03-01 22:46:30,zona_c
VN-0004911,CLI-02193,PRD-0141,tienda_norte,5,142.42,0,712.1,tarjeta,completada,2026-02-06 01:10:06,zona_a
VN-0004912,CLI-01822,PRD-0027,tienda_norte,2,30.66,0,61.32,yape,devuelta,2026-03-07 15:45:52,zona_b
VN-0004913,CLI-02923,PRD-0111,tienda_norte,8,73.87,0,590.96,yape,completada,2026-03-06 22:05:39,zona_b
VN-0004914,CLI-01642,PRD-0037,tienda_norte,5,75.32,0,376.6,transferencia,completada,2026-03-24 10:35:26,zona_a
VN-0004915,CLI-01743,PRD-0198,tienda_norte,6,323.64,10,1941.84,yape,completada,2026-01-29 04:04:18,zona_d
VN-0004916,CLI-00974,PRD-0077,tienda_norte,2,59.81,0,119.62,tarjeta,devuelta,2026-02-12 20:13:26,zona_d
VN-0004917,CLI-00010,PRD-0194,tienda_norte,4,149.53,15,598.12,yape,completada,2026-01-16 21:33:38,zona_c
VN-0004918,CLI-00878,PRD-0154,tienda_norte,4,47.82,0,191.28,tarjeta,completada,2026-01-17 05:30:13,zona_b
VN-0004919,CLI-02935,PRD-0187,tienda_norte,6,23.47,10,140.82,transferencia,devuelta,2026-02-14 06:24:24,zona_d
VN-0004920,CLI-02894,PRD-0191,tienda_norte,7,173.53,0,1214.71,tarjeta,completada,2026-02-04 17:41:11,zona_a
VN-0004921,CLI-00210,PRD-0018,tienda_norte,3,107.41,25,322.23,yape,pendiente,2026-02-24 21:10:09,zona_b
VN-0004922,CLI-02345,PRD-0034,tienda_norte,5,83.25,20,416.25,efectivo,completada,2026-03-19 01:55:46,zona_d
VN-0004923,CLI-00079,PRD-0174,tienda_norte,4,316.77,0,1267.08,tarjeta,completada,2026-02-07 17:10:41,zona_a
VN-0004924,CLI-01669,PRD-0035,tienda_norte,5,108.66,0,543.3,efectivo,completada,2026-03-19 10:22:44,zona_d
VN-0004925,CLI-00992,PRD-0067,tienda_norte,5,101.45,0,507.25,yape,completada,2026-02-21 04:07:21,zona_b
VN-0004926,CLI-02651,PRD-0001,tienda_norte,3,342.28,10,1026.84,tarjeta,completada,2026-03-18 01:08:38,zona_c
VN-0004927,CLI-00345,PRD-0062,tienda_norte,7,127.56,0,892.92,tarjeta,pendiente,2026-02-05 20:43:49,zona_d
VN-0004928,CLI-00590,PRD-0149,tienda_norte,4,260.03,5,1040.12,yape,completada,2026-02-28 08:28:12,zona_d
VN-0004929,CLI-00644,PRD-0095,tienda_norte,1,50.05,0,50.05,tarjeta,completada,2026-01-17 18:51:09,zona_b
VN-0004930,CLI-02067,PRD-0056,tienda_norte,4,213.16,10,852.64,tarjeta,completada,2026-03-26 02:59:23,zona_c
VN-0004931,CLI-01307,PRD-0074,tienda_norte,1,95.22,5,95.22,tarjeta,completada,2026-03-19 20:29:40,zona_b
VN-0004932,CLI-02370,PRD-0060,tienda_norte,3,139.14,0,417.42,transferencia,completada,2026-01-10 14:50:33,zona_c
VN-0004933,CLI-02112,PRD-0086,tienda_norte,8,15.84,10,126.72,tarjeta,completada,2026-01-21 09:15:13,zona_d
VN-0004934,CLI-00119,PRD-0189,tienda_norte,8,178.76,0,1430.08,efectivo,completada,2026-03-17 21:45:45,zona_b
VN-0004935,CLI-02452,PRD-0125,tienda_norte,3,313.28,0,939.84,transferencia,devuelta,2026-01-04 11:18:56,zona_d
VN-0004936,CLI-01525,PRD-0064,tienda_norte,2,50.82,10,101.64,efectivo,completada,2026-02-06 07:10:06,zona_c
VN-0004937,CLI-02211,PRD-0169,tienda_norte,1,1064.16,0,1064.16,tarjeta,completada,2026-01-24 10:48:25,zona_a
VN-0004938,CLI-02661,PRD-0123,tienda_norte,2,40.34,0,80.68,tarjeta,completada,2026-01-04 23:47:55,zona_d
VN-0004939,CLI-02572,PRD-0191,tienda_norte,6,173.53,0,1041.18,tarjeta,completada,2026-01-07 03:42:06,zona_d
VN-0004940,CLI-00529,PRD-0077,tienda_norte,7,53.83,10,376.81,efectivo,pendiente,2026-02-08 05:48:48,zona_a
VN-0004941,CLI-01125,PRD-0183,tienda_norte,4,38.87,15,155.48,tarjeta,completada,2026-03-27 15:19:26,zona_d
VN-0004942,CLI-00255,PRD-0169,tienda_norte,8,1010.95,5,8087.6,efectivo,completada,2026-01-01 06:34:59,zona_b
VN-0004943,CLI-00502,PRD-0168,tienda_norte,4,257.41,15,1029.64,tarjeta,completada,2026-03-13 10:15:39,zona_a
VN-0004944,CLI-00429,PRD-0079,tienda_norte,3,291.31,0,873.93,tarjeta,completada,2026-01-24 11:56:03,zona_d
VN-0004945,CLI-00104,PRD-0025,tienda_norte,5,318.18,20,1590.9,yape,completada,2026-03-02 00:50:09,zona_c
VN-0004946,CLI-02632,PRD-0169,tienda_norte,7,957.74,10,6704.18,tarjeta,completada,2026-03-10 15:43:43,zona_d
VN-0004947,CLI-02086,PRD-0115,tienda_norte,3,1144.16,0,3432.48,tarjeta,devuelta,2026-01-01 03:46:35,zona_b
VN-0004948,CLI-01238,PRD-0118,tienda_norte,7,47.91,10,335.37,yape,completada,2026-02-07 09:01:46,zona_c
VN-0004949,CLI-00003,PRD-0145,tienda_norte,2,340.64,0,681.28,efectivo,completada,2026-03-02 14:57:28,zona_c
VN-0004950,CLI-01594,PRD-0010,tienda_norte,3,147.48,0,442.44,tarjeta,completada,2026-02-14 07:39:07,zona_b
VN-0004951,CLI-02607,PRD-0107,tienda_norte,1,52.86,0,52.86,tarjeta,completada,2026-03-18 15:04:15,zona_b
VN-0004952,CLI-01766,PRD-0048,tienda_norte,4,307.21,0,1228.84,efectivo,completada,2026-01-02 01:19:10,zona_c
VN-0004953,CLI-02876,PRD-0176,tienda_norte,6,71.08,0,426.48,yape,completada,2026-02-18 10:01:18,zona_b
VN-0004954,CLI-01131,PRD-0120,tienda_norte,8,290.54,0,2324.32,tarjeta,completada,2026-01-23 00:44:11,zona_a
VN-0004955,CLI-01821,PRD-0061,tienda_norte,6,814.44,5,4886.64,tarjeta,devuelta,2026-03-18 03:00:14,zona_a
VN-0004956,CLI-00339,PRD-0004,tienda_norte,6,51.2,5,307.2,efectivo,completada,2026-02-24 10:25:31,zona_c
VN-0004957,CLI-02527,PRD-0008,tienda_norte,7,830.47,25,5813.29,transferencia,completada,2026-01-07 16:55:18,zona_d
VN-0004958,CLI-01299,PRD-0010,tienda_norte,3,147.48,0,442.44,yape,completada,2026-03-13 18:15:15,zona_c
VN-0004959,CLI-02522,PRD-0158,tienda_norte,8,195.53,15,1564.24,yape,completada,2026-03-21 10:05:19,zona_b
VN-0004960,CLI-01766,PRD-0070,tienda_norte,7,432.08,15,3024.56,tarjeta,completada,2026-01-10 08:34:09,zona_c
VN-0004961,CLI-00874,PRD-0011,tienda_norte,1,67.83,10,67.83,tarjeta,devuelta,2026-01-01 23:08:18,zona_a
VN-0004962,CLI-00499,PRD-0125,tienda_norte,8,266.29,15,2130.32,efectivo,completada,2026-03-30 04:03:14,zona_a
VN-0004963,CLI-02184,PRD-0153,tienda_norte,3,1004.01,15,3012.03,transferencia,completada,2026-02-17 22:03:05,zona_a
VN-0004964,CLI-01737,PRD-0198,tienda_norte,8,359.6,0,2876.8,efectivo,completada,2026-01-30 04:35:07,zona_a
VN-0004965,CLI-00623,PRD-0108,tienda_norte,8,132.36,5,1058.88,transferencia,completada,2026-03-02 22:39:57,zona_b
VN-0004966,CLI-02650,PRD-0029,tienda_norte,6,90.51,10,543.06,efectivo,completada,2026-02-09 02:18:18,zona_d
VN-0004967,CLI-00939,PRD-0009,tienda_norte,8,42.18,10,337.44,transferencia,completada,2026-02-07 19:29:20,zona_c
VN-0004968,CLI-00698,PRD-0165,tienda_norte,5,821.86,10,4109.3,tarjeta,completada,2026-03-14 06:15:55,zona_d
VN-0004969,CLI-01142,PRD-0193,tienda_norte,4,46.6,0,186.4,efectivo,completada,2026-03-01 06:18:28,zona_d
VN-0004970,CLI-01427,PRD-0190,tienda_norte,5,236.97,0,1184.85,tarjeta,devuelta,2026-02-27 18:17:38,zona_b
VN-0004971,CLI-02841,PRD-0118,tienda_norte,7,53.23,0,372.61,yape,completada,2026-01-21 07:48:39,zona_b
VN-0004972,CLI-02616,PRD-0042,tienda_norte,8,76.12,0,608.96,efectivo,completada,2026-01-30 20:45:57,zona_a
VN-0004973,CLI-01162,PRD-0005,tienda_norte,4,201.91,5,807.64,yape,completada,2026-03-16 19:21:41,zona_c
VN-0004974,CLI-01548,PRD-0163,tienda_norte,6,92.65,0,555.9,transferencia,completada,2026-02-16 17:12:28,zona_d
VN-0004975,CLI-02002,PRD-0182,tienda_norte,3,116.18,0,348.54,yape,completada,2026-02-24 23:18:54,zona_a
VN-0004976,CLI-01628,PRD-0129,tienda_norte,8,99.95,0,799.6,tarjeta,completada,2026-02-18 01:28:08,zona_a
VN-0004977,CLI-00757,PRD-0024,tienda_norte,6,135.72,0,814.32,tarjeta,completada,2026-02-04 21:02:47,zona_c
VN-0004978,CLI-02178,PRD-0048,tienda_norte,3,307.21,0,921.63,tarjeta,completada,2026-03-16 17:03:05,zona_b
VN-0004979,CLI-01207,PRD-0095,tienda_norte,6,42.54,15,255.24,tarjeta,completada,2026-02-24 08:07:45,zona_b
VN-0004980,CLI-01206,PRD-0061,tienda_norte,5,685.85,20,3429.25,tarjeta,completada,2026-02-16 19:30:09,zona_d
VN-0004981,CLI-02764,PRD-0062,tienda_norte,2,121.18,5,242.36,tarjeta,devuelta,2026-03-28 21:58:31,zona_c
VN-0004982,CLI-00286,PRD-0069,tienda_norte,3,46.95,15,140.85,tarjeta,devuelta,2026-01-07 04:35:39,zona_b
VN-0004983,CLI-01750,PRD-0174,tienda_norte,5,316.77,0,1583.85,yape,completada,2026-03-25 06:05:56,zona_b
VN-0004984,CLI-02618,PRD-0179,tienda_norte,1,389.09,0,389.09,yape,completada,2026-01-27 08:46:42,zona_b
VN-0004985,CLI-02577,PRD-0005,tienda_norte,7,201.91,5,1413.37,efectivo,completada,2026-01-14 13:14:08,zona_b
VN-0004986,CLI-00082,PRD-0106,tienda_norte,7,233.66,0,1635.62,transferencia,completada,2026-01-23 14:38:24,zona_b
VN-0004987,CLI-01643,PRD-0091,tienda_norte,4,42.34,15,169.36,yape,completada,2026-03-13 02:23:37,zona_d
VN-0004988,CLI-01513,PRD-0152,tienda_norte,7,99.91,0,699.37,yape,completada,2026-02-17 01:10:26,zona_c
VN-0004989,CLI-01474,PRD-0127,tienda_norte,4,38.99,5,155.96,yape,completada,2026-03-14 15:59:53,zona_c
VN-0004990,CLI-00173,PRD-0187,tienda_norte,3,26.08,0,78.24,yape,devuelta,2026-03-15 21:18:12,zona_d
VN-0004991,CLI-00516,PRD-0109,tienda_norte,1,127.43,0,127.43,efectivo,devuelta,2026-02-20 09:26:20,zona_b
VN-0004992,CLI-01244,PRD-0076,tienda_norte,7,108.71,20,760.97,yape,completada,2026-02-03 02:47:05,zona_b
VN-0004993,CLI-00164,PRD-0145,tienda_norte,2,323.61,5,647.22,efectivo,completada,2026-02-13 22:01:01,zona_b
VN-0004994,CLI-01739,PRD-0024,tienda_norte,3,122.15,10,366.45,tarjeta,completada,2026-02-04 20:52:36,zona_a
VN-0004995,CLI-00645,PRD-0154,tienda_norte,3,47.82,0,143.46,yape,completada,2026-01-31 18:10:59,zona_d
VN-0004996,CLI-01239,PRD-0046,tienda_norte,2,362.76,0,725.52,tarjeta,completada,2026-03-14 20:38:00,zona_c
VN-0004997,CLI-02217,PRD-0071,tienda_norte,1,53.3,25,53.3,tarjeta,completada,2026-01-15 02:25:04,zona_a
VN-0004998,CLI-00515,PRD-0067,tienda_norte,7,91.31,10,639.17,tarjeta,completada,2026-01-26 13:06:26,zona_b
VN-0004999,CLI-01979,PRD-0063,tienda_norte,5,194.35,10,971.75,efectivo,completada,2026-02-04 02:02:32,zona_d
VN-0005000,CLI-02889,PRD-0137,tienda_norte,3,125.01,5,375.03,efectivo,completada,2026-01-17 21:16:01,zona_d
VN-0005001,CLI-02751,PRD-0187,tienda_norte,2,26.08,0,52.16,efectivo,completada,2026-02-27 08:53:54,zona_c
VN-0005002,CLI-00633,PRD-0014,tienda_norte,2,284.02,10,568.04,efectivo,completada,2026-03-24 19:54:25,zona_a
VN-0005003,CLI-02673,PRD-0062,tienda_norte,6,127.56,0,765.36,efectivo,completada,2026-02-10 19:03:10,zona_c
VN-0005004,CLI-01431,PRD-0036,tienda_norte,2,36.63,15,73.26,yape,completada,2026-01-03 04:01:34,zona_a
VN-0005005,CLI-00057,PRD-0058,tienda_norte,1,166.75,5,166.75,tarjeta,completada,2026-03-22 20:32:12,zona_d
VN-0005006,CLI-02326,PRD-0028,tienda_norte,6,7.67,10,46.02,yape,completada,2026-02-05 00:02:11,zona_d
VN-0005007,CLI-02838,PRD-0023,tienda_norte,5,64.79,0,323.95,efectivo,completada,2026-03-21 14:21:35,zona_a
VN-0005008,CLI-00990,PRD-0077,tienda_norte,6,59.81,0,358.86,yape,completada,2026-03-19 07:30:53,zona_d
VN-0005009,CLI-00433,PRD-0114,tienda_norte,6,228.8,10,1372.8,tarjeta,completada,2026-01-27 01:05:16,zona_c
VN-0005010,CLI-00061,PRD-0151,tienda_norte,5,145.96,5,729.8,tarjeta,completada,2026-02-15 20:16:08,zona_d
VN-0005011,CLI-00996,PRD-0163,tienda_norte,5,92.65,0,463.25,transferencia,completada,2026-01-07 05:20:49,zona_d
VN-0005012,CLI-00201,PRD-0127,tienda_norte,2,41.04,0,82.08,yape,completada,2026-03-22 20:46:49,zona_a
VN-0005013,CLI-01383,PRD-0018,tienda_norte,2,136.05,5,272.1,transferencia,completada,2026-02-07 22:09:49,zona_d
VN-0005014,CLI-02025,PRD-0132,tienda_norte,2,493.71,25,987.42,tarjeta,completada,2026-02-21 14:15:18,zona_c
VN-0005015,CLI-01146,PRD-0151,tienda_norte,3,153.64,0,460.92,efectivo,completada,2026-03-21 13:31:09,zona_d
VN-0005016,CLI-02951,PRD-0011,tienda_norte,6,75.37,0,452.22,efectivo,completada,2026-01-15 05:21:53,zona_b
VN-0005017,CLI-00559,PRD-0036,tienda_norte,5,36.63,15,183.15,yape,completada,2026-01-29 20:16:37,zona_c
VN-0005018,CLI-01858,PRD-0172,tienda_norte,1,128.97,10,128.97,tarjeta,completada,2026-01-21 09:17:13,zona_d
VN-0005019,CLI-01023,PRD-0094,tienda_norte,5,38.77,0,193.85,yape,completada,2026-01-03 02:00:13,zona_a
VN-0005020,CLI-02500,PRD-0003,tienda_norte,8,167.67,5,1341.36,efectivo,devuelta,2026-01-06 13:54:46,zona_b
VN-0005021,CLI-01162,PRD-0187,tienda_norte,6,26.08,0,156.48,yape,completada,2026-01-15 21:21:33,zona_a
VN-0005022,CLI-00439,PRD-0039,tienda_norte,8,61.08,0,488.64,transferencia,completada,2026-03-22 10:57:28,zona_a
VN-0005023,CLI-00490,PRD-0097,tienda_norte,3,168.78,0,506.34,efectivo,completada,2026-01-25 12:15:51,zona_a
VN-0005024,CLI-00177,PRD-0107,tienda_norte,5,50.22,5,251.1,efectivo,completada,2026-01-03 04:06:24,zona_b
VN-0005025,CLI-01854,PRD-0027,tienda_norte,8,27.59,10,220.72,yape,completada,2026-01-16 11:27:46,zona_d
VN-0005026,CLI-01247,PRD-0161,tienda_norte,8,28.69,15,229.52,efectivo,completada,2026-02-04 14:41:07,zona_d
VN-0005027,CLI-00328,PRD-0012,tienda_norte,7,154.12,0,1078.84,yape,completada,2026-03-05 06:01:34,zona_c
VN-0005028,CLI-00704,PRD-0083,tienda_norte,4,83.45,10,333.8,tarjeta,completada,2026-03-11 00:10:07,zona_c
VN-0005029,CLI-01871,PRD-0185,tienda_norte,5,169.81,5,849.05,transferencia,completada,2026-01-22 14:37:53,zona_c
VN-0005030,CLI-02216,PRD-0001,tienda_norte,7,361.29,5,2529.03,tarjeta,completada,2026-01-07 07:12:51,zona_d
VN-0005031,CLI-00201,PRD-0042,tienda_norte,8,72.31,5,578.48,yape,completada,2026-02-12 23:57:47,zona_d
VN-0005032,CLI-02739,PRD-0118,tienda_norte,6,47.91,10,287.46,efectivo,completada,2026-02-11 02:02:09,zona_c
VN-0005033,CLI-00094,PRD-0072,tienda_norte,6,31.03,5,186.18,efectivo,completada,2026-01-28 06:47:21,zona_c
VN-0005034,CLI-00174,PRD-0061,tienda_norte,2,814.44,5,1628.88,efectivo,completada,2026-01-25 03:14:55,zona_c
VN-0005035,CLI-00082,PRD-0106,tienda_norte,1,233.66,0,233.66,transferencia,completada,2026-01-13 19:26:03,zona_d
VN-0005036,CLI-01999,PRD-0052,tienda_norte,1,352.2,10,352.2,tarjeta,completada,2026-03-25 08:09:39,zona_c
VN-0005037,CLI-02962,PRD-0114,tienda_norte,2,241.51,5,483.02,tarjeta,devuelta,2026-02-15 12:58:27,zona_d
VN-0005038,CLI-00462,PRD-0189,tienda_norte,7,178.76,0,1251.32,tarjeta,completada,2026-01-07 04:34:45,zona_c
VN-0005039,CLI-00509,PRD-0145,tienda_norte,3,289.54,15,868.62,efectivo,completada,2026-01-18 09:10:39,zona_d
VN-0005040,CLI-01364,PRD-0024,tienda_norte,3,135.72,0,407.16,efectivo,completada,2026-01-23 12:33:18,zona_c
VN-0005041,CLI-00331,PRD-0150,tienda_norte,3,697.19,15,2091.57,transferencia,completada,2026-01-14 16:57:05,zona_b
VN-0005042,CLI-00273,PRD-0175,tienda_norte,3,63.31,15,189.93,tarjeta,pendiente,2026-03-26 19:35:40,zona_b
VN-0005043,CLI-02561,PRD-0051,tienda_norte,2,328.46,0,656.92,tarjeta,completada,2026-01-14 02:55:26,zona_d
VN-0005044,CLI-02941,PRD-0149,tienda_norte,2,260.03,5,520.06,tarjeta,completada,2026-01-03 18:17:35,zona_c
VN-0005045,CLI-00031,PRD-0138,tienda_norte,5,146.2,0,731.0,efectivo,completada,2026-02-17 07:04:08,zona_d
VN-0005046,CLI-00850,PRD-0023,tienda_norte,1,55.07,15,55.07,efectivo,completada,2026-03-26 04:55:29,zona_c
VN-0005047,CLI-01769,PRD-0104,tienda_norte,8,186.13,5,1489.04,efectivo,completada,2026-03-25 04:13:22,zona_a
VN-0005048,CLI-00354,PRD-0195,tienda_norte,8,147.28,15,1178.24,yape,completada,2026-02-15 00:47:07,zona_d
VN-0005049,CLI-00233,PRD-0179,tienda_norte,4,389.09,0,1556.36,tarjeta,pendiente,2026-01-25 14:59:01,zona_c
VN-0005050,CLI-01227,PRD-0040,tienda_norte,6,137.23,20,823.38,tarjeta,completada,2026-03-04 06:08:45,zona_c
VN-0005051,CLI-00486,PRD-0178,tienda_norte,1,87.6,0,87.6,yape,completada,2026-01-02 01:03:53,zona_b
VN-0005052,CLI-02297,PRD-0076,tienda_norte,2,129.1,5,258.2,efectivo,completada,2026-03-23 09:14:41,zona_d
VN-0005053,CLI-02270,PRD-0153,tienda_norte,8,1063.07,10,8504.56,transferencia,completada,2026-01-05 20:32:20,zona_c
VN-0005054,CLI-00107,PRD-0010,tienda_norte,2,132.73,10,265.46,yape,completada,2026-02-26 20:41:27,zona_d
VN-0005055,CLI-02888,PRD-0089,tienda_norte,6,58.61,15,351.66,yape,completada,2026-03-06 08:40:21,zona_c
VN-0005056,CLI-02568,PRD-0188,tienda_norte,3,100.11,5,300.33,efectivo,completada,2026-01-01 20:11:33,zona_a
VN-0005057,CLI-01415,PRD-0068,tienda_norte,2,141.65,15,283.3,efectivo,completada,2026-02-10 11:08:22,zona_a
VN-0005058,CLI-00769,PRD-0048,tienda_norte,2,291.85,5,583.7,tarjeta,completada,2026-03-24 13:21:12,zona_a
VN-0005059,CLI-00932,PRD-0079,tienda_norte,2,276.74,5,553.48,transferencia,completada,2026-03-31 00:25:53,zona_b
VN-0005060,CLI-00246,PRD-0135,tienda_norte,8,117.62,5,940.96,efectivo,completada,2026-01-16 07:08:15,zona_b
VN-0005061,CLI-00997,PRD-0017,tienda_norte,1,665.99,10,665.99,tarjeta,completada,2026-03-01 01:34:00,zona_c
VN-0005062,CLI-00612,PRD-0023,tienda_norte,4,61.55,5,246.2,tarjeta,completada,2026-03-22 18:00:05,zona_d
VN-0005063,CLI-02601,PRD-0139,tienda_norte,4,18.66,0,74.64,yape,completada,2026-01-19 16:55:01,zona_d
VN-0005064,CLI-01809,PRD-0077,tienda_norte,3,53.83,10,161.49,tarjeta,completada,2026-01-07 11:36:41,zona_b
VN-0005065,CLI-02893,PRD-0107,tienda_norte,2,52.86,0,105.72,tarjeta,completada,2026-01-18 01:38:21,zona_d
VN-0005066,CLI-02609,PRD-0185,tienda_norte,1,160.88,10,160.88,efectivo,completada,2026-02-20 20:13:23,zona_c
VN-0005067,CLI-00938,PRD-0039,tienda_norte,2,58.03,5,116.06,transferencia,completada,2026-01-27 05:16:01,zona_b
VN-0005068,CLI-00190,PRD-0117,tienda_norte,2,131.51,15,263.02,yape,completada,2026-03-17 03:53:02,zona_b
VN-0005069,CLI-02633,PRD-0063,tienda_norte,6,194.35,10,1166.1,tarjeta,completada,2026-03-29 01:26:06,zona_a
VN-0005070,CLI-02344,PRD-0157,tienda_norte,1,269.24,0,269.24,tarjeta,completada,2026-02-13 01:41:00,zona_a
VN-0005071,CLI-02243,PRD-0093,tienda_norte,3,811.64,10,2434.92,tarjeta,completada,2026-03-18 22:43:37,zona_a
VN-0005072,CLI-02643,PRD-0010,tienda_norte,7,140.11,5,980.77,tarjeta,completada,2026-02-16 04:55:56,zona_c
VN-0005073,CLI-01210,PRD-0200,tienda_norte,4,33.95,0,135.8,tarjeta,completada,2026-01-02 17:09:22,zona_a
VN-0005074,CLI-02406,PRD-0036,tienda_norte,3,34.48,20,103.44,yape,completada,2026-02-20 03:49:50,zona_b
VN-0005075,CLI-01414,PRD-0200,tienda_norte,4,33.95,0,135.8,efectivo,completada,2026-02-17 23:45:41,zona_b
VN-0005076,CLI-01574,PRD-0178,tienda_norte,8,70.08,20,560.64,efectivo,completada,2026-03-02 16:57:07,zona_a
VN-0005077,CLI-00871,PRD-0104,tienda_norte,6,195.93,0,1175.58,tarjeta,completada,2026-01-02 17:00:56,zona_a
VN-0005078,CLI-02790,PRD-0134,tienda_norte,8,97.62,0,780.96,tarjeta,completada,2026-03-22 22:29:01,zona_d
VN-0005079,CLI-01301,PRD-0036,tienda_norte,6,43.1,0,258.6,tarjeta,pendiente,2026-03-15 19:09:51,zona_d
VN-0005080,CLI-01079,PRD-0175,tienda_norte,2,59.58,20,119.16,tarjeta,devuelta,2026-02-13 05:36:40,zona_a
VN-0005081,CLI-02422,PRD-0014,tienda_norte,1,299.8,5,299.8,yape,completada,2026-01-18 11:07:35,zona_a
VN-0005082,CLI-00858,PRD-0112,tienda_norte,7,245.03,15,1715.21,yape,devuelta,2026-02-03 04:29:24,zona_c
VN-0005083,CLI-02930,PRD-0167,tienda_norte,7,151.07,5,1057.49,tarjeta,completada,2026-01-12 20:34:32,zona_c
VN-0005084,CLI-00206,PRD-0017,tienda_norte,4,739.99,0,2959.96,tarjeta,devuelta,2026-02-22 22:45:25,zona_b
VN-0005085,CLI-00040,PRD-0076,tienda_norte,1,129.1,5,129.1,tarjeta,completada,2026-03-24 04:36:26,zona_d
VN-0005086,CLI-02183,PRD-0003,tienda_norte,3,158.85,10,476.55,efectivo,completada,2026-03-28 17:21:09,zona_d
VN-0005087,CLI-01463,PRD-0052,tienda_norte,4,352.2,10,1408.8,transferencia,completada,2026-02-17 00:33:59,zona_d
VN-0005088,CLI-00089,PRD-0004,tienda_norte,5,53.89,0,269.45,tarjeta,completada,2026-01-19 20:17:43,zona_d
VN-0005089,CLI-00463,PRD-0179,tienda_norte,5,369.64,5,1848.2,efectivo,completada,2026-03-30 07:52:54,zona_d
VN-0005090,CLI-01347,PRD-0110,tienda_norte,2,198.38,5,396.76,tarjeta,pendiente,2026-01-16 11:47:26,zona_d
VN-0005091,CLI-02401,PRD-0031,tienda_norte,5,310.8,0,1554.0,yape,completada,2026-02-21 02:52:41,zona_a
VN-0005092,CLI-00751,PRD-0016,tienda_norte,8,150.16,25,1201.28,efectivo,completada,2026-02-18 03:23:25,zona_b
VN-0005093,CLI-01970,PRD-0192,tienda_norte,4,88.41,5,353.64,tarjeta,completada,2026-02-28 20:56:56,zona_a
VN-0005094,CLI-01164,PRD-0193,tienda_norte,4,41.94,10,167.76,transferencia,completada,2026-03-27 11:59:02,zona_c
VN-0005095,CLI-01353,PRD-0188,tienda_norte,4,84.3,20,337.2,tarjeta,completada,2026-02-08 05:33:44,zona_c
VN-0005096,CLI-02311,PRD-0088,tienda_norte,8,66.62,0,532.96,tarjeta,completada,2026-02-02 04:16:17,zona_b
VN-0005097,CLI-01220,PRD-0167,tienda_norte,6,159.02,0,954.12,efectivo,completada,2026-01-14 14:24:58,zona_c
VN-0005098,CLI-00585,PRD-0080,tienda_norte,7,142.71,0,998.97,tarjeta,completada,2026-02-17 21:37:27,zona_a
VN-0005099,CLI-00717,PRD-0002,tienda_norte,3,35.98,0,107.94,efectivo,completada,2026-02-18 07:51:43,zona_c
VN-0005100,CLI-00250,PRD-0199,tienda_norte,3,375.09,0,1125.27,tarjeta,completada,2026-03-12 09:09:11,zona_d
VN-0005101,CLI-02356,PRD-0088,tienda_norte,6,49.97,25,299.82,yape,completada,2026-01-19 13:28:02,zona_d
VN-0005102,CLI-01764,PRD-0180,tienda_norte,1,13.86,15,13.86,yape,completada,2026-03-15 18:49:59,zona_a
VN-0005103,CLI-01657,PRD-0184,tienda_norte,2,134.46,10,268.92,yape,completada,2026-01-18 10:19:01,zona_c
VN-0005104,CLI-00006,PRD-0052,tienda_norte,6,332.63,15,1995.78,transferencia,devuelta,2026-01-13 09:52:19,zona_b
VN-0005105,CLI-02419,PRD-0167,tienda_norte,4,127.22,20,508.88,tarjeta,devuelta,2026-02-14 10:25:34,zona_b
VN-0005106,CLI-02770,PRD-0151,tienda_norte,7,153.64,0,1075.48,yape,completada,2026-03-21 19:01:41,zona_a
VN-0005107,CLI-00237,PRD-0096,tienda_norte,4,78.09,0,312.36,transferencia,completada,2026-01-21 16:19:08,zona_a
VN-0005108,CLI-01702,PRD-0168,tienda_norte,5,287.69,5,1438.45,tarjeta,completada,2026-03-24 05:38:59,zona_b
VN-0005109,CLI-01575,PRD-0094,tienda_norte,4,36.83,5,147.32,tarjeta,completada,2026-01-03 10:00:31,zona_b
VN-0005110,CLI-00878,PRD-0182,tienda_norte,1,98.75,15,98.75,yape,completada,2026-02-04 23:55:14,zona_a
VN-0005111,CLI-00861,PRD-0141,tienda_norte,2,135.3,5,270.6,efectivo,completada,2026-02-02 04:25:05,zona_c
VN-0005112,CLI-02584,PRD-0114,tienda_norte,5,254.22,0,1271.1,yape,completada,2026-03-03 22:31:33,zona_c
VN-0005113,CLI-02716,PRD-0056,tienda_norte,8,236.84,0,1894.72,tarjeta,completada,2026-01-22 01:03:48,zona_d
VN-0005114,CLI-01749,PRD-0049,tienda_norte,1,1047.28,0,1047.28,yape,completada,2026-03-28 21:37:39,zona_b
VN-0005115,CLI-02259,PRD-0102,tienda_norte,7,63.47,15,444.29,tarjeta,completada,2026-03-05 01:08:32,zona_c
VN-0005116,CLI-00707,PRD-0193,tienda_norte,4,41.94,10,167.76,transferencia,completada,2026-03-16 16:36:54,zona_b
VN-0005117,CLI-00944,PRD-0163,tienda_norte,8,92.65,0,741.2,yape,devuelta,2026-01-27 23:46:05,zona_b
VN-0005118,CLI-02096,PRD-0072,tienda_norte,2,29.39,10,58.78,yape,devuelta,2026-03-04 07:00:19,zona_a
VN-0005119,CLI-01005,PRD-0093,tienda_norte,7,766.55,15,5365.85,tarjeta,completada,2026-03-09 08:21:13,zona_c
VN-0005120,CLI-02601,PRD-0114,tienda_norte,8,254.22,0,2033.76,transferencia,completada,2026-02-03 18:02:10,zona_a
VN-0005121,CLI-01660,PRD-0137,tienda_norte,7,131.59,0,921.13,tarjeta,completada,2026-03-11 05:54:51,zona_d
VN-0005122,CLI-02951,PRD-0061,tienda_norte,3,814.44,5,2443.32,tarjeta,completada,2026-02-08 03:52:53,zona_a
VN-0005123,CLI-01254,PRD-0188,tienda_norte,3,105.38,0,316.14,tarjeta,completada,2026-01-24 10:57:06,zona_d
VN-0005124,CLI-02395,PRD-0190,tienda_norte,8,201.42,15,1611.36,efectivo,completada,2026-01-13 21:07:31,zona_c
VN-0005125,CLI-02467,PRD-0137,tienda_norte,8,105.27,20,842.16,yape,completada,2026-01-07 07:46:56,zona_b
VN-0005126,CLI-01359,PRD-0141,tienda_norte,7,142.42,0,996.94,transferencia,completada,2026-01-27 07:04:30,zona_b
VN-0005127,CLI-00268,PRD-0079,tienda_norte,7,276.74,5,1937.18,tarjeta,completada,2026-02-25 07:05:43,zona_b
VN-0005128,CLI-02601,PRD-0081,tienda_norte,2,104.17,10,208.34,tarjeta,completada,2026-02-02 08:54:35,zona_d
VN-0005129,CLI-02602,PRD-0056,tienda_norte,8,236.84,0,1894.72,tarjeta,completada,2026-01-19 05:56:20,zona_c
VN-0005130,CLI-01597,PRD-0084,tienda_norte,1,105.57,5,105.57,tarjeta,completada,2026-01-08 04:27:18,zona_b
VN-0005131,CLI-00386,PRD-0154,tienda_norte,8,45.43,5,363.44,tarjeta,completada,2026-03-19 10:08:21,zona_a
VN-0005132,CLI-01054,PRD-0008,tienda_norte,3,1051.93,5,3155.79,efectivo,devuelta,2026-02-17 12:32:33,zona_d
VN-0005133,CLI-00788,PRD-0016,tienda_norte,2,170.19,15,340.38,efectivo,completada,2026-01-28 19:16:59,zona_b
VN-0005134,CLI-00748,PRD-0196,tienda_norte,1,32.98,20,32.98,tarjeta,completada,2026-01-03 20:40:12,zona_c
VN-0005135,CLI-01699,PRD-0140,tienda_norte,7,117.83,0,824.81,tarjeta,completada,2026-01-30 07:40:35,zona_c
VN-0005136,CLI-00365,PRD-0012,tienda_norte,1,146.41,5,146.41,transferencia,completada,2026-01-18 13:23:09,zona_b
VN-0005137,CLI-00764,PRD-0069,tienda_norte,4,52.47,5,209.88,yape,completada,2026-01-05 00:28:48,zona_c
VN-0005138,CLI-02682,PRD-0148,tienda_norte,5,115.53,25,577.65,tarjeta,completada,2026-01-05 19:55:55,zona_d
VN-0005139,CLI-00274,PRD-0100,tienda_norte,2,272.05,25,544.1,tarjeta,completada,2026-03-09 13:29:18,zona_d
VN-0005140,CLI-00757,PRD-0022,tienda_norte,2,64.46,0,128.92,tarjeta,completada,2026-01-30 20:40:23,zona_c
VN-0005141,CLI-02002,PRD-0193,tienda_norte,8,41.94,10,335.52,transferencia,completada,2026-03-22 10:16:23,zona_c
VN-0005142,CLI-00031,PRD-0013,tienda_norte,8,368.62,20,2948.96,tarjeta,pendiente,2026-01-31 17:33:55,zona_d
VN-0005143,CLI-02925,PRD-0015,tienda_norte,2,57.34,0,114.68,tarjeta,completada,2026-03-13 23:55:55,zona_c
VN-0005144,CLI-02532,PRD-0192,tienda_norte,3,83.75,10,251.25,tarjeta,completada,2026-01-19 08:20:47,zona_a
VN-0005145,CLI-02973,PRD-0195,tienda_norte,3,155.94,10,467.82,tarjeta,completada,2026-01-18 14:09:55,zona_b
VN-0005146,CLI-02918,PRD-0080,tienda_norte,5,121.3,15,606.5,tarjeta,completada,2026-01-19 12:38:31,zona_c
VN-0005147,CLI-02772,PRD-0100,tienda_norte,7,290.18,20,2031.26,transferencia,completada,2026-01-03 09:15:02,zona_c
VN-0005148,CLI-01824,PRD-0003,tienda_norte,1,132.38,25,132.38,yape,completada,2026-01-17 20:43:21,zona_d
VN-0005149,CLI-00366,PRD-0077,tienda_norte,7,53.83,10,376.81,transferencia,completada,2026-03-29 22:31:55,zona_c
VN-0005150,CLI-01417,PRD-0071,tienda_norte,5,71.07,0,355.35,tarjeta,completada,2026-02-25 14:18:55,zona_a
VN-0005151,CLI-00038,PRD-0150,tienda_norte,2,820.22,0,1640.44,tarjeta,completada,2026-03-26 10:25:54,zona_c
VN-0005152,CLI-02092,PRD-0191,tienda_norte,7,156.18,10,1093.26,efectivo,devuelta,2026-03-20 23:26:04,zona_b
VN-0005153,CLI-00127,PRD-0004,tienda_norte,4,53.89,0,215.56,tarjeta,completada,2026-03-16 01:00:30,zona_c
VN-0005154,CLI-01283,PRD-0112,tienda_norte,5,259.44,10,1297.2,tarjeta,devuelta,2026-01-09 17:20:42,zona_a
VN-0005155,CLI-01107,PRD-0113,tienda_norte,3,163.22,0,489.66,efectivo,completada,2026-02-25 13:48:23,zona_a
VN-0005156,CLI-02879,PRD-0187,tienda_norte,7,24.78,5,173.46,efectivo,completada,2026-02-06 20:13:29,zona_d
VN-0005157,CLI-01439,PRD-0115,tienda_norte,6,1029.74,10,6178.44,efectivo,completada,2026-03-18 03:18:45,zona_d
VN-0005158,CLI-02862,PRD-0015,tienda_norte,1,57.34,0,57.34,tarjeta,completada,2026-02-20 09:38:39,zona_c
VN-0005159,CLI-02141,PRD-0196,tienda_norte,7,32.98,20,230.86,tarjeta,devuelta,2026-03-03 02:04:52,zona_a
VN-0005160,CLI-02992,PRD-0102,tienda_norte,1,74.67,0,74.67,efectivo,completada,2026-01-21 03:34:41,zona_d
VN-0005161,CLI-02204,PRD-0150,tienda_norte,5,697.19,15,3485.95,tarjeta,completada,2026-01-18 18:52:40,zona_c
VN-0005162,CLI-00594,PRD-0199,tienda_norte,5,375.09,0,1875.45,yape,completada,2026-01-07 04:03:57,zona_b
VN-0005163,CLI-02930,PRD-0059,tienda_norte,5,131.35,10,656.75,efectivo,completada,2026-02-24 09:02:57,zona_a
VN-0005164,CLI-01448,PRD-0090,tienda_norte,5,9.61,20,48.05,transferencia,completada,2026-03-01 22:23:54,zona_c
VN-0005165,CLI-00620,PRD-0136,tienda_norte,6,103.8,0,622.8,tarjeta,completada,2026-03-18 18:49:27,zona_b
VN-0005166,CLI-00481,PRD-0112,tienda_norte,7,288.27,0,2017.89,efectivo,completada,2026-02-17 19:55:18,zona_b
VN-0005167,CLI-02452,PRD-0017,tienda_norte,2,665.99,10,1331.98,tarjeta,completada,2026-02-01 06:16:10,zona_c
VN-0005168,CLI-00450,PRD-0031,tienda_norte,8,310.8,0,2486.4,yape,completada,2026-02-16 18:10:18,zona_a
VN-0005169,CLI-02846,PRD-0150,tienda_norte,1,820.22,0,820.22,tarjeta,completada,2026-03-08 02:43:36,zona_a
VN-0005170,CLI-00616,PRD-0051,tienda_norte,1,312.04,5,312.04,efectivo,completada,2026-01-18 22:35:52,zona_b
VN-0005171,CLI-02833,PRD-0025,tienda_norte,5,397.73,0,1988.65,efectivo,completada,2026-01-12 04:38:07,zona_b
VN-0005172,CLI-02725,PRD-0172,tienda_norte,2,128.97,10,257.94,tarjeta,completada,2026-03-30 18:37:23,zona_a
VN-0005173,CLI-01478,PRD-0068,tienda_norte,8,158.32,5,1266.56,tarjeta,completada,2026-01-26 10:35:47,zona_a
VN-0005174,CLI-00606,PRD-0200,tienda_norte,3,32.25,5,96.75,efectivo,completada,2026-01-28 09:17:53,zona_c
VN-0005175,CLI-01024,PRD-0069,tienda_norte,2,52.47,5,104.94,yape,completada,2026-03-30 00:55:29,zona_b
VN-0005176,CLI-01146,PRD-0187,tienda_norte,4,26.08,0,104.32,yape,completada,2026-03-01 06:12:37,zona_b
VN-0005177,CLI-00831,PRD-0082,tienda_norte,1,287.94,5,287.94,tarjeta,completada,2026-02-17 13:07:13,zona_d
VN-0005178,CLI-01750,PRD-0189,tienda_norte,1,178.76,0,178.76,tarjeta,completada,2026-01-01 21:26:59,zona_d
VN-0005179,CLI-01028,PRD-0057,tienda_norte,8,358.8,10,2870.4,tarjeta,completada,2026-02-23 16:46:26,zona_d
VN-0005180,CLI-00188,PRD-0037,tienda_norte,6,75.32,0,451.92,transferencia,completada,2026-03-11 10:28:38,zona_b
VN-0005181,CLI-00011,PRD-0070,tienda_norte,6,508.33,0,3049.98,tarjeta,completada,2026-03-29 00:08:55,zona_a
VN-0005182,CLI-01790,PRD-0050,tienda_norte,1,11.33,0,11.33,yape,completada,2026-02-26 06:48:26,zona_a
VN-0005183,CLI-01087,PRD-0147,tienda_norte,2,42.47,15,84.94,tarjeta,completada,2026-01-25 15:11:27,zona_b
VN-0005184,CLI-00990,PRD-0115,tienda_norte,7,1144.16,0,8009.12,tarjeta,completada,2026-03-13 03:38:37,zona_b
VN-0005185,CLI-00177,PRD-0134,tienda_norte,4,97.62,0,390.48,tarjeta,completada,2026-02-13 07:13:54,zona_b
VN-0005186,CLI-00741,PRD-0052,tienda_norte,1,391.33,0,391.33,yape,completada,2026-03-20 12:55:18,zona_a
VN-0005187,CLI-00550,PRD-0077,tienda_norte,7,59.81,0,418.67,tarjeta,completada,2026-02-03 17:40:23,zona_b
VN-0005188,CLI-00425,PRD-0018,tienda_norte,3,143.21,0,429.63,transferencia,completada,2026-03-19 10:12:41,zona_c
VN-0005189,CLI-00357,PRD-0159,tienda_norte,1,903.06,20,903.06,tarjeta,completada,2026-02-01 04:12:42,zona_a
VN-0005190,CLI-02646,PRD-0069,tienda_norte,8,55.23,0,441.84,efectivo,completada,2026-02-24 10:17:28,zona_d
VN-0005191,CLI-01382,PRD-0193,tienda_norte,3,46.6,0,139.8,tarjeta,completada,2026-02-07 16:35:34,zona_b
VN-0005192,CLI-00607,PRD-0002,tienda_norte,4,32.38,10,129.52,efectivo,completada,2026-02-13 12:35:34,zona_a
VN-0005193,CLI-00520,PRD-0117,tienda_norte,5,154.72,0,773.6,transferencia,completada,2026-01-26 07:49:08,zona_a
VN-0005194,CLI-00371,PRD-0177,tienda_norte,3,1012.87,5,3038.61,transferencia,completada,2026-02-01 00:23:28,zona_d
VN-0005195,CLI-00960,PRD-0009,tienda_norte,8,46.87,0,374.96,tarjeta,completada,2026-01-04 01:22:04,zona_d
VN-0005196,CLI-01556,PRD-0174,tienda_norte,6,269.25,15,1615.5,yape,completada,2026-02-01 10:12:11,zona_c
VN-0005197,CLI-02884,PRD-0035,tienda_norte,1,92.36,15,92.36,yape,completada,2026-03-14 17:35:49,zona_a
VN-0005198,CLI-01574,PRD-0189,tienda_norte,7,178.76,0,1251.32,tarjeta,pendiente,2026-01-24 02:08:05,zona_b
VN-0005199,CLI-02161,PRD-0067,tienda_norte,8,96.38,5,771.04,efectivo,completada,2026-03-22 07:24:41,zona_b
VN-0005200,CLI-00009,PRD-0040,tienda_norte,3,145.81,15,437.43,tarjeta,completada,2026-01-21 11:01:37,zona_c
VN-0005201,CLI-00967,PRD-0012,tienda_norte,2,123.3,20,246.6,efectivo,completada,2026-01-20 07:40:56,zona_b
VN-0005202,CLI-02365,PRD-0094,tienda_norte,5,34.89,10,174.45,yape,completada,2026-02-11 15:20:28,zona_a
VN-0005203,CLI-00157,PRD-0155,tienda_norte,8,138.1,0,1104.8,yape,completada,2026-02-08 07:08:29,zona_a
VN-0005204,CLI-01153,PRD-0031,tienda_norte,7,264.18,15,1849.26,yape,completada,2026-02-12 08:17:53,zona_c
VN-0005205,CLI-01824,PRD-0005,tienda_norte,2,212.54,0,425.08,tarjeta,completada,2026-03-13 02:07:16,zona_d
VN-0005206,CLI-02248,PRD-0045,tienda_norte,1,33.44,10,33.44,efectivo,completada,2026-01-17 16:04:47,zona_c
VN-0005207,CLI-00306,PRD-0120,tienda_norte,4,290.54,0,1162.16,tarjeta,completada,2026-02-06 16:18:24,zona_d
VN-0005208,CLI-02223,PRD-0110,tienda_norte,1,187.94,10,187.94,tarjeta,completada,2026-01-27 15:46:26,zona_c
VN-0005209,CLI-02342,PRD-0008,tienda_norte,6,941.2,15,5647.2,tarjeta,completada,2026-03-04 13:58:10,zona_a
VN-0005210,CLI-00833,PRD-0004,tienda_norte,2,53.89,0,107.78,tarjeta,completada,2026-01-22 02:35:01,zona_a
VN-0005211,CLI-01189,PRD-0173,tienda_norte,7,158.88,10,1112.16,tarjeta,completada,2026-02-11 06:15:14,zona_a
VN-0005212,CLI-01904,PRD-0106,tienda_norte,1,233.66,0,233.66,efectivo,completada,2026-02-02 09:50:51,zona_d
VN-0005213,CLI-02724,PRD-0081,tienda_norte,4,115.75,0,463.0,tarjeta,completada,2026-03-26 09:10:26,zona_d
VN-0005214,CLI-00946,PRD-0088,tienda_norte,2,66.62,0,133.24,efectivo,completada,2026-02-10 18:44:58,zona_a
VN-0005215,CLI-00876,PRD-0181,tienda_norte,4,106.33,0,425.32,transferencia,completada,2026-01-11 03:07:37,zona_c
VN-0005216,CLI-01639,PRD-0155,tienda_norte,7,117.38,15,821.66,transferencia,completada,2026-03-14 10:31:47,zona_b
VN-0005217,CLI-01836,PRD-0182,tienda_norte,5,104.56,10,522.8,transferencia,completada,2026-02-18 17:47:29,zona_b
VN-0005218,CLI-01442,PRD-0144,tienda_norte,1,70.27,10,70.27,tarjeta,completada,2026-02-14 00:56:08,zona_c
VN-0005219,CLI-02938,PRD-0137,tienda_norte,6,125.01,5,750.06,transferencia,completada,2026-03-09 08:54:33,zona_d
VN-0005220,CLI-01122,PRD-0004,tienda_norte,6,51.2,5,307.2,efectivo,completada,2026-03-15 22:50:35,zona_d
VN-0005221,CLI-02410,PRD-0159,tienda_norte,2,1128.82,0,2257.64,yape,completada,2026-02-02 07:36:27,zona_b
VN-0005222,CLI-02624,PRD-0102,tienda_norte,4,74.67,0,298.68,tarjeta,completada,2026-01-08 12:50:30,zona_d
VN-0005223,CLI-00649,PRD-0151,tienda_norte,4,153.64,0,614.56,yape,completada,2026-02-01 17:07:29,zona_b
VN-0005224,CLI-00923,PRD-0093,tienda_norte,3,901.82,0,2705.46,tarjeta,completada,2026-01-22 06:15:09,zona_c
VN-0005225,CLI-00033,PRD-0127,tienda_norte,6,41.04,0,246.24,tarjeta,completada,2026-01-23 04:51:32,zona_c
VN-0005226,CLI-00502,PRD-0110,tienda_norte,4,198.38,5,793.52,transferencia,completada,2026-03-15 00:06:25,zona_c
VN-0005227,CLI-00106,PRD-0145,tienda_norte,2,323.61,5,647.22,yape,completada,2026-03-08 09:59:46,zona_a
VN-0005228,CLI-00455,PRD-0109,tienda_norte,3,127.43,0,382.29,efectivo,completada,2026-01-31 22:34:02,zona_b
VN-0005229,CLI-02849,PRD-0118,tienda_norte,7,42.58,20,298.06,tarjeta,devuelta,2026-01-29 01:29:45,zona_a
VN-0005230,CLI-00929,PRD-0043,tienda_norte,5,22.93,5,114.65,tarjeta,completada,2026-03-05 03:37:06,zona_c
VN-0005231,CLI-01943,PRD-0113,tienda_norte,2,155.06,5,310.12,efectivo,completada,2026-02-24 15:46:10,zona_a
VN-0005232,CLI-01097,PRD-0005,tienda_norte,4,201.91,5,807.64,tarjeta,completada,2026-02-15 19:30:10,zona_a
VN-0005233,CLI-02605,PRD-0135,tienda_norte,1,123.81,0,123.81,efectivo,pendiente,2026-03-06 14:41:03,zona_d
VN-0005234,CLI-02144,PRD-0142,tienda_norte,6,109.14,10,654.84,yape,pendiente,2026-02-15 03:38:56,zona_d
VN-0005235,CLI-02868,PRD-0048,tienda_norte,2,245.77,20,491.54,tarjeta,devuelta,2026-03-18 06:46:25,zona_b
VN-0005236,CLI-01105,PRD-0140,tienda_norte,3,94.26,20,282.78,yape,completada,2026-01-18 02:40:28,zona_b
VN-0005237,CLI-01113,PRD-0117,tienda_norte,7,146.98,5,1028.86,yape,completada,2026-02-13 11:53:45,zona_d
VN-0005238,CLI-02935,PRD-0141,tienda_norte,7,128.18,10,897.26,yape,completada,2026-02-27 00:30:26,zona_a
VN-0005239,CLI-00934,PRD-0003,tienda_norte,1,176.5,0,176.5,efectivo,completada,2026-02-09 18:39:19,zona_b
VN-0005240,CLI-02171,PRD-0024,tienda_norte,2,135.72,0,271.44,transferencia,completada,2026-02-24 13:59:54,zona_c
VN-0005241,CLI-00915,PRD-0117,tienda_norte,2,139.25,10,278.5,efectivo,completada,2026-02-16 22:29:53,zona_d
VN-0005242,CLI-01041,PRD-0142,tienda_norte,1,121.27,0,121.27,yape,completada,2026-01-27 15:17:14,zona_a
VN-0005243,CLI-02834,PRD-0174,tienda_norte,2,316.77,0,633.54,tarjeta,completada,2026-02-16 15:16:44,zona_d
VN-0005244,CLI-01504,PRD-0121,tienda_norte,8,837.65,5,6701.2,transferencia,completada,2026-03-12 08:13:11,zona_d
VN-0005245,CLI-02746,PRD-0159,tienda_norte,3,1015.94,10,3047.82,tarjeta,completada,2026-03-17 14:41:40,zona_c
VN-0005246,CLI-02185,PRD-0152,tienda_norte,3,89.92,10,269.76,tarjeta,completada,2026-03-06 14:36:00,zona_d
VN-0005247,CLI-02024,PRD-0131,tienda_norte,3,345.73,0,1037.19,yape,completada,2026-03-22 17:47:54,zona_a
VN-0005248,CLI-01755,PRD-0047,tienda_norte,8,230.92,5,1847.36,yape,completada,2026-01-08 10:53:28,zona_b
VN-0005249,CLI-00659,PRD-0067,tienda_norte,8,101.45,0,811.6,yape,completada,2026-02-17 09:01:20,zona_d
VN-0005250,CLI-01910,PRD-0129,tienda_norte,4,89.95,10,359.8,transferencia,completada,2026-02-06 07:33:49,zona_b
VN-0005251,CLI-00578,PRD-0115,tienda_norte,1,1144.16,0,1144.16,yape,completada,2026-02-18 01:10:17,zona_a
VN-0005252,CLI-01515,PRD-0169,tienda_norte,6,904.54,15,5427.24,yape,devuelta,2026-03-21 21:08:35,zona_b
VN-0005253,CLI-01246,PRD-0014,tienda_norte,7,268.24,15,1877.68,tarjeta,completada,2026-03-30 21:08:22,zona_a
VN-0005254,CLI-01789,PRD-0194,tienda_norte,6,175.92,0,1055.52,yape,devuelta,2026-03-23 14:12:42,zona_b
VN-0005255,CLI-00704,PRD-0101,tienda_norte,7,1128.73,0,7901.11,efectivo,completada,2026-02-21 03:32:26,zona_d
VN-0005256,CLI-01092,PRD-0102,tienda_norte,4,74.67,0,298.68,tarjeta,completada,2026-01-05 04:32:50,zona_b
VN-0005257,CLI-02059,PRD-0110,tienda_norte,5,187.94,10,939.7,tarjeta,completada,2026-01-12 10:54:16,zona_c
VN-0005258,CLI-02999,PRD-0113,tienda_norte,2,163.22,0,326.44,tarjeta,completada,2026-02-03 17:43:00,zona_b
VN-0005259,CLI-00488,PRD-0136,tienda_norte,8,88.23,15,705.84,yape,completada,2026-02-20 08:57:54,zona_d
VN-0005260,CLI-02846,PRD-0198,tienda_norte,1,341.62,5,341.62,yape,completada,2026-02-21 15:25:19,zona_c
VN-0005261,CLI-00462,PRD-0103,tienda_norte,7,375.62,0,2629.34,yape,completada,2026-03-18 15:02:13,zona_b
VN-0005262,CLI-00046,PRD-0046,tienda_norte,7,326.48,10,2285.36,tarjeta,completada,2026-03-17 02:16:40,zona_d
VN-0005263,CLI-00159,PRD-0125,tienda_norte,4,313.28,0,1253.12,tarjeta,completada,2026-02-14 17:27:37,zona_c
VN-0005264,CLI-01290,PRD-0041,tienda_norte,2,145.34,15,290.68,tarjeta,completada,2026-03-17 09:36:44,zona_c
VN-0005265,CLI-01044,PRD-0169,tienda_norte,6,851.33,20,5107.98,yape,devuelta,2026-02-19 04:32:04,zona_a
VN-0005266,CLI-02967,PRD-0170,tienda_norte,7,95.0,15,665.0,yape,completada,2026-01-03 09:10:24,zona_b
VN-0005267,CLI-02488,PRD-0183,tienda_norte,5,45.73,0,228.65,yape,completada,2026-02-07 13:52:31,zona_d
VN-0005268,CLI-00791,PRD-0056,tienda_norte,1,213.16,10,213.16,tarjeta,completada,2026-03-30 04:34:49,zona_c
VN-0005269,CLI-02201,PRD-0158,tienda_norte,8,218.54,5,1748.32,yape,completada,2026-03-23 21:30:38,zona_a
VN-0005270,CLI-02920,PRD-0179,tienda_norte,6,389.09,0,2334.54,efectivo,completada,2026-03-13 08:16:27,zona_c
VN-0005271,CLI-02931,PRD-0108,tienda_norte,2,125.4,10,250.8,transferencia,completada,2026-01-17 07:14:28,zona_d
VN-0005272,CLI-01440,PRD-0096,tienda_norte,2,70.28,10,140.56,tarjeta,completada,2026-02-07 08:22:34,zona_d
VN-0005273,CLI-02727,PRD-0114,tienda_norte,6,254.22,0,1525.32,yape,completada,2026-02-25 14:23:37,zona_a
VN-0005274,CLI-00275,PRD-0066,tienda_norte,1,737.18,10,737.18,tarjeta,completada,2026-02-25 22:39:59,zona_c
VN-0005275,CLI-02418,PRD-0068,tienda_norte,6,166.65,0,999.9,tarjeta,completada,2026-02-09 01:31:17,zona_b
VN-0005276,CLI-00515,PRD-0072,tienda_norte,8,31.03,5,248.24,transferencia,completada,2026-01-31 12:34:02,zona_b
VN-0005277,CLI-00289,PRD-0006,tienda_norte,8,395.52,0,3164.16,tarjeta,completada,2026-01-11 05:56:19,zona_b
VN-0005278,CLI-02239,PRD-0025,tienda_norte,2,318.18,20,636.36,efectivo,completada,2026-02-20 10:25:27,zona_a
VN-0005279,CLI-01210,PRD-0014,tienda_norte,4,284.02,10,1136.08,yape,completada,2026-01-09 01:20:29,zona_c
VN-0005280,CLI-01721,PRD-0156,tienda_norte,5,94.72,0,473.6,transferencia,completada,2026-03-09 08:40:31,zona_c
VN-0005281,CLI-02429,PRD-0184,tienda_norte,3,149.4,0,448.2,yape,completada,2026-02-22 13:03:44,zona_c
VN-0005282,CLI-01114,PRD-0057,tienda_norte,1,358.8,10,358.8,tarjeta,completada,2026-01-02 03:30:28,zona_d
VN-0005283,CLI-02098,PRD-0197,tienda_norte,3,46.5,0,139.5,yape,completada,2026-02-02 19:36:34,zona_b
VN-0005284,CLI-00008,PRD-0032,tienda_norte,1,105.95,20,105.95,yape,completada,2026-03-23 07:53:52,zona_c
VN-0005285,CLI-02509,PRD-0155,tienda_norte,5,131.19,5,655.95,yape,completada,2026-03-11 19:31:52,zona_c
VN-0005286,CLI-01263,PRD-0164,tienda_norte,2,322.61,5,645.22,yape,completada,2026-01-05 21:32:26,zona_d
VN-0005287,CLI-02593,PRD-0170,tienda_norte,7,106.17,5,743.19,efectivo,completada,2026-02-07 17:20:36,zona_c
VN-0005288,CLI-01548,PRD-0186,tienda_norte,3,76.16,0,228.48,tarjeta,completada,2026-02-19 22:20:55,zona_a
VN-0005289,CLI-00369,PRD-0020,tienda_norte,2,325.09,0,650.18,tarjeta,completada,2026-02-19 19:16:48,zona_b
VN-0005290,CLI-02668,PRD-0129,tienda_norte,1,79.96,20,79.96,yape,completada,2026-01-17 23:51:00,zona_c
VN-0005291,CLI-02609,PRD-0055,tienda_norte,4,16.23,20,64.92,efectivo,completada,2026-02-26 08:06:15,zona_c
VN-0005292,CLI-02754,PRD-0160,tienda_norte,5,39.9,15,199.5,tarjeta,completada,2026-01-23 12:29:32,zona_d
VN-0005293,CLI-02545,PRD-0111,tienda_norte,8,70.18,5,561.44,transferencia,completada,2026-03-03 23:09:11,zona_c
VN-0005294,CLI-00179,PRD-0122,tienda_norte,2,212.08,15,424.16,tarjeta,completada,2026-02-03 07:59:20,zona_c
VN-0005295,CLI-02110,PRD-0133,tienda_norte,3,96.84,0,290.52,yape,completada,2026-03-03 15:52:12,zona_c
VN-0005296,CLI-01091,PRD-0194,tienda_norte,1,131.94,25,131.94,tarjeta,completada,2026-02-26 17:28:19,zona_a
VN-0005297,CLI-00098,PRD-0089,tienda_norte,8,51.71,25,413.68,yape,completada,2026-03-14 10:56:31,zona_b
VN-0005298,CLI-00841,PRD-0049,tienda_norte,8,1047.28,0,8378.24,yape,devuelta,2026-01-06 23:50:26,zona_d
VN-0005299,CLI-00492,PRD-0185,tienda_norte,6,178.75,0,1072.5,efectivo,completada,2026-01-04 22:45:13,zona_d
VN-0005300,CLI-02495,PRD-0153,tienda_norte,4,1004.01,15,4016.04,efectivo,completada,2026-03-26 13:35:14,zona_c
VN-0005301,CLI-01535,PRD-0194,tienda_norte,6,167.12,5,1002.72,yape,completada,2026-03-17 04:08:22,zona_a
VN-0005302,CLI-00665,PRD-0198,tienda_norte,8,341.62,5,2732.96,yape,completada,2026-02-10 15:01:39,zona_c
VN-0005303,CLI-00424,PRD-0087,tienda_norte,6,39.41,0,236.46,tarjeta,completada,2026-03-16 19:14:53,zona_d
VN-0005304,CLI-00218,PRD-0100,tienda_norte,4,362.73,0,1450.92,tarjeta,completada,2026-01-16 13:27:47,zona_d
VN-0005305,CLI-02824,PRD-0119,tienda_norte,1,144.65,15,144.65,tarjeta,completada,2026-03-17 18:14:09,zona_a
VN-0005306,CLI-00625,PRD-0127,tienda_norte,8,34.88,15,279.04,tarjeta,completada,2026-03-26 05:26:47,zona_d
VN-0005307,CLI-00095,PRD-0097,tienda_norte,6,135.02,20,810.12,tarjeta,completada,2026-03-21 02:29:56,zona_d
VN-0005308,CLI-01718,PRD-0041,tienda_norte,8,170.99,0,1367.92,efectivo,completada,2026-01-30 06:06:25,zona_c
VN-0005309,CLI-01190,PRD-0091,tienda_norte,6,44.83,10,268.98,transferencia,completada,2026-03-17 04:59:14,zona_d
VN-0005310,CLI-01238,PRD-0051,tienda_norte,8,295.61,10,2364.88,yape,pendiente,2026-01-06 05:49:57,zona_d
VN-0005311,CLI-02467,PRD-0164,tienda_norte,8,305.63,10,2445.04,efectivo,completada,2026-02-13 10:42:22,zona_d
VN-0005312,CLI-02846,PRD-0154,tienda_norte,8,47.82,0,382.56,yape,completada,2026-03-14 02:15:23,zona_c
VN-0005313,CLI-00549,PRD-0087,tienda_norte,2,29.56,25,59.12,efectivo,completada,2026-02-04 02:22:13,zona_b
VN-0005314,CLI-02016,PRD-0033,tienda_norte,1,696.3,0,696.3,yape,completada,2026-02-04 08:54:53,zona_d
VN-0005315,CLI-02128,PRD-0096,tienda_norte,2,78.09,0,156.18,tarjeta,completada,2026-03-26 16:45:15,zona_a
VN-0005316,CLI-01013,PRD-0080,tienda_norte,5,114.17,20,570.85,efectivo,pendiente,2026-01-05 17:19:04,zona_d
VN-0005317,CLI-01684,PRD-0072,tienda_norte,3,29.39,10,88.17,yape,completada,2026-02-16 08:14:05,zona_b
VN-0005318,CLI-00419,PRD-0074,tienda_norte,1,90.21,10,90.21,tarjeta,completada,2026-02-08 13:29:59,zona_c
VN-0005319,CLI-02755,PRD-0070,tienda_norte,4,406.66,20,1626.64,yape,completada,2026-01-18 21:46:59,zona_a
VN-0005320,CLI-00419,PRD-0109,tienda_norte,7,121.06,5,847.42,yape,completada,2026-02-12 17:39:20,zona_c
VN-0005321,CLI-02382,PRD-0005,tienda_norte,3,180.66,15,541.98,tarjeta,completada,2026-01-21 13:08:08,zona_c
VN-0005322,CLI-00780,PRD-0074,tienda_norte,8,100.23,0,801.84,tarjeta,completada,2026-02-24 05:48:43,zona_a
VN-0005323,CLI-00569,PRD-0004,tienda_norte,1,51.2,5,51.2,yape,completada,2026-01-29 05:30:13,zona_b
VN-0005324,CLI-02442,PRD-0188,tienda_norte,4,89.57,15,358.28,tarjeta,completada,2026-01-28 19:20:45,zona_b
VN-0005325,CLI-00252,PRD-0172,tienda_norte,5,128.97,10,644.85,yape,completada,2026-03-01 22:15:10,zona_a
VN-0005326,CLI-02140,PRD-0180,tienda_norte,3,14.68,10,44.04,yape,completada,2026-01-03 02:51:43,zona_a
VN-0005327,CLI-00176,PRD-0139,tienda_norte,3,17.73,5,53.19,yape,devuelta,2026-03-03 16:53:33,zona_d
VN-0005328,CLI-00002,PRD-0019,tienda_norte,2,217.51,25,435.02,tarjeta,completada,2026-03-12 01:11:37,zona_b
VN-0005329,CLI-01299,PRD-0156,tienda_norte,3,94.72,0,284.16,tarjeta,completada,2026-03-14 14:25:22,zona_b
VN-0005330,CLI-02296,PRD-0052,tienda_norte,4,332.63,15,1330.52,yape,pendiente,2026-01-31 20:49:00,zona_c
VN-0005331,CLI-01634,PRD-0148,tienda_norte,1,123.23,20,123.23,efectivo,completada,2026-02-03 10:05:55,zona_c
VN-0005332,CLI-00421,PRD-0027,tienda_norte,6,29.13,5,174.78,efectivo,completada,2026-01-08 16:45:15,zona_c
VN-0005333,CLI-00037,PRD-0007,tienda_norte,6,18.87,5,113.22,efectivo,completada,2026-01-23 20:57:27,zona_c
VN-0005334,CLI-01663,PRD-0050,tienda_norte,6,10.76,5,64.56,tarjeta,completada,2026-03-21 12:59:14,zona_c
VN-0005335,CLI-00524,PRD-0067,tienda_norte,2,91.31,10,182.62,tarjeta,devuelta,2026-02-24 11:18:38,zona_a
VN-0005336,CLI-00356,PRD-0051,tienda_norte,3,312.04,5,936.12,transferencia,completada,2026-01-23 03:10:33,zona_d
VN-0005337,CLI-01530,PRD-0031,tienda_norte,1,295.26,5,295.26,efectivo,completada,2026-01-23 03:02:47,zona_c
VN-0005338,CLI-01194,PRD-0182,tienda_norte,3,92.94,20,278.82,efectivo,completada,2026-02-18 03:54:58,zona_a
VN-0005339,CLI-00545,PRD-0068,tienda_norte,3,166.65,0,499.95,efectivo,completada,2026-01-18 19:15:53,zona_c
VN-0005340,CLI-02269,PRD-0051,tienda_norte,5,295.61,10,1478.05,transferencia,completada,2026-03-19 21:03:35,zona_a
VN-0005341,CLI-02738,PRD-0167,tienda_norte,3,159.02,0,477.06,tarjeta,completada,2026-01-10 11:41:27,zona_c
VN-0005342,CLI-00094,PRD-0119,tienda_norte,8,161.67,5,1293.36,yape,completada,2026-01-07 11:58:41,zona_c
VN-0005343,CLI-00623,PRD-0047,tienda_norte,1,243.07,0,243.07,efectivo,completada,2026-02-23 22:26:47,zona_a
VN-0005344,CLI-01711,PRD-0109,tienda_norte,1,127.43,0,127.43,efectivo,devuelta,2026-02-05 17:25:05,zona_a
VN-0005345,CLI-00064,PRD-0131,tienda_norte,7,345.73,0,2420.11,yape,completada,2026-03-06 14:05:29,zona_d
VN-0005346,CLI-01214,PRD-0172,tienda_norte,1,136.13,5,136.13,yape,completada,2026-01-15 08:09:21,zona_b
VN-0005347,CLI-01292,PRD-0159,tienda_norte,8,1128.82,0,9030.56,yape,completada,2026-02-23 17:31:18,zona_a
VN-0005348,CLI-01683,PRD-0104,tienda_norte,3,195.93,0,587.79,efectivo,completada,2026-01-16 03:02:38,zona_c
VN-0005349,CLI-02166,PRD-0153,tienda_norte,5,1181.19,0,5905.95,tarjeta,completada,2026-01-18 20:04:30,zona_b
VN-0005350,CLI-02091,PRD-0057,tienda_norte,1,378.74,5,378.74,transferencia,completada,2026-03-14 06:35:15,zona_d
VN-0005351,CLI-02966,PRD-0044,tienda_norte,8,105.96,0,847.68,transferencia,completada,2026-01-05 10:21:07,zona_a
VN-0005352,CLI-01087,PRD-0129,tienda_norte,4,84.96,15,339.84,tarjeta,completada,2026-01-25 01:23:08,zona_d
VN-0005353,CLI-02445,PRD-0138,tienda_norte,2,146.2,0,292.4,efectivo,completada,2026-01-31 21:46:42,zona_a
VN-0005354,CLI-00321,PRD-0098,tienda_norte,4,713.87,10,2855.48,efectivo,completada,2026-02-19 23:35:42,zona_c
VN-0005355,CLI-00130,PRD-0054,tienda_norte,5,83.85,15,419.25,tarjeta,completada,2026-01-04 18:54:24,zona_d
VN-0005356,CLI-00270,PRD-0065,tienda_norte,3,199.53,0,598.59,yape,completada,2026-02-24 11:47:37,zona_d
VN-0005357,CLI-00774,PRD-0039,tienda_norte,3,61.08,0,183.24,tarjeta,completada,2026-01-13 13:41:21,zona_d
VN-0005358,CLI-00232,PRD-0198,tienda_norte,2,269.7,25,539.4,transferencia,completada,2026-01-02 21:41:18,zona_c
VN-0005359,CLI-02992,PRD-0128,tienda_norte,8,48.08,5,384.64,efectivo,completada,2026-01-16 03:06:01,zona_a
VN-0005360,CLI-00178,PRD-0178,tienda_norte,1,70.08,20,70.08,tarjeta,completada,2026-01-05 20:49:10,zona_a
VN-0005361,CLI-01473,PRD-0142,tienda_norte,5,109.14,10,545.7,transferencia,pendiente,2026-01-14 22:42:55,zona_b
VN-0005362,CLI-02071,PRD-0172,tienda_norte,2,143.3,0,286.6,yape,completada,2026-01-08 10:08:36,zona_b
VN-0005363,CLI-02074,PRD-0117,tienda_norte,6,116.04,25,696.24,efectivo,completada,2026-03-01 06:56:42,zona_c
VN-0005364,CLI-01652,PRD-0138,tienda_norte,3,116.96,20,350.88,efectivo,completada,2026-01-13 18:25:10,zona_c
VN-0005365,CLI-00582,PRD-0091,tienda_norte,6,37.36,25,224.16,yape,completada,2026-02-15 04:51:12,zona_b
VN-0005366,CLI-01188,PRD-0027,tienda_norte,3,30.66,0,91.98,tarjeta,completada,2026-01-25 13:16:06,zona_c
VN-0005367,CLI-02705,PRD-0077,tienda_norte,8,53.83,10,430.64,tarjeta,completada,2026-03-07 15:50:52,zona_c
VN-0005368,CLI-02378,PRD-0061,tienda_norte,5,771.58,10,3857.9,tarjeta,completada,2026-01-04 22:20:55,zona_a
VN-0005369,CLI-01398,PRD-0109,tienda_norte,5,95.57,25,477.85,tarjeta,completada,2026-03-20 10:48:02,zona_a
VN-0005370,CLI-02680,PRD-0168,tienda_norte,5,272.55,10,1362.75,tarjeta,devuelta,2026-03-03 20:36:01,zona_c
VN-0005371,CLI-00783,PRD-0075,tienda_norte,6,61.33,10,367.98,tarjeta,completada,2026-02-18 11:02:23,zona_d
VN-0005372,CLI-01947,PRD-0024,tienda_norte,1,128.93,5,128.93,transferencia,completada,2026-03-18 04:22:25,zona_a
VN-0005373,CLI-00915,PRD-0144,tienda_norte,4,74.18,5,296.72,tarjeta,completada,2026-03-28 13:06:46,zona_c
VN-0005374,CLI-02048,PRD-0069,tienda_norte,4,55.23,0,220.92,efectivo,completada,2026-01-04 00:53:45,zona_c
VN-0005375,CLI-01145,PRD-0197,tienda_norte,2,41.85,10,83.7,tarjeta,completada,2026-02-20 04:47:13,zona_a
VN-0005376,CLI-00275,PRD-0025,tienda_norte,2,377.84,5,755.68,tarjeta,completada,2026-02-24 12:59:44,zona_d
VN-0005377,CLI-00002,PRD-0025,tienda_norte,8,377.84,5,3022.72,tarjeta,completada,2026-03-08 00:34:38,zona_c
VN-0005378,CLI-01950,PRD-0126,tienda_norte,1,1043.23,0,1043.23,yape,completada,2026-03-05 08:34:08,zona_d
VN-0005379,CLI-01265,PRD-0107,tienda_norte,4,50.22,5,200.88,efectivo,completada,2026-01-18 18:15:46,zona_b
VN-0005380,CLI-00961,PRD-0161,tienda_norte,4,33.75,0,135.0,tarjeta,completada,2026-01-06 11:02:24,zona_b
VN-0005381,CLI-01683,PRD-0022,tienda_norte,2,58.01,10,116.02,tarjeta,completada,2026-03-25 08:57:18,zona_a
VN-0005382,CLI-02482,PRD-0156,tienda_norte,1,89.98,5,89.98,tarjeta,completada,2026-01-16 00:58:52,zona_c
VN-0005383,CLI-01387,PRD-0093,tienda_norte,2,901.82,0,1803.64,efectivo,completada,2026-02-12 16:32:05,zona_c
VN-0005384,CLI-02091,PRD-0117,tienda_norte,3,146.98,5,440.94,yape,completada,2026-03-16 18:42:53,zona_b
VN-0005385,CLI-02628,PRD-0133,tienda_norte,5,92.0,5,460.0,yape,devuelta,2026-01-26 15:25:10,zona_c
VN-0005386,CLI-00635,PRD-0160,tienda_norte,1,46.94,0,46.94,efectivo,completada,2026-03-14 00:58:52,zona_d
VN-0005387,CLI-01183,PRD-0165,tienda_norte,4,821.86,10,3287.44,transferencia,completada,2026-03-23 16:05:37,zona_a
VN-0005388,CLI-02317,PRD-0126,tienda_norte,3,1043.23,0,3129.69,tarjeta,completada,2026-01-25 15:14:06,zona_a
VN-0005389,CLI-01627,PRD-0068,tienda_norte,7,166.65,0,1166.55,transferencia,pendiente,2026-02-26 17:25:04,zona_d
VN-0005390,CLI-02813,PRD-0066,tienda_norte,5,655.27,20,3276.35,yape,completada,2026-02-06 18:12:43,zona_c
VN-0005391,CLI-02154,PRD-0061,tienda_norte,4,814.44,5,3257.76,yape,completada,2026-02-26 05:46:26,zona_b
VN-0005392,CLI-01604,PRD-0091,tienda_norte,6,47.32,5,283.92,tarjeta,completada,2026-03-16 19:02:38,zona_a
VN-0005393,CLI-01164,PRD-0074,tienda_norte,5,95.22,5,476.1,tarjeta,devuelta,2026-01-19 20:36:50,zona_b
VN-0005394,CLI-01555,PRD-0145,tienda_norte,4,272.51,20,1090.04,yape,completada,2026-01-31 07:56:59,zona_a
VN-0005395,CLI-02725,PRD-0052,tienda_norte,5,371.76,5,1858.8,efectivo,completada,2026-03-19 13:37:05,zona_c
VN-0005396,CLI-02028,PRD-0076,tienda_norte,1,122.3,10,122.3,yape,completada,2026-01-15 23:04:49,zona_b
VN-0005397,CLI-00359,PRD-0156,tienda_norte,2,94.72,0,189.44,yape,completada,2026-02-02 08:22:12,zona_d
VN-0005398,CLI-00809,PRD-0127,tienda_norte,4,41.04,0,164.16,tarjeta,completada,2026-02-26 10:16:29,zona_b
VN-0005399,CLI-02486,PRD-0098,tienda_norte,3,793.19,0,2379.57,efectivo,completada,2026-01-21 18:34:12,zona_a
VN-0005400,CLI-02599,PRD-0182,tienda_norte,1,104.56,10,104.56,tarjeta,pendiente,2026-01-05 13:11:15,zona_d
VN-0005401,CLI-00446,PRD-0148,tienda_norte,5,154.04,0,770.2,tarjeta,completada,2026-01-15 13:38:55,zona_b
VN-0005402,CLI-01096,PRD-0123,tienda_norte,1,40.34,0,40.34,transferencia,completada,2026-01-06 02:41:14,zona_b
VN-0005403,CLI-02124,PRD-0164,tienda_norte,7,305.63,10,2139.41,tarjeta,completada,2026-01-15 04:06:38,zona_c
VN-0005404,CLI-02827,PRD-0118,tienda_norte,7,50.57,5,353.99,yape,devuelta,2026-03-02 21:42:45,zona_c
VN-0005405,CLI-00183,PRD-0151,tienda_norte,4,153.64,0,614.56,tarjeta,completada,2026-01-22 13:33:32,zona_b
VN-0005406,CLI-01546,PRD-0039,tienda_norte,4,61.08,0,244.32,efectivo,completada,2026-01-03 21:54:33,zona_d
VN-0005407,CLI-00506,PRD-0061,tienda_norte,3,857.31,0,2571.93,yape,completada,2026-02-18 15:20:01,zona_b
VN-0005408,CLI-02188,PRD-0077,tienda_norte,1,47.85,20,47.85,yape,completada,2026-02-22 05:59:29,zona_b
VN-0005409,CLI-00356,PRD-0155,tienda_norte,4,117.38,15,469.52,efectivo,completada,2026-02-01 14:57:32,zona_d
VN-0005410,CLI-01296,PRD-0127,tienda_norte,4,36.94,10,147.76,transferencia,completada,2026-02-14 08:18:29,zona_c
VN-0005411,CLI-00616,PRD-0173,tienda_norte,8,167.7,5,1341.6,tarjeta,completada,2026-02-16 06:21:40,zona_c
VN-0005412,CLI-01640,PRD-0146,tienda_norte,1,77.24,10,77.24,tarjeta,completada,2026-03-21 15:35:56,zona_b
VN-0005413,CLI-01653,PRD-0084,tienda_norte,7,111.13,0,777.91,tarjeta,completada,2026-03-22 22:54:09,zona_b
VN-0005414,CLI-02118,PRD-0188,tienda_norte,8,84.3,20,674.4,tarjeta,completada,2026-02-16 20:41:26,zona_c
VN-0005415,CLI-02132,PRD-0154,tienda_norte,7,38.26,20,267.82,tarjeta,devuelta,2026-01-23 06:09:20,zona_c
VN-0005416,CLI-01242,PRD-0083,tienda_norte,3,88.08,5,264.24,yape,completada,2026-01-10 05:02:40,zona_c
VN-0005417,CLI-01168,PRD-0012,tienda_norte,4,154.12,0,616.48,yape,completada,2026-01-16 20:55:52,zona_a
VN-0005418,CLI-01097,PRD-0178,tienda_norte,2,87.6,0,175.2,transferencia,completada,2026-02-21 13:21:42,zona_c
VN-0005419,CLI-00202,PRD-0129,tienda_norte,5,99.95,0,499.75,yape,completada,2026-02-09 05:49:16,zona_c
VN-0005420,CLI-01824,PRD-0069,tienda_norte,5,44.18,20,220.9,transferencia,completada,2026-03-02 12:57:14,zona_c
VN-0005421,CLI-02466,PRD-0020,tienda_norte,2,325.09,0,650.18,tarjeta,completada,2026-01-03 01:30:16,zona_d
VN-0005422,CLI-00753,PRD-0086,tienda_norte,5,17.6,0,88.0,yape,devuelta,2026-03-26 13:09:51,zona_c
VN-0005423,CLI-00887,PRD-0006,tienda_norte,1,336.19,15,336.19,efectivo,completada,2026-01-15 23:41:15,zona_c
VN-0005424,CLI-01856,PRD-0150,tienda_norte,6,738.2,10,4429.2,yape,completada,2026-01-06 10:59:38,zona_a
VN-0005425,CLI-00738,PRD-0075,tienda_norte,2,64.73,5,129.46,transferencia,completada,2026-01-29 07:40:54,zona_a
VN-0005426,CLI-00454,PRD-0027,tienda_norte,4,27.59,10,110.36,tarjeta,completada,2026-03-19 16:07:48,zona_a
VN-0005427,CLI-01127,PRD-0067,tienda_norte,6,101.45,0,608.7,efectivo,completada,2026-03-02 23:57:51,zona_d
VN-0005428,CLI-01264,PRD-0066,tienda_norte,7,655.27,20,4586.89,yape,completada,2026-01-01 00:27:33,zona_d
VN-0005429,CLI-01923,PRD-0061,tienda_norte,8,857.31,0,6858.48,yape,completada,2026-01-28 11:31:23,zona_b
VN-0005430,CLI-01780,PRD-0130,tienda_norte,1,395.01,0,395.01,tarjeta,completada,2026-01-19 20:41:48,zona_c
VN-0005431,CLI-00777,PRD-0195,tienda_norte,5,164.61,5,823.05,tarjeta,completada,2026-02-26 17:31:55,zona_c
VN-0005432,CLI-00487,PRD-0039,tienda_norte,6,61.08,0,366.48,transferencia,completada,2026-03-31 16:45:14,zona_d
VN-0005433,CLI-02354,PRD-0115,tienda_norte,6,858.12,25,5148.72,transferencia,completada,2026-03-22 12:17:52,zona_b
VN-0005434,CLI-01429,PRD-0052,tienda_norte,5,293.5,25,1467.5,efectivo,completada,2026-02-03 12:26:29,zona_d
VN-0005435,CLI-02333,PRD-0091,tienda_norte,8,44.83,10,358.64,yape,completada,2026-03-03 21:27:19,zona_d
VN-0005436,CLI-01606,PRD-0113,tienda_norte,2,146.9,10,293.8,yape,completada,2026-01-16 09:02:55,zona_d
VN-0005437,CLI-02166,PRD-0016,tienda_norte,2,180.2,10,360.4,tarjeta,completada,2026-03-05 14:26:26,zona_a
VN-0005438,CLI-00649,PRD-0200,tienda_norte,7,33.95,0,237.65,transferencia,completada,2026-02-06 04:18:22,zona_c
VN-0005439,CLI-00797,PRD-0068,tienda_norte,2,124.99,25,249.98,tarjeta,completada,2026-01-12 08:21:38,zona_a
VN-0005440,CLI-01783,PRD-0186,tienda_norte,2,76.16,0,152.32,tarjeta,completada,2026-02-13 05:11:31,zona_a
VN-0005441,CLI-01022,PRD-0033,tienda_norte,4,661.48,5,2645.92,tarjeta,completada,2026-03-31 13:13:10,zona_c
VN-0005442,CLI-00454,PRD-0137,tienda_norte,5,125.01,5,625.05,tarjeta,completada,2026-03-27 16:00:32,zona_c
VN-0005443,CLI-02685,PRD-0146,tienda_norte,7,64.36,25,450.52,tarjeta,devuelta,2026-02-18 14:57:54,zona_d
VN-0005444,CLI-00566,PRD-0026,tienda_norte,6,990.43,15,5942.58,yape,completada,2026-02-25 07:12:32,zona_b
VN-0005445,CLI-00026,PRD-0088,tienda_norte,3,63.29,5,189.87,tarjeta,completada,2026-02-27 23:22:48,zona_c
VN-0005446,CLI-01169,PRD-0141,tienda_norte,1,128.18,10,128.18,efectivo,completada,2026-02-23 17:17:42,zona_d
VN-0005447,CLI-02774,PRD-0173,tienda_norte,1,150.05,15,150.05,tarjeta,completada,2026-01-16 18:09:41,zona_b
VN-0005448,CLI-01772,PRD-0165,tienda_norte,5,913.18,0,4565.9,efectivo,completada,2026-03-03 03:16:23,zona_b
VN-0005449,CLI-02989,PRD-0049,tienda_norte,4,890.19,15,3560.76,tarjeta,completada,2026-03-05 07:20:12,zona_b
VN-0005450,CLI-01920,PRD-0006,tienda_norte,8,395.52,0,3164.16,efectivo,completada,2026-01-24 22:19:44,zona_b
VN-0005451,CLI-02988,PRD-0027,tienda_norte,3,29.13,5,87.39,yape,completada,2026-01-14 10:31:01,zona_a
VN-0005452,CLI-00818,PRD-0079,tienda_norte,7,262.18,10,1835.26,transferencia,completada,2026-01-22 06:34:09,zona_c
VN-0005453,CLI-02410,PRD-0192,tienda_norte,4,79.1,15,316.4,transferencia,devuelta,2026-01-28 11:06:19,zona_c
VN-0005454,CLI-01648,PRD-0062,tienda_norte,6,121.18,5,727.08,efectivo,completada,2026-01-15 17:02:53,zona_a
VN-0005455,CLI-00976,PRD-0035,tienda_norte,4,81.5,25,326.0,tarjeta,completada,2026-03-30 17:06:25,zona_d
VN-0005456,CLI-02859,PRD-0051,tienda_norte,8,328.46,0,2627.68,tarjeta,completada,2026-02-16 10:17:39,zona_c
VN-0005457,CLI-02877,PRD-0159,tienda_norte,3,1072.38,5,3217.14,yape,completada,2026-01-08 07:47:29,zona_d
VN-0005458,CLI-01697,PRD-0056,tienda_norte,5,236.84,0,1184.2,tarjeta,completada,2026-01-10 02:32:36,zona_c
VN-0005459,CLI-00942,PRD-0170,tienda_norte,1,111.76,0,111.76,efectivo,completada,2026-03-13 06:37:14,zona_c
VN-0005460,CLI-02425,PRD-0040,tienda_norte,7,145.81,15,1020.67,efectivo,completada,2026-03-05 00:57:52,zona_a
VN-0005461,CLI-02140,PRD-0093,tienda_norte,4,811.64,10,3246.56,transferencia,completada,2026-01-17 04:17:42,zona_b
VN-0005462,CLI-00520,PRD-0064,tienda_norte,4,56.47,0,225.88,efectivo,completada,2026-01-18 15:49:50,zona_d
VN-0005463,CLI-02495,PRD-0134,tienda_norte,5,78.1,20,390.5,yape,completada,2026-03-15 00:34:47,zona_d
VN-0005464,CLI-02558,PRD-0059,tienda_norte,8,131.35,10,1050.8,efectivo,completada,2026-02-07 21:47:34,zona_a
VN-0005465,CLI-01617,PRD-0190,tienda_norte,3,236.97,0,710.91,transferencia,completada,2026-02-17 16:19:29,zona_c
VN-0005466,CLI-00825,PRD-0181,tienda_norte,5,106.33,0,531.65,tarjeta,completada,2026-03-07 02:55:03,zona_b
VN-0005467,CLI-01931,PRD-0139,tienda_norte,4,15.86,15,63.44,yape,completada,2026-01-20 07:45:53,zona_c
VN-0005468,CLI-02775,PRD-0199,tienda_norte,4,356.34,5,1425.36,efectivo,completada,2026-01-09 11:41:53,zona_a
VN-0005469,CLI-01518,PRD-0102,tienda_norte,8,74.67,0,597.36,yape,completada,2026-02-01 12:31:34,zona_c
VN-0005470,CLI-01382,PRD-0138,tienda_norte,2,146.2,0,292.4,tarjeta,completada,2026-03-05 20:29:58,zona_d
VN-0005471,CLI-00017,PRD-0132,tienda_norte,5,658.28,0,3291.4,tarjeta,devuelta,2026-02-18 16:43:30,zona_d
VN-0005472,CLI-01009,PRD-0061,tienda_norte,3,857.31,0,2571.93,transferencia,completada,2026-01-11 04:41:58,zona_c
VN-0005473,CLI-02105,PRD-0178,tienda_norte,2,83.22,5,166.44,tarjeta,completada,2026-01-26 07:58:29,zona_c
VN-0005474,CLI-01490,PRD-0169,tienda_norte,3,1010.95,5,3032.85,transferencia,completada,2026-03-08 00:07:25,zona_c
VN-0005475,CLI-00398,PRD-0066,tienda_norte,5,778.14,5,3890.7,tarjeta,completada,2026-03-16 12:34:21,zona_d
VN-0005476,CLI-01331,PRD-0105,tienda_norte,3,74.64,5,223.92,tarjeta,completada,2026-03-10 00:30:03,zona_a
VN-0005477,CLI-01501,PRD-0052,tienda_norte,5,391.33,0,1956.65,tarjeta,completada,2026-03-01 12:18:38,zona_b
VN-0005478,CLI-02403,PRD-0184,tienda_norte,4,126.99,15,507.96,tarjeta,completada,2026-03-31 02:03:37,zona_a
VN-0005479,CLI-00651,PRD-0082,tienda_norte,3,303.1,0,909.3,tarjeta,completada,2026-03-21 16:28:56,zona_c
VN-0005480,CLI-01817,PRD-0187,tienda_norte,1,26.08,0,26.08,tarjeta,completada,2026-01-15 11:59:35,zona_c
VN-0005481,CLI-01578,PRD-0173,tienda_norte,1,167.7,5,167.7,tarjeta,completada,2026-03-09 00:13:04,zona_b
VN-0005482,CLI-02700,PRD-0072,tienda_norte,2,32.66,0,65.32,tarjeta,completada,2026-01-22 09:42:08,zona_b
VN-0005483,CLI-01194,PRD-0164,tienda_norte,3,254.69,25,764.07,tarjeta,pendiente,2026-02-08 15:59:48,zona_d
VN-0005484,CLI-02694,PRD-0058,tienda_norte,7,157.98,10,1105.86,tarjeta,completada,2026-01-23 08:16:18,zona_c
VN-0005485,CLI-01751,PRD-0125,tienda_norte,5,313.28,0,1566.4,tarjeta,completada,2026-02-23 13:14:19,zona_a
VN-0005486,CLI-01251,PRD-0117,tienda_norte,6,146.98,5,881.88,yape,completada,2026-03-25 19:32:38,zona_b
VN-0005487,CLI-00385,PRD-0004,tienda_norte,2,53.89,0,107.78,tarjeta,completada,2026-01-29 17:52:12,zona_d
VN-0005488,CLI-00324,PRD-0197,tienda_norte,5,37.2,20,186.0,tarjeta,devuelta,2026-03-20 03:13:55,zona_c
VN-0005489,CLI-01225,PRD-0050,tienda_norte,3,10.76,5,32.28,yape,completada,2026-01-09 19:09:04,zona_b
VN-0005490,CLI-01692,PRD-0057,tienda_norte,4,358.8,10,1435.2,efectivo,completada,2026-02-22 03:17:22,zona_b
VN-0005491,CLI-01183,PRD-0172,tienda_norte,5,136.13,5,680.65,efectivo,completada,2026-03-14 20:19:46,zona_a
VN-0005492,CLI-02448,PRD-0052,tienda_norte,4,352.2,10,1408.8,efectivo,completada,2026-01-06 20:35:53,zona_b
VN-0005493,CLI-00412,PRD-0132,tienda_norte,3,526.62,20,1579.86,transferencia,completada,2026-02-27 03:25:01,zona_b
VN-0005494,CLI-02003,PRD-0067,tienda_norte,6,91.31,10,547.86,efectivo,completada,2026-02-04 16:12:39,zona_b
VN-0005495,CLI-01906,PRD-0151,tienda_norte,4,153.64,0,614.56,transferencia,completada,2026-02-03 00:58:33,zona_d
VN-0005496,CLI-00652,PRD-0095,tienda_norte,2,45.05,10,90.1,transferencia,completada,2026-02-22 07:38:09,zona_c
VN-0005497,CLI-00023,PRD-0140,tienda_norte,8,117.83,0,942.64,efectivo,completada,2026-01-31 15:26:18,zona_b
VN-0005498,CLI-00133,PRD-0044,tienda_norte,4,100.66,5,402.64,yape,completada,2026-01-08 02:38:08,zona_c
VN-0005499,CLI-01776,PRD-0022,tienda_norte,3,64.46,0,193.38,yape,completada,2026-01-02 12:40:33,zona_a
VN-0005500,CLI-00273,PRD-0007,tienda_norte,2,17.87,10,35.74,tarjeta,completada,2026-02-21 07:51:08,zona_a
VN-0005501,CLI-02721,PRD-0073,tienda_norte,5,64.62,5,323.1,tarjeta,completada,2026-02-06 16:32:20,zona_a
VN-0005502,CLI-00034,PRD-0164,tienda_norte,3,305.63,10,916.89,transferencia,completada,2026-03-10 14:18:01,zona_c
VN-0005503,CLI-00594,PRD-0128,tienda_norte,4,40.49,20,161.96,tarjeta,completada,2026-02-17 09:24:21,zona_b
VN-0005504,CLI-01381,PRD-0006,tienda_norte,2,355.97,10,711.94,efectivo,completada,2026-03-18 22:41:50,zona_b
VN-0005505,CLI-02276,PRD-0200,tienda_norte,6,33.95,0,203.7,transferencia,completada,2026-02-07 04:37:51,zona_a
VN-0005506,CLI-02980,PRD-0135,tienda_norte,1,117.62,5,117.62,tarjeta,completada,2026-03-18 11:12:00,zona_a
VN-0005507,CLI-02544,PRD-0098,tienda_norte,2,793.19,0,1586.38,efectivo,completada,2026-02-02 10:04:16,zona_b
VN-0005508,CLI-02930,PRD-0132,tienda_norte,2,493.71,25,987.42,tarjeta,completada,2026-02-14 04:23:46,zona_d
VN-0005509,CLI-00660,PRD-0092,tienda_norte,2,1104.14,5,2208.28,tarjeta,completada,2026-01-16 00:39:13,zona_b
VN-0005510,CLI-02966,PRD-0180,tienda_norte,4,14.68,10,58.72,tarjeta,completada,2026-03-26 07:48:41,zona_d
VN-0005511,CLI-02481,PRD-0177,tienda_norte,4,959.56,10,3838.24,tarjeta,completada,2026-03-05 16:18:10,zona_a
VN-0005512,CLI-00268,PRD-0076,tienda_norte,5,115.51,15,577.55,transferencia,completada,2026-01-17 18:23:04,zona_c
VN-0005513,CLI-02456,PRD-0022,tienda_norte,6,58.01,10,348.06,yape,completada,2026-02-22 02:08:53,zona_b
VN-0005514,CLI-01567,PRD-0169,tienda_norte,8,851.33,20,6810.64,tarjeta,completada,2026-03-08 20:33:04,zona_c
VN-0005515,CLI-01306,PRD-0030,tienda_norte,3,246.84,0,740.52,tarjeta,completada,2026-01-26 10:06:03,zona_d
VN-0005516,CLI-01889,PRD-0142,tienda_norte,2,121.27,0,242.54,yape,completada,2026-01-28 06:55:52,zona_b
VN-0005517,CLI-01186,PRD-0082,tienda_norte,2,242.48,20,484.96,yape,completada,2026-01-19 13:06:26,zona_b
VN-0005518,CLI-01430,PRD-0174,tienda_norte,1,316.77,0,316.77,yape,completada,2026-02-16 20:09:57,zona_d
VN-0005519,CLI-01479,PRD-0120,tienda_norte,7,261.49,10,1830.43,efectivo,completada,2026-02-18 23:27:53,zona_c
VN-0005520,CLI-00498,PRD-0150,tienda_norte,8,738.2,10,5905.6,yape,completada,2026-03-22 00:53:07,zona_a
VN-0005521,CLI-02829,PRD-0022,tienda_norte,2,64.46,0,128.92,tarjeta,completada,2026-02-02 04:25:40,zona_a
VN-0005522,CLI-01099,PRD-0161,tienda_norte,6,30.38,10,182.28,tarjeta,completada,2026-01-07 13:52:44,zona_d
VN-0005523,CLI-00633,PRD-0189,tienda_norte,2,160.88,10,321.76,efectivo,devuelta,2026-02-08 18:12:49,zona_d
VN-0005524,CLI-02086,PRD-0104,tienda_norte,7,186.13,5,1302.91,tarjeta,completada,2026-02-24 08:01:16,zona_d
VN-0005525,CLI-00124,PRD-0012,tienda_norte,7,131.0,15,917.0,yape,completada,2026-01-25 10:48:56,zona_b
VN-0005526,CLI-00733,PRD-0141,tienda_norte,8,142.42,0,1139.36,transferencia,completada,2026-01-21 00:59:12,zona_c
VN-0005527,CLI-00564,PRD-0051,tienda_norte,5,328.46,0,1642.3,tarjeta,completada,2026-03-12 23:06:07,zona_d
VN-0005528,CLI-00687,PRD-0053,tienda_norte,6,4.66,10,27.96,yape,completada,2026-01-31 09:07:03,zona_a
VN-0005529,CLI-00620,PRD-0059,tienda_norte,6,138.64,5,831.84,transferencia,completada,2026-01-17 02:38:23,zona_a
VN-0005530,CLI-02676,PRD-0124,tienda_norte,2,172.02,0,344.04,tarjeta,completada,2026-01-19 09:47:18,zona_d
VN-0005531,CLI-01214,PRD-0073,tienda_norte,5,57.82,15,289.1,tarjeta,completada,2026-02-08 19:26:49,zona_d
VN-0005532,CLI-00844,PRD-0179,tienda_norte,6,389.09,0,2334.54,tarjeta,completada,2026-03-20 11:25:01,zona_b
VN-0005533,CLI-02809,PRD-0174,tienda_norte,4,300.93,5,1203.72,efectivo,completada,2026-01-06 03:21:37,zona_a
VN-0005534,CLI-02938,PRD-0129,tienda_norte,8,99.95,0,799.6,tarjeta,pendiente,2026-03-21 05:02:21,zona_a
VN-0005535,CLI-00108,PRD-0012,tienda_norte,7,146.41,5,1024.87,yape,completada,2026-03-17 23:31:11,zona_a
VN-0005536,CLI-02799,PRD-0014,tienda_norte,4,299.8,5,1199.2,yape,devuelta,2026-03-24 15:50:34,zona_d
VN-0005537,CLI-00040,PRD-0048,tienda_norte,4,261.13,15,1044.52,tarjeta,completada,2026-02-17 18:50:43,zona_d
VN-0005538,CLI-00103,PRD-0178,tienda_norte,5,87.6,0,438.0,efectivo,completada,2026-01-31 22:04:22,zona_c
VN-0005539,CLI-01491,PRD-0116,tienda_norte,5,9.21,0,46.05,tarjeta,completada,2026-01-09 08:44:51,zona_d
VN-0005540,CLI-01524,PRD-0074,tienda_norte,5,90.21,10,451.05,tarjeta,completada,2026-01-03 22:12:17,zona_a
VN-0005541,CLI-00029,PRD-0151,tienda_norte,8,145.96,5,1167.68,tarjeta,completada,2026-03-24 22:46:28,zona_c
VN-0005542,CLI-02155,PRD-0057,tienda_norte,6,378.74,5,2272.44,tarjeta,completada,2026-02-08 03:10:36,zona_b
VN-0005543,CLI-02439,PRD-0023,tienda_norte,3,64.79,0,194.37,efectivo,completada,2026-02-13 05:56:05,zona_a
VN-0005544,CLI-01001,PRD-0092,tienda_norte,5,1162.25,0,5811.25,tarjeta,completada,2026-02-26 10:37:10,zona_a
VN-0005545,CLI-00324,PRD-0068,tienda_norte,6,158.32,5,949.92,efectivo,completada,2026-03-31 14:35:03,zona_c
VN-0005546,CLI-01067,PRD-0011,tienda_norte,6,75.37,0,452.22,tarjeta,completada,2026-01-31 11:45:11,zona_b
VN-0005547,CLI-02356,PRD-0121,tienda_norte,7,793.57,10,5554.99,efectivo,devuelta,2026-03-19 23:47:46,zona_b
VN-0005548,CLI-02247,PRD-0128,tienda_norte,6,50.61,0,303.66,yape,completada,2026-03-29 05:58:12,zona_c
VN-0005549,CLI-02027,PRD-0182,tienda_norte,4,92.94,20,371.76,efectivo,completada,2026-01-02 16:22:18,zona_a
VN-0005550,CLI-01634,PRD-0029,tienda_norte,6,95.54,5,573.24,tarjeta,devuelta,2026-02-11 01:33:11,zona_d
VN-0005551,CLI-01631,PRD-0049,tienda_norte,7,994.92,5,6964.44,yape,completada,2026-03-28 21:51:40,zona_d
VN-0005552,CLI-02727,PRD-0123,tienda_norte,7,38.32,5,268.24,yape,devuelta,2026-03-08 00:57:14,zona_d
VN-0005553,CLI-00522,PRD-0163,tienda_norte,2,69.49,25,138.98,tarjeta,completada,2026-02-08 10:26:12,zona_a
VN-0005554,CLI-01871,PRD-0038,tienda_norte,6,41.76,0,250.56,efectivo,completada,2026-03-26 06:47:06,zona_b
VN-0005555,CLI-00278,PRD-0021,tienda_norte,3,18.21,0,54.63,yape,completada,2026-03-21 09:06:02,zona_a
VN-0005556,CLI-00637,PRD-0167,tienda_norte,1,151.07,5,151.07,tarjeta,completada,2026-01-09 07:44:48,zona_a
VN-0005557,CLI-00538,PRD-0191,tienda_norte,4,164.85,5,659.4,yape,completada,2026-02-26 20:49:51,zona_d
VN-0005558,CLI-02504,PRD-0036,tienda_norte,7,43.1,0,301.7,transferencia,completada,2026-03-10 04:58:07,zona_b
VN-0005559,CLI-02876,PRD-0094,tienda_norte,1,38.77,0,38.77,transferencia,completada,2026-03-21 01:55:05,zona_a
VN-0005560,CLI-00908,PRD-0111,tienda_norte,6,55.4,25,332.4,tarjeta,completada,2026-02-23 23:55:03,zona_b
VN-0005561,CLI-00635,PRD-0119,tienda_norte,8,170.18,0,1361.44,efectivo,completada,2026-02-02 17:27:48,zona_c
VN-0005562,CLI-00600,PRD-0074,tienda_norte,4,100.23,0,400.92,efectivo,completada,2026-01-31 14:14:50,zona_a
VN-0005563,CLI-02785,PRD-0029,tienda_norte,3,95.54,5,286.62,efectivo,completada,2026-01-02 04:33:23,zona_b
VN-0005564,CLI-00426,PRD-0109,tienda_norte,4,114.69,10,458.76,tarjeta,completada,2026-03-31 07:59:56,zona_a
VN-0005565,CLI-00736,PRD-0083,tienda_norte,1,92.72,0,92.72,tarjeta,completada,2026-03-16 22:50:47,zona_d
VN-0005566,CLI-01628,PRD-0192,tienda_norte,4,93.06,0,372.24,transferencia,completada,2026-02-16 19:09:17,zona_c
VN-0005567,CLI-01776,PRD-0138,tienda_norte,1,146.2,0,146.2,tarjeta,devuelta,2026-01-31 17:23:07,zona_d
VN-0005568,CLI-00339,PRD-0178,tienda_norte,6,78.84,10,473.04,tarjeta,completada,2026-01-01 18:48:33,zona_b
VN-0005569,CLI-01531,PRD-0156,tienda_norte,4,75.78,20,303.12,tarjeta,completada,2026-03-15 05:59:29,zona_c
VN-0005570,CLI-00577,PRD-0110,tienda_norte,4,167.06,20,668.24,tarjeta,completada,2026-02-17 13:15:12,zona_d
VN-0005571,CLI-02330,PRD-0181,tienda_norte,2,106.33,0,212.66,yape,completada,2026-01-25 15:50:24,zona_d
VN-0005572,CLI-01862,PRD-0196,tienda_norte,6,41.23,0,247.38,yape,completada,2026-02-09 16:17:37,zona_b
VN-0005573,CLI-02456,PRD-0092,tienda_norte,2,1162.25,0,2324.5,efectivo,completada,2026-01-05 02:24:11,zona_a
VN-0005574,CLI-02879,PRD-0047,tienda_norte,4,206.61,15,826.44,tarjeta,completada,2026-01-12 13:37:28,zona_b
VN-0005575,CLI-01666,PRD-0163,tienda_norte,1,88.02,5,88.02,yape,completada,2026-02-18 03:25:03,zona_b
VN-0005576,CLI-01463,PRD-0142,tienda_norte,5,109.14,10,545.7,yape,pendiente,2026-02-18 16:15:34,zona_c
VN-0005577,CLI-02067,PRD-0013,tienda_norte,3,460.77,0,1382.31,efectivo,completada,2026-03-06 17:38:39,zona_a
VN-0005578,CLI-01984,PRD-0024,tienda_norte,4,101.79,25,407.16,tarjeta,completada,2026-01-19 13:41:45,zona_d
VN-0005579,CLI-02714,PRD-0141,tienda_norte,7,142.42,0,996.94,transferencia,completada,2026-02-27 04:50:46,zona_a
VN-0005580,CLI-01607,PRD-0195,tienda_norte,1,155.94,10,155.94,yape,completada,2026-03-01 17:46:09,zona_c
VN-0005581,CLI-00203,PRD-0161,tienda_norte,6,28.69,15,172.14,tarjeta,devuelta,2026-02-24 07:01:10,zona_b
VN-0005582,CLI-02435,PRD-0032,tienda_norte,7,125.82,5,880.74,efectivo,completada,2026-02-09 02:45:52,zona_d
VN-0005583,CLI-01120,PRD-0166,tienda_norte,5,466.77,5,2333.85,tarjeta,completada,2026-02-20 06:36:26,zona_a
VN-0005584,CLI-01301,PRD-0164,tienda_norte,7,271.67,20,1901.69,yape,completada,2026-03-23 00:56:29,zona_d
VN-0005585,CLI-02661,PRD-0199,tienda_norte,1,356.34,5,356.34,efectivo,completada,2026-01-28 22:20:14,zona_c
VN-0005586,CLI-01147,PRD-0181,tienda_norte,6,101.01,5,606.06,efectivo,completada,2026-01-15 23:40:49,zona_b
VN-0005587,CLI-01824,PRD-0156,tienda_norte,7,89.98,5,629.86,yape,completada,2026-02-17 18:33:43,zona_d
VN-0005588,CLI-01497,PRD-0156,tienda_norte,2,94.72,0,189.44,efectivo,completada,2026-03-10 13:24:34,zona_c
VN-0005589,CLI-03000,PRD-0068,tienda_norte,5,166.65,0,833.25,tarjeta,completada,2026-02-23 21:25:23,zona_d
VN-0005590,CLI-01458,PRD-0079,tienda_norte,2,291.31,0,582.62,tarjeta,devuelta,2026-03-04 14:18:33,zona_d
VN-0005591,CLI-02074,PRD-0146,tienda_norte,5,77.24,10,386.2,transferencia,completada,2026-02-10 09:07:46,zona_c
VN-0005592,CLI-01425,PRD-0134,tienda_norte,6,92.74,5,556.44,yape,completada,2026-02-21 11:45:06,zona_b
VN-0005593,CLI-01830,PRD-0025,tienda_norte,4,357.96,10,1431.84,tarjeta,completada,2026-01-04 05:08:46,zona_a
VN-0005594,CLI-02321,PRD-0163,tienda_norte,3,78.75,15,236.25,transferencia,completada,2026-01-20 23:37:00,zona_d
VN-0005595,CLI-02204,PRD-0044,tienda_norte,7,105.96,0,741.72,efectivo,completada,2026-01-10 00:39:30,zona_c
VN-0005596,CLI-02057,PRD-0180,tienda_norte,1,16.31,0,16.31,transferencia,completada,2026-02-25 18:05:34,zona_a
VN-0005597,CLI-00206,PRD-0007,tienda_norte,6,19.86,0,119.16,yape,completada,2026-01-26 09:14:39,zona_d
VN-0005598,CLI-00090,PRD-0158,tienda_norte,7,230.04,0,1610.28,transferencia,completada,2026-01-05 05:31:12,zona_d
VN-0005599,CLI-00950,PRD-0029,tienda_norte,8,90.51,10,724.08,yape,completada,2026-02-18 19:33:19,zona_d
VN-0005600,CLI-00765,PRD-0054,tienda_norte,5,98.65,0,493.25,transferencia,completada,2026-01-10 05:23:47,zona_d
VN-0005601,CLI-01268,PRD-0089,tienda_norte,4,62.06,10,248.24,transferencia,completada,2026-03-29 08:32:14,zona_c
VN-0005602,CLI-00931,PRD-0169,tienda_norte,6,1064.16,0,6384.96,yape,devuelta,2026-01-17 18:14:12,zona_d
VN-0005603,CLI-01405,PRD-0104,tienda_norte,3,195.93,0,587.79,transferencia,completada,2026-01-18 05:45:28,zona_a
VN-0005604,CLI-02045,PRD-0099,tienda_norte,6,324.56,10,1947.36,yape,completada,2026-02-24 20:32:23,zona_b
VN-0005605,CLI-00898,PRD-0112,tienda_norte,5,288.27,0,1441.35,efectivo,completada,2026-02-16 14:02:49,zona_d
VN-0005606,CLI-00213,PRD-0186,tienda_norte,8,76.16,0,609.28,transferencia,completada,2026-03-07 18:18:42,zona_c
VN-0005607,CLI-02189,PRD-0021,tienda_norte,7,17.3,5,121.1,tarjeta,completada,2026-02-14 15:48:10,zona_c
VN-0005608,CLI-02388,PRD-0027,tienda_norte,3,29.13,5,87.39,tarjeta,completada,2026-01-17 01:06:15,zona_d
VN-0005609,CLI-00609,PRD-0160,tienda_norte,2,46.94,0,93.88,tarjeta,completada,2026-03-21 22:19:00,zona_a
VN-0005610,CLI-00611,PRD-0144,tienda_norte,2,58.56,25,117.12,efectivo,completada,2026-01-04 13:15:48,zona_a
VN-0005611,CLI-02231,PRD-0129,tienda_norte,8,79.96,20,639.68,yape,completada,2026-03-30 18:20:01,zona_b
VN-0005612,CLI-00018,PRD-0148,tienda_norte,3,138.64,10,415.92,yape,completada,2026-02-19 19:37:05,zona_b
VN-0005613,CLI-02450,PRD-0067,tienda_norte,8,81.16,20,649.28,yape,completada,2026-01-26 20:35:59,zona_b
VN-0005614,CLI-01107,PRD-0166,tienda_norte,4,442.21,10,1768.84,tarjeta,completada,2026-03-12 13:09:56,zona_c
VN-0005615,CLI-00990,PRD-0154,tienda_norte,1,43.04,10,43.04,yape,pendiente,2026-01-21 16:54:00,zona_d
VN-0005616,CLI-00019,PRD-0003,tienda_norte,4,132.38,25,529.52,tarjeta,completada,2026-03-12 17:09:35,zona_b
VN-0005617,CLI-00534,PRD-0149,tienda_norte,5,273.72,0,1368.6,yape,devuelta,2026-01-13 09:01:11,zona_b
VN-0005618,CLI-02747,PRD-0150,tienda_norte,3,615.16,25,1845.48,tarjeta,completada,2026-01-28 06:56:52,zona_b
VN-0005619,CLI-02142,PRD-0082,tienda_norte,4,287.94,5,1151.76,transferencia,pendiente,2026-01-19 07:41:57,zona_c
VN-0005620,CLI-02584,PRD-0033,tienda_norte,1,626.67,10,626.67,tarjeta,completada,2026-01-27 13:38:11,zona_a
VN-0005621,CLI-02773,PRD-0017,tienda_norte,4,665.99,10,2663.96,tarjeta,completada,2026-01-10 17:47:00,zona_c
VN-0005622,CLI-00247,PRD-0046,tienda_norte,6,344.62,5,2067.72,transferencia,pendiente,2026-01-29 05:46:11,zona_a
VN-0005623,CLI-01291,PRD-0181,tienda_norte,5,106.33,0,531.65,yape,completada,2026-02-28 05:45:39,zona_c
VN-0005624,CLI-02119,PRD-0103,tienda_norte,7,281.72,25,1972.04,yape,completada,2026-01-24 14:09:45,zona_c
VN-0005625,CLI-01247,PRD-0187,tienda_norte,4,23.47,10,93.88,tarjeta,completada,2026-01-26 18:22:30,zona_d
VN-0005626,CLI-02778,PRD-0199,tienda_norte,3,375.09,0,1125.27,yape,completada,2026-03-21 14:45:21,zona_d
VN-0005627,CLI-00272,PRD-0063,tienda_norte,6,205.14,5,1230.84,tarjeta,completada,2026-02-16 00:33:59,zona_a
VN-0005628,CLI-02814,PRD-0189,tienda_norte,6,134.07,25,804.42,tarjeta,completada,2026-03-21 08:31:00,zona_a
VN-0005629,CLI-00567,PRD-0125,tienda_norte,2,266.29,15,532.58,efectivo,devuelta,2026-01-25 18:17:03,zona_d
VN-0005630,CLI-02450,PRD-0019,tienda_norte,1,290.02,0,290.02,tarjeta,completada,2026-01-21 13:38:18,zona_c
VN-0005631,CLI-02860,PRD-0180,tienda_norte,3,13.05,20,39.15,tarjeta,pendiente,2026-03-06 19:56:37,zona_c
VN-0005632,CLI-00117,PRD-0119,tienda_norte,4,170.18,0,680.72,yape,completada,2026-02-15 00:42:25,zona_b
VN-0005633,CLI-02177,PRD-0161,tienda_norte,6,33.75,0,202.5,efectivo,devuelta,2026-02-13 22:43:03,zona_a
VN-0005634,CLI-02201,PRD-0114,tienda_norte,2,228.8,10,457.6,tarjeta,completada,2026-02-23 10:07:04,zona_c
VN-0005635,CLI-01072,PRD-0194,tienda_norte,1,149.53,15,149.53,yape,completada,2026-01-29 11:37:55,zona_a
VN-0005636,CLI-02314,PRD-0186,tienda_norte,8,68.54,10,548.32,tarjeta,completada,2026-01-28 22:47:15,zona_a
VN-0005637,CLI-01567,PRD-0196,tienda_norte,1,41.23,0,41.23,efectivo,pendiente,2026-01-03 19:55:41,zona_b
VN-0005638,CLI-02405,PRD-0070,tienda_norte,3,508.33,0,1524.99,efectivo,completada,2026-02-05 23:44:26,zona_b
VN-0005639,CLI-00593,PRD-0070,tienda_norte,1,482.91,5,482.91,yape,completada,2026-02-18 14:52:30,zona_a
VN-0005640,CLI-01408,PRD-0050,tienda_norte,8,10.76,5,86.08,transferencia,completada,2026-03-05 06:39:41,zona_b
VN-0005641,CLI-00009,PRD-0021,tienda_norte,3,18.21,0,54.63,tarjeta,devuelta,2026-01-30 14:03:19,zona_a
VN-0005642,CLI-01304,PRD-0088,tienda_norte,7,49.97,25,349.79,efectivo,completada,2026-03-19 13:38:40,zona_b
VN-0005643,CLI-02539,PRD-0098,tienda_norte,1,793.19,0,793.19,yape,completada,2026-01-30 19:24:34,zona_d
VN-0005644,CLI-00910,PRD-0165,tienda_norte,2,913.18,0,1826.36,tarjeta,completada,2026-01-15 04:48:21,zona_c
VN-0005645,CLI-00846,PRD-0123,tienda_norte,8,40.34,0,322.72,efectivo,completada,2026-02-13 21:42:52,zona_b
VN-0005646,CLI-00896,PRD-0027,tienda_norte,4,26.06,15,104.24,tarjeta,completada,2026-01-17 20:13:41,zona_a
VN-0005647,CLI-00488,PRD-0133,tienda_norte,1,92.0,5,92.0,transferencia,completada,2026-01-25 04:15:44,zona_d
VN-0005648,CLI-00540,PRD-0185,tienda_norte,3,178.75,0,536.25,tarjeta,completada,2026-01-06 19:43:21,zona_d
VN-0005649,CLI-02761,PRD-0147,tienda_norte,3,47.46,5,142.38,efectivo,completada,2026-01-19 00:48:06,zona_c
VN-0005650,CLI-02641,PRD-0058,tienda_norte,2,140.42,20,280.84,transferencia,completada,2026-03-01 21:45:03,zona_c
VN-0005651,CLI-02703,PRD-0013,tienda_norte,7,460.77,0,3225.39,tarjeta,completada,2026-02-01 07:31:38,zona_c
VN-0005652,CLI-01354,PRD-0191,tienda_norte,3,164.85,5,494.55,efectivo,completada,2026-03-05 13:06:04,zona_a
VN-0005653,CLI-00329,PRD-0198,tienda_norte,2,323.64,10,647.28,yape,completada,2026-01-24 09:31:48,zona_a
VN-0005654,CLI-01702,PRD-0020,tienda_norte,7,325.09,0,2275.63,yape,completada,2026-03-13 06:48:17,zona_b
VN-0005655,CLI-01877,PRD-0132,tienda_norte,1,559.54,15,559.54,yape,completada,2026-01-14 06:40:04,zona_d
VN-0005656,CLI-01800,PRD-0147,tienda_norte,7,49.96,0,349.72,efectivo,completada,2026-03-24 22:19:51,zona_a
VN-0005657,CLI-01733,PRD-0123,tienda_norte,6,30.26,25,181.56,tarjeta,completada,2026-03-25 17:29:15,zona_d
VN-0005658,CLI-02130,PRD-0021,tienda_norte,6,17.3,5,103.8,tarjeta,completada,2026-03-01 16:19:15,zona_d
VN-0005659,CLI-02251,PRD-0200,tienda_norte,7,33.95,0,237.65,tarjeta,completada,2026-02-11 07:28:25,zona_b
VN-0005660,CLI-00305,PRD-0068,tienda_norte,4,133.32,20,533.28,tarjeta,pendiente,2026-01-27 14:22:06,zona_b
VN-0005661,CLI-02041,PRD-0059,tienda_norte,8,145.94,0,1167.52,transferencia,devuelta,2026-03-20 18:58:35,zona_b
VN-0005662,CLI-02732,PRD-0171,tienda_norte,2,29.17,5,58.34,yape,completada,2026-02-05 08:50:47,zona_d
VN-0005663,CLI-02158,PRD-0039,tienda_norte,1,54.97,10,54.97,efectivo,completada,2026-02-03 23:56:30,zona_d
VN-0005664,CLI-01057,PRD-0165,tienda_norte,2,776.2,15,1552.4,transferencia,completada,2026-01-20 00:32:02,zona_c
VN-0005665,CLI-01030,PRD-0049,tienda_norte,1,942.55,10,942.55,yape,devuelta,2026-01-11 02:27:43,zona_d
VN-0005666,CLI-01881,PRD-0020,tienda_norte,3,325.09,0,975.27,yape,pendiente,2026-03-24 23:42:36,zona_b
VN-0005667,CLI-02661,PRD-0171,tienda_norte,4,30.71,0,122.84,tarjeta,completada,2026-03-11 09:01:41,zona_d
VN-0005668,CLI-01704,PRD-0075,tienda_norte,7,57.92,15,405.44,efectivo,completada,2026-01-18 18:54:07,zona_a
VN-0005669,CLI-02161,PRD-0106,tienda_norte,7,221.98,5,1553.86,yape,completada,2026-01-28 01:35:49,zona_b
VN-0005670,CLI-00267,PRD-0192,tienda_norte,6,93.06,0,558.36,tarjeta,completada,2026-01-24 19:12:06,zona_b
VN-0005671,CLI-01709,PRD-0189,tienda_norte,3,143.01,20,429.03,tarjeta,completada,2026-03-02 04:57:56,zona_b
VN-0005672,CLI-00549,PRD-0022,tienda_norte,1,64.46,0,64.46,transferencia,completada,2026-02-28 10:32:10,zona_a
VN-0005673,CLI-00025,PRD-0173,tienda_norte,8,132.4,25,1059.2,tarjeta,completada,2026-02-15 20:44:27,zona_d
VN-0005674,CLI-02963,PRD-0012,tienda_norte,5,154.12,0,770.6,tarjeta,completada,2026-01-13 06:28:42,zona_b
VN-0005675,CLI-00661,PRD-0190,tienda_norte,4,236.97,0,947.88,efectivo,completada,2026-03-28 21:47:32,zona_b
VN-0005676,CLI-01456,PRD-0041,tienda_norte,4,162.44,5,649.76,tarjeta,devuelta,2026-03-27 06:52:03,zona_d
VN-0005677,CLI-00434,PRD-0069,tienda_norte,4,52.47,5,209.88,tarjeta,devuelta,2026-01-21 11:38:30,zona_c
VN-0005678,CLI-02543,PRD-0189,tienda_norte,8,143.01,20,1144.08,tarjeta,completada,2026-03-04 08:32:54,zona_b
VN-0005679,CLI-00332,PRD-0193,tienda_norte,2,44.27,5,88.54,efectivo,completada,2026-03-31 14:31:04,zona_a
VN-0005680,CLI-00572,PRD-0126,tienda_norte,4,991.07,5,3964.28,yape,devuelta,2026-01-10 16:59:10,zona_d
VN-0005681,CLI-00847,PRD-0002,tienda_norte,3,35.98,0,107.94,yape,completada,2026-01-21 02:22:10,zona_d
VN-0005682,CLI-02680,PRD-0197,tienda_norte,1,37.2,20,37.2,transferencia,pendiente,2026-01-04 01:44:39,zona_c
VN-0005683,CLI-02665,PRD-0051,tienda_norte,5,279.19,15,1395.95,efectivo,completada,2026-03-25 07:09:35,zona_a
VN-0005684,CLI-01479,PRD-0058,tienda_norte,5,157.98,10,789.9,efectivo,completada,2026-02-22 13:03:52,zona_b
VN-0005685,CLI-02537,PRD-0022,tienda_norte,8,58.01,10,464.08,efectivo,completada,2026-03-23 02:17:42,zona_a
VN-0005686,CLI-01380,PRD-0109,tienda_norte,5,127.43,0,637.15,transferencia,completada,2026-02-27 15:57:32,zona_b
VN-0005687,CLI-02617,PRD-0012,tienda_norte,8,154.12,0,1232.96,yape,completada,2026-03-29 06:40:58,zona_a
VN-0005688,CLI-00731,PRD-0063,tienda_norte,1,194.35,10,194.35,tarjeta,completada,2026-03-10 06:12:26,zona_c
VN-0005689,CLI-01947,PRD-0088,tienda_norte,6,53.3,20,319.8,tarjeta,completada,2026-03-02 19:35:58,zona_a
VN-0005690,CLI-02789,PRD-0125,tienda_norte,8,281.95,10,2255.6,tarjeta,completada,2026-01-20 12:29:06,zona_c
VN-0005691,CLI-02692,PRD-0005,tienda_norte,2,212.54,0,425.08,tarjeta,completada,2026-01-23 22:37:49,zona_d
VN-0005692,CLI-02211,PRD-0063,tienda_norte,6,183.55,15,1101.3,yape,completada,2026-01-20 12:07:16,zona_c
VN-0005693,CLI-00912,PRD-0172,tienda_norte,1,128.97,10,128.97,efectivo,completada,2026-02-01 11:09:08,zona_d
VN-0005694,CLI-00205,PRD-0037,tienda_norte,4,67.79,10,271.16,tarjeta,completada,2026-03-10 05:29:44,zona_b
VN-0005695,CLI-01715,PRD-0016,tienda_norte,6,200.22,0,1201.32,yape,completada,2026-03-23 09:23:45,zona_a
VN-0005696,CLI-01809,PRD-0100,tienda_norte,2,362.73,0,725.46,yape,completada,2026-02-23 23:56:36,zona_d
VN-0005697,CLI-00482,PRD-0161,tienda_norte,2,33.75,0,67.5,efectivo,completada,2026-01-25 22:49:16,zona_d
VN-0005698,CLI-00695,PRD-0200,tienda_norte,2,33.95,0,67.9,transferencia,completada,2026-03-04 07:51:17,zona_d
VN-0005699,CLI-00006,PRD-0181,tienda_norte,4,106.33,0,425.32,transferencia,completada,2026-03-27 13:12:11,zona_a
VN-0005700,CLI-02728,PRD-0075,tienda_norte,7,68.14,0,476.98,tarjeta,completada,2026-02-17 16:02:30,zona_b
VN-0005701,CLI-00510,PRD-0140,tienda_norte,1,117.83,0,117.83,transferencia,completada,2026-03-13 11:40:04,zona_c
VN-0005702,CLI-02887,PRD-0030,tienda_norte,8,246.84,0,1974.72,efectivo,completada,2026-01-17 14:13:46,zona_a
VN-0005703,CLI-00871,PRD-0151,tienda_norte,6,115.23,25,691.38,tarjeta,completada,2026-01-28 00:24:48,zona_c
VN-0005704,CLI-00936,PRD-0198,tienda_norte,2,341.62,5,683.24,yape,pendiente,2026-02-24 23:21:15,zona_c
VN-0005705,CLI-01793,PRD-0182,tienda_norte,1,116.18,0,116.18,tarjeta,completada,2026-02-18 18:12:55,zona_d
VN-0005706,CLI-01277,PRD-0058,tienda_norte,4,175.53,0,702.12,efectivo,completada,2026-02-22 09:28:52,zona_d
VN-0005707,CLI-02604,PRD-0116,tienda_norte,2,8.29,10,16.58,efectivo,completada,2026-01-21 18:14:32,zona_b
VN-0005708,CLI-01829,PRD-0177,tienda_norte,8,906.25,15,7250.0,yape,completada,2026-03-21 23:05:22,zona_c
VN-0005709,CLI-02847,PRD-0185,tienda_norte,6,169.81,5,1018.86,tarjeta,completada,2026-02-07 13:47:13,zona_b
VN-0005710,CLI-00941,PRD-0096,tienda_norte,5,62.47,20,312.35,tarjeta,completada,2026-02-01 15:39:38,zona_c
VN-0005711,CLI-00571,PRD-0026,tienda_norte,7,1165.21,0,8156.47,yape,completada,2026-01-25 08:15:52,zona_c
VN-0005712,CLI-01638,PRD-0172,tienda_norte,5,136.13,5,680.65,transferencia,completada,2026-02-05 08:42:14,zona_d
VN-0005713,CLI-01213,PRD-0055,tienda_norte,5,16.23,20,81.15,tarjeta,completada,2026-03-23 05:54:42,zona_d
VN-0005714,CLI-02144,PRD-0019,tienda_norte,5,290.02,0,1450.1,tarjeta,completada,2026-02-26 20:08:14,zona_c
VN-0005715,CLI-02970,PRD-0132,tienda_norte,5,592.45,10,2962.25,transferencia,devuelta,2026-01-04 14:43:01,zona_c
VN-0005716,CLI-00195,PRD-0058,tienda_norte,4,175.53,0,702.12,transferencia,completada,2026-02-28 08:47:09,zona_c
VN-0005717,CLI-00982,PRD-0184,tienda_norte,2,134.46,10,268.92,yape,completada,2026-01-08 00:21:32,zona_d
VN-0005718,CLI-02482,PRD-0148,tienda_norte,5,138.64,10,693.2,tarjeta,completada,2026-02-20 07:06:38,zona_c
VN-0005719,CLI-01622,PRD-0100,tienda_norte,2,362.73,0,725.46,yape,completada,2026-02-12 21:36:08,zona_d
VN-0005720,CLI-00277,PRD-0182,tienda_norte,6,116.18,0,697.08,tarjeta,completada,2026-02-02 05:28:44,zona_a
VN-0005721,CLI-01679,PRD-0119,tienda_norte,3,153.16,10,459.48,transferencia,completada,2026-03-09 20:29:26,zona_d
VN-0005722,CLI-01274,PRD-0144,tienda_norte,1,74.18,5,74.18,yape,completada,2026-03-30 10:54:01,zona_b
VN-0005723,CLI-00166,PRD-0087,tienda_norte,5,39.41,0,197.05,tarjeta,pendiente,2026-02-14 17:10:48,zona_c
VN-0005724,CLI-01032,PRD-0075,tienda_norte,1,68.14,0,68.14,efectivo,completada,2026-02-24 11:38:09,zona_b
VN-0005725,CLI-01191,PRD-0079,tienda_norte,7,291.31,0,2039.17,efectivo,completada,2026-03-01 11:12:39,zona_c
VN-0005726,CLI-00548,PRD-0139,tienda_norte,6,18.66,0,111.96,yape,completada,2026-03-14 09:49:25,zona_a
VN-0005727,CLI-02136,PRD-0196,tienda_norte,1,32.98,20,32.98,tarjeta,completada,2026-03-17 07:42:37,zona_d
VN-0005728,CLI-01203,PRD-0035,tienda_norte,2,108.66,0,217.32,yape,completada,2026-02-14 09:42:06,zona_b
VN-0005729,CLI-00755,PRD-0063,tienda_norte,3,215.94,0,647.82,transferencia,completada,2026-01-24 22:03:40,zona_a
VN-0005730,CLI-01744,PRD-0087,tienda_norte,3,39.41,0,118.23,tarjeta,completada,2026-02-22 18:58:20,zona_a
VN-0005731,CLI-01040,PRD-0053,tienda_norte,1,4.66,10,4.66,transferencia,completada,2026-01-10 00:11:16,zona_c
VN-0005732,CLI-02274,PRD-0146,tienda_norte,4,85.82,0,343.28,yape,completada,2026-01-28 15:25:39,zona_c
VN-0005733,CLI-02274,PRD-0195,tienda_norte,2,173.27,0,346.54,yape,pendiente,2026-02-23 02:58:51,zona_c
VN-0005734,CLI-00817,PRD-0134,tienda_norte,4,92.74,5,370.96,yape,completada,2026-02-10 21:35:32,zona_b
VN-0005735,CLI-01185,PRD-0054,tienda_norte,8,98.65,0,789.2,transferencia,completada,2026-02-09 23:48:01,zona_d
VN-0005736,CLI-00538,PRD-0150,tienda_norte,6,820.22,0,4921.32,tarjeta,completada,2026-02-26 17:38:52,zona_d
VN-0005737,CLI-00052,PRD-0194,tienda_norte,6,167.12,5,1002.72,tarjeta,completada,2026-02-21 09:11:11,zona_d
VN-0005738,CLI-01857,PRD-0033,tienda_norte,3,626.67,10,1880.01,tarjeta,completada,2026-03-26 14:06:56,zona_b
VN-0005739,CLI-00416,PRD-0092,tienda_norte,5,929.8,20,4649.0,tarjeta,completada,2026-01-18 22:21:23,zona_a
VN-0005740,CLI-00312,PRD-0083,tienda_norte,5,92.72,0,463.6,efectivo,completada,2026-01-08 02:27:47,zona_c
VN-0005741,CLI-00023,PRD-0007,tienda_norte,3,19.86,0,59.58,efectivo,completada,2026-03-23 14:49:09,zona_d
VN-0005742,CLI-01204,PRD-0055,tienda_norte,6,18.26,10,109.56,yape,completada,2026-01-08 06:29:25,zona_c
VN-0005743,CLI-00869,PRD-0044,tienda_norte,8,100.66,5,805.28,tarjeta,completada,2026-02-26 01:58:33,zona_a
VN-0005744,CLI-01750,PRD-0106,tienda_norte,4,233.66,0,934.64,tarjeta,completada,2026-03-18 01:11:10,zona_a
VN-0005745,CLI-01250,PRD-0113,tienda_norte,4,163.22,0,652.88,efectivo,completada,2026-02-27 13:51:00,zona_b
VN-0005746,CLI-02907,PRD-0036,tienda_norte,2,38.79,10,77.58,efectivo,completada,2026-02-01 21:11:02,zona_b
VN-0005747,CLI-02482,PRD-0178,tienda_norte,2,83.22,5,166.44,efectivo,devuelta,2026-02-07 03:01:21,zona_a
VN-0005748,CLI-01045,PRD-0024,tienda_norte,6,115.36,15,692.16,transferencia,completada,2026-03-20 21:44:38,zona_c
VN-0005749,CLI-01872,PRD-0024,tienda_norte,8,135.72,0,1085.76,efectivo,completada,2026-02-17 18:12:03,zona_d
VN-0005750,CLI-02973,PRD-0168,tienda_norte,3,257.41,15,772.23,yape,completada,2026-01-27 03:15:58,zona_a
VN-0005751,CLI-01386,PRD-0159,tienda_norte,1,959.5,15,959.5,yape,completada,2026-03-08 08:31:37,zona_b
VN-0005752,CLI-02634,PRD-0115,tienda_norte,1,1029.74,10,1029.74,yape,completada,2026-02-24 09:31:11,zona_d
VN-0005753,CLI-01911,PRD-0060,tienda_norte,4,111.31,20,445.24,tarjeta,devuelta,2026-01-31 09:03:55,zona_d
VN-0005754,CLI-00504,PRD-0150,tienda_norte,5,738.2,10,3691.0,tarjeta,completada,2026-01-23 17:26:41,zona_a
VN-0005755,CLI-01689,PRD-0113,tienda_norte,4,163.22,0,652.88,transferencia,completada,2026-01-05 04:38:13,zona_a
VN-0005756,CLI-00529,PRD-0031,tienda_norte,3,310.8,0,932.4,yape,completada,2026-02-20 00:33:17,zona_b
VN-0005757,CLI-02029,PRD-0028,tienda_norte,3,6.39,25,19.17,tarjeta,completada,2026-02-17 00:52:21,zona_a
VN-0005758,CLI-00682,PRD-0028,tienda_norte,2,8.09,5,16.18,tarjeta,completada,2026-02-01 13:55:08,zona_b
VN-0005759,CLI-00074,PRD-0019,tienda_norte,1,246.52,15,246.52,tarjeta,devuelta,2026-02-03 13:23:35,zona_b
VN-0005760,CLI-00702,PRD-0193,tienda_norte,8,37.28,20,298.24,tarjeta,completada,2026-01-19 04:39:01,zona_d
VN-0005761,CLI-00937,PRD-0074,tienda_norte,5,90.21,10,451.05,tarjeta,completada,2026-01-19 16:45:31,zona_c
VN-0005762,CLI-02999,PRD-0167,tienda_norte,2,143.12,10,286.24,tarjeta,completada,2026-01-13 10:36:55,zona_b
VN-0005763,CLI-00833,PRD-0124,tienda_norte,6,154.82,10,928.92,tarjeta,completada,2026-02-09 19:03:13,zona_b
VN-0005764,CLI-00792,PRD-0199,tienda_norte,6,375.09,0,2250.54,tarjeta,completada,2026-03-12 08:45:55,zona_c
VN-0005765,CLI-01733,PRD-0047,tienda_norte,4,230.92,5,923.68,efectivo,devuelta,2026-01-07 12:45:24,zona_b
VN-0005766,CLI-00794,PRD-0187,tienda_norte,6,26.08,0,156.48,efectivo,completada,2026-01-23 23:58:53,zona_c
VN-0005767,CLI-02228,PRD-0001,tienda_norte,1,380.31,0,380.31,yape,completada,2026-02-28 10:34:58,zona_b
VN-0005768,CLI-02696,PRD-0001,tienda_norte,7,285.23,25,1996.61,yape,completada,2026-03-07 09:48:19,zona_b
VN-0005769,CLI-02336,PRD-0078,tienda_norte,8,54.94,0,439.52,tarjeta,completada,2026-03-30 02:00:56,zona_a
VN-0005770,CLI-02896,PRD-0154,tienda_norte,1,38.26,20,38.26,yape,completada,2026-03-26 09:08:06,zona_d
VN-0005771,CLI-00393,PRD-0139,tienda_norte,7,18.66,0,130.62,tarjeta,completada,2026-01-25 16:08:20,zona_a
VN-0005772,CLI-00860,PRD-0075,tienda_norte,2,64.73,5,129.46,tarjeta,completada,2026-01-06 11:33:00,zona_c
VN-0005773,CLI-02339,PRD-0185,tienda_norte,1,178.75,0,178.75,transferencia,completada,2026-01-29 16:15:23,zona_b
VN-0005774,CLI-01946,PRD-0056,tienda_norte,6,236.84,0,1421.04,tarjeta,completada,2026-02-16 04:26:49,zona_b
VN-0005775,CLI-00091,PRD-0039,tienda_norte,1,58.03,5,58.03,efectivo,completada,2026-02-06 03:48:55,zona_b
VN-0005776,CLI-01561,PRD-0091,tienda_norte,5,49.81,0,249.05,yape,completada,2026-03-08 08:25:58,zona_d
VN-0005777,CLI-00420,PRD-0182,tienda_norte,2,116.18,0,232.36,transferencia,completada,2026-02-19 19:08:16,zona_a
VN-0005778,CLI-02801,PRD-0152,tienda_norte,4,99.91,0,399.64,efectivo,completada,2026-01-09 17:11:48,zona_a
VN-0005779,CLI-00449,PRD-0112,tienda_norte,3,288.27,0,864.81,tarjeta,completada,2026-03-18 15:31:51,zona_a
VN-0005780,CLI-02753,PRD-0017,tienda_norte,4,665.99,10,2663.96,efectivo,completada,2026-01-14 17:57:55,zona_c
VN-0005781,CLI-01930,PRD-0058,tienda_norte,5,157.98,10,789.9,transferencia,devuelta,2026-03-14 19:04:46,zona_c
VN-0005782,CLI-01244,PRD-0079,tienda_norte,2,291.31,0,582.62,tarjeta,completada,2026-01-02 18:00:14,zona_d
VN-0005783,CLI-01421,PRD-0003,tienda_norte,6,141.2,20,847.2,transferencia,completada,2026-03-22 16:49:07,zona_d
VN-0005784,CLI-01677,PRD-0111,tienda_norte,7,66.48,10,465.36,efectivo,completada,2026-01-13 02:29:53,zona_a
VN-0005785,CLI-00584,PRD-0134,tienda_norte,8,97.62,0,780.96,transferencia,pendiente,2026-03-02 10:52:40,zona_b
VN-0005786,CLI-01738,PRD-0097,tienda_norte,3,168.78,0,506.34,tarjeta,completada,2026-02-02 03:32:12,zona_c
VN-0005787,CLI-00261,PRD-0068,tienda_norte,1,166.65,0,166.65,yape,completada,2026-02-27 14:18:15,zona_a
VN-0005788,CLI-01220,PRD-0180,tienda_norte,5,16.31,0,81.55,transferencia,completada,2026-01-19 19:40:14,zona_d
VN-0005789,CLI-00350,PRD-0036,tienda_norte,4,38.79,10,155.16,efectivo,completada,2026-01-20 15:32:36,zona_d
VN-0005790,CLI-02999,PRD-0087,tienda_norte,1,37.44,5,37.44,tarjeta,completada,2026-01-10 09:10:43,zona_a
VN-0005791,CLI-02986,PRD-0036,tienda_norte,7,40.95,5,286.65,efectivo,completada,2026-03-25 07:30:02,zona_b
VN-0005792,CLI-01268,PRD-0106,tienda_norte,7,210.29,10,1472.03,tarjeta,completada,2026-03-08 01:15:28,zona_c
VN-0005793,CLI-00501,PRD-0081,tienda_norte,8,98.39,15,787.12,tarjeta,devuelta,2026-01-27 09:51:44,zona_d
VN-0005794,CLI-01102,PRD-0014,tienda_norte,5,299.8,5,1499.0,efectivo,completada,2026-01-29 10:10:15,zona_d
VN-0005795,CLI-01287,PRD-0025,tienda_norte,3,397.73,0,1193.19,tarjeta,completada,2026-02-23 22:50:40,zona_d
VN-0005796,CLI-00524,PRD-0018,tienda_norte,8,143.21,0,1145.68,tarjeta,pendiente,2026-01-02 05:16:54,zona_d
VN-0005797,CLI-01010,PRD-0186,tienda_norte,1,76.16,0,76.16,efectivo,completada,2026-03-24 00:21:53,zona_a
VN-0005798,CLI-00259,PRD-0106,tienda_norte,3,233.66,0,700.98,tarjeta,completada,2026-03-25 04:32:30,zona_a
VN-0005799,CLI-02258,PRD-0197,tienda_norte,2,44.17,5,88.34,tarjeta,completada,2026-03-11 22:57:07,zona_c
VN-0005800,CLI-01395,PRD-0028,tienda_norte,7,8.52,0,59.64,yape,completada,2026-02-02 19:18:26,zona_d
VN-0005801,CLI-00104,PRD-0093,tienda_norte,8,721.46,20,5771.68,yape,completada,2026-03-01 13:51:23,zona_d
VN-0005802,CLI-00496,PRD-0184,tienda_norte,4,134.46,10,537.84,yape,devuelta,2026-01-21 20:14:29,zona_d
VN-0005803,CLI-02062,PRD-0017,tienda_norte,8,702.99,5,5623.92,tarjeta,completada,2026-03-29 16:50:54,zona_a
VN-0005804,CLI-00616,PRD-0062,tienda_norte,1,121.18,5,121.18,transferencia,completada,2026-01-25 21:44:07,zona_b
VN-0005805,CLI-00596,PRD-0196,tienda_norte,3,30.92,25,92.76,yape,devuelta,2026-01-01 02:17:55,zona_d
VN-0005806,CLI-00904,PRD-0104,tienda_norte,5,186.13,5,930.65,transferencia,completada,2026-02-19 02:47:21,zona_c
VN-0005807,CLI-00940,PRD-0007,tienda_norte,6,18.87,5,113.22,tarjeta,completada,2026-03-01 21:07:14,zona_b
VN-0005808,CLI-01762,PRD-0091,tienda_norte,3,47.32,5,141.96,tarjeta,devuelta,2026-02-26 04:34:49,zona_c
VN-0005809,CLI-00183,PRD-0083,tienda_norte,7,78.81,15,551.67,transferencia,pendiente,2026-01-29 22:57:35,zona_b
VN-0005810,CLI-01309,PRD-0032,tienda_norte,7,132.44,0,927.08,tarjeta,completada,2026-03-17 10:45:30,zona_b
VN-0005811,CLI-00634,PRD-0146,tienda_norte,4,68.66,20,274.64,yape,completada,2026-02-05 04:57:39,zona_a
VN-0005812,CLI-00745,PRD-0052,tienda_norte,7,313.06,20,2191.42,yape,completada,2026-01-13 18:35:30,zona_a
VN-0005813,CLI-00138,PRD-0060,tienda_norte,2,118.27,15,236.54,tarjeta,completada,2026-02-18 10:06:46,zona_d
VN-0005814,CLI-02061,PRD-0032,tienda_norte,3,112.57,15,337.71,yape,pendiente,2026-03-24 01:01:00,zona_b
VN-0005815,CLI-02050,PRD-0138,tienda_norte,8,138.89,5,1111.12,tarjeta,completada,2026-03-07 17:06:23,zona_c
VN-0005816,CLI-00558,PRD-0109,tienda_norte,2,127.43,0,254.86,transferencia,completada,2026-03-07 14:39:00,zona_c
VN-0005817,CLI-01681,PRD-0098,tienda_norte,1,793.19,0,793.19,tarjeta,completada,2026-03-17 00:50:10,zona_a
VN-0005818,CLI-01326,PRD-0043,tienda_norte,6,21.73,10,130.38,efectivo,completada,2026-02-17 15:46:51,zona_a
VN-0005819,CLI-01276,PRD-0163,tienda_norte,6,83.39,10,500.34,efectivo,completada,2026-03-03 04:07:16,zona_b
VN-0005820,CLI-01746,PRD-0021,tienda_norte,6,18.21,0,109.26,yape,devuelta,2026-01-08 12:36:37,zona_b
VN-0005821,CLI-02996,PRD-0189,tienda_norte,6,178.76,0,1072.56,yape,completada,2026-03-12 03:43:38,zona_d
VN-0005822,CLI-02404,PRD-0091,tienda_norte,4,49.81,0,199.24,tarjeta,devuelta,2026-01-20 21:06:23,zona_a
VN-0005823,CLI-00386,PRD-0004,tienda_norte,5,53.89,0,269.45,tarjeta,completada,2026-03-30 12:13:36,zona_a
VN-0005824,CLI-01168,PRD-0091,tienda_norte,4,47.32,5,189.28,efectivo,completada,2026-01-18 01:48:41,zona_d
VN-0005825,CLI-00458,PRD-0087,tienda_norte,4,37.44,5,149.76,tarjeta,completada,2026-02-03 11:02:01,zona_c
VN-0005826,CLI-02533,PRD-0055,tienda_norte,2,18.26,10,36.52,tarjeta,completada,2026-01-06 10:29:26,zona_a
VN-0005827,CLI-02142,PRD-0011,tienda_norte,1,75.37,0,75.37,tarjeta,completada,2026-03-31 14:04:17,zona_a
VN-0005828,CLI-00515,PRD-0150,tienda_norte,4,820.22,0,3280.88,efectivo,completada,2026-01-17 03:49:27,zona_b
VN-0005829,CLI-02695,PRD-0181,tienda_norte,3,106.33,0,318.99,efectivo,completada,2026-03-17 21:00:57,zona_b
VN-0005830,CLI-02272,PRD-0051,tienda_norte,4,295.61,10,1182.44,yape,pendiente,2026-01-24 16:47:29,zona_a
VN-0005831,CLI-02459,PRD-0102,tienda_norte,6,74.67,0,448.02,transferencia,completada,2026-03-30 01:30:05,zona_d
VN-0005832,CLI-00835,PRD-0115,tienda_norte,8,1086.95,5,8695.6,tarjeta,completada,2026-03-27 07:52:07,zona_c
VN-0005833,CLI-01767,PRD-0173,tienda_norte,8,176.53,0,1412.24,efectivo,completada,2026-03-23 10:22:03,zona_a
VN-0005834,CLI-02737,PRD-0013,tienda_norte,4,460.77,0,1843.08,yape,completada,2026-01-03 14:57:58,zona_d
VN-0005835,CLI-02559,PRD-0003,tienda_norte,6,167.67,5,1006.02,transferencia,completada,2026-02-01 17:43:24,zona_d
VN-0005836,CLI-01499,PRD-0185,tienda_norte,1,178.75,0,178.75,yape,completada,2026-02-08 10:47:55,zona_b
VN-0005837,CLI-02383,PRD-0041,tienda_norte,7,162.44,5,1137.08,tarjeta,completada,2026-02-26 07:26:26,zona_c
VN-0005838,CLI-00782,PRD-0195,tienda_norte,1,147.28,15,147.28,efectivo,completada,2026-01-01 23:20:18,zona_d
VN-0005839,CLI-02535,PRD-0137,tienda_norte,4,131.59,0,526.36,efectivo,completada,2026-02-19 22:37:09,zona_c
VN-0005840,CLI-00574,PRD-0130,tienda_norte,6,375.26,5,2251.56,yape,pendiente,2026-02-05 08:16:47,zona_c
VN-0005841,CLI-00120,PRD-0167,tienda_norte,3,159.02,0,477.06,tarjeta,completada,2026-01-18 20:15:54,zona_a
VN-0005842,CLI-01137,PRD-0075,tienda_norte,8,57.92,15,463.36,tarjeta,completada,2026-03-08 05:25:15,zona_d
VN-0005843,CLI-01400,PRD-0108,tienda_norte,5,139.33,0,696.65,tarjeta,completada,2026-01-25 15:39:32,zona_a
VN-0005844,CLI-02286,PRD-0177,tienda_norte,3,1066.18,0,3198.54,transferencia,completada,2026-02-06 18:36:30,zona_b
VN-0005845,CLI-00096,PRD-0117,tienda_norte,2,154.72,0,309.44,tarjeta,completada,2026-02-27 06:24:00,zona_c
VN-0005846,CLI-01078,PRD-0041,tienda_norte,5,162.44,5,812.2,tarjeta,completada,2026-03-24 20:56:39,zona_b
VN-0005847,CLI-01894,PRD-0100,tienda_norte,3,326.46,10,979.38,efectivo,devuelta,2026-02-20 16:23:07,zona_a
VN-0005848,CLI-01384,PRD-0027,tienda_norte,6,30.66,0,183.96,yape,completada,2026-02-26 12:33:42,zona_c
VN-0005849,CLI-00767,PRD-0031,tienda_norte,5,310.8,0,1554.0,efectivo,devuelta,2026-03-24 14:25:12,zona_d
VN-0005850,CLI-01501,PRD-0069,tienda_norte,2,55.23,0,110.46,transferencia,completada,2026-01-26 06:56:34,zona_a
VN-0005851,CLI-01695,PRD-0041,tienda_norte,1,145.34,15,145.34,tarjeta,completada,2026-01-06 13:54:46,zona_b
VN-0005852,CLI-00844,PRD-0049,tienda_norte,2,1047.28,0,2094.56,tarjeta,completada,2026-03-06 23:15:03,zona_b
VN-0005853,CLI-00201,PRD-0117,tienda_norte,5,154.72,0,773.6,tarjeta,completada,2026-02-16 18:03:13,zona_c
VN-0005854,CLI-02903,PRD-0047,tienda_norte,3,218.76,10,656.28,tarjeta,completada,2026-03-05 05:12:50,zona_a
VN-0005855,CLI-01579,PRD-0012,tienda_norte,8,154.12,0,1232.96,tarjeta,completada,2026-02-14 18:39:45,zona_d
VN-0005856,CLI-00976,PRD-0184,tienda_norte,3,149.4,0,448.2,efectivo,completada,2026-02-28 23:17:35,zona_a
VN-0005857,CLI-02327,PRD-0183,tienda_norte,8,45.73,0,365.84,transferencia,completada,2026-03-01 11:38:29,zona_a
VN-0005858,CLI-01295,PRD-0068,tienda_norte,7,158.32,5,1108.24,yape,pendiente,2026-01-17 18:26:05,zona_a
VN-0005859,CLI-00142,PRD-0177,tienda_norte,8,959.56,10,7676.48,transferencia,completada,2026-02-21 06:24:10,zona_c
VN-0005860,CLI-01574,PRD-0136,tienda_norte,7,103.8,0,726.6,transferencia,completada,2026-01-04 09:38:03,zona_a
VN-0005861,CLI-02913,PRD-0161,tienda_norte,1,32.06,5,32.06,tarjeta,completada,2026-02-01 19:35:21,zona_b
VN-0005862,CLI-00315,PRD-0156,tienda_norte,7,75.78,20,530.46,transferencia,completada,2026-02-27 22:52:35,zona_d
VN-0005863,CLI-00595,PRD-0183,tienda_norte,6,41.16,10,246.96,efectivo,completada,2026-02-02 02:22:58,zona_a
VN-0005864,CLI-01019,PRD-0086,tienda_norte,5,14.96,15,74.8,efectivo,completada,2026-02-24 20:45:23,zona_d
VN-0005865,CLI-01322,PRD-0183,tienda_norte,6,34.3,25,205.8,transferencia,completada,2026-01-08 04:25:19,zona_a
VN-0005866,CLI-02663,PRD-0071,tienda_norte,2,71.07,0,142.14,tarjeta,completada,2026-01-20 11:54:25,zona_a
VN-0005867,CLI-01098,PRD-0130,tienda_norte,6,316.01,20,1896.06,yape,completada,2026-02-02 08:30:55,zona_b
VN-0005868,CLI-00854,PRD-0145,tienda_norte,5,272.51,20,1362.55,tarjeta,completada,2026-02-05 18:48:43,zona_c
VN-0005869,CLI-01970,PRD-0044,tienda_norte,8,95.36,10,762.88,yape,completada,2026-03-14 21:43:05,zona_b
VN-0005870,CLI-00547,PRD-0085,tienda_norte,5,117.15,0,585.75,tarjeta,completada,2026-01-02 19:16:14,zona_c
VN-0005871,CLI-02474,PRD-0065,tienda_norte,6,189.55,5,1137.3,yape,completada,2026-02-25 08:04:30,zona_c
VN-0005872,CLI-01325,PRD-0032,tienda_norte,6,119.2,10,715.2,yape,completada,2026-03-19 00:34:26,zona_d
VN-0005873,CLI-02340,PRD-0011,tienda_norte,1,60.3,20,60.3,transferencia,completada,2026-02-05 11:11:52,zona_d
VN-0005874,CLI-01599,PRD-0200,tienda_norte,6,32.25,5,193.5,efectivo,completada,2026-01-24 13:10:30,zona_d
VN-0005875,CLI-00792,PRD-0102,tienda_norte,4,56.0,25,224.0,tarjeta,completada,2026-02-24 02:06:40,zona_c
VN-0005876,CLI-00620,PRD-0002,tienda_norte,4,32.38,10,129.52,tarjeta,completada,2026-03-20 12:03:34,zona_b
VN-0005877,CLI-00223,PRD-0136,tienda_norte,1,98.61,5,98.61,efectivo,pendiente,2026-01-04 04:52:10,zona_b
VN-0005878,CLI-02122,PRD-0018,tienda_norte,6,121.73,15,730.38,tarjeta,completada,2026-02-02 07:38:19,zona_a
VN-0005879,CLI-01164,PRD-0184,tienda_norte,3,141.93,5,425.79,yape,completada,2026-02-04 09:38:41,zona_a
VN-0005880,CLI-00455,PRD-0016,tienda_norte,8,150.16,25,1201.28,yape,completada,2026-03-02 02:49:33,zona_b
VN-0005881,CLI-01436,PRD-0032,tienda_norte,5,112.57,15,562.85,tarjeta,completada,2026-01-04 07:33:10,zona_a
VN-0005882,CLI-01976,PRD-0066,tienda_norte,7,819.09,0,5733.63,tarjeta,completada,2026-02-26 01:29:05,zona_a
VN-0005883,CLI-02220,PRD-0022,tienda_norte,5,64.46,0,322.3,efectivo,devuelta,2026-02-26 12:56:42,zona_c
VN-0005884,CLI-01093,PRD-0188,tienda_norte,2,100.11,5,200.22,yape,completada,2026-03-30 14:27:38,zona_c
VN-0005885,CLI-02374,PRD-0020,tienda_norte,7,325.09,0,2275.63,tarjeta,completada,2026-02-15 16:19:29,zona_b
VN-0005886,CLI-02375,PRD-0078,tienda_norte,3,54.94,0,164.82,efectivo,completada,2026-01-05 09:12:44,zona_b
VN-0005887,CLI-01071,PRD-0196,tienda_norte,2,41.23,0,82.46,efectivo,completada,2026-03-03 19:21:27,zona_a
VN-0005888,CLI-00687,PRD-0023,tienda_norte,3,64.79,0,194.37,transferencia,devuelta,2026-02-28 03:43:56,zona_a
VN-0005889,CLI-01446,PRD-0080,tienda_norte,4,142.71,0,570.84,tarjeta,completada,2026-02-06 14:25:15,zona_a
VN-0005890,CLI-01327,PRD-0130,tienda_norte,1,335.76,15,335.76,yape,completada,2026-02-05 23:43:08,zona_c
VN-0005891,CLI-00266,PRD-0124,tienda_norte,8,163.42,5,1307.36,yape,completada,2026-01-18 10:32:38,zona_a
VN-0005892,CLI-00869,PRD-0047,tienda_norte,4,218.76,10,875.04,efectivo,completada,2026-03-13 12:42:24,zona_a
VN-0005893,CLI-00458,PRD-0160,tienda_norte,1,46.94,0,46.94,yape,completada,2026-02-07 09:34:53,zona_c
VN-0005894,CLI-01947,PRD-0091,tienda_norte,6,49.81,0,298.86,efectivo,completada,2026-01-14 12:24:09,zona_d
VN-0005895,CLI-00472,PRD-0188,tienda_norte,7,105.38,0,737.66,efectivo,completada,2026-01-20 11:42:03,zona_a
VN-0005896,CLI-01056,PRD-0124,tienda_norte,8,154.82,10,1238.56,transferencia,completada,2026-02-26 21:30:17,zona_a
VN-0005897,CLI-01500,PRD-0166,tienda_norte,1,368.5,25,368.5,tarjeta,completada,2026-01-23 11:44:44,zona_a
VN-0005898,CLI-02810,PRD-0071,tienda_norte,3,67.52,5,202.56,tarjeta,completada,2026-01-21 23:41:31,zona_c
VN-0005899,CLI-01619,PRD-0080,tienda_norte,6,142.71,0,856.26,yape,completada,2026-02-27 22:31:12,zona_d
VN-0005900,CLI-01997,PRD-0108,tienda_norte,2,118.43,15,236.86,efectivo,completada,2026-02-19 13:13:11,zona_a
VN-0005901,CLI-00515,PRD-0095,tienda_norte,3,50.05,0,150.15,tarjeta,completada,2026-03-12 03:39:47,zona_d
VN-0005902,CLI-00681,PRD-0108,tienda_norte,8,139.33,0,1114.64,efectivo,completada,2026-03-30 05:02:37,zona_a
VN-0005903,CLI-01406,PRD-0039,tienda_norte,2,54.97,10,109.94,transferencia,completada,2026-02-23 12:57:06,zona_b
VN-0005904,CLI-00306,PRD-0123,tienda_norte,6,40.34,0,242.04,transferencia,completada,2026-01-19 07:40:45,zona_d
VN-0005905,CLI-02978,PRD-0160,tienda_norte,6,44.59,5,267.54,tarjeta,pendiente,2026-03-24 07:20:54,zona_d
VN-0005906,CLI-01328,PRD-0013,tienda_norte,7,460.77,0,3225.39,tarjeta,completada,2026-01-26 15:18:27,zona_c
VN-0005907,CLI-01239,PRD-0126,tienda_norte,8,938.91,10,7511.28,yape,pendiente,2026-02-28 22:16:08,zona_a
VN-0005908,CLI-01278,PRD-0149,tienda_norte,7,273.72,0,1916.04,yape,completada,2026-03-13 11:32:38,zona_a
VN-0005909,CLI-02864,PRD-0120,tienda_norte,7,290.54,0,2033.78,tarjeta,completada,2026-02-28 18:35:26,zona_c
VN-0005910,CLI-00441,PRD-0189,tienda_norte,8,169.82,5,1358.56,tarjeta,completada,2026-03-06 04:19:11,zona_d
VN-0005911,CLI-01287,PRD-0099,tienda_norte,3,360.62,0,1081.86,efectivo,completada,2026-03-12 17:20:15,zona_d
VN-0005912,CLI-02429,PRD-0066,tienda_norte,5,737.18,10,3685.9,efectivo,devuelta,2026-01-25 21:13:02,zona_b
VN-0005913,CLI-01003,PRD-0009,tienda_norte,8,46.87,0,374.96,efectivo,completada,2026-01-30 16:08:41,zona_b
VN-0005914,CLI-00222,PRD-0092,tienda_norte,3,1046.03,10,3138.09,yape,completada,2026-02-08 09:34:04,zona_b
VN-0005915,CLI-00736,PRD-0119,tienda_norte,2,144.65,15,289.3,efectivo,completada,2026-01-02 18:44:52,zona_c
VN-0005916,CLI-02891,PRD-0162,tienda_norte,1,80.44,5,80.44,tarjeta,completada,2026-02-25 00:10:04,zona_a
VN-0005917,CLI-02829,PRD-0006,tienda_norte,1,395.52,0,395.52,transferencia,completada,2026-03-09 15:24:04,zona_a
VN-0005918,CLI-01347,PRD-0060,tienda_norte,6,139.14,0,834.84,tarjeta,completada,2026-01-01 00:20:13,zona_a
VN-0005919,CLI-02845,PRD-0097,tienda_norte,2,168.78,0,337.56,tarjeta,devuelta,2026-03-17 05:29:44,zona_c
VN-0005920,CLI-00792,PRD-0125,tienda_norte,7,250.62,20,1754.34,tarjeta,completada,2026-01-04 16:59:19,zona_c
VN-0005921,CLI-02127,PRD-0166,tienda_norte,8,491.34,0,3930.72,tarjeta,completada,2026-01-25 22:11:21,zona_c
VN-0005922,CLI-00886,PRD-0099,tienda_norte,3,360.62,0,1081.86,yape,completada,2026-01-24 05:37:13,zona_c
VN-0005923,CLI-02030,PRD-0008,tienda_norte,2,1107.3,0,2214.6,tarjeta,completada,2026-03-16 10:27:07,zona_c
VN-0005924,CLI-01000,PRD-0174,tienda_norte,3,285.09,10,855.27,efectivo,completada,2026-01-30 19:20:43,zona_d
VN-0005925,CLI-01646,PRD-0198,tienda_norte,4,287.68,20,1150.72,yape,completada,2026-03-19 17:37:11,zona_a
VN-0005926,CLI-01624,PRD-0117,tienda_norte,4,139.25,10,557.0,tarjeta,completada,2026-01-14 01:17:26,zona_a
VN-0005927,CLI-02839,PRD-0127,tienda_norte,5,41.04,0,205.2,efectivo,completada,2026-03-22 03:43:39,zona_b
VN-0005928,CLI-00491,PRD-0029,tienda_norte,3,100.57,0,301.71,yape,completada,2026-03-24 09:54:34,zona_c
VN-0005929,CLI-01515,PRD-0158,tienda_norte,6,218.54,5,1311.24,tarjeta,devuelta,2026-02-14 11:54:26,zona_d
VN-0005930,CLI-02289,PRD-0194,tienda_norte,8,131.94,25,1055.52,efectivo,completada,2026-03-26 01:12:10,zona_a
VN-0005931,CLI-01489,PRD-0195,tienda_norte,7,173.27,0,1212.89,efectivo,completada,2026-03-18 17:46:36,zona_a
VN-0005932,CLI-01892,PRD-0166,tienda_norte,2,466.77,5,933.54,efectivo,completada,2026-03-17 09:26:17,zona_d
VN-0005933,CLI-01098,PRD-0125,tienda_norte,7,266.29,15,1864.03,transferencia,completada,2026-03-25 16:02:40,zona_d
VN-0005934,CLI-00504,PRD-0195,tienda_norte,1,173.27,0,173.27,transferencia,completada,2026-02-12 00:03:11,zona_c
VN-0005935,CLI-00028,PRD-0198,tienda_norte,5,359.6,0,1798.0,yape,completada,2026-01-18 14:08:01,zona_d
VN-0005936,CLI-01909,PRD-0140,tienda_norte,7,111.94,5,783.58,yape,completada,2026-03-11 23:56:59,zona_b
VN-0005937,CLI-00151,PRD-0055,tienda_norte,4,20.29,0,81.16,tarjeta,completada,2026-03-20 13:14:30,zona_b
VN-0005938,CLI-00848,PRD-0071,tienda_norte,6,67.52,5,405.12,tarjeta,completada,2026-03-30 20:36:58,zona_d
VN-0005939,CLI-00621,PRD-0130,tienda_norte,4,296.26,25,1185.04,tarjeta,completada,2026-02-13 21:11:02,zona_a
VN-0005940,CLI-01795,PRD-0125,tienda_norte,3,250.62,20,751.86,transferencia,completada,2026-02-16 16:36:26,zona_b
VN-0005941,CLI-00364,PRD-0151,tienda_norte,5,145.96,5,729.8,tarjeta,completada,2026-03-29 14:58:01,zona_d
VN-0005942,CLI-02264,PRD-0104,tienda_norte,4,166.54,15,666.16,efectivo,completada,2026-02-21 18:03:21,zona_d
VN-0005943,CLI-01337,PRD-0009,tienda_norte,6,46.87,0,281.22,yape,completada,2026-01-23 11:12:03,zona_a
VN-0005944,CLI-02443,PRD-0146,tienda_norte,5,85.82,0,429.1,efectivo,completada,2026-01-11 08:21:56,zona_d
VN-0005945,CLI-00416,PRD-0026,tienda_norte,6,1048.69,10,6292.14,yape,completada,2026-02-16 09:27:29,zona_c
VN-0005946,CLI-00144,PRD-0004,tienda_norte,1,51.2,5,51.2,yape,completada,2026-03-08 04:09:11,zona_d
VN-0005947,CLI-02731,PRD-0114,tienda_norte,7,254.22,0,1779.54,tarjeta,completada,2026-01-01 13:04:20,zona_c
VN-0005948,CLI-00710,PRD-0040,tienda_norte,2,171.54,0,343.08,tarjeta,completada,2026-02-02 23:06:12,zona_d
VN-0005949,CLI-01611,PRD-0194,tienda_norte,4,149.53,15,598.12,yape,completada,2026-01-02 21:01:33,zona_c
VN-0005950,CLI-02766,PRD-0001,tienda_norte,7,342.28,10,2395.96,yape,completada,2026-01-16 15:33:03,zona_a
VN-0005951,CLI-02579,PRD-0060,tienda_norte,4,132.18,5,528.72,yape,completada,2026-01-05 13:52:21,zona_b
VN-0005952,CLI-01957,PRD-0052,tienda_norte,3,391.33,0,1173.99,tarjeta,devuelta,2026-03-22 00:05:52,zona_d
VN-0005953,CLI-00611,PRD-0106,tienda_norte,8,210.29,10,1682.32,yape,completada,2026-01-27 14:53:41,zona_b
VN-0005954,CLI-02858,PRD-0101,tienda_norte,8,1128.73,0,9029.84,tarjeta,completada,2026-01-03 09:22:59,zona_c
VN-0005955,CLI-00728,PRD-0140,tienda_norte,7,117.83,0,824.81,tarjeta,completada,2026-03-10 01:27:35,zona_c
VN-0005956,CLI-01622,PRD-0134,tienda_norte,6,92.74,5,556.44,tarjeta,completada,2026-02-03 13:24:10,zona_b
VN-0005957,CLI-02888,PRD-0137,tienda_norte,4,131.59,0,526.36,tarjeta,completada,2026-02-08 06:24:22,zona_a
VN-0005958,CLI-02325,PRD-0057,tienda_norte,5,398.67,0,1993.35,transferencia,pendiente,2026-03-13 21:19:14,zona_c
VN-0005959,CLI-02125,PRD-0110,tienda_norte,2,177.5,15,355.0,tarjeta,completada,2026-03-03 11:05:47,zona_d
VN-0005960,CLI-02212,PRD-0012,tienda_norte,6,146.41,5,878.46,tarjeta,completada,2026-03-15 19:51:27,zona_d
VN-0005961,CLI-02141,PRD-0004,tienda_norte,2,48.5,10,97.0,tarjeta,completada,2026-01-02 16:31:41,zona_c
VN-0005962,CLI-02856,PRD-0092,tienda_norte,5,1162.25,0,5811.25,yape,completada,2026-01-11 14:11:37,zona_b
VN-0005963,CLI-01734,PRD-0143,tienda_norte,6,17.91,20,107.46,efectivo,completada,2026-01-29 12:01:50,zona_b
VN-0005964,CLI-02242,PRD-0104,tienda_norte,6,195.93,0,1175.58,efectivo,completada,2026-01-26 15:50:24,zona_b
VN-0005965,CLI-01392,PRD-0064,tienda_norte,3,56.47,0,169.41,tarjeta,pendiente,2026-01-27 18:46:54,zona_b
VN-0005966,CLI-01839,PRD-0142,tienda_norte,3,115.21,5,345.63,efectivo,completada,2026-01-16 08:29:58,zona_b
VN-0005967,CLI-01841,PRD-0120,tienda_norte,2,290.54,0,581.08,yape,completada,2026-02-28 14:09:33,zona_c
VN-0005968,CLI-02755,PRD-0072,tienda_norte,5,32.66,0,163.3,tarjeta,devuelta,2026-01-06 09:55:27,zona_c
VN-0005969,CLI-00935,PRD-0043,tienda_norte,5,24.14,0,120.7,tarjeta,completada,2026-03-24 05:00:54,zona_c
VN-0005970,CLI-00076,PRD-0169,tienda_norte,8,1064.16,0,8513.28,yape,completada,2026-01-14 01:44:20,zona_a
VN-0005971,CLI-00660,PRD-0038,tienda_norte,3,41.76,0,125.28,tarjeta,completada,2026-02-11 11:25:41,zona_d
VN-0005972,CLI-00651,PRD-0181,tienda_norte,7,106.33,0,744.31,tarjeta,completada,2026-02-10 07:40:51,zona_c
VN-0005973,CLI-02329,PRD-0013,tienda_norte,3,437.73,5,1313.19,yape,completada,2026-01-25 07:51:53,zona_a
VN-0005974,CLI-00350,PRD-0116,tienda_norte,1,9.21,0,9.21,yape,completada,2026-02-09 03:18:06,zona_d
VN-0005975,CLI-01211,PRD-0044,tienda_norte,1,95.36,10,95.36,transferencia,completada,2026-03-31 23:10:45,zona_a
VN-0005976,CLI-01424,PRD-0188,tienda_norte,4,79.03,25,316.12,yape,completada,2026-03-29 11:31:21,zona_c
VN-0005977,CLI-00968,PRD-0102,tienda_norte,3,67.2,10,201.6,yape,completada,2026-03-19 20:03:18,zona_a
VN-0005978,CLI-00704,PRD-0087,tienda_norte,3,37.44,5,112.32,yape,completada,2026-01-05 16:38:44,zona_d
VN-0005979,CLI-02082,PRD-0054,tienda_norte,3,98.65,0,295.95,yape,completada,2026-02-02 20:06:33,zona_d
VN-0005980,CLI-02143,PRD-0118,tienda_norte,2,47.91,10,95.82,tarjeta,completada,2026-03-02 17:14:25,zona_a
VN-0005981,CLI-02274,PRD-0133,tienda_norte,4,92.0,5,368.0,yape,completada,2026-02-11 01:07:10,zona_a
VN-0005982,CLI-01174,PRD-0009,tienda_norte,4,42.18,10,168.72,tarjeta,completada,2026-01-09 01:56:32,zona_b
VN-0005983,CLI-00281,PRD-0120,tienda_norte,3,290.54,0,871.62,tarjeta,completada,2026-01-28 11:13:43,zona_d
VN-0005984,CLI-00727,PRD-0073,tienda_norte,6,68.02,0,408.12,tarjeta,completada,2026-03-01 16:54:08,zona_c
VN-0005985,CLI-01591,PRD-0165,tienda_norte,3,867.52,5,2602.56,efectivo,completada,2026-01-13 18:14:40,zona_c
VN-0005986,CLI-01280,PRD-0153,tienda_norte,1,944.95,20,944.95,efectivo,completada,2026-02-04 19:03:28,zona_a
VN-0005987,CLI-00750,PRD-0055,tienda_norte,7,20.29,0,142.03,tarjeta,completada,2026-02-04 10:34:26,zona_c
VN-0005988,CLI-01517,PRD-0199,tienda_norte,1,356.34,5,356.34,tarjeta,completada,2026-02-21 00:03:03,zona_b
VN-0005989,CLI-01487,PRD-0041,tienda_norte,5,136.79,20,683.95,yape,completada,2026-03-18 09:50:39,zona_c
VN-0005990,CLI-00539,PRD-0009,tienda_norte,8,42.18,10,337.44,tarjeta,completada,2026-02-15 10:49:33,zona_b
VN-0005991,CLI-01397,PRD-0175,tienda_norte,8,74.48,0,595.84,tarjeta,completada,2026-02-20 15:14:18,zona_b
VN-0005992,CLI-02732,PRD-0039,tienda_norte,4,61.08,0,244.32,yape,completada,2026-03-23 02:24:00,zona_b
VN-0005993,CLI-00726,PRD-0011,tienda_norte,7,64.06,15,448.42,yape,completada,2026-02-14 13:45:45,zona_c
VN-0005994,CLI-01475,PRD-0044,tienda_norte,5,105.96,0,529.8,transferencia,pendiente,2026-03-02 04:29:52,zona_c
VN-0005995,CLI-02906,PRD-0185,tienda_norte,7,178.75,0,1251.25,transferencia,devuelta,2026-01-17 06:21:05,zona_c
VN-0005996,CLI-01035,PRD-0160,tienda_norte,6,46.94,0,281.64,yape,completada,2026-02-06 00:26:03,zona_a
VN-0005997,CLI-01047,PRD-0133,tienda_norte,1,92.0,5,92.0,transferencia,completada,2026-03-22 10:15:05,zona_a
VN-0005998,CLI-00986,PRD-0127,tienda_norte,1,41.04,0,41.04,efectivo,completada,2026-02-24 08:45:58,zona_b
VN-0005999,CLI-00977,PRD-0153,tienda_norte,2,1181.19,0,2362.38,tarjeta,completada,2026-03-17 02:09:56,zona_c
VN-0006000,CLI-01439,PRD-0196,tienda_norte,5,37.11,10,185.55,tarjeta,completada,2026-03-06 14:53:09,zona_d
